-1,-1,528,0,0,1.04108952379831,
-1,-1,528,0,0,1.04108952379831,
-1,-1,528,0,0,1.04108952379831,
-1,-1,528,0,0,1.04108952379831,
-1,-1,528,0,0,1.04108952379831,
-1,-1,528,0,0,1.04108952379831,
-1,-1,528,0,0,1.04108952379831,
522,-1,528,0.912545172628332,0,1.04108952379831,
522,-1,528,0.912545172628332,0,1.04108952379831,
522,-1,528,0.912545172628332,0,1.04108952379831,
522,-1,528,0.912545172628332,0,1.04108952379831,
522,-1,529,0.912545172628332,0,1.06420924406472,
522,-1,529,0.912545172628332,0,1.06420924406472,
522,-1,529,0.912545172628332,0,1.06420924406472,
523,-1,530,0.932810278211821,0,1.08784238940457,
523,-1,530,0.932810278211821,0,1.08784238940457,
523,-1,531,0.932810278211821,0,1.11200036156937,
524,-1,532,0.953525415768113,0,1.13669481551204,
524,-1,532,0.953525415768113,0,1.13669481551204,
524,-1,532,0.953525415768113,0,1.13669481551204,
524,-1,532,0.953525415768113,0,1.13669481551204,
524,-1,532,0.953525415768113,0,1.13669481551204,
524,-1,532,0.953525415768113,0,1.13669481551204,
524,-1,532,0.953525415768113,0,1.13669481551204,
524,-1,532,0.953525415768113,0,1.13669481551204,
524,538,532,0.953525415768113,1.29681368077043,1.13669481551204,
524,538,532,0.953525415768113,1.29681368077043,1.13669481551204,
524,538,532,0.953525415768113,1.29681368077043,1.13669481551204,
524,538,532,0.953525415768113,1.29681368077043,1.13669481551204,
524,538,532,0.953525415768113,1.29681368077043,1.13669481551204,
524,538,532,0.953525415768113,1.29681368077043,1.13669481551204,
524,538,532,0.953525415768113,1.29681368077043,1.13669481551204,
524,539,533,0.953525415768113,1.32561232762233,1.1619376650098,
524,539,533,0.953525415768113,1.32561232762233,1.1619376650098,
524,539,533,0.953525415768113,1.32561232762233,1.1619376650098,
525,539,533,0.974700579263229,1.32561232762233,1.1619376650098,
525,539,534,0.974700579263229,1.32561232762233,1.18774108841188,
525,539,534,0.974700579263229,1.32561232762233,1.18774108841188,
526,539,535,0.996345984601538,1.32561232762233,1.21411753451502,
526,539,535,0.996345984601538,1.32561232762233,1.21411753451502,
526,539,535,0.996345984601538,1.32561232762233,1.21411753451502,
527,539,536,1.01847207455441,1.32561232762233,1.24107972856932,
527,539,536,1.01847207455441,1.32561232762233,1.24107972856932,
527,539,536,1.01847207455441,1.32561232762233,1.24107972856932,
527,539,536,1.01847207455441,1.32561232762233,1.24107972856932,
527,539,536,1.01847207455441,1.32561232762233,1.24107972856932,
527,539,536,1.01847207455441,1.32561232762233,1.24107972856932,
528,539,536,1.04108952379831,1.32561232762233,1.24107972856932,
528,539,536,1.04108952379831,1.32561232762233,1.24107972856932,
528,539,536,1.04108952379831,1.32561232762233,1.24107972856932,
528,539,536,1.04108952379831,1.32561232762233,1.24107972856932,
529,539,536,1.06420924406472,1.32561232762233,1.24107972856932,
529,539,536,1.06420924406472,1.32561232762233,1.24107972856932,
529,539,536,1.06420924406472,1.32561232762233,1.24107972856932,
529,539,536,1.06420924406472,1.32561232762233,1.24107972856932,
529,539,535,1.06420924406472,1.32561232762233,1.21411753451502,
529,539,535,1.06420924406472,1.32561232762233,1.21411753451502,
529,539,534,1.06420924406472,1.32561232762233,1.18774108841188,
529,539,534,1.06420924406472,1.32561232762233,1.18774108841188,
529,539,533,1.06420924406472,1.32561232762233,1.1619376650098,
529,539,533,1.06420924406472,1.32561232762233,1.1619376650098,
529,539,533,1.06420924406472,1.32561232762233,1.1619376650098,
529,539,533,1.06420924406472,1.32561232762233,1.1619376650098,
529,539,532,1.06420924406472,1.32561232762233,1.13669481551204,
529,539,532,1.06420924406472,1.32561232762233,1.13669481551204,
529,539,532,1.06420924406472,1.32561232762233,1.13669481551204,
529,539,532,1.06420924406472,1.32561232762233,1.13669481551204,
529,539,533,1.06420924406472,1.32561232762233,1.1619376650098,
529,539,533,1.06420924406472,1.32561232762233,1.1619376650098,
529,539,534,1.06420924406472,1.32561232762233,1.18774108841188,
529,539,534,1.06420924406472,1.32561232762233,1.18774108841188,
529,539,535,1.06420924406472,1.32561232762233,1.21411753451502,
529,539,535,1.06420924406472,1.32561232762233,1.21411753451502,
529,539,536,1.06420924406472,1.32561232762233,1.24107972856932,
529,539,536,1.06420924406472,1.32561232762233,1.24107972856932,
529,539,536,1.06420924406472,1.32561232762233,1.24107972856932,
529,539,536,1.06420924406472,1.32561232762233,1.24107972856932,
529,539,536,1.06420924406472,1.32561232762233,1.24107972856932,
530,539,536,1.08784238940457,1.32561232762233,1.24107972856932,
529,539,536,1.06420924406472,1.32561232762233,1.24107972856932,
530,539,536,1.08784238940457,1.32561232762233,1.24107972856932,
529,539,536,1.06420924406472,1.32561232762233,1.24107972856932,
529,539,536,1.06420924406472,1.32561232762233,1.24107972856932,
529,539,536,1.06420924406472,1.32561232762233,1.24107972856932,
529,539,536,1.06420924406472,1.32561232762233,1.24107972856932,
529,539,536,1.06420924406472,1.32561232762233,1.24107972856932,
529,539,536,1.06420924406472,1.32561232762233,1.24107972856932,
529,539,536,1.06420924406472,1.32561232762233,1.24107972856932,
529,539,536,1.06420924406472,1.32561232762233,1.24107972856932,
529,539,536,1.06420924406472,1.32561232762233,1.24107972856932,
529,539,536,1.06420924406472,1.32561232762233,1.24107972856932,
529,539,536,1.06420924406472,1.32561232762233,1.24107972856932,
529,539,536,1.06420924406472,1.32561232762233,1.24107972856932,
529,539,536,1.06420924406472,1.32561232762233,1.24107972856932,
529,539,536,1.06420924406472,1.32561232762233,1.24107972856932,
529,539,536,1.06420924406472,1.32561232762233,1.24107972856932,
529,539,536,1.06420924406472,1.32561232762233,1.24107972856932,
529,539,536,1.06420924406472,1.32561232762233,1.24107972856932,
529,539,536,1.06420924406472,1.32561232762233,1.24107972856932,
529,539,536,1.06420924406472,1.32561232762233,1.24107972856932,
530,539,536,1.08784238940457,1.32561232762233,1.24107972856932,
530,539,536,1.08784238940457,1.32561232762233,1.24107972856932,
531,539,536,1.11200036156937,1.32561232762233,1.24107972856932,
532,539,536,1.13669481551204,1.32561232762233,1.24107972856932,
533,539,536,1.1619376650098,1.32561232762233,1.24107972856932,
534,539,536,1.18774108841188,1.32561232762233,1.24107972856932,
535,539,536,1.21411753451502,1.32561232762233,1.24107972856932,
536,539,536,1.24107972856932,1.32561232762233,1.24107972856932,
537,539,536,1.26864067841747,1.32561232762233,1.24107972856932,
538,539,536,1.29681368077043,1.32561232762233,1.24107972856932,
539,539,536,1.32561232762233,1.32561232762233,1.24107972856932,
540,539,536,1.35505051280791,1.32561232762233,1.24107972856932,
541,539,536,1.38514243870559,1.32561232762233,1.24107972856932,
543,539,536,1.44734590613273,1.32561232762233,1.24107972856932,
543,539,536,1.44734590613273,1.32561232762233,1.24107972856932,
543,539,536,1.44734590613273,1.32561232762233,1.24107972856932,
543,539,536,1.44734590613273,1.32561232762233,1.24107972856932,
543,539,536,1.44734590613273,1.32561232762233,1.24107972856932,
543,539,536,1.44734590613273,1.32561232762233,1.24107972856932,
543,539,536,1.44734590613273,1.32561232762233,1.24107972856932,
543,539,536,1.44734590613273,1.32561232762233,1.24107972856932,
543,539,536,1.44734590613273,1.32561232762233,1.24107972856932,
543,539,536,1.44734590613273,1.32561232762233,1.24107972856932,
543,539,536,1.44734590613273,1.32561232762233,1.24107972856932,
543,539,536,1.44734590613273,1.32561232762233,1.24107972856932,
543,539,536,1.44734590613273,1.32561232762233,1.24107972856932,
543,539,536,1.44734590613273,1.32561232762233,1.24107972856932,
543,539,536,1.44734590613273,1.32561232762233,1.24107972856932,
543,539,537,1.44734590613273,1.32561232762233,1.26864067841747,
543,539,537,1.44734590613273,1.32561232762233,1.26864067841747,
543,532,537,1.44734590613273,1.13669481551204,1.26864067841747,
543,532,538,1.44734590613273,1.13669481551204,1.29681368077043,
543,532,538,1.44734590613273,1.13669481551204,1.29681368077043,
543,532,539,1.44734590613273,1.13669481551204,1.32561232762233,
543,532,539,1.44734590613273,1.13669481551204,1.32561232762233,
543,532,539,1.44734590613273,1.13669481551204,1.32561232762233,
543,532,540,1.44734590613273,1.13669481551204,1.35505051280791,
543,532,540,1.44734590613273,1.13669481551204,1.35505051280791,
543,532,540,1.44734590613273,1.13669481551204,1.35505051280791,
543,531,540,1.44734590613273,1.11200036156937,1.35505051280791,
543,532,541,1.44734590613273,1.13669481551204,1.38514243870559,
543,532,541,1.44734590613273,1.13669481551204,1.38514243870559,
543,532,541,1.44734590613273,1.13669481551204,1.38514243870559,
543,532,541,1.44734590613273,1.13669481551204,1.38514243870559,
543,533,541,1.44734590613273,1.1619376650098,1.38514243870559,
543,533,541,1.44734590613273,1.1619376650098,1.38514243870559,
547,533,541,1.58025851777987,1.1619376650098,1.38514243870559,
547,533,541,1.58025851777987,1.1619376650098,1.38514243870559,
547,533,541,1.58025851777987,1.1619376650098,1.38514243870559,
547,533,541,1.58025851777987,1.1619376650098,1.38514243870559,
547,533,541,1.58025851777987,1.1619376650098,1.38514243870559,
546,533,541,1.54592773641948,1.1619376650098,1.38514243870559,
545,532,541,1.51234278400768,1.13669481551204,1.38514243870559,
544,532,541,1.47948745756863,1.13669481551204,1.38514243870559,
543,532,540,1.44734590613273,1.13669481551204,1.35505051280791,
542,531,540,1.41590262308933,1.11200036156937,1.35505051280791,
541,531,540,1.38514243870559,1.11200036156937,1.35505051280791,
540,530,540,1.35505051280791,1.08784238940457,1.35505051280791,
539,529,540,1.32561232762233,1.06420924406472,1.35505051280791,
538,528,539,1.29681368077043,1.04108952379831,1.32561232762233,
537,525,537,1.26864067841747,0.974700579263229,1.26864067841747,
536,523,536,1.24107972856932,0.932810278211821,1.24107972856932,
535,520,535,1.21411753451502,0.873326162382844,1.21411753451502,
534,519,533,1.18774108841188,0.854353336607982,1.1619376650098,
533,516,531,1.1619376650098,0.799872319384323,1.11200036156937,
532,514,529,1.13669481551204,0.765495719047201,1.06420924406472,
531,512,527,1.11200036156937,0.732596542821523,1.01847207455441,
530,509,524,1.08784238940457,0.685879800278073,0.953525415768113,
529,507,522,1.06420924406472,0.65640232593365,0.912545172628332,
528,504,521,1.04108952379831,0.61454439094059,0.892720322168422,
527,501,518,1.01847207455441,0.575355682811392,0.835792691451759,
526,499,516,0.996345984601538,0.550628270847787,0.799872319384323,
525,497,512,0.974700579263229,0.526963583943974,0.732596542821523,
524,494,510,0.953525415768113,0.493359791621845,0.7011112945505,
523,491,507,0.932810278211821,0.46189887006505,0.65640232593365,
522,489,505,0.912545172628332,0.442047560715306,0.628191722975982,
521,486,503,0.892720322168422,0.413858754354902,0.601193544301094,
520,484,501,0.873326162382844,0.396072094347178,0.575355682811392,
519,481,498,0.854353336607982,0.370815084548854,0.53866598837018,
518,478,496,0.835792691451759,0.347168681892656,0.515515411773583,
517,474,493,0.817635272377596,0.317968968255122,0.482641654717274,
516,471,490,0.799872319384323,0.297692494700428,0.451864215013107,
515,468,488,0.782495262779945,0.278709025875316,0.432444171151468,
514,464,485,0.765495719047201,0.255267326873585,0.404867760634581,
513,460,481,0.748865486798969,0.233797265677131,0.370815084548854,
512,457,479,0.732596542821523,0.218888313710289,0.354878338581291,
511,454,476,0.71668103820376,0.204930086501094,0.332248201788811,
510,452,474,0.7011112945505,0.196122681231559,0.317968968255122,
509,449,471,0.685879800278073,0.183616189226098,0.297692494700428,
483,447,467,0.387467512045613,0.175724804314429,0.272654131361009,
480,445,465,0.362759205431893,0.168172572263336,0.260936108525466,
477,443,462,0.339626515861507,0.160944917093555,0.244296547334903,
473,441,459,0.311061159813821,0.154027889266569,0.228718069634008,
470,439,456,0.291225188349472,0.147408138761684,0.214133011488668,
467,438,454,0.272654131361009,0.144205728190482,0.204930086501094,
465,436,452,0.260936108525466,0.13800811069055,0.196122681231559,
462,433,450,0.244296547334903,0.129207510361196,0.187693797188001,
460,431,447,0.233797265677131,0.12365448041304,0.175724804314429,
458,429,445,0.223749218048378,0.118340106418544,0.168172572263336,
456,426,443,0.214133011488668,0.11079370951251,0.160944917093555,
454,422,440,0.204930086501094,0.101475056191109,0.150681666018716,
452,419,437,0.196122681231559,0.0950041219216073,0.141072889310184,
449,415,434,0.183616189226098,0.0870135015137617,0.132076851976481,
448,411,431,0.179627166432913,0.0796949573612491,0.12365448041304,
448,408,428,0.179627166432913,0.0746129120778827,0.11576919268898,
449,403,425,0.183616189226098,0.0668527438635986,0.108386739656258,
449,400,422,0.183616189226098,0.0625896300747041,0.101475056191109,
451,397,417,0.191861957550326,0.058598369587959,0.0909210718515756,
453,395,415,0.200478023807124,0.0560799517318654,0.0870135015137617,
455,392,411,0.209481017199919,0.0525038050893814,0.0796949573612491,
457,391,409,0.218888313710289,0.0513631710520818,0.0762698585902345,
458,388,405,0.223749218048378,0.0480878074678998,0.0698549423084177,
459,387,402,0.228718069634008,0.047043110042949,0.0654003821727102,
460,385,399,0.233797265677131,0.0450213096213435,0.0612298836273055,
460,374,395,0.233797265677131,0.0353581607667535,0.0560799517318654,
460,375,393,0.233797265677131,0.0361433677709311,0.0536697694554048,
459,373,390,0.228718069634008,0.0345900122183157,0.0502473170474833,
459,371,389,0.228718069634008,0.0331034161743363,0.0491557047346277,
459,367,386,0.228718069634008,0.0303191492656823,0.04602110844813,
458,365,384,0.223749218048378,0.0290161047026823,0.0440432312121599,
458,360,380,0.223749218048378,0.02599826439669,0.0403388367602882,
458,357,378,0.223749218048378,0.0243403883989151,0.0386051699790195,
457,341,374,0.218888313710289,0.0171279068556192,0.0353581607667535,
456,340,372,0.214133011488668,0.0167558067094687,0.0338385515342823,
456,335,368,0.214133011488668,0.0150131072890817,0.0309924537545998,
455,331,364,0.209481017199919,0.0137503826928974,0.0283857359780273,
454,315,350,0.204930086501094,0.00967590451447197,0.0208715570337385,
453,312,348,0.200478023807124,0.00905888448549853,0.019974547402108,
452,305,345,0.196122681231559,0.00776787211043678,0.018700796116288,
451,300,339,0.191861957550326,0.0069599691273564,0.0163917903601261,
450,296,331,0.187693797188001,0.00637457903877772,0.0137503826928974,
449,294,325,0.183616189226098,0.00610061486896852,0.0120526093687084,
449,290,318,0.183616189226098,0.00558750347246922,0.0103349510994484,
447,333,313,0.175724804314429,0.0143678798239128,0.0092600572669385,
445,325,301,0.168172572263336,0.0120526093687084,0.00711453080107329,
444,277,298,0.164519058775366,0.0041996340353346,0.00666084629080915,
442,309,242,0.157448422882235,0.00848121103291853,0.00194692029233555,
440,193,236,0.150681666018716,0.000663650745589575,0.00170653212202253,
438,178,236,0.144205728190482,0.000477370223501277,0.00170653212202253,
437,163,215,0.141072889310184,0.000343376891836703,0.00107596093186035,
433,147,207,0.129207510361196,0.00024162833079579,0.000902578318209564,
431,267,201,0.12365448041304,0.00337149049459144,0.00079113608231899,
430,258,193,0.120968113034836,0.00276675933005963,0.000663650745589575,
428,245,183,0.11576919268898,0.00207952920429473,0.000532782657169199,
427,245,177,0.113254131515281,0.00207952920429473,0.00046699945657511,
428,242,167,0.11576919268898,0.00194692029233555,0.000374909864901337,
429,240,159,0.118340106418544,0.00186324631193156,0.000314496098624836,
430,238,152,0.120968113034836,0.00178316843919783,0.000269676192169106,
432,237,143,0.126400504584342,0.00174442948280172,0.000221305420251301,
436,238,141,0.13800811069055,0.00178316843919783,0.000211794242279454,
438,239,141,0.144205728190482,0.00182276768072295,0.000211794242279454,
441,239,141,0.154027889266569,0.00182276768072295,0.000211794242279454,
444,240,140,0.164519058775366,0.00186324631193156,0.000207193057256069,
446,240,140,0.171907220185857,0.00186324631193156,0.000207193057256069,
448,243,140,0.179627166432913,0.00199015600983234,0.000207193057256069,
450,245,139,0.187693797188001,0.00207952920429473,0.000202691832002088,
451,247,139,0.191861957550326,0.0021729159373184,0.000202691832002088,
450,250,139,0.187693797188001,0.00232091789680329,0.000202691832002088,
448,252,139,0.179627166432913,0.00242514482449009,0.000202691832002088,
445,255,139,0.168172572263336,0.00259032663382512,0.000202691832002088,
443,258,139,0.160944917093555,0.00276675933005963,0.000202691832002088,
438,261,139,0.144205728190482,0.00295520923520289,0.000202691832002088,
435,265,139,0.135009913736842,0.00322659189207174,0.000202691832002088,
432,267,139,0.126400504584342,0.00337149049459144,0.000202691832002088,
429,270,139,0.118340106418544,0.00360112993485438,0.000202691832002088,
426,272,139,0.11079370951251,0.00376284815411057,0.000202691832002088,
424,274,138,0.106032060709973,0.00393182875570577,0.000198288394912707,
420,276,138,0.0971139008337711,0.00410839787603625,0.000198288394912707,
417,274,138,0.0909210718515756,0.00393182875570577,0.000198288394912707,
416,273,137,0.0889458308364698,0.00384641060934559,0.000193980621560778,
415,271,137,0.0870135015137617,0.00368110107550433,0.000193980621560778,
413,268,137,0.0832738692087274,0.00344636197810369,0.000193980621560778,
410,266,136,0.0779636013040524,0.00329824557818936,0.000189766433671879,
409,264,136,0.0762698585902345,0.0031564948670979,0.000189766433671879,
408,261,136,0.0746129120778827,0.00295520923520289,0.000189766433671879,
406,259,136,0.0714062274654377,0.00282820140616669,0.000189766433671879,
405,259,135,0.0698549423084177,0.00282820140616669,0.000185643798121663,
404,264,135,0.0683373584926364,0.0031564948670979,0.000185643798121663,
404,268,134,0.0683373584926364,0.00344636197810369,0.000181610725954977,
404,273,134,0.0683373584926364,0.00384641060934559,0.000181610725954977,
405,278,134,0.0698549423084177,0.00429289629751166,0.000181610725954977,
405,284,134,0.0698549423084177,0.00489760890326051,0.000181610725954977,
406,287,134,0.0714062274654377,0.0052311955377107,0.000181610725954977,
407,293,134,0.0729919623773193,0.00596808030397547,0.000181610725954977,
408,298,134,0.0746129120778827,0.00666084629080915,0.000181610725954977,
409,303,134,0.0762698585902345,0.0074340275348226,0.000181610725954977,
410,308,134,0.0779636013040524,0.00829695852083492,0.000181610725954977,
411,312,135,0.0796949573612491,0.00905888448549853,0.000185643798121663,
411,317,135,0.0796949573612491,0.0101104264773226,0.000185643798121663,
413,321,135,0.0832738692087274,0.0110388867591898,0.000185643798121663,
413,320,136,0.0832738692087274,0.0107990692840565,0.000189766433671879,
414,318,136,0.085123151636029,0.0103349510994484,0.000189766433671879,
415,316,136,0.0870135015137617,0.00989077960502424,0.000189766433671879,
415,314,137,0.0870135015137617,0.00946569753971884,0.000193980621560778,
417,312,137,0.0909210718515756,0.00905888448549853,0.000193980621560778,
417,310,137,0.0909210718515756,0.00866955528393563,0.000193980621560778,
418,309,138,0.0929401775091391,0.00848121103291853,0.000198288394912707,
418,307,138,0.0929401775091391,0.00811670885552368,0.000198288394912707,
418,307,138,0.0929401775091391,0.00811670885552368,0.000198288394912707,
419,305,138,0.0950041219216073,0.00776787211043678,0.000198288394912707,
419,305,139,0.0950041219216073,0.00776787211043678,0.000202691832002088,
419,305,139,0.0950041219216073,0.00776787211043678,0.000202691832002088,
419,307,139,0.0950041219216073,0.00811670885552368,0.000202691832002088,
419,308,139,0.0950041219216073,0.00829695852083492,0.000202691832002088,
419,309,139,0.0950041219216073,0.00848121103291853,0.000202691832002088,
419,311,139,0.0950041219216073,0.00886208214009643,0.000202691832002088,
419,312,139,0.0950041219216073,0.00905888448549853,0.000202691832002088,
419,313,139,0.0950041219216073,0.0092600572669385,0.000202691832002088,
419,314,139,0.0950041219216073,0.00946569753971884,0.000202691832002088,
419,314,139,0.0950041219216073,0.00946569753971884,0.000202691832002088,
419,316,139,0.0950041219216073,0.00989077960502424,0.000202691832002088,
419,317,140,0.0950041219216073,0.0101104264773226,0.000207193057256069,
418,317,140,0.0929401775091391,0.0101104264773226,0.000207193057256069,
418,318,140,0.0929401775091391,0.0103349510994484,0.000207193057256069,
418,319,141,0.0929401775091391,0.0105644617927408,0.000211794242279454,
417,320,141,0.0909210718515756,0.0107990692840565,0.000211794242279454,
417,320,141,0.0909210718515756,0.0107990692840565,0.000211794242279454,
417,320,142,0.0909210718515756,0.0107990692840565,0.000216497606902387,
416,322,142,0.0889458308364698,0.0112840299174785,0.000216497606902387,
416,323,142,0.0889458308364698,0.0115346170276227,0.000216497606902387,
416,323,143,0.0889458308364698,0.0115346170276227,0.000221305420251301,
414,324,143,0.085123151636029,0.0117907689847435,0.000221305420251301,
414,325,143,0.085123151636029,0.0120526093687084,0.000221305420251301,
414,325,143,0.085123151636029,0.0120526093687084,0.000221305420251301,
413,327,143,0.0832738692087274,0.0125938635194218,0.000221305420251301,
413,328,143,0.0832738692087274,0.0128735384128739,0.000221305420251301,
413,329,143,0.0832738692087274,0.0131594241125578,0.000221305420251301,
412,330,143,0.0814647620502003,0.0134516585433102,0.000221305420251301,
412,331,143,0.0814647620502003,0.0137503826928974,0.000221305420251301,
412,332,143,0.0814647620502003,0.0140557406800339,0.000221305420251301,
411,331,143,0.0796949573612491,0.0137503826928974,0.000221305420251301,
411,327,143,0.0796949573612491,0.0125938635194218,0.000221305420251301,
411,324,143,0.0796949573612491,0.0117907689847435,0.000221305420251301,
411,320,143,0.0796949573612491,0.0107990692840565,0.000221305420251301,
411,316,144,0.0796949573612491,0.00989077960502424,0.000226220001843656,
411,313,144,0.0796949573612491,0.0092600572669385,0.000226220001843656,
411,309,145,0.0796949573612491,0.00848121103291853,0.00023124372270698,
411,305,145,0.0796949573612491,0.00776787211043678,0.00023124372270698,
411,300,146,0.0796949573612491,0.0069599691273564,0.000236379006522771,
411,297,146,0.0796949573612491,0.00651614081691858,0.000236379006522771,
411,293,147,0.0796949573612491,0.00596808030397547,0.00024162833079579,
410,289,147,0.0779636013040524,0.00546611614381032,0.00024162833079579,
409,286,147,0.0762698585902345,0.00511754892341437,0.00024162833079579,
409,282,148,0.0762698585902345,0.00468712137944606,0.000246994228049332,
408,279,148,0.0746129120778827,0.00438822965671127,0.000246994228049332,
407,277,148,0.0729919623773193,0.0041996340353346,0.000246994228049332,
406,277,149,0.0714062274654377,0.0041996340353346,0.000252479287047031,
405,277,149,0.0698549423084177,0.0041996340353346,0.000252479287047031,
404,277,149,0.0683373584926364,0.0041996340353346,0.000252479287047031,
403,277,150,0.0668527438635986,0.0041996340353346,0.000258086154041807,
402,277,150,0.0654003821727102,0.0041996340353346,0.000258086154041807,
401,279,150,0.0639795727317259,0.00438822965671127,0.000258086154041807,
400,282,151,0.0625896300747041,0.00468712137944606,0.000263817534052542,
399,285,151,0.0612298836273055,0.00500637125772605,0.000263817534052542,
398,288,152,0.0598996773832761,0.00534736592913828,0.000269676192169106,
398,290,152,0.0598996773832761,0.00558750347246922,0.000269676192169106,
397,293,153,0.058598369587959,0.00596808030397547,0.000275664954886375,
397,297,153,0.058598369587959,0.00651614081691858,0.000275664954886375,
396,301,154,0.0573253324286807,0.00711453080107329,0.000281786711467861,
396,305,154,0.0573253324286807,0.00776787211043678,0.000281786711467861,
395,308,155,0.0560799517318654,0.00829695852083492,0.00028804441533963,
395,311,155,0.0560799517318654,0.00886208214009643,0.00028804441533963,
395,314,155,0.0560799517318654,0.00946569753971884,0.00028804441533963,
396,317,155,0.0573253324286807,0.0101104264773226,0.00028804441533963,
397,320,155,0.058598369587959,0.0107990692840565,0.00028804441533963,
398,322,155,0.0598996773832761,0.0112840299174785,0.00028804441533963,
400,326,155,0.0625896300747041,0.0123202645037523,0.00028804441533963,
401,326,155,0.0639795727317259,0.0123202645037523,0.00028804441533963,
402,327,155,0.0654003821727102,0.0125938635194218,0.00028804441533963,
404,328,155,0.0683373584926364,0.0128735384128739,0.00028804441533963,
405,328,155,0.0698549423084177,0.0128735384128739,0.00028804441533963,
406,329,155,0.0714062274654377,0.0131594241125578,0.00028804441533963,
408,330,155,0.0746129120778827,0.0134516585433102,0.00028804441533963,
409,331,155,0.0762698585902345,0.0137503826928974,0.00028804441533963,
410,332,155,0.0779636013040524,0.0140557406800339,0.00028804441533963,
413,333,156,0.0832738692087274,0.0143678798239128,0.000294441085515178,
414,334,156,0.085123151636029,0.014686950715279,0.000294441085515178,
415,336,157,0.0870135015137617,0.0153465068987396,0.000300979808051944,
416,336,157,0.0889458308364698,0.0153465068987396,0.000300979808051944,
418,338,158,0.0929401775091391,0.0160356821888191,0.000307663737540173,
419,339,158,0.0950041219216073,0.0163917903601261,0.000307663737540173,
420,340,159,0.0971139008337711,0.0167558067094687,0.000314496098624836,
422,341,159,0.101475056191109,0.0171279068556192,0.000314496098624836,
423,343,159,0.103728536664717,0.0178970806000785,0.000314496098624836,
424,344,159,0.106032060709973,0.018294525284326,0.000314496098624836,
425,345,159,0.108386739656258,0.018700796116288,0.000314496098624836,
426,346,159,0.11079370951251,0.0191160891003059,0.000314496098624836,
426,347,159,0.11079370951251,0.0195406045934352,0.000314496098624836,
428,347,159,0.11576919268898,0.0195406045934352,0.000314496098624836,
430,348,159,0.120968113034836,0.019974547402108,0.000314496098624836,
431,348,159,0.12365448041304,0.019974547402108,0.000314496098624836,
432,349,159,0.126400504584342,0.0204181268809411,0.000314496098624836,
433,350,159,0.129207510361196,0.0208715570337385,0.000314496098624836,
434,350,159,0.132076851976481,0.0208715570337385,0.000314496098624836,
434,351,159,0.132076851976481,0.021335056616737,0.000314496098624836,
435,351,159,0.135009913736842,0.021335056616737,0.000314496098624836,
436,352,159,0.13800811069055,0.0218088492441448,0.000314496098624836,
435,352,159,0.135009913736842,0.0218088492441448,0.000314496098624836,
435,352,159,0.135009913736842,0.0218088492441448,0.000314496098624836,
434,352,159,0.132076851976481,0.0218088492441448,0.000314496098624836,
434,352,159,0.132076851976481,0.0218088492441448,0.000314496098624836,
433,352,159,0.129207510361196,0.0218088492441448,0.000314496098624836,
432,352,159,0.126400504584342,0.0218088492441448,0.000314496098624836,
432,352,159,0.126400504584342,0.0218088492441448,0.000314496098624836,
432,352,158,0.126400504584342,0.0218088492441448,0.000307663737540173,
433,353,158,0.129207510361196,0.0222931634960235,0.000307663737540173,
433,353,157,0.129207510361196,0.0222931634960235,0.000300979808051944,
434,353,157,0.132076851976481,0.0222931634960235,0.000300979808051944,
434,354,155,0.132076851976481,0.0227882330285659,0.00028804441533963,
435,354,154,0.135009913736842,0.0227882330285659,0.000281786711467861,
436,355,153,0.13800811069055,0.0232942966868229,0.000275664954886375,
436,355,152,0.13800811069055,0.0232942966868229,0.000269676192169106,
437,355,152,0.141072889310184,0.0232942966868229,0.000269676192169106,
438,355,151,0.144205728190482,0.0232942966868229,0.000263817534052542,
438,356,150,0.144205728190482,0.0238115986199337,0.000258086154041807,
439,356,149,0.147408138761684,0.0238115986199337,0.000252479287047031,
440,356,148,0.150681666018716,0.0238115986199337,0.000246994228049332,
440,356,148,0.150681666018716,0.0238115986199337,0.000246994228049332,
441,356,147,0.154027889266569,0.0238115986199337,0.00024162833079579,
441,356,147,0.154027889266569,0.0238115986199337,0.00024162833079579,
441,356,147,0.154027889266569,0.0238115986199337,0.00024162833079579,
441,356,147,0.154027889266569,0.0238115986199337,0.00024162833079579,
442,356,147,0.157448422882235,0.0238115986199337,0.00024162833079579,
442,356,147,0.157448422882235,0.0238115986199337,0.00024162833079579,
442,356,147,0.157448422882235,0.0238115986199337,0.00024162833079579,
443,356,147,0.160944917093555,0.0238115986199337,0.00024162833079579,
443,356,147,0.160944917093555,0.0238115986199337,0.00024162833079579,
444,356,147,0.164519058775366,0.0238115986199337,0.00024162833079579,
445,356,147,0.168172572263336,0.0238115986199337,0.00024162833079579,
446,356,147,0.171907220185857,0.0238115986199337,0.00024162833079579,
447,356,148,0.175724804314429,0.0238115986199337,0.000246994228049332,
448,356,148,0.179627166432913,0.0238115986199337,0.000246994228049332,
449,356,149,0.183616189226098,0.0238115986199337,0.000252479287047031,
450,356,149,0.187693797188001,0.0238115986199337,0.000252479287047031,
452,356,150,0.196122681231559,0.0238115986199337,0.000258086154041807,
453,356,150,0.200478023807124,0.0238115986199337,0.000258086154041807,
454,356,151,0.204930086501094,0.0238115986199337,0.000263817534052542,
455,357,151,0.209481017199919,0.0243403883989151,0.000263817534052542,
456,357,151,0.214133011488668,0.0243403883989151,0.000263817534052542,
457,357,152,0.218888313710289,0.0243403883989151,0.000269676192169106,
458,357,152,0.223749218048378,0.0243403883989151,0.000269676192169106,
459,358,152,0.228718069634008,0.0248809211370659,0.000269676192169106,
460,358,153,0.233797265677131,0.0248809211370659,0.000275664954886375,
460,358,153,0.233797265677131,0.0248809211370659,0.000275664954886375,
461,359,153,0.238989256623105,0.0254334576130465,0.000275664954886375,
462,359,154,0.244296547334903,0.0254334576130465,0.000281786711467861,
462,359,154,0.244296547334903,0.0254334576130465,0.000281786711467861,
463,360,154,0.249721698301584,0.02599826439669,0.000281786711467861,
464,360,155,0.255267326873585,0.02599826439669,0.00028804441533963,
465,360,155,0.260936108525466,0.02599826439669,0.00028804441533963,
465,361,155,0.260936108525466,0.0265756139776087,0.00028804441533963,
466,361,155,0.266730778146679,0.0265756139776087,0.00028804441533963,
466,361,155,0.266730778146679,0.0265756139776087,0.00028804441533963,
467,362,155,0.272654131361009,0.0271657848966561,0.00028804441533963,
467,363,155,0.272654131361009,0.0277690618803078,0.00028804441533963,
468,363,155,0.278709025875316,0.0277690618803078,0.00028804441533963,
468,364,155,0.278709025875316,0.0283857359780273,0.00028804441533963,
469,364,155,0.284898382858234,0.0283857359780273,0.00028804441533963,
469,364,155,0.284898382858234,0.0283857359780273,0.00028804441533963,
470,365,156,0.291225188349472,0.0290161047026823,0.000294441085515178,
470,365,156,0.291225188349472,0.0290161047026823,0.000294441085515178,
470,366,156,0.291225188349472,0.0296604721740786,0.000294441085515178,
470,366,157,0.291225188349472,0.0296604721740786,0.000300979808051944,
471,367,157,0.297692494700428,0.0303191492656823,0.000300979808051944,
471,367,157,0.297692494700428,0.0303191492656823,0.000300979808051944,
471,367,157,0.297692494700428,0.0303191492656823,0.000300979808051944,
472,368,158,0.304303422046787,0.0309924537545998,0.000307663737540173,
472,368,158,0.304303422046787,0.0309924537545998,0.000307663737540173,
472,368,158,0.304303422046787,0.0309924537545998,0.000307663737540173,
473,368,159,0.311061159813821,0.0309924537545998,0.000314496098624836,
473,369,159,0.311061159813821,0.0316807104748884,0.000314496098624836,
473,369,160,0.311061159813821,0.0316807104748884,0.000321480187561355,
473,369,160,0.311061159813821,0.0316807104748884,0.000321480187561355,
473,369,161,0.311061159813821,0.0316807104748884,0.000328619373805875,
473,369,161,0.311061159813821,0.0316807104748884,0.000328619373805875,
473,369,162,0.311061159813821,0.0316807104748884,0.000335917101640843,
473,367,162,0.311061159813821,0.0303191492656823,0.000335917101640843,
473,362,163,0.311061159813821,0.0271657848966561,0.000343376891836703,
473,356,163,0.311061159813821,0.0238115986199337,0.000343376891836703,
473,351,163,0.311061159813821,0.021335056616737,0.000343376891836703,
473,345,163,0.311061159813821,0.018700796116288,0.000343376891836703,
473,340,163,0.311061159813821,0.0167558067094687,0.000343376891836703,
473,335,163,0.311061159813821,0.0150131072890817,0.000343376891836703,
472,329,163,0.304303422046787,0.0131594241125578,0.000343376891836703,
472,320,162,0.304303422046787,0.0107990692840565,0.000335917101640843,
472,310,162,0.304303422046787,0.00866955528393563,0.000335917101640843,
471,300,162,0.297692494700428,0.0069599691273564,0.000335917101640843,
471,289,161,0.297692494700428,0.00546611614381032,0.000328619373805875,
471,280,161,0.297692494700428,0.00448568010627281,0.000328619373805875,
470,274,161,0.291225188349472,0.00393182875570577,0.000328619373805875,
470,268,160,0.291225188349472,0.00344636197810369,0.000321480187561355,
471,262,159,0.297692494700428,0.00302083626273973,0.000314496098624836,
472,257,158,0.304303422046787,0.00270665207003324,0.000307663737540173,
473,251,157,0.311061159813821,0.00237245906719145,0.000300979808051944,
474,245,156,0.317968968255122,0.00207952920429473,0.000294441085515178,
475,240,155,0.325030180025498,0.00186324631193156,0.00028804441533963,
477,234,153,0.339626515861507,0.00163318945057418,0.000275664954886375,
479,231,152,0.354878338581291,0.0015290430526219,0.000269676192169106,
481,228,149,0.370815084548854,0.0014315379369793,0.000252479287047031,
482,226,147,0.379049862470795,0.00137001385828028,0.00024162833079579,
483,223,145,0.387467512045613,0.00128264983052806,0.00023124372270698,
484,221,143,0.396072094347178,0.00122752460675424,0.000221305420251301,
483,219,140,0.387467512045613,0.00117476853333135,0.000207193057256069,
482,216,138,0.379049862470795,0.00109985504969899,0.000198288394912707,
481,214,136,0.370815084548854,0.00105258590866736,0.000189766433671879,
480,211,133,0.362759205431893,0.000985463854404468,0.000177665271426295,
478,208,130,0.347168681892656,0.000922622087509447,0.000166335784786667,
477,204,127,0.339626515861507,0.000845022055720664,0.000155728764988684,
476,201,124,0.332248201788811,0.00079113608231899,0.000145798141247865,
474,198,119,0.317968968255122,0.000740686348373777,0.000130634303382478,
473,195,118,0.311061159813821,0.000693453729299222,0.000127796300829648,
471,193,114,0.297692494700428,0.000663650745589575,0.000117047591102093,
469,191,110,0.284898382858234,0.000635128622881131,0.000107202935404719,
467,189,106,0.272654131361009,0.000607832312829723,9.81862954305847E-05,
465,187,102,0.260936108525466,0.000581709132937436,8.99280283136508E-05,
463,185,98,0.249721698301584,0.000556708664874185,8.23643487201136E-05,
461,183,95,0.238989256623105,0.000532782657169199,7.71120797712361E-05,
458,182,91,0.223749218048378,0.000521208066866353,7.06263258286872E-05,
455,181,85,0.209481017199919,0.000509884932084583,6.19060236628895E-05,
453,180,81,0.200478023807124,0.00049880779000599,5.66992228836829E-05,
450,180,76,0.187693797188001,0.00049880779000599,5.08021804691302E-05,
447,179,72,0.175724804314429,0.000487971296491235,4.65293033369711E-05,
445,179,67,0.168172572263336,0.000487971296491235,4.1689990532621E-05,
442,178,64,0.157448422882235,0.000477370223501277,3.9031473271742E-05,
440,179,62,0.150681666018716,0.000487971296491235,3.73539938481953E-05,
438,180,58,0.144205728190482,0.00049880779000599,3.42122187386456E-05,
436,182,55,0.13800811069055,0.000521208066866353,3.20305494005706E-05,
432,183,53,0.126400504584342,0.000532782657169199,3.06539529505653E-05,
430,185,50,0.120968113034836,0.000556708664874185,2.86991896610538E-05,
428,187,48,0.11576919268898,0.000581709132937436,2.74657670896404E-05,
426,190,47,0.11079370951251,0.000621330588165588,2.68690791210321E-05,
425,192,46,0.108386739656258,0.000649233073803502,2.62853540720729E-05,
423,194,45,0.103728536664717,0.000678388594008847,2.57143103260809E-05,
421,196,44,0.0992705321031608,0.000708853419597334,2.51556723844369E-05,
420,197,43,0.0971139008337711,0.000724595094445038,2.46091707336708E-05,
418,198,43,0.0929401775091391,0.000740686348373777,2.46091707336708E-05,
416,200,42,0.0889458308364698,0.000773948818613196,2.40745417154358E-05,
416,201,42,0.0889458308364698,0.00079113608231899,2.40745417154358E-05,
414,201,42,0.085123151636029,0.00079113608231899,2.40745417154358E-05,
413,201,42,0.0832738692087274,0.00079113608231899,2.40745417154358E-05,
411,201,42,0.0796949573612491,0.00079113608231899,2.40745417154358E-05,
410,201,42,0.0779636013040524,0.00079113608231899,2.40745417154358E-05,
408,201,42,0.0746129120778827,0.00079113608231899,2.40745417154358E-05,
407,201,42,0.0729919623773193,0.00079113608231899,2.40745417154358E-05,
406,201,42,0.0714062274654377,0.00079113608231899,2.40745417154358E-05,
405,201,42,0.0698549423084177,0.00079113608231899,2.40745417154358E-05,
404,200,41,0.0683373584926364,0.000773948818613196,2.35515273993064E-05,
405,200,40,0.0698549423084177,0.000773948818613196,2.30398754583411E-05,
407,200,40,0.0729919623773193,0.000773948818613196,2.30398754583411E-05,
408,199,38,0.0746129120778827,0.000757134944568541,2.2049676683794E-05,
410,198,37,0.0779636013040524,0.000740686348373777,2.15706521313036E-05,
413,197,35,0.0832738692087274,0.000724595094445038,2.064359706344E-05,
414,196,34,0.085123151636029,0.000708853419597334,2.01951192926809E-05,
415,195,33,0.0870135015137617,0.000693453729299222,1.9756384606436E-05,
416,195,32,0.0889458308364698,0.000693453729299222,1.93271813382592E-05,
417,194,31,0.0909210718515756,0.000678388594008847,1.89073024201131E-05,
418,194,31,0.0929401775091391,0.000678388594008847,1.89073024201131E-05,
418,194,30,0.0929401775091391,0.000678388594008847,1.84965452824698E-05,
418,194,31,0.0929401775091391,0.000678388594008847,1.89073024201131E-05,
417,195,31,0.0909210718515756,0.000693453729299222,1.89073024201131E-05,
417,195,32,0.0909210718515756,0.000693453729299222,1.93271813382592E-05,
415,195,32,0.0870135015137617,0.000693453729299222,1.93271813382592E-05,
415,196,32,0.0870135015137617,0.000708853419597334,1.93271813382592E-05,
414,196,32,0.085123151636029,0.000708853419597334,1.93271813382592E-05,
413,196,33,0.0832738692087274,0.000708853419597334,1.9756384606436E-05,
412,197,33,0.0814647620502003,0.000724595094445038,1.9756384606436E-05,
412,197,33,0.0814647620502003,0.000724595094445038,1.9756384606436E-05,
412,197,34,0.0814647620502003,0.000724595094445038,2.01951192926809E-05,
414,198,34,0.085123151636029,0.000740686348373777,2.01951192926809E-05,
415,198,34,0.0870135015137617,0.000740686348373777,2.01951192926809E-05,
416,199,34,0.0889458308364698,0.000757134944568541,2.01951192926809E-05,
416,199,34,0.0889458308364698,0.000757134944568541,2.01951192926809E-05,
418,200,34,0.0929401775091391,0.000773948818613196,2.01951192926809E-05,
419,200,34,0.0950041219216073,0.000773948818613196,2.01951192926809E-05,
421,201,34,0.0992705321031608,0.00079113608231899,2.01951192926809E-05,
422,201,34,0.101475056191109,0.00079113608231899,2.01951192926809E-05,
423,201,34,0.103728536664717,0.00079113608231899,2.01951192926809E-05,
425,201,34,0.108386739656258,0.00079113608231899,2.01951192926809E-05,
426,201,34,0.11079370951251,0.00079113608231899,2.01951192926809E-05,
427,201,34,0.113254131515281,0.00079113608231899,2.01951192926809E-05,
428,201,34,0.11576919268898,0.00079113608231899,2.01951192926809E-05,
431,201,34,0.12365448041304,0.00079113608231899,2.01951192926809E-05,
432,201,34,0.126400504584342,0.00079113608231899,2.01951192926809E-05,
433,201,34,0.129207510361196,0.00079113608231899,2.01951192926809E-05,
435,201,34,0.135009913736842,0.00079113608231899,2.01951192926809E-05,
436,201,34,0.13800811069055,0.00079113608231899,2.01951192926809E-05,
437,201,34,0.141072889310184,0.00079113608231899,2.01951192926809E-05,
440,201,34,0.150681666018716,0.00079113608231899,2.01951192926809E-05,
441,201,34,0.154027889266569,0.00079113608231899,2.01951192926809E-05,
443,201,34,0.160944917093555,0.00079113608231899,2.01951192926809E-05,
445,201,34,0.168172572263336,0.00079113608231899,2.01951192926809E-05,
447,201,34,0.175724804314429,0.00079113608231899,2.01951192926809E-05,
449,201,34,0.183616189226098,0.00079113608231899,2.01951192926809E-05,
452,201,34,0.196122681231559,0.00079113608231899,2.01951192926809E-05,
453,201,34,0.200478023807124,0.00079113608231899,2.01951192926809E-05,
455,201,34,0.209481017199919,0.00079113608231899,2.01951192926809E-05,
457,201,34,0.218888313710289,0.00079113608231899,2.01951192926809E-05,
458,201,34,0.223749218048378,0.00079113608231899,2.01951192926809E-05,
459,201,34,0.228718069634008,0.00079113608231899,2.01951192926809E-05,
461,201,34,0.238989256623105,0.00079113608231899,2.01951192926809E-05,
462,201,34,0.244296547334903,0.00079113608231899,2.01951192926809E-05,
462,201,34,0.244296547334903,0.00079113608231899,2.01951192926809E-05,
463,201,34,0.249721698301584,0.00079113608231899,2.01951192926809E-05,
463,201,34,0.249721698301584,0.00079113608231899,2.01951192926809E-05,
463,201,34,0.249721698301584,0.00079113608231899,2.01951192926809E-05,
464,201,34,0.255267326873585,0.00079113608231899,2.01951192926809E-05,
464,201,34,0.255267326873585,0.00079113608231899,2.01951192926809E-05,
464,201,34,0.255267326873585,0.00079113608231899,2.01951192926809E-05,
464,201,34,0.255267326873585,0.00079113608231899,2.01951192926809E-05,
465,202,34,0.260936108525466,0.000808705027638076,2.01951192926809E-05,
465,202,34,0.260936108525466,0.000808705027638076,2.01951192926809E-05,
464,202,35,0.255267326873585,0.000808705027638076,2.064359706344E-05,
463,203,35,0.249721698301584,0.000826664130663938,2.064359706344E-05,
463,203,35,0.249721698301584,0.000826664130663938,2.064359706344E-05,
462,203,36,0.244296547334903,0.000826664130663938,2.1102034285686E-05,
461,204,36,0.238989256623105,0.000845022055720664,2.1102034285686E-05,
460,204,36,0.233797265677131,0.000845022055720664,2.1102034285686E-05,
460,204,36,0.233797265677131,0.000845022055720664,2.1102034285686E-05,
459,205,37,0.228718069634008,0.000863787659543031,2.15706521313036E-05,
458,205,37,0.223749218048378,0.000863787659543031,2.15706521313036E-05,
458,205,37,0.223749218048378,0.000863787659543031,2.15706521313036E-05,
457,206,38,0.218888313710289,0.000882969995549409,2.2049676683794E-05,
457,206,38,0.218888313710289,0.000882969995549409,2.2049676683794E-05,
457,206,38,0.218888313710289,0.000882969995549409,2.2049676683794E-05,
458,207,38,0.223749218048378,0.000902578318209564,2.2049676683794E-05,
458,207,38,0.223749218048378,0.000902578318209564,2.2049676683794E-05,
459,208,38,0.228718069634008,0.000922622087509447,2.2049676683794E-05,
459,208,38,0.228718069634008,0.000922622087509447,2.2049676683794E-05,
460,209,38,0.233797265677131,0.000943110973515152,2.2049676683794E-05,
461,209,38,0.238989256623105,0.000943110973515152,2.2049676683794E-05,
462,210,38,0.244296547334903,0.000964054861038204,2.2049676683794E-05,
463,210,38,0.249721698301584,0.000964054861038204,2.2049676683794E-05,
464,210,39,0.255267326873585,0.000964054861038204,2.25393390473479E-05,
465,210,39,0.260936108525466,0.000964054861038204,2.25393390473479E-05,
466,210,39,0.266730778146679,0.000964054861038204,2.25393390473479E-05,
467,210,40,0.272654131361009,0.000964054861038204,2.30398754583411E-05,
469,210,40,0.284898382858234,0.000964054861038204,2.30398754583411E-05,
470,210,40,0.291225188349472,0.000964054861038204,2.30398754583411E-05,
472,210,41,0.304303422046787,0.000964054861038204,2.35515273993064E-05,
473,210,41,0.311061159813821,0.000964054861038204,2.35515273993064E-05,
474,210,42,0.317968968255122,0.000964054861038204,2.40745417154358E-05,
475,210,42,0.325030180025498,0.000964054861038204,2.40745417154358E-05,
478,210,42,0.347168681892656,0.000964054861038204,2.40745417154358E-05,
479,210,42,0.354878338581291,0.000964054861038204,2.40745417154358E-05,
481,211,42,0.370815084548854,0.000985463854404468,2.40745417154358E-05,
483,211,42,0.387467512045613,0.000985463854404468,2.40745417154358E-05,
484,211,42,0.396072094347178,0.000985463854404468,2.40745417154358E-05,
486,212,42,0.413858754354902,0.00100734828232895,2.40745417154358E-05,
488,212,42,0.432444171151468,0.00100734828232895,2.40745417154358E-05,
490,213,42,0.451864215013107,0.00102971870289887,2.40745417154358E-05,
491,213,42,0.46189887006505,0.00102971870289887,2.40745417154358E-05,
493,214,42,0.482641654717274,0.00105258590866736,2.40745417154358E-05,
495,214,42,0.504315948717136,0.00105258590866736,2.40745417154358E-05,
496,214,42,0.515515411773583,0.00105258590866736,2.40745417154358E-05,
498,214,42,0.53866598837018,0.00105258590866736,2.40745417154358E-05,
500,214,42,0.562856202549891,0.00105258590866736,2.40745417154358E-05,
501,214,42,0.575355682811392,0.00105258590866736,2.40745417154358E-05,
502,214,42,0.588132741975106,0.00105258590866736,2.40745417154358E-05,
504,214,42,0.61454439094059,0.00105258590866736,2.40745417154358E-05,
505,214,42,0.628191722975982,0.00105258590866736,2.40745417154358E-05,
506,214,42,0.642142124528287,0.00105258590866736,2.40745417154358E-05,
508,214,42,0.670979206990377,0.00105258590866736,2.40745417154358E-05,
509,214,42,0.685879800278073,0.00105258590866736,2.40745417154358E-05,
509,214,42,0.685879800278073,0.00105258590866736,2.40745417154358E-05,
510,214,42,0.7011112945505,0.00105258590866736,2.40745417154358E-05,
510,214,42,0.7011112945505,0.00105258590866736,2.40745417154358E-05,
509,214,42,0.685879800278073,0.00105258590866736,2.40745417154358E-05,
508,214,42,0.670979206990377,0.00105258590866736,2.40745417154358E-05,
507,214,42,0.65640232593365,0.00105258590866736,2.40745417154358E-05,
506,214,42,0.642142124528287,0.00105258590866736,2.40745417154358E-05,
505,214,42,0.628191722975982,0.00105258590866736,2.40745417154358E-05,
504,214,42,0.61454439094059,0.00105258590866736,2.40745417154358E-05,
503,214,42,0.601193544301094,0.00105258590866736,2.40745417154358E-05,
502,214,42,0.588132741975106,0.00105258590866736,2.40745417154358E-05,
502,214,42,0.588132741975106,0.00105258590866736,2.40745417154358E-05,
501,214,42,0.575355682811392,0.00105258590866736,2.40745417154358E-05,
500,215,42,0.562856202549891,0.00107596093186035,2.40745417154358E-05,
500,216,42,0.562856202549891,0.00109985504969899,2.40745417154358E-05,
499,216,42,0.550628270847787,0.00109985504969899,2.40745417154358E-05,
498,216,42,0.53866598837018,0.00109985504969899,2.40745417154358E-05,
498,217,42,0.53866598837018,0.00112427978984033,2.40745417154358E-05,
497,217,42,0.526963583943974,0.00112427978984033,2.40745417154358E-05,
496,217,42,0.515515411773583,0.00112427978984033,2.40745417154358E-05,
496,218,42,0.515515411773583,0.00114924693593884,2.40745417154358E-05,
495,218,42,0.504315948717136,0.00114924693593884,2.40745417154358E-05,
495,218,42,0.504315948717136,0.00114924693593884,2.40745417154358E-05,
494,219,42,0.493359791621845,0.00117476853333135,2.40745417154358E-05,
494,219,42,0.493359791621845,0.00117476853333135,2.40745417154358E-05,
494,220,42,0.493359791621845,0.00120085689484835,2.40745417154358E-05,
494,220,42,0.493359791621845,0.00120085689484835,2.40745417154358E-05,
494,221,42,0.493359791621845,0.00122752460675424,2.40745417154358E-05,
494,221,42,0.493359791621845,0.00122752460675424,2.40745417154358E-05,
494,222,42,0.493359791621845,0.00125478453481957,2.40745417154358E-05,
494,222,42,0.493359791621845,0.00125478453481957,2.40745417154358E-05,
494,222,42,0.493359791621845,0.00125478453481957,2.40745417154358E-05,
493,222,42,0.482641654717274,0.00125478453481957,2.40745417154358E-05,
493,222,42,0.482641654717274,0.00125478453481957,2.40745417154358E-05,
492,221,42,0.472156367065228,0.00122752460675424,2.40745417154358E-05,
491,221,42,0.46189887006505,0.00122752460675424,2.40745417154358E-05,
490,221,42,0.451864215013107,0.00122752460675424,2.40745417154358E-05,
490,220,42,0.451864215013107,0.00120085689484835,2.40745417154358E-05,
489,220,42,0.442047560715306,0.00120085689484835,2.40745417154358E-05,
488,220,42,0.432444171151468,0.00120085689484835,2.40745417154358E-05,
488,219,42,0.432444171151468,0.00117476853333135,2.40745417154358E-05,
487,219,42,0.423049413190451,0.00117476853333135,2.40745417154358E-05,
487,219,42,0.423049413190451,0.00117476853333135,2.40745417154358E-05,
486,219,42,0.413858754354902,0.00117476853333135,2.40745417154358E-05,
486,218,42,0.413858754354902,0.00114924693593884,2.40745417154358E-05,
486,218,42,0.413858754354902,0.00114924693593884,2.40745417154358E-05,
486,218,42,0.413858754354902,0.00114924693593884,2.40745417154358E-05,
486,218,42,0.413858754354902,0.00114924693593884,2.40745417154358E-05,
486,218,42,0.413858754354902,0.00114924693593884,2.40745417154358E-05,
486,218,42,0.413858754354902,0.00114924693593884,2.40745417154358E-05,
486,218,42,0.413858754354902,0.00114924693593884,2.40745417154358E-05,
486,218,42,0.413858754354902,0.00114924693593884,2.40745417154358E-05,
486,218,42,0.413858754354902,0.00114924693593884,2.40745417154358E-05,
486,218,42,0.413858754354902,0.00114924693593884,2.40745417154358E-05,
486,218,42,0.413858754354902,0.00114924693593884,2.40745417154358E-05,
486,218,42,0.413858754354902,0.00114924693593884,2.40745417154358E-05,
486,218,42,0.413858754354902,0.00114924693593884,2.40745417154358E-05,
485,218,42,0.404867760634581,0.00114924693593884,2.40745417154358E-05,
485,218,42,0.404867760634581,0.00114924693593884,2.40745417154358E-05,
484,218,42,0.396072094347178,0.00114924693593884,2.40745417154358E-05,
484,218,42,0.396072094347178,0.00114924693593884,2.40745417154358E-05,
483,218,42,0.387467512045613,0.00114924693593884,2.40745417154358E-05,
483,218,42,0.387467512045613,0.00114924693593884,2.40745417154358E-05,
482,219,42,0.379049862470795,0.00117476853333135,2.40745417154358E-05,
481,219,43,0.370815084548854,0.00117476853333135,2.46091707336708E-05,
480,219,43,0.362759205431893,0.00117476853333135,2.46091707336708E-05,
480,219,43,0.362759205431893,0.00117476853333135,2.46091707336708E-05,
479,219,44,0.354878338581291,0.00117476853333135,2.51556723844369E-05,
478,220,44,0.347168681892656,0.00120085689484835,2.51556723844369E-05,
477,220,44,0.339626515861507,0.00120085689484835,2.51556723844369E-05,
476,220,45,0.332248201788811,0.00120085689484835,2.57143103260809E-05,
475,221,45,0.325030180025498,0.00122752460675424,2.57143103260809E-05,
474,221,45,0.317968968255122,0.00122752460675424,2.57143103260809E-05,
473,222,46,0.311061159813821,0.00125478453481957,2.62853540720729E-05,
472,222,46,0.304303422046787,0.00125478453481957,2.62853540720729E-05,
471,222,46,0.297692494700428,0.00125478453481957,2.62853540720729E-05,
471,222,46,0.297692494700428,0.00125478453481957,2.62853540720729E-05,
472,222,46,0.304303422046787,0.00125478453481957,2.62853540720729E-05,
473,222,47,0.311061159813821,0.00125478453481957,2.68690791210321E-05,
475,222,47,0.325030180025498,0.00125478453481957,2.68690791210321E-05,
477,222,47,0.339626515861507,0.00125478453481957,2.68690791210321E-05,
479,222,47,0.354878338581291,0.00125478453481957,2.68690791210321E-05,
481,222,47,0.370815084548854,0.00125478453481957,2.68690791210321E-05,
482,222,47,0.379049862470795,0.00125478453481957,2.68690791210321E-05,
483,222,47,0.387467512045613,0.00125478453481957,2.68690791210321E-05,
484,222,47,0.396072094347178,0.00125478453481957,2.68690791210321E-05,
485,222,47,0.404867760634581,0.00125478453481957,2.68690791210321E-05,
487,222,47,0.423049413190451,0.00125478453481957,2.68690791210321E-05,
487,222,47,0.423049413190451,0.00125478453481957,2.68690791210321E-05,
488,222,47,0.432444171151468,0.00125478453481957,2.68690791210321E-05,
488,222,47,0.432444171151468,0.00125478453481957,2.68690791210321E-05,
488,222,47,0.432444171151468,0.00125478453481957,2.68690791210321E-05,
488,222,47,0.432444171151468,0.00125478453481957,2.68690791210321E-05,
489,222,47,0.442047560715306,0.00125478453481957,2.68690791210321E-05,
489,222,47,0.442047560715306,0.00125478453481957,2.68690791210321E-05,
490,222,47,0.451864215013107,0.00125478453481957,2.68690791210321E-05,
490,222,47,0.451864215013107,0.00125478453481957,2.68690791210321E-05,
490,222,47,0.451864215013107,0.00125478453481957,2.68690791210321E-05,
490,222,47,0.451864215013107,0.00125478453481957,2.68690791210321E-05,
489,222,47,0.442047560715306,0.00125478453481957,2.68690791210321E-05,
489,222,47,0.442047560715306,0.00125478453481957,2.68690791210321E-05,
488,222,47,0.432444171151468,0.00125478453481957,2.68690791210321E-05,
488,222,47,0.432444171151468,0.00125478453481957,2.68690791210321E-05,
487,222,47,0.423049413190451,0.00125478453481957,2.68690791210321E-05,
487,222,47,0.423049413190451,0.00125478453481957,2.68690791210321E-05,
487,222,47,0.423049413190451,0.00125478453481957,2.68690791210321E-05,
487,222,47,0.423049413190451,0.00125478453481957,2.68690791210321E-05,
487,222,47,0.423049413190451,0.00125478453481957,2.68690791210321E-05,
488,222,47,0.432444171151468,0.00125478453481957,2.68690791210321E-05,
488,222,47,0.432444171151468,0.00125478453481957,2.68690791210321E-05,
489,222,47,0.442047560715306,0.00125478453481957,2.68690791210321E-05,
490,222,47,0.451864215013107,0.00125478453481957,2.68690791210321E-05,
490,222,47,0.451864215013107,0.00125478453481957,2.68690791210321E-05,
491,222,47,0.46189887006505,0.00125478453481957,2.68690791210321E-05,
492,222,47,0.472156367065228,0.00125478453481957,2.68690791210321E-05,
492,222,47,0.472156367065228,0.00125478453481957,2.68690791210321E-05,
493,222,47,0.482641654717274,0.00125478453481957,2.68690791210321E-05,
494,222,47,0.493359791621845,0.00125478453481957,2.68690791210321E-05,
494,222,47,0.493359791621845,0.00125478453481957,2.68690791210321E-05,
494,222,47,0.493359791621845,0.00125478453481957,2.68690791210321E-05,
494,222,47,0.493359791621845,0.00125478453481957,2.68690791210321E-05,
493,222,47,0.482641654717274,0.00125478453481957,2.68690791210321E-05,
493,222,47,0.482641654717274,0.00125478453481957,2.68690791210321E-05,
492,222,47,0.472156367065228,0.00125478453481957,2.68690791210321E-05,
492,222,47,0.472156367065228,0.00125478453481957,2.68690791210321E-05,
491,222,47,0.46189887006505,0.00125478453481957,2.68690791210321E-05,
491,222,47,0.46189887006505,0.00125478453481957,2.68690791210321E-05,
490,222,47,0.451864215013107,0.00125478453481957,2.68690791210321E-05,
490,222,47,0.451864215013107,0.00125478453481957,2.68690791210321E-05,
490,222,47,0.451864215013107,0.00125478453481957,2.68690791210321E-05,
489,222,47,0.442047560715306,0.00125478453481957,2.68690791210321E-05,
489,222,47,0.442047560715306,0.00125478453481957,2.68690791210321E-05,
488,222,47,0.432444171151468,0.00125478453481957,2.68690791210321E-05,
488,222,47,0.432444171151468,0.00125478453481957,2.68690791210321E-05,
488,222,47,0.432444171151468,0.00125478453481957,2.68690791210321E-05,
487,222,47,0.423049413190451,0.00125478453481957,2.68690791210321E-05,
487,222,47,0.423049413190451,0.00125478453481957,2.68690791210321E-05,
487,222,47,0.423049413190451,0.00125478453481957,2.68690791210321E-05,
486,222,47,0.413858754354902,0.00125478453481957,2.68690791210321E-05,
486,222,47,0.413858754354902,0.00125478453481957,2.68690791210321E-05,
486,222,47,0.413858754354902,0.00125478453481957,2.68690791210321E-05,
486,222,47,0.413858754354902,0.00125478453481957,2.68690791210321E-05,
486,222,47,0.413858754354902,0.00125478453481957,2.68690791210321E-05,
486,222,47,0.413858754354902,0.00125478453481957,2.68690791210321E-05,
486,222,47,0.413858754354902,0.00125478453481957,2.68690791210321E-05,
486,222,47,0.413858754354902,0.00125478453481957,2.68690791210321E-05,
486,222,47,0.413858754354902,0.00125478453481957,2.68690791210321E-05,
486,222,47,0.413858754354902,0.00125478453481957,2.68690791210321E-05,
486,222,47,0.413858754354902,0.00125478453481957,2.68690791210321E-05,
486,222,47,0.413858754354902,0.00125478453481957,2.68690791210321E-05,
486,222,47,0.413858754354902,0.00125478453481957,2.68690791210321E-05,
486,222,47,0.413858754354902,0.00125478453481957,2.68690791210321E-05,
486,222,47,0.413858754354902,0.00125478453481957,2.68690791210321E-05,
486,222,47,0.413858754354902,0.00125478453481957,2.68690791210321E-05,
486,222,47,0.413858754354902,0.00125478453481957,2.68690791210321E-05,
486,222,47,0.413858754354902,0.00125478453481957,2.68690791210321E-05,
486,222,47,0.413858754354902,0.00125478453481957,2.68690791210321E-05,
486,222,47,0.413858754354902,0.00125478453481957,2.68690791210321E-05,
486,222,47,0.413858754354902,0.00125478453481957,2.68690791210321E-05,
486,222,47,0.413858754354902,0.00125478453481957,2.68690791210321E-05,
486,222,47,0.413858754354902,0.00125478453481957,2.68690791210321E-05,
485,222,47,0.404867760634581,0.00125478453481957,2.68690791210321E-05,
485,222,47,0.404867760634581,0.00125478453481957,2.68690791210321E-05,
484,222,47,0.396072094347178,0.00125478453481957,2.68690791210321E-05,
483,222,47,0.387467512045613,0.00125478453481957,2.68690791210321E-05,
483,222,47,0.387467512045613,0.00125478453481957,2.68690791210321E-05,
482,222,47,0.379049862470795,0.00125478453481957,2.68690791210321E-05,
481,222,47,0.370815084548854,0.00125478453481957,2.68690791210321E-05,
481,222,47,0.370815084548854,0.00125478453481957,2.68690791210321E-05,
480,222,47,0.362759205431893,0.00125478453481957,2.68690791210321E-05,
480,222,47,0.362759205431893,0.00125478453481957,2.68690791210321E-05,
479,222,47,0.354878338581291,0.00125478453481957,2.68690791210321E-05,
479,223,47,0.354878338581291,0.00128264983052806,2.68690791210321E-05,
478,223,47,0.347168681892656,0.00128264983052806,2.68690791210321E-05,
477,223,47,0.339626515861507,0.00128264983052806,2.68690791210321E-05,
477,224,48,0.339626515861507,0.00131113393742156,2.74657670896404E-05,
477,224,48,0.339626515861507,0.00131113393742156,2.74657670896404E-05,
477,225,49,0.339626515861507,0.00134025059758581,2.80757058485075E-05,
477,225,49,0.339626515861507,0.00134025059758581,2.80757058485075E-05,
477,225,50,0.339626515861507,0.00134025059758581,2.86991896610538E-05,
477,226,50,0.339626515861507,0.00137001385828028,2.86991896610538E-05,
478,226,50,0.347168681892656,0.00137001385828028,2.86991896610538E-05,
478,227,51,0.347168681892656,0.00140043807871523,2.93365193254765E-05,
478,226,51,0.347168681892656,0.00137001385828028,2.93365193254765E-05,
479,226,51,0.354878338581291,0.00137001385828028,2.93365193254765E-05,
479,226,51,0.354878338581291,0.00137001385828028,2.93365193254765E-05,
479,226,51,0.354878338581291,0.00137001385828028,2.93365193254765E-05,
480,226,51,0.362759205431893,0.00137001385828028,2.93365193254765E-05,
480,226,51,0.362759205431893,0.00137001385828028,2.93365193254765E-05,
480,226,51,0.362759205431893,0.00137001385828028,2.93365193254765E-05,
481,226,51,0.370815084548854,0.00137001385828028,2.93365193254765E-05,
481,226,51,0.370815084548854,0.00137001385828028,2.93365193254765E-05,
481,226,51,0.370815084548854,0.00137001385828028,2.93365193254765E-05,
482,226,51,0.379049862470795,0.00137001385828028,2.93365193254765E-05,
482,226,51,0.379049862470795,0.00137001385828028,2.93365193254765E-05,
481,226,51,0.370815084548854,0.00137001385828028,2.93365193254765E-05,
481,225,51,0.370815084548854,0.00134025059758581,2.93365193254765E-05,
480,225,51,0.362759205431893,0.00134025059758581,2.93365193254765E-05,
480,224,51,0.362759205431893,0.00131113393742156,2.93365193254765E-05,
479,224,51,0.354878338581291,0.00131113393742156,2.93365193254765E-05,
479,223,51,0.354878338581291,0.00128264983052806,2.93365193254765E-05,
478,223,51,0.347168681892656,0.00128264983052806,2.93365193254765E-05,
478,223,51,0.347168681892656,0.00128264983052806,2.93365193254765E-05,
477,223,51,0.339626515861507,0.00128264983052806,2.93365193254765E-05,
476,223,51,0.332248201788811,0.00128264983052806,2.93365193254765E-05,
476,224,52,0.332248201788811,0.00131113393742156,2.99880023198696E-05,
475,224,52,0.325030180025498,0.00131113393742156,2.99880023198696E-05,
475,224,52,0.325030180025498,0.00131113393742156,2.99880023198696E-05,
474,225,53,0.317968968255122,0.00134025059758581,3.06539529505653E-05,
473,225,53,0.311061159813821,0.00134025059758581,3.06539529505653E-05,
472,225,53,0.304303422046787,0.00134025059758581,3.06539529505653E-05,
472,226,54,0.304303422046787,0.00137001385828028,3.13346925037704E-05,
471,226,54,0.297692494700428,0.00137001385828028,3.13346925037704E-05,
470,226,54,0.291225188349472,0.00137001385828028,3.13346925037704E-05,
470,227,55,0.291225188349472,0.00140043807871523,3.20305494005706E-05,
469,227,55,0.284898382858234,0.00140043807871523,3.20305494005706E-05,
469,227,55,0.284898382858234,0.00140043807871523,3.20305494005706E-05,
468,228,55,0.278709025875316,0.0014315379369793,3.20305494005706E-05,
468,228,55,0.278709025875316,0.0014315379369793,3.20305494005706E-05,
467,229,55,0.272654131361009,0.0014633284371209,3.20305494005706E-05,
467,229,55,0.272654131361009,0.0014633284371209,3.20305494005706E-05,
466,230,55,0.266730778146679,0.00149582491638687,3.20305494005706E-05,
466,230,55,0.266730778146679,0.00149582491638687,3.20305494005706E-05,
465,231,55,0.260936108525466,0.0015290430526219,3.20305494005706E-05,
465,231,55,0.260936108525466,0.0015290430526219,3.20305494005706E-05,
466,232,56,0.266730778146679,0.0015629988718323,3.27418593553755E-05,
466,232,56,0.266730778146679,0.0015629988718323,3.27418593553755E-05,
466,232,56,0.266730778146679,0.0015629988718323,3.27418593553755E-05,
467,233,56,0.272654131361009,0.00159770875591763,3.27418593553755E-05,
467,233,57,0.272654131361009,0.00159770875591763,3.34689655378842E-05,
467,233,57,0.272654131361009,0.00159770875591763,3.34689655378842E-05,
468,234,57,0.278709025875316,0.00163318945057418,3.34689655378842E-05,
468,234,58,0.278709025875316,0.00163318945057418,3.42122187386456E-05,
469,235,58,0.284898382858234,0.00166945807337386,3.42122187386456E-05,
469,235,59,0.284898382858234,0.00166945807337386,3.49719775382973E-05,
469,235,59,0.284898382858234,0.00166945807337386,3.49719775382973E-05,
469,235,59,0.284898382858234,0.00166945807337386,3.49719775382973E-05,
469,235,59,0.284898382858234,0.00166945807337386,3.49719775382973E-05,
469,235,59,0.284898382858234,0.00166945807337386,3.49719775382973E-05,
469,235,59,0.284898382858234,0.00166945807337386,3.49719775382973E-05,
469,235,59,0.284898382858234,0.00166945807337386,3.49719775382973E-05,
469,235,59,0.284898382858234,0.00166945807337386,3.49719775382973E-05,
469,235,59,0.284898382858234,0.00166945807337386,3.49719775382973E-05,
469,235,59,0.284898382858234,0.00166945807337386,3.49719775382973E-05,
469,235,59,0.284898382858234,0.00166945807337386,3.49719775382973E-05,
469,235,59,0.284898382858234,0.00166945807337386,3.49719775382973E-05,
471,235,59,0.297692494700428,0.00166945807337386,3.49719775382973E-05,
474,235,59,0.317968968255122,0.00166945807337386,3.49719775382973E-05,
476,235,59,0.332248201788811,0.00166945807337386,3.49719775382973E-05,
478,236,60,0.347168681892656,0.00170653212202253,3.57486084805615E-05,
481,236,60,0.370815084548854,0.00170653212202253,3.57486084805615E-05,
483,236,61,0.387467512045613,0.00170653212202253,3.65424862490832E-05,
487,237,61,0.423049413190451,0.00174442948280172,3.65424862490832E-05,
491,237,62,0.46189887006505,0.00174442948280172,3.73539938481953E-05,
494,238,62,0.493359791621845,0.00178316843919783,3.73539938481953E-05,
496,238,63,0.515515411773583,0.00178316843919783,3.8183522787698E-05,
499,239,63,0.550628270847787,0.00182276768072295,3.8183522787698E-05,
501,239,63,0.575355682811392,0.00182276768072295,3.8183522787698E-05,
503,240,63,0.601193544301094,0.00186324631193156,3.8183522787698E-05,
505,240,63,0.628191722975982,0.00186324631193156,3.8183522787698E-05,
507,240,63,0.65640232593365,0.00186324631193156,3.8183522787698E-05,
507,241,63,0.65640232593365,0.0019046238616375,3.8183522787698E-05,
507,241,63,0.65640232593365,0.0019046238616375,3.8183522787698E-05,
507,241,63,0.65640232593365,0.0019046238616375,3.8183522787698E-05,
507,242,63,0.65640232593365,0.00194692029233555,3.8183522787698E-05,
507,242,63,0.65640232593365,0.00194692029233555,3.8183522787698E-05,
507,242,63,0.65640232593365,0.00194692029233555,3.8183522787698E-05,
507,243,63,0.65640232593365,0.00199015600983234,3.8183522787698E-05,
506,243,63,0.642142124528287,0.00199015600983234,3.8183522787698E-05,
505,243,63,0.628191722975982,0.00199015600983234,3.8183522787698E-05,
505,244,64,0.628191722975982,0.00203435187309104,3.9031473271742E-05,
503,244,64,0.601193544301094,0.00203435187309104,3.9031473271742E-05,
502,244,65,0.588132741975106,0.00203435187309104,3.9898254391906E-05,
501,245,65,0.575355682811392,0.00207952920429473,3.9898254391906E-05,
499,246,66,0.550628270847787,0.00212570979913324,4.07842843245615E-05,
498,246,66,0.53866598837018,0.00212570979913324,4.07842843245615E-05,
497,247,67,0.526963583943974,0.0021729159373184,4.1689990532621E-05,
496,247,67,0.515515411773583,0.0021729159373184,4.1689990532621E-05,
496,248,67,0.515515411773583,0.00222117039333286,4.1689990532621E-05,
496,248,67,0.515515411773583,0.00222117039333286,4.1689990532621E-05,
496,249,67,0.515515411773583,0.00227049644741758,4.1689990532621E-05,
497,249,67,0.526963583943974,0.00227049644741758,4.1689990532621E-05,
497,249,67,0.526963583943974,0.00227049644741758,4.1689990532621E-05,
498,250,67,0.53866598837018,0.00232091789680329,4.1689990532621E-05,
499,250,67,0.550628270847787,0.00232091789680329,4.1689990532621E-05,
500,250,67,0.562856202549891,0.00232091789680329,4.1689990532621E-05,
500,251,67,0.562856202549891,0.00237245906719145,4.1689990532621E-05,
502,251,67,0.588132741975106,0.00237245906719145,4.1689990532621E-05,
504,251,67,0.61454439094059,0.00237245906719145,4.1689990532621E-05,
506,252,67,0.642142124528287,0.00242514482449009,4.1689990532621E-05,
509,252,68,0.685879800278073,0.00242514482449009,4.26158099717671E-05,
511,251,68,0.71668103820376,0.00237245906719145,4.26158099717671E-05,
515,251,69,0.782495262779945,0.00237245906719145,4.35621893012598E-05,
516,250,69,0.799872319384323,0.00232091789680329,4.35621893012598E-05,
518,250,70,0.835792691451759,0.00232091789680329,4.45295850994266E-05,
522,249,70,0.912545172628332,0.00227049644741758,4.45295850994266E-05,
525,249,71,0.974700579263229,0.00227049644741758,4.55184640839373E-05,
527,248,71,1.01847207455441,0.00222117039333286,4.55184640839373E-05,
529,248,71,1.06420924406472,0.00222117039333286,4.55184640839373E-05,
531,248,71,1.11200036156937,0.00222117039333286,4.55184640839373E-05,
532,248,71,1.13669481551204,0.00222117039333286,4.55184640839373E-05,
532,247,71,1.13669481551204,0.0021729159373184,4.55184640839373E-05,
534,248,71,1.18774108841188,0.00222117039333286,4.55184640839373E-05,
535,247,71,1.21411753451502,0.0021729159373184,4.55184640839373E-05,
535,247,71,1.21411753451502,0.0021729159373184,4.55184640839373E-05,
536,247,71,1.24107972856932,0.0021729159373184,4.55184640839373E-05,
536,247,71,1.24107972856932,0.0021729159373184,4.55184640839373E-05,
536,247,71,1.24107972856932,0.0021729159373184,4.55184640839373E-05,
535,247,71,1.21411753451502,0.0021729159373184,4.55184640839373E-05,
535,247,71,1.21411753451502,0.0021729159373184,4.55184640839373E-05,
535,248,71,1.21411753451502,0.00222117039333286,4.55184640839373E-05,
534,248,72,1.18774108841188,0.00222117039333286,4.65293033369711E-05,
534,248,72,1.18774108841188,0.00222117039333286,4.65293033369711E-05,
532,249,73,1.13669481551204,0.00227049644741758,4.75625905353836E-05,
533,249,73,1.1619376650098,0.00227049644741758,4.75625905353836E-05,
531,250,74,1.11200036156937,0.00232091789680329,4.86188241859849E-05,
530,250,74,1.08784238940457,0.00232091789680329,4.86188241859849E-05,
530,251,75,1.08784238940457,0.00237245906719145,4.96985138660435E-05,
529,251,75,1.06420924406472,0.00237245906719145,4.96985138660435E-05,
528,251,76,1.04108952379831,0.00237245906719145,5.08021804691302E-05,
527,252,76,1.01847207455441,0.00242514482449009,5.08021804691302E-05,
526,252,76,0.996345984601538,0.00242514482449009,5.08021804691302E-05,
526,253,77,0.996345984601538,0.00247900058681032,5.19303564564221E-05,
525,253,77,0.974700579263229,0.00247900058681032,5.19303564564221E-05,
524,254,77,0.953525415768113,0.00253405233672923,5.19303564564221E-05,
524,254,78,0.953525415768113,0.00253405233672923,5.3083586113587E-05,
522,254,78,0.912545172628332,0.00253405233672923,5.3083586113587E-05,
521,254,78,0.892720322168422,0.00253405233672923,5.3083586113587E-05,
520,255,79,0.873326162382844,0.00259032663382512,5.42624258133727E-05,
519,255,79,0.854353336607982,0.00259032663382512,5.42624258133727E-05,
518,255,79,0.835792691451759,0.00259032663382512,5.42624258133727E-05,
517,256,80,0.817635272377596,0.0026478506274911,5.54674442840278E-05,
517,256,80,0.817635272377596,0.0026478506274911,5.54674442840278E-05,
518,256,80,0.835792691451759,0.0026478506274911,5.54674442840278E-05,
519,257,80,0.854353336607982,0.00270665207003324,5.54674442840278E-05,
521,257,80,0.892720322168422,0.00270665207003324,5.54674442840278E-05,
522,257,80,0.912545172628332,0.00270665207003324,5.54674442840278E-05,
523,258,80,0.932810278211821,0.00276675933005963,5.54674442840278E-05,
524,258,80,0.953525415768113,0.00276675933005963,5.54674442840278E-05,
525,258,80,0.974700579263229,0.00276675933005963,5.54674442840278E-05,
526,259,80,0.996345984601538,0.00282820140616669,5.54674442840278E-05,
527,259,80,1.01847207455441,0.00282820140616669,5.54674442840278E-05,
529,259,80,1.06420924406472,0.00282820140616669,5.54674442840278E-05,
529,260,80,1.06420924406472,0.00289100794092953,5.54674442840278E-05,
530,260,80,1.08784238940457,0.00289100794092953,5.54674442840278E-05,
530,260,80,1.08784238940457,0.00289100794092953,5.54674442840278E-05,
530,260,80,1.08784238940457,0.00289100794092953,5.54674442840278E-05,
529,260,80,1.06420924406472,0.00289100794092953,5.54674442840278E-05,
529,260,80,1.06420924406472,0.00289100794092953,5.54674442840278E-05,
528,260,80,1.04108952379831,0.00289100794092953,5.54674442840278E-05,
527,260,80,1.01847207455441,0.00289100794092953,5.54674442840278E-05,
526,260,80,0.996345984601538,0.00289100794092953,5.54674442840278E-05,
525,260,80,0.974700579263229,0.00289100794092953,5.54674442840278E-05,
525,260,80,0.974700579263229,0.00289100794092953,5.54674442840278E-05,
525,261,80,0.974700579263229,0.00295520923520289,5.54674442840278E-05,
524,261,81,0.953525415768113,0.00295520923520289,5.66992228836829E-05,
524,261,81,0.953525415768113,0.00295520923520289,5.66992228836829E-05,
523,262,81,0.932810278211821,0.00302083626273973,5.66992228836829E-05,
523,262,82,0.932810278211821,0.00302083626273973,5.79583558808256E-05,
522,262,82,0.912545172628332,0.00302083626273973,5.79583558808256E-05,
522,263,82,0.912545172628332,0.00308792068513444,5.79583558808256E-05,
521,263,83,0.892720322168422,0.00308792068513444,5.92454507410038E-05,
521,263,83,0.892720322168422,0.00308792068513444,5.92454507410038E-05,
522,264,83,0.912545172628332,0.0031564948670979,5.92454507410038E-05,
522,264,84,0.912545172628332,0.0031564948670979,6.05611284198961E-05,
521,264,84,0.892720322168422,0.0031564948670979,6.05611284198961E-05,
521,265,84,0.892720322168422,0.00322659189207174,6.05611284198961E-05,
521,265,84,0.892720322168422,0.00322659189207174,6.05611284198961E-05,
521,265,84,0.892720322168422,0.00322659189207174,6.05611284198961E-05,
522,266,84,0.912545172628332,0.00329824557818936,6.05611284198961E-05,
522,266,84,0.912545172628332,0.00329824557818936,6.05611284198961E-05,
523,267,84,0.932810278211821,0.00337149049459144,6.05611284198961E-05,
524,267,84,0.953525415768113,0.00337149049459144,6.05611284198961E-05,
525,268,84,0.974700579263229,0.00344636197810369,6.05611284198961E-05,
525,268,84,0.974700579263229,0.00344636197810369,6.05611284198961E-05,
526,269,84,0.996345984601538,0.00352289615028505,6.05611284198961E-05,
526,270,84,0.996345984601538,0.00360112993485438,6.05611284198961E-05,
527,270,84,1.01847207455441,0.00360112993485438,6.05611284198961E-05,
527,271,84,1.01847207455441,0.00368110107550433,6.05611284198961E-05,
527,272,84,1.01847207455441,0.00376284815411057,6.05611284198961E-05,
528,272,84,1.04108952379831,0.00376284815411057,6.05611284198961E-05,
528,273,84,1.04108952379831,0.00384641060934559,6.05611284198961E-05,
529,274,84,1.06420924406472,0.00393182875570577,6.05611284198961E-05,
529,274,84,1.06420924406472,0.00393182875570577,6.05611284198961E-05,
530,275,84,1.08784238940457,0.004019143802961,6.05611284198961E-05,
531,276,84,1.11200036156937,0.00410839787603625,6.05611284198961E-05,
531,277,84,1.11200036156937,0.0041996340353346,6.05611284198961E-05,
531,278,84,1.11200036156937,0.00429289629751166,6.05611284198961E-05,
530,278,84,1.08784238940457,0.00429289629751166,6.05611284198961E-05,
530,279,84,1.08784238940457,0.00438822965671127,6.05611284198961E-05,
529,280,84,1.06420924406472,0.00448568010627281,6.05611284198961E-05,
529,281,84,1.06420924406472,0.00458529466092062,6.05611284198961E-05,
528,282,84,1.04108952379831,0.00468712137944606,6.05611284198961E-05,
528,283,84,1.04108952379831,0.00479120938789339,6.05611284198961E-05,
528,284,84,1.04108952379831,0.00489760890326051,6.05611284198961E-05,
528,284,84,1.04108952379831,0.00489760890326051,6.05611284198961E-05,
528,284,84,1.04108952379831,0.00489760890326051,6.05611284198961E-05,
528,284,84,1.04108952379831,0.00489760890326051,6.05611284198961E-05,
528,283,84,1.04108952379831,0.00479120938789339,6.05611284198961E-05,
528,282,84,1.04108952379831,0.00468712137944606,6.05611284198961E-05,
529,282,84,1.06420924406472,0.00468712137944606,6.05611284198961E-05,
529,281,84,1.06420924406472,0.00458529466092062,6.05611284198961E-05,
529,280,84,1.06420924406472,0.00448568010627281,6.05611284198961E-05,
530,280,84,1.08784238940457,0.00448568010627281,6.05611284198961E-05,
530,279,84,1.08784238940457,0.00438822965671127,6.05611284198961E-05,
530,278,84,1.08784238940457,0.00429289629751166,6.05611284198961E-05,
530,278,84,1.08784238940457,0.00429289629751166,6.05611284198961E-05,
530,277,84,1.08784238940457,0.0041996340353346,6.05611284198961E-05,
530,277,85,1.08784238940457,0.0041996340353346,6.19060236628895E-05,
530,278,85,1.08784238940457,0.00429289629751166,6.19060236628895E-05,
530,278,86,1.08784238940457,0.00429289629751166,6.32807853113119E-05,
529,279,86,1.06420924406472,0.00438822965671127,6.32807853113119E-05,
529,279,86,1.06420924406472,0.00438822965671127,6.32807853113119E-05,
528,280,87,1.04108952379831,0.00448568010627281,6.46860766154632E-05,
528,280,87,1.04108952379831,0.00448568010627281,6.46860766154632E-05,
528,281,88,1.04108952379831,0.00458529466092062,6.61225755545991E-05,
528,281,88,1.04108952379831,0.00458529466092062,6.61225755545991E-05,
528,281,88,1.04108952379831,0.00458529466092062,6.61225755545991E-05,
528,282,88,1.04108952379831,0.00468712137944606,6.61225755545991E-05,
528,282,88,1.04108952379831,0.00468712137944606,6.61225755545991E-05,
528,282,88,1.04108952379831,0.00468712137944606,6.61225755545991E-05,
528,283,88,1.04108952379831,0.00479120938789339,6.61225755545991E-05,
528,283,88,1.04108952379831,0.00479120938789339,6.61225755545991E-05,
528,284,88,1.04108952379831,0.00489760890326051,6.61225755545991E-05,
528,284,88,1.04108952379831,0.00489760890326051,6.61225755545991E-05,
528,284,88,1.04108952379831,0.00489760890326051,6.61225755545991E-05,
528,285,88,1.04108952379831,0.00500637125772605,6.61225755545991E-05,
528,285,88,1.04108952379831,0.00500637125772605,6.61225755545991E-05,
528,285,88,1.04108952379831,0.00500637125772605,6.61225755545991E-05,
528,286,88,1.04108952379831,0.00511754892341437,6.61225755545991E-05,
528,286,88,1.04108952379831,0.00511754892341437,6.61225755545991E-05,
528,286,88,1.04108952379831,0.00511754892341437,6.61225755545991E-05,
528,287,88,1.04108952379831,0.0052311955377107,6.61225755545991E-05,
529,287,88,1.06420924406472,0.0052311955377107,6.61225755545991E-05,
529,287,88,1.06420924406472,0.0052311955377107,6.61225755545991E-05,
529,288,88,1.06420924406472,0.00534736592913828,6.61225755545991E-05,
530,288,88,1.08784238940457,0.00534736592913828,6.61225755545991E-05,
530,288,88,1.08784238940457,0.00534736592913828,6.61225755545991E-05,
530,288,88,1.08784238940457,0.00534736592913828,6.61225755545991E-05,
531,289,88,1.11200036156937,0.00546611614381032,6.61225755545991E-05,
531,289,88,1.11200036156937,0.00546611614381032,6.61225755545991E-05,
533,290,88,1.1619376650098,0.00558750347246922,6.61225755545991E-05,
534,290,88,1.18774108841188,0.00558750347246922,6.61225755545991E-05,
535,290,88,1.21411753451502,0.00558750347246922,6.61225755545991E-05,
536,291,88,1.24107972856932,0.00571158647812643,6.61225755545991E-05,
537,291,88,1.26864067841747,0.00571158647812643,6.61225755545991E-05,
538,292,88,1.29681368077043,0.00583842502431598,6.61225755545991E-05,
541,292,88,1.38514243870559,0.00583842502431598,6.61225755545991E-05,
542,293,88,1.41590262308933,0.00596808030397547,6.61225755545991E-05,
544,293,88,1.47948745756863,0.00596808030397547,6.61225755545991E-05,
545,294,88,1.51234278400768,0.00610061486896852,6.61225755545991E-05,
547,294,88,1.58025851777987,0.00610061486896852,6.61225755545991E-05,
548,295,88,1.61535169088798,0.00623609266026271,6.61225755545991E-05,
550,295,88,1.68789331078191,0.00623609266026271,6.61225755545991E-05,
551,295,88,1.72537675508982,0.00623609266026271,6.61225755545991E-05,
552,296,88,1.76369260307408,0.00637457903877772,6.61225755545991E-05,
554,296,88,1.84289586211893,0.00637457903877772,6.61225755545991E-05,
555,296,88,1.88382148459266,0.00637457903877772,6.61225755545991E-05,
556,297,88,1.92565595200403,0.00651614081691858,6.61225755545991E-05,
558,297,88,2.01213260158117,0.00651614081691858,6.61225755545991E-05,
559,297,88,2.05681650418906,0.00651614081691858,6.61225755545991E-05,
561,298,88,2.14918326362609,0.00666084629080915,6.61225755545991E-05,
563,298,88,2.24569799553977,0.00666084629080915,6.61225755545991E-05,
564,298,88,2.29556873986377,0.00666084629080915,6.61225755545991E-05,
566,299,88,2.39865729692966,0.00680876527324141,6.61225755545991E-05,
567,299,88,2.45192484448666,0.00680876527324141,6.61225755545991E-05,
570,300,88,2.61893069835396,0.0069599691273564,6.61225755545991E-05,
571,300,88,2.67708990921814,0.0069599691273564,6.61225755545991E-05,
573,301,88,2.79731167870144,0.00711453080107329,6.61225755545991E-05,
574,301,88,2.85943223801089,0.00711453080107329,6.61225755545991E-05,
576,302,88,2.98784256976238,0.00727252486228286,6.61225755545991E-05,
577,302,88,3.05419429344602,0.00727252486228286,6.61225755545991E-05,
578,301,88,3.12201950548556,0.00711453080107329,6.61225755545991E-05,
579,301,88,3.19135092798397,0.00711453080107329,6.61225755545991E-05,
581,301,88,3.33466694224381,0.00711453080107329,6.61225755545991E-05,
581,301,88,3.33466694224381,0.00711453080107329,6.61225755545991E-05,
582,300,88,3.4087206764559,0.0069599691273564,6.61225755545991E-05,
583,300,88,3.48441893938577,0.0069599691273564,6.61225755545991E-05,
583,300,88,3.48441893938577,0.0069599691273564,6.61225755545991E-05,
584,299,88,3.56179825147,0.00680876527324141,6.61225755545991E-05,
585,299,88,3.64089594416309,0.00680876527324141,6.61225755545991E-05,
585,298,88,3.64089594416309,0.00666084629080915,6.61225755545991E-05,
586,298,88,3.72175017794798,0.00666084629080915,6.61225755545991E-05,
586,298,88,3.72175017794798,0.00666084629080915,6.61225755545991E-05,
586,298,88,3.72175017794798,0.00666084629080915,6.61225755545991E-05,
586,298,88,3.72175017794798,0.00666084629080915,6.61225755545991E-05,
586,298,88,3.72175017794798,0.00666084629080915,6.61225755545991E-05,
586,298,88,3.72175017794798,0.00666084629080915,6.61225755545991E-05,
586,298,88,3.72175017794798,0.00666084629080915,6.61225755545991E-05,
585,298,88,3.64089594416309,0.00666084629080915,6.61225755545991E-05,
584,298,88,3.56179825147,0.00666084629080915,6.61225755545991E-05,
582,298,88,3.4087206764559,0.00666084629080915,6.61225755545991E-05,
580,298,89,3.26222200971167,0.00666084629080915,6.75909751640198E-05,
579,299,89,3.19135092798397,0.00680876527324141,6.75909751640198E-05,
576,299,89,2.98784256976238,0.00680876527324141,6.75909751640198E-05,
574,299,89,2.85943223801089,0.00680876527324141,6.75909751640198E-05,
571,299,90,2.67708990921814,0.00680876527324141,6.90919838694241E-05,
567,300,90,2.45192484448666,0.0069599691273564,6.90919838694241E-05,
564,300,90,2.29556873986377,0.0069599691273564,6.90919838694241E-05,
561,301,91,2.14918326362609,0.00711453080107329,7.06263258286872E-05,
557,301,91,1.96841944728661,0.00711453080107329,7.06263258286872E-05,
555,301,91,1.88382148459266,0.00711453080107329,7.06263258286872E-05,
553,301,92,1.80285934011918,0.00711453080107329,7.21947412812285E-05,
551,302,92,1.72537675508982,0.00727252486228286,7.21947412812285E-05,
549,302,92,1.65122418635692,0.00727252486228286,7.21947412812285E-05,
549,302,92,1.65122418635692,0.00727252486228286,7.21947412812285E-05,
550,302,92,1.68789331078191,0.00727252486228286,7.21947412812285E-05,
551,302,92,1.72537675508982,0.00727252486228286,7.21947412812285E-05,
553,302,92,1.80285934011918,0.00727252486228286,7.21947412812285E-05,
555,302,92,1.88382148459266,0.00727252486228286,7.21947412812285E-05,
556,302,92,1.92565595200403,0.00727252486228286,7.21947412812285E-05,
558,302,92,2.01213260158117,0.00727252486228286,7.21947412812285E-05,
559,302,92,2.05681650418906,0.00727252486228286,7.21947412812285E-05,
560,302,92,2.10249271274672,0.00727252486228286,7.21947412812285E-05,
562,303,92,2.19691068256603,0.0074340275348226,7.21947412812285E-05,
563,303,91,2.24569799553977,0.0074340275348226,7.06263258286872E-05,
564,303,91,2.29556873986377,0.0074340275348226,7.06263258286872E-05,
565,304,91,2.3465469755532,0.00759911673525073,7.06263258286872E-05,
565,304,91,2.3465469755532,0.00759911673525073,7.06263258286872E-05,
566,304,90,2.39865729692966,0.00759911673525073,6.90919838694241E-05,
567,305,90,2.45192484448666,0.00776787211043678,6.90919838694241E-05,
567,305,90,2.45192484448666,0.00776787211043678,6.90919838694241E-05,
568,305,89,2.50637531701855,0.00776787211043678,6.75909751640198E-05,
568,306,89,2.50637531701855,0.00794037507598713,6.75909751640198E-05,
569,306,89,2.56203498401886,0.00794037507598713,6.75909751640198E-05,
569,306,88,2.56203498401886,0.00794037507598713,6.61225755545991E-05,
567,306,88,2.45192484448666,0.00794037507598713,6.61225755545991E-05,
567,306,88,2.45192484448666,0.00794037507598713,6.61225755545991E-05,
566,306,88,2.39865729692966,0.00794037507598713,6.61225755545991E-05,
564,306,88,2.29556873986377,0.00794037507598713,6.61225755545991E-05,
563,306,88,2.24569799553977,0.00794037507598713,6.61225755545991E-05,
562,306,88,2.19691068256603,0.00794037507598713,6.61225755545991E-05,
560,306,88,2.10249271274672,0.00794037507598713,6.61225755545991E-05,
559,306,88,2.05681650418906,0.00794037507598713,6.61225755545991E-05,
558,306,88,2.01213260158117,0.00794037507598713,6.61225755545991E-05,
557,306,88,1.96841944728661,0.00794037507598713,6.61225755545991E-05,
555,306,88,1.88382148459266,0.00794037507598713,6.61225755545991E-05,
555,307,88,1.88382148459266,0.00811670885552368,6.61225755545991E-05,
554,308,88,1.84289586211893,0.00829695852083492,6.61225755545991E-05,
554,309,88,1.84289586211893,0.00848121103291853,6.61225755545991E-05,
554,309,88,1.84289586211893,0.00848121103291853,6.61225755545991E-05,
555,310,88,1.88382148459266,0.00866955528393563,6.61225755545991E-05,
556,311,88,1.92565595200403,0.00886208214009643,6.61225755545991E-05,
556,312,88,1.92565595200403,0.00905888448549853,6.61225755545991E-05,
556,313,88,1.92565595200403,0.0092600572669385,6.61225755545991E-05,
557,313,88,1.96841944728661,0.0092600572669385,6.61225755545991E-05,
557,314,88,1.96841944728661,0.00946569753971884,6.61225755545991E-05,
557,314,88,1.96841944728661,0.00946569753971884,6.61225755545991E-05,
558,314,88,2.01213260158117,0.00946569753971884,6.61225755545991E-05,
558,314,87,2.01213260158117,0.00946569753971884,6.46860766154632E-05,
558,313,87,2.01213260158117,0.0092600572669385,6.46860766154632E-05,
559,313,87,2.05681650418906,0.0092600572669385,6.46860766154632E-05,
559,313,86,2.05681650418906,0.0092600572669385,6.32807853113119E-05,
560,312,86,2.10249271274672,0.00905888448549853,6.32807853113119E-05,
560,312,86,2.10249271274672,0.00905888448549853,6.32807853113119E-05,
560,311,85,2.10249271274672,0.00886208214009643,6.19060236628895E-05,
561,311,85,2.14918326362609,0.00886208214009643,6.19060236628895E-05,
561,311,85,2.14918326362609,0.00886208214009643,6.19060236628895E-05,
561,313,84,2.14918326362609,0.0092600572669385,6.05611284198961E-05,
561,313,84,2.14918326362609,0.0092600572669385,6.05611284198961E-05,
561,314,84,2.14918326362609,0.00946569753971884,6.05611284198961E-05,
560,315,84,2.10249271274672,0.00967590451447197,6.05611284198961E-05,
560,316,84,2.10249271274672,0.00989077960502424,6.05611284198961E-05,
559,317,84,2.05681650418906,0.0101104264773226,6.05611284198961E-05,
559,319,84,2.05681650418906,0.0105644617927408,6.05611284198961E-05,
558,320,84,2.01213260158117,0.0107990692840565,6.05611284198961E-05,
558,321,84,2.01213260158117,0.0110388867591898,6.05611284198961E-05,
557,321,84,1.96841944728661,0.0110388867591898,6.05611284198961E-05,
557,322,84,1.96841944728661,0.0112840299174785,6.05611284198961E-05,
557,322,84,1.96841944728661,0.0112840299174785,6.05611284198961E-05,
557,323,84,1.96841944728661,0.0115346170276227,6.05611284198961E-05,
