-1,-1,-1,0,0,0,
-1,-1,-1,0,0,0,
-1,-1,316,0,0,1.02227885530198,
-1,-1,316,0,0,1.02227885530198,
-1,-1,317,0,0,1.03740649647658,
-1,-1,316,0,0,1.02227885530198,
-1,-1,317,0,0,1.03740649647658,
-1,-1,316,0,0,1.02227885530198,
-1,-1,316,0,0,1.02227885530198,
307,-1,316,0.89568048107442,0,1.02227885530198,
306,310,316,0.882619513198464,0.936034521415991,1.02227885530198,
306,310,315,0.882619513198464,0.936034521415991,1.00737180801057,
304,309,315,0.857066172051119,0.922385103935848,1.00737180801057,
303,308,315,0.844568284716005,0.908934724625008,1.00737180801057,
303,308,314,0.844568284716005,0.908934724625008,0.992682137864147,
302,307,314,0.832252643738215,0.89568048107442,0.992682137864147,
300,306,313,0.808157509415663,0.882619513198464,0.978206675031545,
300,306,313,0.808157509415663,0.882619513198464,0.978206675031545,
299,306,313,0.796372816668391,0.882619513198464,0.978206675031545,
299,306,313,0.796372816668391,0.882619513198464,0.978206675031545,
298,306,313,0.784759970351461,0.882619513198464,0.978206675031545,
297,306,313,0.773316464570469,0.882619513198464,0.978206675031545,
296,306,313,0.762039829972396,0.882619513198464,0.978206675031545,
295,306,313,0.750927633212755,0.882619513198464,0.978206675031545,
294,306,313,0.739977476430513,0.882619513198464,0.978206675031545,
294,306,313,0.739977476430513,0.882619513198464,0.978206675031545,
293,306,313,0.729186996730657,0.882619513198464,0.978206675031545,
292,306,313,0.718553865674324,0.882619513198464,0.978206675031545,
292,306,313,0.718553865674324,0.882619513198464,0.978206675031545,
292,307,314,0.718553865674324,0.89568048107442,0.992682137864147,
293,307,314,0.729186996730657,0.89568048107442,0.992682137864147,
293,307,314,0.729186996730657,0.89568048107442,0.992682137864147,
293,308,315,0.729186996730657,0.908934724625008,1.00737180801057,
294,308,315,0.739977476430513,0.908934724625008,1.00737180801057,
294,308,315,0.739977476430513,0.908934724625008,1.00737180801057,
294,309,316,0.739977476430513,0.922385103935848,1.02227885530198,
295,309,316,0.750927633212755,0.922385103935848,1.02227885530198,
295,309,316,0.750927633212755,0.922385103935848,1.02227885530198,
295,309,316,0.750927633212755,0.922385103935848,1.02227885530198,
296,310,317,0.762039829972396,0.936034521415991,1.03740649647658,
296,310,317,0.762039829972396,0.936034521415991,1.03740649647658,
297,310,317,0.773316464570469,0.936034521415991,1.03740649647658,
297,311,317,0.773316464570469,0.949885922424221,1.03740649647658,
298,311,317,0.784759970351461,0.949885922424221,1.03740649647658,
298,311,317,0.784759970351461,0.949885922424221,1.03740649647658,
299,311,317,0.796372816668391,0.949885922424221,1.03740649647658,
300,311,317,0.808157509415663,0.949885922424221,1.03740649647658,
301,311,317,0.820116591569806,0.949885922424221,1.03740649647658,
302,311,317,0.832252643738215,0.949885922424221,1.03740649647658,
303,311,318,0.844568284716005,0.949885922424221,1.05275799587374,
305,311,319,0.869749002617783,0.949885922424221,1.06833666613839,
305,311,320,0.869749002617783,0.949885922424221,1.08414586893583,
307,311,321,0.89568048107442,0.949885922424221,1.10018901567718,
308,311,322,0.908934724625008,0.949885922424221,1.11646956825546,
309,311,323,0.922385103935848,0.949885922424221,1.13299103979264,
311,311,324,0.949885922424221,0.949885922424221,1.14975699539774,
312,311,325,0.96394229590462,0.949885922424221,1.1667710529361,
314,311,326,0.992682137864147,0.949885922424221,1.18403688381012,
315,311,327,1.00737180801057,0.949885922424221,1.20155821375144,
316,311,327,1.02227885530198,0.949885922424221,1.20155821375144,
317,311,328,1.03740649647658,0.949885922424221,1.21933882362491,
318,311,329,1.05275799587374,0.949885922424221,1.23738255024451,
319,311,329,1.06833666613839,0.949885922424221,1.23738255024451,
320,311,329,1.08414586893583,0.949885922424221,1.23738255024451,
321,311,329,1.10018901567718,0.949885922424221,1.23738255024451,
322,311,329,1.11646956825546,0.949885922424221,1.23738255024451,
322,311,329,1.11646956825546,0.949885922424221,1.23738255024451,
322,311,329,1.11646956825546,0.949885922424221,1.23738255024451,
322,311,329,1.11646956825546,0.949885922424221,1.23738255024451,
322,311,329,1.11646956825546,0.949885922424221,1.23738255024451,
322,311,329,1.11646956825546,0.949885922424221,1.23738255024451,
322,311,329,1.11646956825546,0.949885922424221,1.23738255024451,
322,311,328,1.11646956825546,0.949885922424221,1.21933882362491,
322,311,328,1.11646956825546,0.949885922424221,1.21933882362491,
322,311,328,1.11646956825546,0.949885922424221,1.21933882362491,
322,311,327,1.11646956825546,0.949885922424221,1.20155821375144,
322,311,327,1.11646956825546,0.949885922424221,1.20155821375144,
322,311,327,1.11646956825546,0.949885922424221,1.20155821375144,
322,311,327,1.11646956825546,0.949885922424221,1.20155821375144,
322,311,326,1.11646956825546,0.949885922424221,1.18403688381012,
332,311,325,1.29313165542834,0.949885922424221,1.1667710529361,
332,311,325,1.29313165542834,0.949885922424221,1.1667710529361,
331,311,324,1.27427498570313,0.949885922424221,1.14975699539774,
331,311,324,1.27427498570313,0.949885922424221,1.14975699539774,
331,311,325,1.27427498570313,0.949885922424221,1.1667710529361,
331,311,325,1.27427498570313,0.949885922424221,1.1667710529361,
331,311,325,1.27427498570313,0.949885922424221,1.1667710529361,
331,311,325,1.27427498570313,0.949885922424221,1.1667710529361,
331,311,325,1.27427498570313,0.949885922424221,1.1667710529361,
331,311,325,1.27427498570313,0.949885922424221,1.1667710529361,
331,319,325,1.27427498570313,1.06833666613839,1.1667710529361,
331,319,325,1.27427498570313,1.06833666613839,1.1667710529361,
331,319,325,1.27427498570313,1.06833666613839,1.1667710529361,
331,318,325,1.27427498570313,1.05275799587374,1.1667710529361,
331,319,325,1.27427498570313,1.06833666613839,1.1667710529361,
331,319,326,1.27427498570313,1.06833666613839,1.18403688381012,
331,319,326,1.27427498570313,1.06833666613839,1.18403688381012,
331,319,327,1.27427498570313,1.06833666613839,1.20155821375144,
331,319,327,1.27427498570313,1.06833666613839,1.20155821375144,
331,320,328,1.27427498570313,1.08414586893583,1.21933882362491,
331,320,328,1.27427498570313,1.08414586893583,1.21933882362491,
331,320,329,1.27427498570313,1.08414586893583,1.23738255024451,
331,320,329,1.27427498570313,1.08414586893583,1.23738255024451,
331,321,329,1.27427498570313,1.10018901567718,1.23738255024451,
331,321,330,1.27427498570313,1.10018901567718,1.25569328720119,
331,321,330,1.27427498570313,1.10018901567718,1.25569328720119,
331,322,331,1.27427498570313,1.11646956825546,1.27427498570313,
331,322,331,1.27427498570313,1.11646956825546,1.27427498570313,
331,322,331,1.27427498570313,1.11646956825546,1.27427498570313,
331,323,332,1.27427498570313,1.13299103979264,1.29313165542834,
331,323,332,1.27427498570313,1.13299103979264,1.29313165542834,
331,323,332,1.27427498570313,1.13299103979264,1.29313165542834,
331,324,333,1.27427498570313,1.14975699539774,1.31226736538984,
331,324,333,1.27427498570313,1.14975699539774,1.31226736538984,
331,324,333,1.27427498570313,1.14975699539774,1.31226736538984,
331,325,334,1.27427498570313,1.1667710529361,1.33168624481379,
331,325,334,1.27427498570313,1.1667710529361,1.33168624481379,
331,325,334,1.27427498570313,1.1667710529361,1.33168624481379,
331,325,334,1.27427498570313,1.1667710529361,1.33168624481379,
331,325,334,1.27427498570313,1.1667710529361,1.33168624481379,
331,325,334,1.27427498570313,1.1667710529361,1.33168624481379,
331,325,334,1.27427498570313,1.1667710529361,1.33168624481379,
340,325,334,1.45438513091401,1.1667710529361,1.33168624481379,
340,324,334,1.45438513091401,1.14975699539774,1.33168624481379,
340,324,334,1.45438513091401,1.14975699539774,1.33168624481379,
340,323,334,1.45438513091401,1.13299103979264,1.33168624481379,
340,323,334,1.45438513091401,1.13299103979264,1.33168624481379,
340,322,334,1.45438513091401,1.11646956825546,1.33168624481379,
340,321,334,1.45438513091401,1.10018901567718,1.33168624481379,
340,321,334,1.45438513091401,1.10018901567718,1.33168624481379,
340,320,334,1.45438513091401,1.08414586893583,1.33168624481379,
340,320,334,1.45438513091401,1.08414586893583,1.33168624481379,
340,319,334,1.45438513091401,1.06833666613839,1.33168624481379,
340,318,334,1.45438513091401,1.05275799587374,1.33168624481379,
340,318,334,1.45438513091401,1.05275799587374,1.33168624481379,
340,317,334,1.45438513091401,1.03740649647658,1.33168624481379,
340,316,333,1.45438513091401,1.02227885530198,1.31226736538984,
340,315,333,1.45438513091401,1.00737180801057,1.31226736538984,
340,314,333,1.45438513091401,0.992682137864147,1.31226736538984,
340,313,333,1.45438513091401,0.978206675031545,1.31226736538984,
340,312,333,1.45438513091401,0.96394229590462,1.31226736538984,
340,311,333,1.45438513091401,0.949885922424221,1.31226736538984,
340,310,333,1.45438513091401,0.936034521415991,1.31226736538984,
340,310,333,1.45438513091401,0.936034521415991,1.31226736538984,
340,309,334,1.45438513091401,0.922385103935848,1.33168624481379,
340,309,334,1.45438513091401,0.922385103935848,1.33168624481379,
340,309,334,1.45438513091401,0.922385103935848,1.33168624481379,
340,309,335,1.45438513091401,0.922385103935848,1.35139248403043,
340,310,335,1.45438513091401,0.936034521415991,1.35139248403043,
340,310,335,1.45438513091401,0.936034521415991,1.35139248403043,
340,310,336,1.45438513091401,0.936034521415991,1.37139033537837,
340,311,336,1.45438513091401,0.949885922424221,1.37139033537837,
340,311,336,1.45438513091401,0.949885922424221,1.37139033537837,
340,311,336,1.45438513091401,0.949885922424221,1.37139033537837,
340,312,337,1.45438513091401,0.96394229590462,1.39168411412213,
340,311,337,1.45438513091401,0.949885922424221,1.39168411412213,
340,310,337,1.45438513091401,0.936034521415991,1.39168411412213,
340,310,337,1.45438513091401,0.936034521415991,1.39168411412213,
332,308,337,1.29313165542834,0.908934724625008,1.39168411412213,
331,307,337,1.27427498570313,0.89568048107442,1.39168411412213,
331,306,337,1.27427498570313,0.882619513198464,1.39168411412213,
330,304,337,1.25569328720119,0.857066172051119,1.39168411412213,
330,302,337,1.25569328720119,0.832252643738215,1.39168411412213,
329,300,337,1.23738255024451,0.808157509415663,1.39168411412213,
327,298,336,1.20155821375144,0.784759970351461,1.37139033537837,
326,297,336,1.18403688381012,0.773316464570469,1.37139033537837,
324,295,335,1.14975699539774,0.750927633212755,1.35139248403043,
323,293,335,1.13299103979264,0.729186996730657,1.35139248403043,
321,292,333,1.10018901567718,0.718553865674324,1.31226736538984,
320,290,331,1.08414586893583,0.697750505010134,1.27427498570313,
319,289,330,1.06833666613839,0.687575786319784,1.25569328720119,
317,288,329,1.03740649647658,0.677549437139287,1.23738255024451,
316,286,328,1.02227885530198,0.657933224657568,1.21933882362491,
316,285,326,1.02227885530198,0.648339128444297,1.18403688381012,
314,284,325,0.992682137864147,0.638884935003374,1.1667710529361,
312,282,323,0.96394229590462,0.620388125841656,1.13299103979264,
309,280,321,0.922385103935848,0.602426830871023,1.10018901567718,
307,278,320,0.89568048107442,0.584985546041759,1.08414586893583,
304,276,318,0.857066172051119,0.568049216172843,1.05275799587374,
302,274,316,0.832252643738215,0.551603221956439,1.02227885530198,
300,273,314,0.808157509415663,0.543559648255241,0.992682137864147,
297,271,312,0.773316464570469,0.527822668822889,0.96394229590462,
294,269,310,0.739977476430513,0.51254130180115,0.936034521415991,
292,266,309,0.718553865674324,0.490444774486841,0.922385103935848,
289,264,306,0.687575786319784,0.476245561293628,0.882619513198464,
287,261,304,0.667669293918756,0.455713805088884,0.857066172051119,
282,259,299,0.620388125841656,0.44252011273011,0.796372816668391,
278,255,296,0.584985546041759,0.417267608771023,0.762039829972396,
272,253,291,0.535633367338623,0.405186999406265,0.708075788776345,
269,248,289,0.51254130180115,0.376493580679247,0.687575786319784,
264,245,284,0.476245561293628,0.3602623020293,0.638884935003374,
261,241,281,0.455713805088884,0.339703857460129,0.611341518760833,
258,237,277,0.436067207817078,0.320318584884595,0.576455185510082,
255,233,274,0.417267608771023,0.302039536994402,0.551603221956439,
252,229,271,0.399278492416527,0.28480358684358,0.527822668822889,
249,226,267,0.382064917466189,0.272525219785575,0.497702356433211,
246,224,263,0.365593449010937,0.264635149593041,0.469300866049559,
241,221,260,0.339703857460129,0.253226278169879,0.449068507469184,
237,218,257,0.320318584884595,0.242309262599391,0.429708400280907,
236,214,254,0.315647643811691,0.228481833207845,0.411182940243583,
235,211,250,0.311044815210357,0.218631592748083,0.38771869866968,
234,209,247,0.306509105852739,0.212301835030815,0.371003486090095,
233,205,244,0.302039536994402,0.200186785849069,0.355008894756119,
231,203,241,0.293294976950816,0.194391036768636,0.339703857460129,
234,202,240,0.306509105852739,0.191556393008661,0.334750236985669,
237,201,238,0.320318584884595,0.188763084514857,0.325058646354671,
240,200,236,0.334750236985669,0.186010508529213,0.315647643811691,
243,199,235,0.349832093577504,0.183298071083244,0.311044815210357,
246,198,234,0.365593449010937,0.180625186869812,0.306509105852739,
249,198,233,0.382064917466189,0.180625186869812,0.302039536994402,
252,200,235,0.399278492416527,0.186010508529213,0.311044815210357,
255,202,237,0.417267608771023,0.191556393008661,0.320318584884595,
258,204,240,0.436067207817078,0.197267627472379,0.334750236985669,
261,206,243,0.455713805088884,0.203149141813408,0.349832093577504,
266,209,245,0.490444774486841,0.212301835030815,0.3602623020293,
270,211,248,0.520125867265454,0.218631592748083,0.376493580679247,
273,215,251,0.543559648255241,0.231862898139157,0.393456144298863,
274,217,254,0.551603221956439,0.23877586697257,0.411182940243583,
274,219,256,0.551603221956439,0.245894945271858,0.423442317977355,
274,221,258,0.551603221956439,0.253226278169879,0.436067207817078,
275,223,261,0.559765824136102,0.260776194016006,0.455713805088884,
274,225,263,0.551603221956439,0.268551209838704,0.469300866049559,
274,225,265,0.551603221956439,0.268551209838704,0.483293023857175,
273,224,264,0.543559648255241,0.264635149593041,0.476245561293628,
272,223,264,0.535633367338623,0.260776194016006,0.476245561293628,
271,221,263,0.527822668822889,0.253226278169879,0.469300866049559,
270,220,262,0.520125867265454,0.24953368873156,0.462457439554121,
269,219,262,0.51254130180115,0.245894945271858,0.462457439554121,
268,217,261,0.505067335783832,0.23877586697257,0.455713805088884,
267,216,260,0.497702356433211,0.235293995932641,0.449068507469184,
267,215,260,0.497702356433211,0.231862898139157,0.449068507469184,
267,214,260,0.497702356433211,0.228481833207845,0.449068507469184,
267,215,260,0.497702356433211,0.231862898139157,0.449068507469184,
267,216,261,0.497702356433211,0.235293995932641,0.455713805088884,
267,217,261,0.497702356433211,0.23877586697257,0.455713805088884,
267,218,263,0.497702356433211,0.242309262599391,0.469300866049559,
267,220,264,0.497702356433211,0.24953368873156,0.476245561293628,
267,222,266,0.497702356433211,0.256973510397433,0.490444774486841,
267,223,267,0.497702356433211,0.260776194016006,0.497702356433211,
267,225,268,0.497702356433211,0.268551209838704,0.505067335783832,
267,226,269,0.497702356433211,0.272525219785575,0.51254130180115,
278,228,270,0.584985546041759,0.280650531622081,0.520125867265454,
279,229,271,0.593642138503738,0.28480358684358,0.527822668822889,
281,231,273,0.611341518760833,0.293294976950816,0.543559648255241,
281,232,273,0.611341518760833,0.297635144163132,0.543559648255241,
283,233,274,0.629568604248347,0.302039536994402,0.551603221956439,
284,234,275,0.638884935003374,0.306509105852739,0.559765824136102,
285,235,275,0.648339128444297,0.311044815210357,0.559765824136102,
286,236,276,0.657933224657568,0.315647643811691,0.568049216172843,
287,237,276,0.667669293918756,0.320318584884595,0.568049216172843,
288,238,277,0.677549437139287,0.325058646354671,0.576455185510082,
290,239,278,0.697750505010134,0.329868851062763,0.584985546041759,
291,239,278,0.708075788776345,0.329868851062763,0.584985546041759,
293,237,279,0.729186996730657,0.320318584884595,0.593642138503738,
295,236,279,0.750927633212755,0.315647643811691,0.593642138503738,
297,235,278,0.773316464570469,0.311044815210357,0.584985546041759,
300,233,278,0.808157509415663,0.302039536994402,0.584985546041759,
303,231,277,0.844568284716005,0.293294976950816,0.576455185510082,
305,229,277,0.869749002617783,0.28480358684358,0.576455185510082,
306,228,276,0.882619513198464,0.280650531622081,0.568049216172843,
308,226,276,0.908934724625008,0.272525219785575,0.568049216172843,
309,224,275,0.922385103935848,0.264635149593041,0.559765824136102,
310,223,274,0.936034521415991,0.260776194016006,0.551603221956439,
310,221,274,0.936034521415991,0.253226278169879,0.551603221956439,
310,219,273,0.936034521415991,0.245894945271858,0.543559648255241,
309,218,273,0.922385103935848,0.242309262599391,0.543559648255241,
307,217,272,0.89568048107442,0.23877586697257,0.535633367338623,
305,217,271,0.869749002617783,0.23877586697257,0.527822668822889,
304,216,271,0.857066172051119,0.235293995932641,0.527822668822889,
302,215,270,0.832252643738215,0.231862898139157,0.520125867265454,
301,215,269,0.820116591569806,0.231862898139157,0.51254130180115,
300,214,269,0.808157509415663,0.228481833207845,0.51254130180115,
299,213,268,0.796372816668391,0.225150071550844,0.505067335783832,
298,213,268,0.784759970351461,0.225150071550844,0.505067335783832,
297,212,267,0.773316464570469,0.221866894219273,0.497702356433211,
297,211,266,0.773316464570469,0.218631592748083,0.490444774486841,
296,210,266,0.762039829972396,0.215443469003188,0.490444774486841,
297,209,266,0.773316464570469,0.212301835030815,0.490444774486841,
297,208,266,0.773316464570469,0.209206012909049,0.490444774486841,
297,207,266,0.773316464570469,0.206155334601552,0.490444774486841,
298,206,266,0.784759970351461,0.203149141813408,0.490444774486841,
298,205,266,0.784759970351461,0.200186785849069,0.490444774486841,
298,204,266,0.784759970351461,0.197267627472379,0.490444774486841,
299,203,266,0.796372816668391,0.194391036768636,0.490444774486841,
300,202,266,0.808157509415663,0.191556393008661,0.490444774486841,
301,201,266,0.820116591569806,0.188763084514857,0.490444774486841,
303,201,266,0.844568284716005,0.188763084514857,0.490444774486841,
306,202,265,0.882619513198464,0.191556393008661,0.483293023857175,
307,202,265,0.89568048107442,0.191556393008661,0.483293023857175,
309,204,264,0.922385103935848,0.197267627472379,0.476245561293628,
310,205,263,0.936034521415991,0.200186785849069,0.469300866049559,
311,206,262,0.949885922424221,0.203149141813408,0.462457439554121,
313,208,261,0.978206675031545,0.209206012909049,0.455713805088884,
315,209,260,1.00737180801057,0.212301835030815,0.449068507469184,
318,210,259,1.05275799587374,0.215443469003188,0.44252011273011,
319,210,258,1.06833666613839,0.215443469003188,0.436067207817078,
321,211,257,1.10018901567718,0.218631592748083,0.429708400280907,
322,210,256,1.11646956825546,0.215443469003188,0.423442317977355,
324,210,255,1.14975699539774,0.215443469003188,0.417267608771023,
326,209,254,1.18403688381012,0.212301835030815,0.411182940243583,
330,209,253,1.25569328720119,0.212301835030815,0.405186999406265,
331,208,252,1.27427498570313,0.209206012909049,0.399278492416527,
333,207,251,1.31226736538984,0.206155334601552,0.393456144298863,
334,206,250,1.33168624481379,0.203149141813408,0.38771869866968,
336,206,249,1.37139033537837,0.203149141813408,0.382064917466189,
338,205,248,1.41227819938335,0.200186785849069,0.376493580679247,
339,204,247,1.43317703508574,0.197267627472379,0.371003486090095,
341,204,247,1.47590706328699,0.197267627472379,0.371003486090095,
342,205,246,1.4977474763452,0.200186785849069,0.365593449010937,
344,206,245,1.54240266571527,0.203149141813408,0.3602623020293,
345,206,245,1.56522707801009,0.203149141813408,0.3602623020293,
347,207,245,1.61189416487193,0.206155334601552,0.3602623020293,
349,208,245,1.65995262620382,0.209206012909049,0.3602623020293,
350,209,245,1.68451653806193,0.212301835030815,0.3602623020293,
351,210,245,1.70944394569471,0.215443469003188,0.3602623020293,
352,211,245,1.73474022809794,0.218631592748083,0.3602623020293,
351,211,245,1.70944394569471,0.218631592748083,0.3602623020293,
350,212,245,1.68451653806193,0.221866894219273,0.3602623020293,
348,212,245,1.63574690956204,0.221866894219273,0.3602623020293,
347,212,244,1.61189416487193,0.221866894219273,0.355008894756119,
344,212,244,1.54240266571527,0.221866894219273,0.355008894756119,
342,212,244,1.4977474763452,0.221866894219273,0.355008894756119,
340,212,243,1.45438513091401,0.221866894219273,0.349832093577504,
338,212,243,1.41227819938335,0.221866894219273,0.349832093577504,
335,212,243,1.35139248403043,0.221866894219273,0.349832093577504,
333,212,242,1.31226736538984,0.221866894219273,0.344730781410119,
330,212,242,1.25569328720119,0.221866894219273,0.344730781410119,
326,212,242,1.18403688381012,0.221866894219273,0.344730781410119,
324,213,241,1.14975699539774,0.225150071550844,0.339703857460129,
323,214,241,1.13299103979264,0.228481833207845,0.339703857460129,
321,215,241,1.10018901567718,0.231862898139157,0.339703857460129,
319,216,241,1.06833666613839,0.235293995932641,0.339703857460129,
316,217,241,1.02227885530198,0.23877586697257,0.339703857460129,
314,218,241,0.992682137864147,0.242309262599391,0.339703857460129,
312,220,241,0.96394229590462,0.24953368873156,0.339703857460129,
310,221,241,0.936034521415991,0.253226278169879,0.339703857460129,
309,222,241,0.922385103935848,0.256973510397433,0.339703857460129,
308,223,242,0.908934724625008,0.260776194016006,0.344730781410119,
304,224,242,0.857066172051119,0.264635149593041,0.344730781410119,
301,225,243,0.820116591569806,0.268551209838704,0.349832093577504,
299,226,244,0.796372816668391,0.272525219785575,0.355008894756119,
297,226,244,0.773316464570469,0.272525219785575,0.355008894756119,
295,226,245,0.750927633212755,0.272525219785575,0.3602623020293,
294,227,245,0.739977476430513,0.276558036970987,0.3602623020293,
292,227,246,0.718553865674324,0.276558036970987,0.365593449010937,
290,227,247,0.697750505010134,0.276558036970987,0.371003486090095,
289,228,247,0.687575786319784,0.280650531622081,0.371003486090095,
288,228,248,0.677549437139287,0.280650531622081,0.376493580679247,
286,229,249,0.657933224657568,0.28480358684358,0.382064917466189,
286,229,250,0.657933224657568,0.28480358684358,0.38771869866968,
285,229,251,0.648339128444297,0.28480358684358,0.393456144298863,
285,230,251,0.648339128444297,0.289018098808358,0.393456144298863,
286,230,252,0.657933224657568,0.289018098808358,0.399278492416527,
287,231,253,0.667669293918756,0.293294976950816,0.405186999406265,
288,231,254,0.677549437139287,0.293294976950816,0.411182940243583,
289,231,255,0.687575786319784,0.293294976950816,0.417267608771023,
290,232,256,0.697750505010134,0.297635144163132,0.423442317977355,
290,233,257,0.697750505010134,0.302039536994402,0.429708400280907,
291,233,257,0.708075788776345,0.302039536994402,0.429708400280907,
291,234,258,0.708075788776345,0.306509105852739,0.436067207817078,
291,234,258,0.708075788776345,0.306509105852739,0.436067207817078,
290,235,258,0.697750505010134,0.311044815210357,0.436067207817078,
290,236,258,0.697750505010134,0.315647643811691,0.436067207817078,
290,236,258,0.697750505010134,0.315647643811691,0.436067207817078,
289,237,258,0.687575786319784,0.320318584884595,0.436067207817078,
289,238,258,0.687575786319784,0.325058646354671,0.436067207817078,
289,238,258,0.687575786319784,0.325058646354671,0.436067207817078,
288,239,258,0.677549437139287,0.329868851062763,0.436067207817078,
288,240,258,0.677549437139287,0.334750236985669,0.436067207817078,
288,240,258,0.677549437139287,0.334750236985669,0.436067207817078,
287,241,258,0.667669293918756,0.339703857460129,0.436067207817078,
286,242,259,0.657933224657568,0.344730781410119,0.44252011273011,
285,242,259,0.648339128444297,0.344730781410119,0.44252011273011,
285,243,260,0.648339128444297,0.349832093577504,0.449068507469184,
284,244,261,0.638884935003374,0.355008894756119,0.455713805088884,
283,244,261,0.629568604248347,0.355008894756119,0.455713805088884,
282,245,262,0.620388125841656,0.3602623020293,0.462457439554121,
281,246,263,0.611341518760833,0.365593449010937,0.469300866049559,
280,246,263,0.602426830871023,0.365593449010937,0.469300866049559,
279,247,264,0.593642138503738,0.371003486090095,0.476245561293628,
278,248,265,0.584985546041759,0.376493580679247,0.483293023857175,
277,249,265,0.576455185510082,0.382064917466189,0.483293023857175,
278,250,266,0.584985546041759,0.38771869866968,0.490444774486841,
280,251,266,0.602426830871023,0.393456144298863,0.490444774486841,
282,252,266,0.620388125841656,0.399278492416527,0.490444774486841,
284,253,266,0.638884935003374,0.405186999406265,0.490444774486841,
286,254,266,0.657933224657568,0.411182940243583,0.490444774486841,
289,255,266,0.687575786319784,0.417267608771023,0.490444774486841,
292,256,266,0.718553865674324,0.423442317977355,0.490444774486841,
294,257,266,0.739977476430513,0.429708400280907,0.490444774486841,
296,257,266,0.762039829972396,0.429708400280907,0.490444774486841,
299,258,266,0.796372816668391,0.436067207817078,0.490444774486841,
301,259,266,0.820116591569806,0.44252011273011,0.490444774486841,
303,260,266,0.844568284716005,0.449068507469184,0.490444774486841,
306,260,266,0.882619513198464,0.449068507469184,0.490444774486841,
309,261,266,0.922385103935848,0.455713805088884,0.490444774486841,
310,261,266,0.936034521415991,0.455713805088884,0.490444774486841,
311,261,266,0.949885922424221,0.455713805088884,0.490444774486841,
312,261,266,0.96394229590462,0.455713805088884,0.490444774486841,
313,261,266,0.978206675031545,0.455713805088884,0.490444774486841,
314,261,266,0.992682137864147,0.455713805088884,0.490444774486841,
315,261,266,1.00737180801057,0.455713805088884,0.490444774486841,
315,261,266,1.00737180801057,0.455713805088884,0.490444774486841,
316,261,266,1.02227885530198,0.455713805088884,0.490444774486841,
316,261,266,1.02227885530198,0.455713805088884,0.490444774486841,
316,261,266,1.02227885530198,0.455713805088884,0.490444774486841,
315,261,265,1.00737180801057,0.455713805088884,0.483293023857175,
315,261,265,1.00737180801057,0.455713805088884,0.483293023857175,
314,261,265,0.992682137864147,0.455713805088884,0.483293023857175,
313,261,264,0.978206675031545,0.455713805088884,0.476245561293628,
312,261,263,0.96394229590462,0.455713805088884,0.469300866049559,
311,261,263,0.949885922424221,0.455713805088884,0.469300866049559,
310,257,263,0.936034521415991,0.429708400280907,0.469300866049559,
309,256,262,0.922385103935848,0.423442317977355,0.462457439554121,
308,255,262,0.908934724625008,0.417267608771023,0.462457439554121,
306,254,261,0.882619513198464,0.411182940243583,0.455713805088884,
306,253,261,0.882619513198464,0.405186999406265,0.455713805088884,
305,253,260,0.869749002617783,0.405186999406265,0.449068507469184,
304,251,260,0.857066172051119,0.393456144298863,0.449068507469184,
304,251,260,0.857066172051119,0.393456144298863,0.449068507469184,
303,250,260,0.844568284716005,0.38771869866968,0.449068507469184,
302,249,259,0.832252643738215,0.382064917466189,0.44252011273011,
302,248,259,0.832252643738215,0.376493580679247,0.44252011273011,
301,248,259,0.820116591569806,0.376493580679247,0.44252011273011,
299,247,258,0.796372816668391,0.371003486090095,0.436067207817078,
298,246,258,0.784759970351461,0.365593449010937,0.436067207817078,
297,245,258,0.773316464570469,0.3602623020293,0.436067207817078,
295,244,258,0.750927633212755,0.355008894756119,0.436067207817078,
294,242,258,0.739977476430513,0.344730781410119,0.436067207817078,
292,241,258,0.718553865674324,0.339703857460129,0.436067207817078,
290,240,258,0.697750505010134,0.334750236985669,0.436067207817078,
288,239,258,0.677549437139287,0.329868851062763,0.436067207817078,
287,238,257,0.667669293918756,0.325058646354671,0.429708400280907,
286,237,256,0.657933224657568,0.320318584884595,0.423442317977355,
287,236,255,0.667669293918756,0.315647643811691,0.417267608771023,
288,235,254,0.677549437139287,0.311044815210357,0.411182940243583,
290,234,252,0.697750505010134,0.306509105852739,0.399278492416527,
292,233,251,0.718553865674324,0.302039536994402,0.393456144298863,
294,233,249,0.739977476430513,0.302039536994402,0.382064917466189,
296,232,247,0.762039829972396,0.297635144163132,0.371003486090095,
299,230,244,0.796372816668391,0.289018098808358,0.355008894756119,
301,228,242,0.820116591569806,0.280650531622081,0.344730781410119,
305,227,240,0.869749002617783,0.276558036970987,0.334750236985669,
307,222,236,0.89568048107442,0.256973510397433,0.315647643811691,
308,217,232,0.908934724625008,0.23877586697257,0.297635144163132,
309,212,229,0.922385103935848,0.221866894219273,0.28480358684358,
310,208,225,0.936034521415991,0.209206012909049,0.268551209838704,
312,203,222,0.96394229590462,0.194391036768636,0.256973510397433,
312,198,218,0.96394229590462,0.180625186869812,0.242309262599391,
312,193,215,0.96394229590462,0.167834169075322,0.231862898139157,
312,196,210,0.96394229590462,0.175395779462807,0.215443469003188,
311,199,206,0.949885922424221,0.183298071083244,0.203149141813408,
310,202,202,0.936034521415991,0.191556393008661,0.191556393008661,
308,205,198,0.908934724625008,0.200186785849069,0.180625186869812,
307,211,194,0.89568048107442,0.218631592748083,0.170317772324514,
306,206,191,0.882619513198464,0.203149141813408,0.162975083462064,
304,201,187,0.857066172051119,0.188763084514857,0.153674875806038,
303,196,183,0.844568284716005,0.175395779462807,0.144905386469694,
301,191,180,0.820116591569806,0.162975083462064,0.138658268785975,
299,189,177,0.796372816668391,0.158256676669616,0.132680474971472,
297,187,176,0.773316464570469,0.153674875806038,0.130745705309762,
295,185,173,0.750927633212755,0.149225725896563,0.125109035565386,
293,183,172,0.729186996730657,0.144905386469694,0.123284673944207,
291,181,169,0.708075788776345,0.140710128242137,0.117969661952645,
289,179,168,0.687575786319784,0.136636329899714,0.11624940791378,
288,177,167,0.677549437139287,0.132680474971472,0.114554238917198,
286,175,165,0.657933224657568,0.128839148794294,0.11123769820724,
285,173,164,0.648339128444297,0.125109035565386,0.109615610829454,
283,171,163,0.629568604248347,0.121486915480104,0.108017177010701,
282,169,161,0.620388125841656,0.117969661952645,0.104889895398803,
280,167,160,0.602426830871023,0.114554238917198,0.10336037278079,
279,167,159,0.593642138503738,0.114554238917198,0.101853153926453,
278,166,158,0.584985546041759,0.112883789168469,0.100367913598449,
277,166,158,0.576455185510082,0.112883789168469,0.100367913598449,
276,165,157,0.568049216172843,0.11123769820724,0.0989043313020995,
275,165,156,0.559765824136102,0.11123769820724,0.0974620912162376,
274,164,156,0.551603221956439,0.109615610829454,0.0974620912162376,
273,164,155,0.543559648255241,0.109615610829454,0.0960408821250538,
273,163,154,0.543559648255241,0.108017177010701,0.094640397350942,
272,163,154,0.535633367338623,0.108017177010701,0.094640397350942,
273,163,154,0.543559648255241,0.108017177010701,0.094640397350942,
274,163,155,0.551603221956439,0.108017177010701,0.0960408821250538,
275,164,155,0.559765824136102,0.109615610829454,0.0960408821250538,
276,164,156,0.568049216172843,0.109615610829454,0.0974620912162376,
277,165,156,0.576455185510082,0.11123769820724,0.0974620912162376,
279,165,157,0.593642138503738,0.11123769820724,0.0989043313020995,
280,167,157,0.602426830871023,0.114554238917198,0.0989043313020995,
282,168,158,0.620388125841656,0.11624940791378,0.100367913598449,
283,170,159,0.629568604248347,0.119715372241235,0.101853153926453,
284,171,160,0.638884935003374,0.121486915480104,0.10336037278079,
285,173,161,0.648339128444297,0.125109035565386,0.104889895398803,
286,174,162,0.657933224657568,0.126960394016084,0.106442051830686,
287,176,163,0.667669293918756,0.130745705309762,0.108017177010701,
288,177,164,0.677549437139287,0.132680474971472,0.109615610829454,
290,179,166,0.697750505010134,0.136636329899714,0.112883789168469,
290,180,166,0.697750505010134,0.138658268785975,0.112883789168469,
291,182,168,0.708075788776345,0.142792351031584,0.11624940791378,
292,183,170,0.718553865674324,0.144905386469694,0.119715372241235,
293,184,171,0.729186996730657,0.147049690520797,0.121486915480104,
294,186,173,0.739977476430513,0.151433962155852,0.125109035565386,
295,186,174,0.750927633212755,0.151433962155852,0.126960394016084,
295,188,176,0.750927633212755,0.155948950405828,0.130745705309762,
296,188,177,0.762039829972396,0.155948950405828,0.132680474971472,
297,190,179,0.773316464570469,0.160598552573364,0.136636329899714,
298,190,180,0.784759970351461,0.160598552573364,0.138658268785975,
298,192,182,0.784759970351461,0.165386782158783,0.142792351031584,
299,192,183,0.796372816668391,0.165386782158783,0.144905386469694,
298,193,184,0.784759970351461,0.167834169075322,0.147049690520797,
297,193,185,0.773316464570469,0.167834169075322,0.149225725896563,
296,193,186,0.762039829972396,0.167834169075322,0.151433962155852,
294,193,187,0.739977476430513,0.167834169075322,0.153674875806038,
293,193,186,0.729186996730657,0.167834169075322,0.151433962155852,
290,192,186,0.697750505010134,0.165386782158783,0.151433962155852,
288,192,186,0.677549437139287,0.165386782158783,0.151433962155852,
285,191,185,0.648339128444297,0.162975083462064,0.149225725896563,
283,191,185,0.629568604248347,0.162975083462064,0.149225725896563,
280,191,185,0.602426830871023,0.162975083462064,0.149225725896563,
278,191,184,0.584985546041759,0.162975083462064,0.147049690520797,
275,191,184,0.559765824136102,0.162975083462064,0.147049690520797,
273,191,184,0.543559648255241,0.162975083462064,0.147049690520797,
272,191,184,0.535633367338623,0.162975083462064,0.147049690520797,
270,191,183,0.520125867265454,0.162975083462064,0.144905386469694,
269,191,183,0.51254130180115,0.162975083462064,0.144905386469694,
267,191,182,0.497702356433211,0.162975083462064,0.142792351031584,
265,191,182,0.483293023857175,0.162975083462064,0.142792351031584,
265,191,181,0.483293023857175,0.162975083462064,0.140710128242137,
264,191,181,0.476245561293628,0.162975083462064,0.140710128242137,
264,191,180,0.476245561293628,0.162975083462064,0.138658268785975,
263,191,179,0.469300866049559,0.162975083462064,0.136636329899714,
263,191,179,0.469300866049559,0.162975083462064,0.136636329899714,
264,191,179,0.476245561293628,0.162975083462064,0.136636329899714,
264,191,180,0.476245561293628,0.162975083462064,0.138658268785975,
266,191,180,0.490444774486841,0.162975083462064,0.138658268785975,
267,191,181,0.497702356433211,0.162975083462064,0.140710128242137,
268,188,181,0.505067335783832,0.155948950405828,0.140710128242137,
269,189,182,0.51254130180115,0.158256676669616,0.142792351031584,
271,190,183,0.527822668822889,0.160598552573364,0.144905386469694,
272,190,184,0.535633367338623,0.160598552573364,0.147049690520797,
273,191,184,0.543559648255241,0.162975083462064,0.147049690520797,
275,192,185,0.559765824136102,0.165386782158783,0.149225725896563,
276,193,186,0.568049216172843,0.167834169075322,0.151433962155852,
277,193,186,0.576455185510082,0.167834169075322,0.151433962155852,
278,193,187,0.584985546041759,0.167834169075322,0.153674875806038,
279,193,187,0.593642138503738,0.167834169075322,0.153674875806038,
280,193,187,0.602426830871023,0.167834169075322,0.153674875806038,
282,193,187,0.620388125841656,0.167834169075322,0.153674875806038,
283,193,187,0.629568604248347,0.167834169075322,0.153674875806038,
284,193,187,0.638884935003374,0.167834169075322,0.153674875806038,
285,193,187,0.648339128444297,0.167834169075322,0.153674875806038,
286,193,187,0.657933224657568,0.167834169075322,0.153674875806038,
287,193,187,0.667669293918756,0.167834169075322,0.153674875806038,
288,193,187,0.677549437139287,0.167834169075322,0.153674875806038,
290,193,187,0.697750505010134,0.167834169075322,0.153674875806038,
291,193,187,0.708075788776345,0.167834169075322,0.153674875806038,
292,193,187,0.718553865674324,0.167834169075322,0.153674875806038,
293,193,187,0.729186996730657,0.167834169075322,0.153674875806038,
295,193,187,0.750927633212755,0.167834169075322,0.153674875806038,
296,193,187,0.762039829972396,0.167834169075322,0.153674875806038,
297,193,187,0.773316464570469,0.167834169075322,0.153674875806038,
299,193,187,0.796372816668391,0.167834169075322,0.153674875806038,
300,193,187,0.808157509415663,0.167834169075322,0.153674875806038,
301,193,187,0.820116591569806,0.167834169075322,0.153674875806038,
302,193,187,0.832252643738215,0.167834169075322,0.153674875806038,
303,193,187,0.844568284716005,0.167834169075322,0.153674875806038,
303,193,187,0.844568284716005,0.167834169075322,0.153674875806038,
304,193,188,0.857066172051119,0.167834169075322,0.155948950405828,
304,193,188,0.857066172051119,0.167834169075322,0.155948950405828,
304,193,188,0.857066172051119,0.167834169075322,0.155948950405828,
304,193,188,0.857066172051119,0.167834169075322,0.155948950405828,
304,193,189,0.857066172051119,0.167834169075322,0.158256676669616,
304,193,189,0.857066172051119,0.167834169075322,0.158256676669616,
304,193,189,0.857066172051119,0.167834169075322,0.158256676669616,
304,193,190,0.857066172051119,0.167834169075322,0.160598552573364,
304,193,190,0.857066172051119,0.167834169075322,0.160598552573364,
304,193,190,0.857066172051119,0.167834169075322,0.160598552573364,
304,193,191,0.857066172051119,0.167834169075322,0.162975083462064,
304,193,191,0.857066172051119,0.167834169075322,0.162975083462064,
305,193,191,0.869749002617783,0.167834169075322,0.162975083462064,
305,193,191,0.869749002617783,0.167834169075322,0.162975083462064,
306,193,191,0.882619513198464,0.167834169075322,0.162975083462064,
306,197,191,0.882619513198464,0.177991279116831,0.162975083462064,
307,197,191,0.89568048107442,0.177991279116831,0.162975083462064,
310,197,191,0.936034521415991,0.177991279116831,0.162975083462064,
311,197,191,0.949885922424221,0.177991279116831,0.162975083462064,
312,198,191,0.96394229590462,0.180625186869812,0.162975083462064,
313,198,191,0.978206675031545,0.180625186869812,0.162975083462064,
313,198,192,0.978206675031545,0.180625186869812,0.165386782158783,
314,199,192,0.992682137864147,0.183298071083244,0.165386782158783,
316,199,193,1.02227885530198,0.183298071083244,0.167834169075322,
318,199,193,1.05275799587374,0.183298071083244,0.167834169075322,
320,199,193,1.08414586893583,0.183298071083244,0.167834169075322,
321,200,194,1.10018901567718,0.186010508529213,0.170317772324514,
322,200,194,1.11646956825546,0.186010508529213,0.170317772324514,
324,200,194,1.14975699539774,0.186010508529213,0.170317772324514,
326,201,195,1.18403688381012,0.188763084514857,0.172838127834188,
328,201,195,1.21933882362491,0.188763084514857,0.172838127834188,
332,201,195,1.29313165542834,0.188763084514857,0.172838127834188,
334,201,195,1.33168624481379,0.188763084514857,0.172838127834188,
336,201,195,1.37139033537837,0.188763084514857,0.172838127834188,
338,201,195,1.41227819938335,0.188763084514857,0.172838127834188,
340,201,195,1.45438513091401,0.188763084514857,0.172838127834188,
342,201,195,1.4977474763452,0.188763084514857,0.172838127834188,
344,201,195,1.54240266571527,0.188763084514857,0.172838127834188,
345,200,195,1.56522707801009,0.186010508529213,0.172838127834188,
347,199,195,1.61189416487193,0.183298071083244,0.172838127834188,
347,198,195,1.61189416487193,0.180625186869812,0.172838127834188,
349,197,196,1.65995262620382,0.177991279116831,0.175395779462807,
349,196,196,1.65995262620382,0.175395779462807,0.175395779462807,
349,190,196,1.65995262620382,0.160598552573364,0.175395779462807,
349,190,196,1.65995262620382,0.160598552573364,0.175395779462807,
348,190,197,1.63574690956204,0.160598552573364,0.177991279116831,
348,190,197,1.63574690956204,0.160598552573364,0.177991279116831,
348,189,197,1.63574690956204,0.158256676669616,0.177991279116831,
347,189,198,1.61189416487193,0.158256676669616,0.180625186869812,
347,189,198,1.61189416487193,0.158256676669616,0.180625186869812,
347,189,198,1.61189416487193,0.158256676669616,0.180625186869812,
346,188,199,1.58838924503536,0.155948950405828,0.183298071083244,
345,187,199,1.56522707801009,0.153674875806038,0.183298071083244,
344,186,199,1.54240266571527,0.151433962155852,0.183298071083244,
343,185,199,1.51991108295293,0.149225725896563,0.183298071083244,
342,184,199,1.4977474763452,0.147049690520797,0.183298071083244,
341,183,199,1.47590706328699,0.144905386469694,0.183298071083244,
339,182,199,1.43317703508574,0.142792351031584,0.183298071083244,
338,181,199,1.41227819938335,0.140710128242137,0.183298071083244,
337,181,199,1.39168411412213,0.140710128242137,0.183298071083244,
335,180,199,1.35139248403043,0.138658268785975,0.183298071083244,
335,180,199,1.35139248403043,0.138658268785975,0.183298071083244,
334,181,200,1.33168624481379,0.140710128242137,0.186010508529213,
335,182,200,1.35139248403043,0.142792351031584,0.186010508529213,
335,184,200,1.35139248403043,0.147049690520797,0.186010508529213,
336,185,201,1.37139033537837,0.149225725896563,0.188763084514857,
337,187,201,1.39168411412213,0.153674875806038,0.188763084514857,
337,189,201,1.39168411412213,0.158256676669616,0.188763084514857,
338,189,202,1.41227819938335,0.158256676669616,0.191556393008661,
339,191,202,1.43317703508574,0.162975083462064,0.191556393008661,
339,192,202,1.43317703508574,0.165386782158783,0.191556393008661,
340,192,203,1.45438513091401,0.165386782158783,0.194391036768636,
341,193,203,1.47590706328699,0.167834169075322,0.194391036768636,
341,195,203,1.47590706328699,0.172838127834188,0.194391036768636,
341,195,203,1.47590706328699,0.172838127834188,0.194391036768636,
342,196,203,1.4977474763452,0.175395779462807,0.194391036768636,
342,197,203,1.4977474763452,0.177991279116831,0.194391036768636,
342,197,203,1.4977474763452,0.177991279116831,0.194391036768636,
342,197,203,1.4977474763452,0.177991279116831,0.194391036768636,
342,197,203,1.4977474763452,0.177991279116831,0.194391036768636,
342,197,203,1.4977474763452,0.177991279116831,0.194391036768636,
341,197,203,1.47590706328699,0.177991279116831,0.194391036768636,
341,197,204,1.47590706328699,0.177991279116831,0.197267627472379,
340,197,204,1.45438513091401,0.177991279116831,0.197267627472379,
340,197,204,1.45438513091401,0.177991279116831,0.197267627472379,
339,196,205,1.43317703508574,0.175395779462807,0.200186785849069,
338,196,205,1.41227819938335,0.175395779462807,0.200186785849069,
337,196,205,1.39168411412213,0.175395779462807,0.200186785849069,
336,196,206,1.37139033537837,0.175395779462807,0.203149141813408,
335,195,206,1.35139248403043,0.172838127834188,0.203149141813408,
334,194,206,1.33168624481379,0.170317772324514,0.203149141813408,
333,193,207,1.31226736538984,0.167834169075322,0.206155334601552,
332,193,207,1.29313165542834,0.167834169075322,0.206155334601552,
331,192,207,1.27427498570313,0.165386782158783,0.206155334601552,
331,192,208,1.27427498570313,0.165386782158783,0.209206012909049,
331,193,208,1.27427498570313,0.167834169075322,0.209206012909049,
332,193,209,1.29313165542834,0.167834169075322,0.212301835030815,
333,194,209,1.31226736538984,0.170317772324514,0.212301835030815,
334,195,210,1.33168624481379,0.172838127834188,0.215443469003188,
336,196,210,1.37139033537837,0.175395779462807,0.215443469003188,
337,197,211,1.39168411412213,0.177991279116831,0.218631592748083,
338,198,211,1.41227819938335,0.180625186869812,0.218631592748083,
339,199,211,1.43317703508574,0.183298071083244,0.218631592748083,
340,200,212,1.45438513091401,0.186010508529213,0.221866894219273,
341,200,212,1.47590706328699,0.186010508529213,0.221866894219273,
341,202,212,1.47590706328699,0.191556393008661,0.221866894219273,
341,202,212,1.47590706328699,0.191556393008661,0.221866894219273,
340,202,212,1.45438513091401,0.191556393008661,0.221866894219273,
340,203,212,1.45438513091401,0.194391036768636,0.221866894219273,
340,203,212,1.45438513091401,0.194391036768636,0.221866894219273,
339,204,212,1.43317703508574,0.197267627472379,0.221866894219273,
339,204,212,1.43317703508574,0.197267627472379,0.221866894219273,
339,205,212,1.43317703508574,0.200186785849069,0.221866894219273,
338,205,212,1.41227819938335,0.200186785849069,0.221866894219273,
338,206,212,1.41227819938335,0.203149141813408,0.221866894219273,
338,206,212,1.41227819938335,0.203149141813408,0.221866894219273,
338,207,212,1.41227819938335,0.206155334601552,0.221866894219273,
339,206,212,1.43317703508574,0.203149141813408,0.221866894219273,
339,205,212,1.43317703508574,0.200186785849069,0.221866894219273,
340,205,212,1.45438513091401,0.200186785849069,0.221866894219273,
341,204,212,1.47590706328699,0.197267627472379,0.221866894219273,
341,204,212,1.47590706328699,0.197267627472379,0.221866894219273,
342,203,212,1.4977474763452,0.194391036768636,0.221866894219273,
342,203,212,1.4977474763452,0.194391036768636,0.221866894219273,
343,202,212,1.51991108295293,0.191556393008661,0.221866894219273,
344,202,212,1.54240266571527,0.191556393008661,0.221866894219273,
344,202,212,1.54240266571527,0.191556393008661,0.221866894219273,
345,202,212,1.56522707801009,0.191556393008661,0.221866894219273,
345,201,212,1.56522707801009,0.188763084514857,0.221866894219273,
346,200,212,1.58838924503536,0.186010508529213,0.221866894219273,
346,199,213,1.58838924503536,0.183298071083244,0.225150071550844,
346,198,213,1.58838924503536,0.180625186869812,0.225150071550844,
346,198,214,1.58838924503536,0.180625186869812,0.228481833207845,
346,197,214,1.58838924503536,0.177991279116831,0.228481833207845,
346,197,215,1.58838924503536,0.177991279116831,0.231862898139157,
346,196,215,1.58838924503536,0.175395779462807,0.231862898139157,
346,196,216,1.58838924503536,0.175395779462807,0.235293995932641,
345,196,216,1.56522707801009,0.175395779462807,0.235293995932641,
345,196,216,1.56522707801009,0.175395779462807,0.235293995932641,
344,196,216,1.54240266571527,0.175395779462807,0.235293995932641,
344,197,216,1.54240266571527,0.177991279116831,0.235293995932641,
343,197,216,1.51991108295293,0.177991279116831,0.235293995932641,
342,197,216,1.4977474763452,0.177991279116831,0.235293995932641,
342,198,216,1.4977474763452,0.180625186869812,0.235293995932641,
341,198,216,1.47590706328699,0.180625186869812,0.235293995932641,
340,198,216,1.45438513091401,0.180625186869812,0.235293995932641,
340,199,216,1.45438513091401,0.183298071083244,0.235293995932641,
339,199,216,1.43317703508574,0.183298071083244,0.235293995932641,
337,199,216,1.39168411412213,0.183298071083244,0.235293995932641,
336,199,216,1.37139033537837,0.183298071083244,0.235293995932641,
335,199,216,1.35139248403043,0.183298071083244,0.235293995932641,
333,199,216,1.31226736538984,0.183298071083244,0.235293995932641,
332,198,216,1.29313165542834,0.180625186869812,0.235293995932641,
329,198,216,1.23738255024451,0.180625186869812,0.235293995932641,
327,197,216,1.20155821375144,0.177991279116831,0.235293995932641,
325,196,216,1.1667710529361,0.175395779462807,0.235293995932641,
323,196,216,1.13299103979264,0.175395779462807,0.235293995932641,
322,196,216,1.11646956825546,0.175395779462807,0.235293995932641,
322,196,216,1.11646956825546,0.175395779462807,0.235293995932641,
323,196,217,1.13299103979264,0.175395779462807,0.23877586697257,
323,196,217,1.13299103979264,0.175395779462807,0.23877586697257,
324,197,217,1.14975699539774,0.177991279116831,0.23877586697257,
325,197,218,1.1667710529361,0.177991279116831,0.242309262599391,
328,197,218,1.21933882362491,0.177991279116831,0.242309262599391,
330,198,218,1.25569328720119,0.180625186869812,0.242309262599391,
331,198,219,1.27427498570313,0.180625186869812,0.245894945271858,
332,198,219,1.29313165542834,0.180625186869812,0.245894945271858,
334,199,219,1.33168624481379,0.183298071083244,0.245894945271858,
335,199,219,1.35139248403043,0.183298071083244,0.245894945271858,
335,199,220,1.35139248403043,0.183298071083244,0.24953368873156,
337,200,220,1.39168411412213,0.186010508529213,0.24953368873156,
337,200,220,1.39168411412213,0.186010508529213,0.24953368873156,
339,200,220,1.43317703508574,0.186010508529213,0.24953368873156,
339,201,220,1.43317703508574,0.188763084514857,0.24953368873156,
340,201,220,1.45438513091401,0.188763084514857,0.24953368873156,
340,202,220,1.45438513091401,0.191556393008661,0.24953368873156,
341,202,220,1.47590706328699,0.191556393008661,0.24953368873156,
341,203,220,1.47590706328699,0.194391036768636,0.24953368873156,
341,203,220,1.47590706328699,0.194391036768636,0.24953368873156,
341,203,221,1.47590706328699,0.194391036768636,0.253226278169879,
342,202,221,1.4977474763452,0.191556393008661,0.253226278169879,
342,202,221,1.4977474763452,0.191556393008661,0.253226278169879,
342,201,221,1.4977474763452,0.188763084514857,0.253226278169879,
342,200,222,1.4977474763452,0.186010508529213,0.256973510397433,
342,200,222,1.4977474763452,0.186010508529213,0.256973510397433,
342,199,222,1.4977474763452,0.183298071083244,0.256973510397433,
342,199,223,1.4977474763452,0.183298071083244,0.260776194016006,
342,198,223,1.4977474763452,0.180625186869812,0.260776194016006,
342,197,224,1.4977474763452,0.177991279116831,0.264635149593041,
342,197,224,1.4977474763452,0.177991279116831,0.264635149593041,
342,196,224,1.4977474763452,0.175395779462807,0.264635149593041,
342,196,224,1.4977474763452,0.175395779462807,0.264635149593041,
342,196,224,1.4977474763452,0.175395779462807,0.264635149593041,
343,196,225,1.51991108295293,0.175395779462807,0.268551209838704,
343,197,225,1.51991108295293,0.177991279116831,0.268551209838704,
344,197,225,1.54240266571527,0.177991279116831,0.268551209838704,
344,198,225,1.54240266571527,0.180625186869812,0.268551209838704,
345,198,225,1.56522707801009,0.180625186869812,0.268551209838704,
345,199,225,1.56522707801009,0.183298071083244,0.268551209838704,
345,199,225,1.56522707801009,0.183298071083244,0.268551209838704,
346,200,225,1.58838924503536,0.186010508529213,0.268551209838704,
346,199,225,1.58838924503536,0.183298071083244,0.268551209838704,
346,199,225,1.58838924503536,0.183298071083244,0.268551209838704,
346,199,226,1.58838924503536,0.183298071083244,0.272525219785575,
346,199,226,1.58838924503536,0.183298071083244,0.272525219785575,
346,199,226,1.58838924503536,0.183298071083244,0.272525219785575,
346,199,227,1.58838924503536,0.183298071083244,0.276558036970987,
346,199,227,1.58838924503536,0.183298071083244,0.276558036970987,
346,199,227,1.58838924503536,0.183298071083244,0.276558036970987,
346,199,228,1.58838924503536,0.183298071083244,0.280650531622081,
346,199,228,1.58838924503536,0.183298071083244,0.280650531622081,
347,199,228,1.61189416487193,0.183298071083244,0.280650531622081,
347,199,229,1.61189416487193,0.183298071083244,0.28480358684358,
348,199,229,1.63574690956204,0.183298071083244,0.28480358684358,
349,199,229,1.65995262620382,0.183298071083244,0.28480358684358,
350,199,229,1.68451653806193,0.183298071083244,0.28480358684358,
351,199,229,1.70944394569471,0.183298071083244,0.28480358684358,
352,199,229,1.73474022809794,0.183298071083244,0.28480358684358,
354,199,229,1.78646133236755,0.183298071083244,0.28480358684358,
355,199,229,1.81289731494529,0.183298071083244,0.28480358684358,
356,199,229,1.83972449612453,0.183298071083244,0.28480358684358,
358,199,229,1.89457569571638,0.183298071083244,0.28480358684358,
359,199,229,1.92261155027238,0.183298071083244,0.28480358684358,
360,199,229,1.95106227827073,0.183298071083244,0.28480358684358,
361,199,229,1.97993401899187,0.183298071083244,0.28480358684358,
361,199,229,1.97993401899187,0.183298071083244,0.28480358684358,
362,199,229,2.00923300256505,0.183298071083244,0.28480358684358,
362,199,229,2.00923300256505,0.183298071083244,0.28480358684358,
362,199,229,2.00923300256505,0.183298071083244,0.28480358684358,
362,199,229,2.00923300256505,0.183298071083244,0.28480358684358,
362,199,229,2.00923300256505,0.183298071083244,0.28480358684358,
362,199,229,2.00923300256505,0.183298071083244,0.28480358684358,
361,199,229,1.97993401899187,0.183298071083244,0.28480358684358,
359,199,229,1.92261155027238,0.183298071083244,0.28480358684358,
358,198,228,1.89457569571638,0.180625186869812,0.280650531622081,
357,198,228,1.86694866484636,0.180625186869812,0.280650531622081,
355,197,228,1.81289731494529,0.177991279116831,0.280650531622081,
353,197,227,1.76041084386555,0.177991279116831,0.276558036970987,
351,196,227,1.70944394569471,0.175395779462807,0.276558036970987,
348,195,227,1.63574690956204,0.172838127834188,0.276558036970987,
346,195,226,1.58838924503536,0.172838127834188,0.272525219785575,
344,194,226,1.54240266571527,0.170317772324514,0.272525219785575,
341,193,226,1.47590706328699,0.167834169075322,0.272525219785575,
340,192,225,1.45438513091401,0.165386782158783,0.268551209838704,
339,192,225,1.43317703508574,0.165386782158783,0.268551209838704,
337,192,225,1.39168411412213,0.165386782158783,0.268551209838704,
336,192,224,1.37139033537837,0.165386782158783,0.264635149593041,
334,191,224,1.33168624481379,0.162975083462064,0.264635149593041,
335,191,224,1.35139248403043,0.162975083462064,0.264635149593041,
335,191,223,1.35139248403043,0.162975083462064,0.260776194016006,
336,191,223,1.37139033537837,0.162975083462064,0.260776194016006,
336,191,222,1.37139033537837,0.162975083462064,0.256973510397433,
337,191,222,1.39168411412213,0.162975083462064,0.256973510397433,
337,191,221,1.39168411412213,0.162975083462064,0.253226278169879,
337,191,221,1.39168411412213,0.162975083462064,0.253226278169879,
337,191,221,1.39168411412213,0.162975083462064,0.253226278169879,
336,191,221,1.37139033537837,0.162975083462064,0.253226278169879,
336,191,221,1.37139033537837,0.162975083462064,0.253226278169879,
335,191,222,1.35139248403043,0.162975083462064,0.256973510397433,
334,191,222,1.33168624481379,0.162975083462064,0.256973510397433,
334,191,222,1.33168624481379,0.162975083462064,0.256973510397433,
333,191,223,1.31226736538984,0.162975083462064,0.260776194016006,
332,191,223,1.29313165542834,0.162975083462064,0.260776194016006,
332,191,223,1.29313165542834,0.162975083462064,0.260776194016006,
331,191,224,1.27427498570313,0.162975083462064,0.264635149593041,
331,191,224,1.27427498570313,0.162975083462064,0.264635149593041,
330,191,224,1.25569328720119,0.162975083462064,0.264635149593041,
329,192,224,1.23738255024451,0.165386782158783,0.264635149593041,
329,192,225,1.23738255024451,0.165386782158783,0.268551209838704,
328,192,225,1.21933882362491,0.165386782158783,0.268551209838704,
328,193,225,1.21933882362491,0.167834169075322,0.268551209838704,
327,193,225,1.20155821375144,0.167834169075322,0.268551209838704,
327,194,225,1.20155821375144,0.170317772324514,0.268551209838704,
326,194,225,1.18403688381012,0.170317772324514,0.268551209838704,
325,195,225,1.1667710529361,0.172838127834188,0.268551209838704,
325,195,225,1.1667710529361,0.172838127834188,0.268551209838704,
324,196,225,1.14975699539774,0.175395779462807,0.268551209838704,
326,196,225,1.18403688381012,0.175395779462807,0.268551209838704,
327,196,226,1.20155821375144,0.175395779462807,0.272525219785575,
328,197,226,1.21933882362491,0.177991279116831,0.272525219785575,
328,197,226,1.21933882362491,0.177991279116831,0.272525219785575,
329,198,226,1.23738255024451,0.180625186869812,0.272525219785575,
330,198,227,1.25569328720119,0.180625186869812,0.276558036970987,
330,198,227,1.25569328720119,0.180625186869812,0.276558036970987,
331,198,227,1.27427498570313,0.180625186869812,0.276558036970987,
332,199,228,1.29313165542834,0.183298071083244,0.280650531622081,
332,199,228,1.29313165542834,0.183298071083244,0.280650531622081,
333,199,228,1.31226736538984,0.183298071083244,0.280650531622081,
333,199,229,1.31226736538984,0.183298071083244,0.28480358684358,
333,199,229,1.31226736538984,0.183298071083244,0.28480358684358,
333,198,229,1.31226736538984,0.180625186869812,0.28480358684358,
333,198,229,1.31226736538984,0.180625186869812,0.28480358684358,
333,197,229,1.31226736538984,0.177991279116831,0.28480358684358,
333,197,229,1.31226736538984,0.177991279116831,0.28480358684358,
333,196,229,1.31226736538984,0.175395779462807,0.28480358684358,
333,196,229,1.31226736538984,0.175395779462807,0.28480358684358,
332,195,229,1.29313165542834,0.172838127834188,0.28480358684358,
332,195,229,1.29313165542834,0.172838127834188,0.28480358684358,
331,195,229,1.27427498570313,0.172838127834188,0.28480358684358,
330,194,230,1.25569328720119,0.170317772324514,0.289018098808358,
329,194,230,1.23738255024451,0.170317772324514,0.289018098808358,
329,194,230,1.23738255024451,0.170317772324514,0.289018098808358,
326,193,231,1.18403688381012,0.167834169075322,0.293294976950816,
325,193,231,1.1667710529361,0.167834169075322,0.293294976950816,
325,193,231,1.1667710529361,0.167834169075322,0.293294976950816,
323,193,232,1.13299103979264,0.167834169075322,0.297635144163132,
323,192,232,1.13299103979264,0.165386782158783,0.297635144163132,
322,192,233,1.11646956825546,0.165386782158783,0.302039536994402,
322,191,233,1.11646956825546,0.162975083462064,0.302039536994402,
321,191,233,1.10018901567718,0.162975083462064,0.302039536994402,
321,192,233,1.10018901567718,0.165386782158783,0.302039536994402,
321,192,234,1.10018901567718,0.165386782158783,0.306509105852739,
321,192,234,1.10018901567718,0.165386782158783,0.306509105852739,
321,193,234,1.10018901567718,0.167834169075322,0.306509105852739,
322,193,235,1.11646956825546,0.167834169075322,0.311044815210357,
323,194,235,1.13299103979264,0.170317772324514,0.311044815210357,
323,194,235,1.13299103979264,0.170317772324514,0.311044815210357,
323,194,236,1.13299103979264,0.170317772324514,0.315647643811691,
323,194,236,1.13299103979264,0.170317772324514,0.315647643811691,
324,195,236,1.14975699539774,0.172838127834188,0.315647643811691,
324,195,237,1.14975699539774,0.172838127834188,0.320318584884595,
325,195,237,1.1667710529361,0.172838127834188,0.320318584884595,
326,196,238,1.18403688381012,0.175395779462807,0.325058646354671,
327,196,238,1.20155821375144,0.175395779462807,0.325058646354671,
328,197,239,1.21933882362491,0.177991279116831,0.329868851062763,
329,197,239,1.23738255024451,0.177991279116831,0.329868851062763,
330,198,240,1.25569328720119,0.180625186869812,0.334750236985669,
331,198,240,1.27427498570313,0.180625186869812,0.334750236985669,
333,199,241,1.31226736538984,0.183298071083244,0.339703857460129,
334,199,241,1.33168624481379,0.183298071083244,0.339703857460129,
335,200,241,1.35139248403043,0.186010508529213,0.339703857460129,
337,200,242,1.39168411412213,0.186010508529213,0.344730781410119,
338,201,242,1.41227819938335,0.188763084514857,0.344730781410119,
340,202,242,1.45438513091401,0.191556393008661,0.344730781410119,
342,202,243,1.4977474763452,0.191556393008661,0.349832093577504,
343,203,243,1.51991108295293,0.194391036768636,0.349832093577504,
345,204,243,1.56522707801009,0.197267627472379,0.349832093577504,
346,204,244,1.58838924503536,0.197267627472379,0.355008894756119,
348,205,244,1.63574690956204,0.200186785849069,0.355008894756119,
349,206,244,1.65995262620382,0.203149141813408,0.355008894756119,
351,206,245,1.70944394569471,0.203149141813408,0.3602623020293,
353,207,245,1.76041084386555,0.206155334601552,0.3602623020293,
354,207,246,1.78646133236755,0.206155334601552,0.365593449010937,
356,208,246,1.83972449612453,0.209206012909049,0.365593449010937,
357,209,247,1.86694866484636,0.212301835030815,0.371003486090095,
359,209,247,1.92261155027238,0.212301835030815,0.371003486090095,
360,210,248,1.95106227827073,0.215443469003188,0.376493580679247,
362,210,248,2.00923300256505,0.215443469003188,0.376493580679247,
363,211,249,2.03896555131271,0.218631592748083,0.382064917466189,
364,211,249,2.06913808111479,0.218631592748083,0.382064917466189,
366,212,249,2.13082922351649,0.221866894219273,0.382064917466189,
368,212,249,2.19435968108308,0.221866894219273,0.382064917466189,
369,213,250,2.22683172693561,0.225150071550844,0.38771869866968,
371,214,250,2.29322448942201,0.228481833207845,0.38771869866968,
372,214,250,2.32715953271168,0.228481833207845,0.38771869866968,
373,215,250,2.36159674540011,0.231862898139157,0.38771869866968,
375,216,250,2.43200751326795,0.235293995932641,0.38771869866968,
376,216,250,2.46799626213411,0.235293995932641,0.38771869866968,
377,217,250,2.50451757105114,0.23877586697257,0.38771869866968,
379,218,250,2.57918950886596,0.242309262599391,0.38771869866968,
380,219,250,2.61735625095308,0.245894945271858,0.38771869866968,
382,220,250,2.69539246258499,0.24953368873156,0.38771869866968,
385,220,250,2.81683083092037,0.24953368873156,0.38771869866968,
387,222,251,2.90081435695852,0.256973510397433,0.393456144298863,
389,223,251,2.98730184332271,0.260776194016006,0.393456144298863,
391,224,252,3.07636794533655,0.264635149593041,0.399278492416527,
393,225,253,3.16808954416457,0.268551209838704,0.405186999406265,
396,226,254,3.31082483422869,0.272525219785575,0.411182940243583,
398,228,255,3.4095367414618,0.280650531622081,0.417267608771023,
401,229,256,3.56315020755629,0.28480358684358,0.423442317977355,
402,230,256,3.6158775602855,0.289018098808358,0.423442317977355,
404,231,257,3.72368458366139,0.293294976950816,0.429708400280907,
405,232,258,3.77878751759852,0.297635144163132,0.436067207817078,
407,233,258,3.89145168485814,0.302039536994402,0.436067207817078,
407,233,259,3.89145168485814,0.302039536994402,0.44252011273011,
406,234,259,3.83470586252449,0.306509105852739,0.44252011273011,
406,235,259,3.83470586252449,0.311044815210357,0.44252011273011,
405,235,260,3.77878751759852,0.311044815210357,0.449068507469184,
404,235,260,3.72368458366139,0.311044815210357,0.449068507469184,
404,236,260,3.72368458366139,0.315647643811691,0.449068507469184,
403,236,261,3.66938517024886,0.315647643811691,0.455713805088884,
403,236,261,3.66938517024886,0.315647643811691,0.455713805088884,
402,237,261,3.6158775602855,0.320318584884595,0.455713805088884,
403,237,262,3.66938517024886,0.320318584884595,0.462457439554121,
405,237,262,3.77878751759852,0.320318584884595,0.462457439554121,
406,238,262,3.83470586252449,0.325058646354671,0.462457439554121,
408,238,262,3.9490372295767,0.325058646354671,0.462457439554121,
410,239,262,4.06677737476227,0.329868851062763,0.462457439554121,
413,239,262,4.2500021984678,0.329868851062763,0.462457439554121,
416,240,262,4.44148204400715,0.334750236985669,0.462457439554121,
417,240,262,4.50720691574513,0.334750236985669,0.462457439554121,
419,241,262,4.64158883361278,0.339703857460129,0.462457439554121,
421,241,262,4.77997733475636,0.339703857460129,0.462457439554121,
423,241,262,4.92249187505059,0.339703857460129,0.462457439554121,
425,242,263,5.06925547193504,0.344730781410119,0.469300866049559,
427,241,263,5.22039481060173,0.339703857460129,0.469300866049559,
428,241,263,5.29764600197183,0.339703857460129,0.469300866049559,
428,241,264,5.29764600197183,0.339703857460129,0.476245561293628,
429,241,264,5.3760403533489,0.339703857460129,0.476245561293628,
430,241,264,5.45559478116852,0.339703857460129,0.476245561293628,
430,241,265,5.45559478116852,0.339703857460129,0.483293023857175,
431,241,265,5.53632645219498,0.339703857460129,0.483293023857175,
432,241,265,5.61825278722568,0.339703857460129,0.483293023857175,
432,241,266,5.61825278722568,0.339703857460129,0.490444774486841,
433,241,266,5.70139146485024,0.339703857460129,0.490444774486841,
432,241,266,5.61825278722568,0.339703857460129,0.490444774486841,
431,241,267,5.53632645219498,0.339703857460129,0.497702356433211,
431,241,267,5.53632645219498,0.339703857460129,0.497702356433211,
430,241,267,5.45559478116852,0.339703857460129,0.497702356433211,
429,241,268,5.3760403533489,0.339703857460129,0.505067335783832,
427,241,268,5.22039481060173,0.339703857460129,0.505067335783832,
426,241,268,5.14427010948143,0.339703857460129,0.505067335783832,
425,241,269,5.06925547193504,0.339703857460129,0.51254130180115,
423,241,269,4.92249187505059,0.339703857460129,0.51254130180115,
422,241,269,4.850711246123,0.339703857460129,0.51254130180115,
421,241,270,4.77997733475636,0.339703857460129,0.520125867265454,
420,242,270,4.71027487753393,0.344730781410119,0.520125867265454,
419,242,271,4.64158883361278,0.344730781410119,0.527822668822889,
418,242,271,4.57390438147814,0.344730781410119,0.527822668822889,
419,243,272,4.64158883361278,0.349832093577504,0.535633367338623,
420,244,272,4.71027487753393,0.355008894756119,0.535633367338623,
421,245,272,4.77997733475636,0.3602623020293,0.535633367338623,
422,245,273,4.850711246123,0.3602623020293,0.543559648255241,
423,246,273,4.92249187505059,0.365593449010937,0.543559648255241,
424,247,274,4.99533471082328,0.371003486090095,0.551603221956439,
424,248,274,4.99533471082328,0.376493580679247,0.551603221956439,
425,249,275,5.06925547193504,0.382064917466189,0.559765824136102,
425,250,275,5.06925547193504,0.38771869866968,0.559765824136102,
425,251,275,5.06925547193504,0.393456144298863,0.559765824136102,
424,252,276,4.99533471082328,0.399278492416527,0.568049216172843,
424,252,276,4.99533471082328,0.399278492416527,0.568049216172843,
424,253,276,4.99533471082328,0.405186999406265,0.568049216172843,
423,254,277,4.92249187505059,0.411182940243583,0.576455185510082,
423,254,277,4.92249187505059,0.411182940243583,0.576455185510082,
423,255,277,4.92249187505059,0.417267608771023,0.576455185510082,
422,256,278,4.850711246123,0.423442317977355,0.584985546041759,
422,256,278,4.850711246123,0.423442317977355,0.584985546041759,
422,257,278,4.850711246123,0.429708400280907,0.584985546041759,
423,258,279,4.92249187505059,0.436067207817078,0.593642138503738,
424,259,279,4.99533471082328,0.44252011273011,0.593642138503738,
425,260,280,5.06925547193504,0.449068507469184,0.602426830871023,
426,260,280,5.14427010948143,0.449068507469184,0.602426830871023,
428,261,281,5.29764600197183,0.455713805088884,0.611341518760833,
431,262,282,5.53632645219498,0.462457439554121,0.620388125841656,
432,263,282,5.61825278722568,0.469300866049559,0.620388125841656,
433,264,282,5.70139146485024,0.476245561293628,0.620388125841656,
434,265,283,5.78576042526536,0.483293023857175,0.629568604248347,
436,265,283,5.95826228657415,0.483293023857175,0.629568604248347,
437,266,284,6.04643241102501,0.490444774486841,0.638884935003374,
438,266,284,6.13590727341318,0.490444774486841,0.638884935003374,
438,265,284,6.13590727341318,0.483293023857175,0.638884935003374,
438,265,285,6.13590727341318,0.483293023857175,0.648339128444297,
438,265,285,6.13590727341318,0.483293023857175,0.648339128444297,
438,265,285,6.13590727341318,0.483293023857175,0.648339128444297,
438,264,286,6.13590727341318,0.476245561293628,0.657933224657568,
438,264,286,6.13590727341318,0.476245561293628,0.657933224657568,
438,264,286,6.13590727341318,0.476245561293628,0.657933224657568,
438,263,286,6.13590727341318,0.469300866049559,0.657933224657568,
438,263,287,6.13590727341318,0.469300866049559,0.667669293918756,
438,264,287,6.13590727341318,0.476245561293628,0.667669293918756,
438,265,287,6.13590727341318,0.483293023857175,0.667669293918756,
439,265,287,6.22670618119788,0.483293023857175,0.667669293918756,
440,267,287,6.3188487275494,0.497702356433211,0.667669293918756,
440,267,287,6.3188487275494,0.497702356433211,0.667669293918756,
441,269,287,6.41235479557692,0.51254130180115,0.667669293918756,
441,271,287,6.41235479557692,0.527822668822889,0.667669293918756,
442,271,287,6.50724456261908,0.527822668822889,0.667669293918756,
442,273,287,6.50724456261908,0.543559648255241,0.667669293918756,
444,274,287,6.7012574004375,0.551603221956439,0.667669293918756,
444,275,288,6.7012574004375,0.559765824136102,0.677549437139287,
445,276,288,6.80042233654735,0.568049216172843,0.677549437139287,
447,277,288,7.00317624001311,0.576455185510082,0.677549437139287,
448,277,289,7.10680895890576,0.576455185510082,0.687575786319784,
449,278,289,7.21197523058319,0.584985546041759,0.687575786319784,
451,279,289,7.42699954191758,0.593642138503738,0.687575786319784,
452,280,290,7.53690398089854,0.602426830871023,0.697750505010134,
454,281,290,7.76161601002667,0.611341518760833,0.697750505010134,
455,281,290,7.87647208997567,0.611341518760833,0.697750505010134,
456,281,291,7.99302780555262,0.611341518760833,0.708075788776345,
458,282,291,8.23133912033325,0.620388125841656,0.708075788776345,
460,282,291,8.47675566283661,0.620388125841656,0.708075788776345,
462,283,291,8.72948927470786,0.629568604248347,0.708075788776345,
465,283,291,9.12278819077926,0.629568604248347,0.708075788776345,
466,283,291,9.25778684163293,0.629568604248347,0.708075788776345,
468,284,291,9.53380681902569,0.638884935003374,0.708075788776345,
470,284,291,9.8180563040992,0.638884935003374,0.708075788776345,
473,284,291,10.260399582247,0.638884935003374,0.708075788776345,
475,284,291,10.5663123569931,0.638884935003374,0.708075788776345,
477,285,291,10.8813458901467,0.648339128444297,0.708075788776345,
479,285,291,11.2057721161961,0.648339128444297,0.708075788776345,
480,285,291,11.3715946789724,0.648339128444297,0.708075788776345,
482,286,291,11.7106376230262,0.657933224657568,0.708075788776345,
485,286,291,12.2382493696819,0.657933224657568,0.708075788776345,
487,288,291,12.6031315355961,0.677549437139287,0.708075788776345,
489,290,291,12.978892626345,0.697750505010134,0.708075788776345,
490,292,291,13.1709537547512,0.718553865674324,0.708075788776345,
492,294,291,13.5636444074759,0.739977476430513,0.708075788776345,
494,297,291,13.9680430922543,0.773316464570469,0.708075788776345,
495,297,291,14.174741629268,0.773316464570469,0.708075788776345,
497,297,291,14.5973601158446,0.773316464570469,0.708075788776345,
498,297,291,14.8133712607329,0.773316464570469,0.708075788776345,
498,298,291,14.8133712607329,0.784759970351461,0.708075788776345,
499,298,292,15.032578929811,0.784759970351461,0.718553865674324,
500,298,292,15.2550304251145,0.784759970351461,0.718553865674324,
499,298,293,15.032578929811,0.784759970351461,0.729186996730657,
499,298,293,15.032578929811,0.784759970351461,0.729186996730657,
498,298,293,14.8133712607329,0.784759970351461,0.729186996730657,
497,298,294,14.5973601158446,0.784759970351461,0.739977476430513,
496,298,294,14.3844988828766,0.784759970351461,0.739977476430513,
496,298,294,14.3844988828766,0.784759970351461,0.739977476430513,
495,298,294,14.174741629268,0.784759970351461,0.739977476430513,
494,298,295,13.9680430922543,0.784759970351461,0.750927633212755,
494,298,295,13.9680430922543,0.784759970351461,0.750927633212755,
493,289,295,13.7643586691003,0.687575786319784,0.750927633212755,
493,289,295,13.7643586691003,0.687575786319784,0.750927633212755,
492,289,295,13.5636444074759,0.687575786319784,0.750927633212755,
492,290,295,13.5636444074759,0.697750505010134,0.750927633212755,
492,290,295,13.5636444074759,0.697750505010134,0.750927633212755,
492,290,295,13.5636444074759,0.697750505010134,0.750927633212755,
492,290,295,13.5636444074759,0.697750505010134,0.750927633212755,
492,290,295,13.5636444074759,0.697750505010134,0.750927633212755,
492,290,295,13.5636444074759,0.697750505010134,0.750927633212755,
492,290,295,13.5636444074759,0.697750505010134,0.750927633212755,
492,290,296,13.5636444074759,0.697750505010134,0.762039829972396,
492,290,296,13.5636444074759,0.697750505010134,0.762039829972396,
492,290,296,13.5636444074759,0.697750505010134,0.762039829972396,
492,290,296,13.5636444074759,0.697750505010134,0.762039829972396,
492,290,296,13.5636444074759,0.697750505010134,0.762039829972396,
492,290,296,13.5636444074759,0.697750505010134,0.762039829972396,
492,290,296,13.5636444074759,0.697750505010134,0.762039829972396,
492,290,296,13.5636444074759,0.697750505010134,0.762039829972396,
492,290,296,13.5636444074759,0.697750505010134,0.762039829972396,
492,290,296,13.5636444074759,0.697750505010134,0.762039829972396,
492,290,296,13.5636444074759,0.697750505010134,0.762039829972396,
489,290,296,12.978892626345,0.697750505010134,0.762039829972396,
488,290,296,12.7896321665717,0.697750505010134,0.762039829972396,
485,302,296,12.2382493696819,0.832252643738215,0.762039829972396,
483,302,296,11.8839311651631,0.832252643738215,0.762039829972396,
483,302,296,11.8839311651631,0.832252643738215,0.762039829972396,
480,303,296,11.3715946789724,0.844568284716005,0.762039829972396,
478,304,296,11.042367606745,0.857066172051119,0.762039829972396,
476,304,296,10.7226722201032,0.857066172051119,0.762039829972396,
474,304,296,10.4122325604831,0.857066172051119,0.762039829972396,
472,304,296,10.1107806587918,0.857066172051119,0.762039829972396,
471,304,296,9.9633435043872,0.857066172051119,0.762039829972396,
470,305,297,9.8180563040992,0.869749002617783,0.773316464570469,
470,305,297,9.8180563040992,0.869749002617783,0.773316464570469,
471,305,297,9.9633435043872,0.869749002617783,0.773316464570469,
472,305,298,10.1107806587918,0.869749002617783,0.784759970351461,
473,305,298,10.260399582247,0.869749002617783,0.784759970351461,
474,305,298,10.4122325604831,0.869749002617783,0.784759970351461,
475,306,299,10.5663123569931,0.882619513198464,0.796372816668391,
476,306,299,10.7226722201032,0.882619513198464,0.796372816668391,
477,306,299,10.8813458901467,0.882619513198464,0.796372816668391,
479,306,299,11.2057721161961,0.882619513198464,0.796372816668391,
480,307,300,11.3715946789724,0.89568048107442,0.808157509415663,
482,307,300,11.7106376230262,0.89568048107442,0.808157509415663,
483,308,300,11.8839311651631,0.908934724625008,0.808157509415663,
486,308,300,12.4193504891169,0.908934724625008,0.808157509415663,
488,309,300,12.7896321665717,0.922385103935848,0.808157509415663,
490,309,300,13.1709537547512,0.922385103935848,0.808157509415663,
493,310,300,13.7643586691003,0.936034521415991,0.808157509415663,
494,310,300,13.9680430922543,0.936034521415991,0.808157509415663,
496,311,300,14.3844988828766,0.949885922424221,0.808157509415663,
498,312,300,14.8133712607329,0.96394229590462,0.808157509415663,
500,312,300,15.2550304251145,0.96394229590462,0.808157509415663,
502,313,299,15.7098576127669,0.978206675031545,0.796372816668391,
504,314,299,16.178245426971,0.992682137864147,0.796372816668391,
506,314,299,16.6605981764343,0.992682137864147,0.796372816668391,
507,314,298,16.9071410347358,0.992682137864147,0.784759970351461,
509,315,298,17.4112257329487,1.00737180801057,0.784759970351461,
510,315,298,17.668876347487,1.00737180801057,0.784759970351461,
511,315,297,17.9303396654036,1.00737180801057,0.773316464570469,
513,316,297,18.4649309271976,1.02227885530198,0.773316464570469,
514,316,297,18.7381742286039,1.02227885530198,0.773316464570469,
515,316,296,19.0154609733382,1.02227885530198,0.762039829972396,
517,316,296,19.5824050170669,1.02227885530198,0.762039829972396,
518,317,296,19.8721846548806,1.03740649647658,0.762039829972396,
519,317,297,20.16625244006,1.03740649647658,0.773316464570469,
521,317,297,20.7675072148589,1.03740649647658,0.773316464570469,
522,317,297,21.0748239470871,1.03740649647658,0.773316464570469,
524,317,298,21.703167689381,1.03740649647658,0.784759970351461,
525,317,299,22.0243302874866,1.03740649647658,0.796372816668391,
527,317,299,22.6809834651882,1.03740649647658,0.796372816668391,
528,317,299,23.0166157416155,1.03740649647658,0.796372816668391,
528,317,300,23.0166157416155,1.03740649647658,0.808157509415663,
529,317,300,23.3572146909012,1.03740649647658,0.808157509415663,
529,316,300,23.3572146909012,1.02227885530198,0.808157509415663,
529,316,300,23.3572146909012,1.02227885530198,0.808157509415663,
529,316,300,23.3572146909012,1.02227885530198,0.808157509415663,
528,315,300,23.0166157416155,1.00737180801057,0.808157509415663,
528,315,300,23.0166157416155,1.00737180801057,0.808157509415663,
528,315,300,23.0166157416155,1.00737180801057,0.808157509415663,
528,314,300,23.0166157416155,0.992682137864147,0.808157509415663,
527,314,300,22.6809834651882,0.992682137864147,0.808157509415663,
525,314,300,22.0243302874866,0.992682137864147,0.808157509415663,
522,313,300,21.0748239470871,0.978206675031545,0.808157509415663,
519,313,300,20.16625244006,0.978206675031545,0.808157509415663,
516,313,300,19.2968509961118,0.978206675031545,0.808157509415663,
514,313,300,18.7381742286039,0.978206675031545,0.808157509415663,
510,313,300,17.668876347487,0.978206675031545,0.808157509415663,
507,314,300,16.9071410347358,0.992682137864147,0.808157509415663,
503,314,300,15.9423314506415,0.992682137864147,0.808157509415663,
499,315,300,15.032578929811,1.00737180801057,0.808157509415663,
495,315,300,14.174741629268,1.00737180801057,0.808157509415663,
492,316,300,13.5636444074759,1.02227885530198,0.808157509415663,
489,317,300,12.978892626345,1.03740649647658,0.808157509415663,
487,317,300,12.6031315355961,1.03740649647658,0.808157509415663,
484,317,300,12.0597890981311,1.03740649647658,0.808157509415663,
484,317,300,12.0597890981311,1.03740649647658,0.808157509415663,
485,317,300,12.2382493696819,1.03740649647658,0.808157509415663,
487,317,300,12.6031315355961,1.03740649647658,0.808157509415663,
488,317,300,12.7896321665717,1.03740649647658,0.808157509415663,
489,317,300,12.978892626345,1.03740649647658,0.808157509415663,
491,317,300,13.3658569959713,1.03740649647658,0.808157509415663,
492,317,300,13.5636444074759,1.03740649647658,0.808157509415663,
493,317,300,13.7643586691003,1.03740649647658,0.808157509415663,
494,317,300,13.9680430922543,1.03740649647658,0.808157509415663,
495,317,300,14.174741629268,1.03740649647658,0.808157509415663,
496,317,300,14.3844988828766,1.03740649647658,0.808157509415663,
496,317,300,14.3844988828766,1.03740649647658,0.808157509415663,
497,318,300,14.5973601158446,1.05275799587374,0.808157509415663,
498,318,300,14.8133712607329,1.05275799587374,0.808157509415663,
498,318,300,14.8133712607329,1.05275799587374,0.808157509415663,
498,318,300,14.8133712607329,1.05275799587374,0.808157509415663,
499,319,300,15.032578929811,1.06833666613839,0.808157509415663,
499,319,300,15.032578929811,1.06833666613839,0.808157509415663,
499,320,300,15.032578929811,1.08414586893583,0.808157509415663,
500,320,300,15.2550304251145,1.08414586893583,0.808157509415663,
500,320,300,15.2550304251145,1.08414586893583,0.808157509415663,
500,321,300,15.2550304251145,1.10018901567718,0.808157509415663,
500,321,300,15.2550304251145,1.10018901567718,0.808157509415663,
499,321,300,15.032578929811,1.10018901567718,0.808157509415663,
499,321,299,15.032578929811,1.10018901567718,0.796372816668391,
498,321,299,14.8133712607329,1.10018901567718,0.796372816668391,
497,321,298,14.5973601158446,1.10018901567718,0.784759970351461,
496,321,298,14.3844988828766,1.10018901567718,0.784759970351461,
495,321,297,14.174741629268,1.10018901567718,0.773316464570469,
494,321,297,13.9680430922543,1.10018901567718,0.773316464570469,
493,321,296,13.7643586691003,1.10018901567718,0.762039829972396,
493,322,296,13.7643586691003,1.11646956825546,0.762039829972396,
493,322,296,13.7643586691003,1.11646956825546,0.762039829972396,
494,323,296,13.9680430922543,1.13299103979264,0.762039829972396,
495,324,296,14.174741629268,1.14975699539774,0.762039829972396,
495,325,296,14.174741629268,1.1667710529361,0.762039829972396,
496,326,296,14.3844988828766,1.18403688381012,0.762039829972396,
497,327,296,14.5973601158446,1.20155821375144,0.762039829972396,
497,328,296,14.5973601158446,1.21933882362491,0.762039829972396,
498,329,296,14.8133712607329,1.23738255024451,0.762039829972396,
499,330,296,15.032578929811,1.25569328720119,0.762039829972396,
500,331,296,15.2550304251145,1.27427498570313,0.762039829972396,
501,332,296,15.4807737486527,1.29313165542834,0.762039829972396,
503,332,296,15.9423314506415,1.29313165542834,0.762039829972396,
504,333,296,16.178245426971,1.31226736538984,0.762039829972396,
505,333,296,16.4176504487853,1.31226736538984,0.762039829972396,
507,333,296,16.9071410347358,1.31226736538984,0.762039829972396,
508,333,296,17.1573322242878,1.31226736538984,0.762039829972396,
510,333,296,17.668876347487,1.31226736538984,0.762039829972396,
512,333,296,18.1956721069289,1.31226736538984,0.762039829972396,
513,334,296,18.4649309271976,1.33168624481379,0.762039829972396,
514,335,296,18.7381742286039,1.35139248403043,0.762039829972396,
516,335,296,19.2968509961118,1.35139248403043,0.762039829972396,
517,336,296,19.5824050170669,1.37139033537837,0.762039829972396,
518,337,296,19.8721846548806,1.39168411412213,0.762039829972396,
520,338,296,20.4646718284368,1.41227819938335,0.762039829972396,
520,339,296,20.4646718284368,1.43317703508574,0.762039829972396,
521,341,296,20.7675072148589,1.47590706328699,0.762039829972396,
522,342,296,21.0748239470871,1.4977474763452,0.762039829972396,
522,343,296,21.0748239470871,1.51991108295293,0.762039829972396,
523,344,296,21.3866883398953,1.54240266571527,0.762039829972396,
524,346,296,21.703167689381,1.58838924503536,0.762039829972396,
524,347,296,21.703167689381,1.61189416487193,0.762039829972396,
525,348,296,22.0243302874866,1.63574690956204,0.762039829972396,
526,348,296,22.3502454367358,1.63574690956204,0.762039829972396,
526,349,296,22.3502454367358,1.65995262620382,0.762039829972396,
526,350,296,22.3502454367358,1.68451653806193,0.762039829972396,
