-1,-1,157,0,0,0.985440876996926,
-1,-1,158,0,0,1,
-1,-1,158,0,0,1,
-1,-1,158,0,0,1,
-1,-1,158,0,0,1,
-1,-1,158,0,0,1,
-1,-1,158,0,0,1,
-1,-1,158,0,0,1,
-1,-1,158,0,0,1,
-1,-1,158,0,0,1,
-1,-1,158,0,0,1,
-1,-1,158,0,0,1,
-1,-1,158,0,0,1,
-1,-1,158,0,0,1,
-1,-1,158,0,0,1,
-1,-1,158,0,0,1,
-1,-1,158,0,0,1,
-1,-1,158,0,0,1,
-1,-1,158,0,0,1,
-1,-1,158,0,0,1,
-1,-1,159,0,0,1.01477422272906,
-1,-1,159,0,0,1.01477422272906,
-1,-1,160,0,0,1.02976672311537,
-1,-1,160,0,0,1.02976672311537,
-1,-1,161,0,0,1.04498072604165,
-1,-1,161,0,0,1.04498072604165,
-1,-1,162,0,0,1.06041950403577,
-1,-1,161,0,0,1.04498072604165,
-1,-1,162,0,0,1.06041950403577,
167,-1,161,1.14110298323151,0,1.04498072604165,
168,-1,161,1.15796189286257,0,1.04498072604165,
169,-1,162,1.17506987977948,0,1.06041950403577,
169,156,162,1.17506987977948,0.97109372205647,1.06041950403577,
169,156,162,1.17506987977948,0.97109372205647,1.06041950403577,
169,156,162,1.17506987977948,0.97109372205647,1.06041950403577,
170,155,162,1.19243062390556,0.956955449109537,1.06041950403577,
170,155,162,1.19243062390556,0.956955449109537,1.06041950403577,
170,155,162,1.19243062390556,0.956955449109537,1.06041950403577,
170,155,162,1.19243062390556,0.956955449109537,1.06041950403577,
170,155,162,1.19243062390556,0.956955449109537,1.06041950403577,
170,155,162,1.19243062390556,0.956955449109537,1.06041950403577,
169,155,162,1.17506987977948,0.956955449109537,1.06041950403577,
169,155,162,1.17506987977948,0.956955449109537,1.06041950403577,
168,155,162,1.15796189286257,0.956955449109537,1.06041950403577,
168,155,162,1.15796189286257,0.956955449109537,1.06041950403577,
168,155,162,1.15796189286257,0.956955449109537,1.06041950403577,
168,155,162,1.15796189286257,0.956955449109537,1.06041950403577,
168,155,162,1.15796189286257,0.956955449109537,1.06041950403577,
168,156,163,1.15796189286257,0.97109372205647,1.07608637797463,
168,156,163,1.15796189286257,0.97109372205647,1.07608637797463,
168,156,164,1.15796189286257,0.97109372205647,1.09198471779854,
168,156,164,1.15796189286257,0.97109372205647,1.09198471779854,
168,156,164,1.15796189286257,0.97109372205647,1.09198471779854,
168,156,164,1.15796189286257,0.97109372205647,1.09198471779854,
171,157,165,1.21004785953209,0.985440876996926,1.10811794323603,
172,157,165,1.22792537612164,0.985440876996926,1.10811794323603,
172,157,166,1.22792537612164,0.985440876996926,1.12448952453946,
172,157,166,1.22792537612164,0.985440876996926,1.12448952453946,
172,157,166,1.22792537612164,0.985440876996926,1.12448952453946,
173,157,166,1.24606701912313,0.985440876996926,1.12448952453946,
173,157,166,1.24606701912313,0.985440876996926,1.12448952453946,
174,158,167,1.26447669079899,1,1.14110298323151,
174,157,166,1.26447669079899,0.985440876996926,1.12448952453946,
174,157,166,1.26447669079899,0.985440876996926,1.12448952453946,
174,158,167,1.26447669079899,1,1.14110298323151,
175,158,167,1.28315835106456,1,1.14110298323151,
175,158,167,1.28315835106456,1,1.14110298323151,
175,158,167,1.28315835106456,1,1.14110298323151,
175,158,167,1.28315835106456,1,1.14110298323151,
175,158,167,1.28315835106456,1,1.14110298323151,
175,158,167,1.28315835106456,1,1.14110298323151,
175,159,168,1.28315835106456,1.01477422272906,1.15796189286257,
175,159,168,1.28315835106456,1.01477422272906,1.15796189286257,
176,159,168,1.30211601833984,1.01477422272906,1.15796189286257,
176,160,169,1.30211601833984,1.02976672311537,1.17506987977948,
176,160,169,1.30211601833984,1.02976672311537,1.17506987977948,
176,160,169,1.30211601833984,1.02976672311537,1.17506987977948,
176,161,169,1.30211601833984,1.04498072604165,1.17506987977948,
176,161,170,1.30211601833984,1.04498072604165,1.19243062390556,
176,161,170,1.30211601833984,1.04498072604165,1.19243062390556,
176,161,170,1.30211601833984,1.04498072604165,1.19243062390556,
174,161,171,1.26447669079899,1.04498072604165,1.21004785953209,
172,160,171,1.22792537612164,1.02976672311537,1.21004785953209,
170,159,170,1.19243062390556,1.01477422272906,1.19243062390556,
168,159,170,1.15796189286257,1.01477422272906,1.19243062390556,
166,158,170,1.12448952453946,1,1.19243062390556,
164,157,170,1.09198471779854,0.985440876996926,1.19243062390556,
164,157,170,1.09198471779854,0.985440876996926,1.19243062390556,
163,156,170,1.07608637797463,0.97109372205647,1.19243062390556,
163,155,170,1.07608637797463,0.956955449109537,1.19243062390556,
163,155,170,1.07608637797463,0.956955449109537,1.19243062390556,
162,154,170,1.06041950403577,0.94302301701749,1.19243062390556,
162,154,170,1.06041950403577,0.94302301701749,1.19243062390556,
162,154,170,1.06041950403577,0.94302301701749,1.19243062390556,
163,155,170,1.07608637797463,0.956955449109537,1.19243062390556,
163,155,170,1.07608637797463,0.956955449109537,1.19243062390556,
163,156,170,1.07608637797463,0.97109372205647,1.19243062390556,
163,156,170,1.07608637797463,0.97109372205647,1.19243062390556,
176,157,170,1.30211601833984,0.985440876996926,1.19243062390556,
177,157,171,1.32135377041387,0.985440876996926,1.21004785953209,
178,157,171,1.34087574532185,0.985440876996926,1.21004785953209,
178,158,171,1.34087574532185,1,1.21004785953209,
179,158,171,1.36068614223524,1,1.21004785953209,
180,158,172,1.38078922236497,1,1.22792537612164,
180,158,172,1.38078922236497,1,1.22792537612164,
181,158,172,1.40118930987807,1,1.22792537612164,
182,158,173,1.42189079282779,1,1.24606701912313,
182,158,173,1.42189079282779,1,1.24606701912313,
183,158,173,1.44289812409743,1,1.24606701912313,
184,158,173,1.46421582235819,1,1.24606701912313,
184,158,173,1.46421582235819,1,1.24606701912313,
185,158,174,1.48584847304113,1,1.26447669079899,
186,158,174,1.50780072932347,1,1.26447669079899,
187,158,174,1.53007731312954,1,1.26447669079899,
187,158,174,1.53007731312954,1,1.26447669079899,
187,158,174,1.53007731312954,1,1.26447669079899,
187,158,174,1.53007731312954,1,1.26447669079899,
187,158,174,1.53007731312954,1,1.26447669079899,
187,158,174,1.53007731312954,1,1.26447669079899,
187,158,174,1.53007731312954,1,1.26447669079899,
187,158,174,1.53007731312954,1,1.26447669079899,
187,158,174,1.53007731312954,1,1.26447669079899,
188,158,175,1.5526830161464,1,1.28315835106456,
188,158,175,1.5526830161464,1,1.28315835106456,
189,158,175,1.57562270085457,1,1.28315835106456,
190,158,176,1.59890130157397,1,1.30211601833984,
191,158,176,1.62252382552521,1,1.30211601833984,
191,158,176,1.62252382552521,1,1.30211601833984,
192,158,177,1.64649535390672,1,1.32135377041387,
192,158,177,1.64649535390672,1,1.32135377041387,
193,158,177,1.67082104298771,1,1.32135377041387,
194,158,178,1.69550612521721,1,1.34087574532185,
194,158,178,1.69550612521721,1,1.34087574532185,
195,158,178,1.72055591034966,1,1.34087574532185,
196,157,178,1.74597578658696,0.985440876996926,1.34087574532185,
196,157,178,1.74597578658696,0.985440876996926,1.34087574532185,
197,156,178,1.77177122173755,0.97109372205647,1.34087574532185,
197,156,178,1.77177122173755,0.97109372205647,1.34087574532185,
198,155,178,1.79794776439244,0.956955449109537,1.34087574532185,
198,155,178,1.79794776439244,0.956955449109537,1.34087574532185,
199,154,178,1.82451104511879,0.94302301701749,1.34087574532185,
199,154,178,1.82451104511879,0.94302301701749,1.34087574532185,
199,154,178,1.82451104511879,0.94302301701749,1.34087574532185,
199,153,178,1.82451104511879,0.929293428918002,1.34087574532185,
199,153,178,1.82451104511879,0.929293428918002,1.34087574532185,
198,153,178,1.79794776439244,0.929293428918002,1.34087574532185,
198,152,178,1.79794776439244,0.915763731580436,1.34087574532185,
198,152,178,1.79794776439244,0.915763731580436,1.34087574532185,
197,152,178,1.77177122173755,0.915763731580436,1.34087574532185,
197,151,178,1.77177122173755,0.902431014770603,1.34087574532185,
197,151,178,1.77177122173755,0.902431014770603,1.34087574532185,
196,151,178,1.74597578658696,0.902431014770603,1.34087574532185,
196,150,178,1.74597578658696,0.889292410624769,1.34087574532185,
196,150,178,1.74597578658696,0.889292410624769,1.34087574532185,
195,150,178,1.72055591034966,0.889292410624769,1.34087574532185,
195,150,178,1.72055591034966,0.889292410624769,1.34087574532185,
195,150,178,1.72055591034966,0.889292410624769,1.34087574532185,
194,150,178,1.69550612521721,0.889292410624769,1.34087574532185,
194,151,178,1.69550612521721,0.902431014770603,1.34087574532185,
193,151,178,1.67082104298771,0.902431014770603,1.34087574532185,
193,152,178,1.67082104298771,0.915763731580436,1.34087574532185,
192,152,178,1.64649535390672,0.915763731580436,1.34087574532185,
192,152,178,1.64649535390672,0.915763731580436,1.34087574532185,
191,152,178,1.62252382552521,0.915763731580436,1.34087574532185,
191,151,179,1.62252382552521,0.902431014770603,1.36068614223524,
192,150,179,1.64649535390672,0.889292410624769,1.36068614223524,
192,149,180,1.64649535390672,0.876345093032782,1.38078922236497,
192,148,180,1.64649535390672,0.863586277030178,1.38078922236497,
193,147,180,1.67082104298771,0.851013218199129,1.38078922236497,
193,146,180,1.67082104298771,0.838623212078126,1.38078922236497,
193,144,181,1.67082104298771,0.8143817364199,1.40118930987807,
194,143,181,1.69550612521721,0.802525052547905,1.40118930987807,
194,141,181,1.69550612521721,0.77932704032231,1.40118930987807,
194,140,182,1.69550612521721,0.767980722082636,1.42189079282779,
195,139,182,1.72055591034966,0.756799596285845,1.42189079282779,
195,138,182,1.72055591034966,0.745781257874843,1.42189079282779,
195,137,182,1.72055591034966,0.734923336808056,1.42189079282779,
195,136,181,1.72055591034966,0.724223497549638,1.40118930987807,
194,134,181,1.69550612521721,0.703288891836233,1.40118930987807,
194,133,180,1.69550612521721,0.693049622353293,1.38078922236497,
194,132,180,1.69550612521721,0.682959427654218,1.38078922236497,
193,131,179,1.67082104298771,0.673016137340891,1.36068614223524,
193,130,178,1.67082104298771,0.663217612614291,1.34087574532185,
193,129,177,1.67082104298771,0.653561745814434,1.32135377041387,
192,128,177,1.64649535390672,0.644046459967018,1.32135377041387,
192,127,176,1.64649535390672,0.634669708336664,1.30211601833984,
191,126,175,1.62252382552521,0.625429473986665,1.28315835106456,
190,125,175,1.59890130157397,0.616323769345146,1.28315835106456,
189,123,174,1.57562270085457,0.598508143165251,1.26447669079899,
188,122,173,1.5526830161464,0.589794389490567,1.24606701912313,
186,121,172,1.50780072932347,0.581207500427451,1.22792537612164,
186,120,171,1.50780072932347,0.572745628938418,1.21004785953209,
184,118,170,1.46421582235819,0.556189684597383,1.19243062390556,
183,116,170,1.44289812409743,0.540112310985087,1.19243062390556,
182,116,169,1.42189079282779,0.540112310985087,1.17506987977948,
180,114,168,1.38078922236497,0.52449967440303,1.15796189286257,
179,114,167,1.36068614223524,0.52449967440303,1.14110298323151,
177,113,167,1.32135377041387,0.516863419128324,1.14110298323151,
176,112,166,1.30211601833984,0.509338341033445,1.12448952453946,
175,112,165,1.28315835106456,0.509338341033445,1.10811794323603,
175,111,164,1.28315835106456,0.501922821476157,1.09198471779854,
176,111,164,1.30211601833984,0.501922821476157,1.09198471779854,
176,111,164,1.30211601833984,0.501922821476157,1.09198471779854,
176,111,163,1.30211601833984,0.501922821476157,1.07608637797463,
177,111,163,1.32135377041387,0.501922821476157,1.07608637797463,
177,111,163,1.32135377041387,0.501922821476157,1.07608637797463,
177,111,162,1.32135377041387,0.501922821476157,1.06041950403577,
178,111,162,1.34087574532185,0.501922821476157,1.06041950403577,
178,111,162,1.34087574532185,0.501922821476157,1.06041950403577,
179,111,162,1.36068614223524,0.501922821476157,1.06041950403577,
179,110,161,1.36068614223524,0.494615265380236,1.04498072604165,
180,110,161,1.38078922236497,0.494615265380236,1.04498072604165,
180,109,161,1.38078922236497,0.487414100892367,1.04498072604165,
181,108,161,1.40118930987807,0.480317779044042,1.04498072604165,
181,107,161,1.40118930987807,0.473324773418377,1.04498072604165,
182,106,161,1.42189079282779,0.466433579821777,1.04498072604165,
182,105,161,1.42189079282779,0.459642715960387,1.04498072604165,
182,104,161,1.42189079282779,0.452950721121253,1.04498072604165,
181,103,161,1.40118930987807,0.446356155858117,1.04498072604165,
181,103,161,1.40118930987807,0.446356155858117,1.04498072604165,
180,102,161,1.38078922236497,0.4398576016818,1.04498072604165,
179,101,160,1.36068614223524,0.433453660755077,1.02976672311537,
178,100,160,1.34087574532185,0.427142955592011,1.02976672311537,
177,99,160,1.32135377041387,0.420924128761651,1.02976672311537,
176,99,159,1.30211601833984,0.420924128761651,1.01477422272906,
175,98,159,1.28315835106456,0.414795842596048,1.01477422272906,
174,97,158,1.26447669079899,0.408756778902528,1,
173,97,158,1.24606701912313,0.408756778902528,1,
172,97,158,1.22792537612164,0.408756778902528,1,
172,97,159,1.22792537612164,0.408756778902528,1.01477422272906,
172,98,160,1.22792537612164,0.414795842596048,1.02976672311537,
174,100,161,1.26447669079899,0.427142955592011,1.04498072604165,
176,101,162,1.30211601833984,0.433453660755077,1.06041950403577,
178,103,163,1.34087574532185,0.446356155858117,1.07608637797463,
179,105,165,1.36068614223524,0.459642715960387,1.10811794323603,
181,107,167,1.40118930987807,0.473324773418377,1.14110298323151,
182,109,168,1.42189079282779,0.487414100892367,1.15796189286257,
183,110,171,1.44289812409743,0.494615265380236,1.21004785953209,
184,112,172,1.46421582235819,0.509338341033445,1.22792537612164,
185,114,174,1.48584847304113,0.52449967440303,1.26447669079899,
186,116,175,1.50780072932347,0.540112310985087,1.28315835106456,
187,117,176,1.53007731312954,0.548092050566288,1.30211601833984,
188,119,177,1.5526830161464,0.564406954877231,1.32135377041387,
189,120,177,1.57562270085457,0.572745628938418,1.32135377041387,
190,121,178,1.59890130157397,0.581207500427451,1.34087574532185,
192,122,179,1.64649535390672,0.589794389490567,1.36068614223524,
193,123,179,1.67082104298771,0.598508143165251,1.36068614223524,
194,124,180,1.69550612521721,0.607350635777532,1.38078922236497,
196,125,181,1.74597578658696,0.616323769345146,1.40118930987807,
197,126,181,1.77177122173755,0.625429473986665,1.40118930987807,
198,127,182,1.79794776439244,0.634669708336664,1.42189079282779,
199,128,182,1.82451104511879,0.644046459967018,1.42189079282779,
199,129,182,1.82451104511879,0.653561745814434,1.42189079282779,
201,129,182,1.87882076021978,0.653561745814434,1.42189079282779,
201,130,182,1.87882076021978,0.663217612614291,1.42189079282779,
202,130,182,1.90657887659925,0.663217612614291,1.42189079282779,
202,131,182,1.90657887659925,0.673016137340891,1.42189079282779,
203,131,182,1.93474709757265,0.673016137340891,1.42189079282779,
203,132,182,1.93474709757265,0.682959427654218,1.42189079282779,
204,132,183,1.96333148211659,0.682959427654218,1.44289812409743,
204,133,183,1.96333148211659,0.693049622353293,1.44289812409743,
205,133,183,1.99233817872436,0.693049622353293,1.44289812409743,
206,134,184,2.02177342672845,0.703288891836233,1.46421582235819,
206,134,184,2.02177342672845,0.703288891836233,1.46421582235819,
207,134,184,2.05164355764263,0.703288891836233,1.46421582235819,
207,134,185,2.05164355764263,0.703288891836233,1.48584847304113,
208,135,185,2.08195499652389,0.713679438567096,1.48584847304113,
209,135,185,2.11271426335441,0.713679438567096,1.48584847304113,
209,136,186,2.11271426335441,0.724223497549638,1.50780072932347,
210,136,186,2.14392797444407,0.724223497549638,1.50780072932347,
211,136,186,2.17560284385358,0.724223497549638,1.50780072932347,
212,136,186,2.20774568483865,0.724223497549638,1.50780072932347,
212,137,187,2.20774568483865,0.734923336808056,1.53007731312954,
214,137,187,2.27346303934839,0.734923336808056,1.53007731312954,
214,137,187,2.27346303934839,0.734923336808056,1.53007731312954,
215,138,187,2.30705168865802,0.745781257874843,1.53007731312954,
216,138,187,2.34113658415371,0.745781257874843,1.53007731312954,
217,138,187,2.37572505748715,0.745781257874843,1.53007731312954,
218,139,187,2.41082454862947,0.756799596285845,1.53007731312954,
219,139,187,2.44644260747161,0.756799596285845,1.53007731312954,
220,139,187,2.48258689544826,0.756799596285845,1.53007731312954,
221,140,187,2.51926518718587,0.767980722082636,1.53007731312954,
223,140,187,2.59425545646702,0.767980722082636,1.53007731312954,
224,141,187,2.63258356439695,0.77932704032231,1.53007731312954,
225,141,187,2.67147794033021,0.77932704032231,1.53007731312954,
227,141,187,2.75099908448884,0.77932704032231,1.53007731312954,
229,142,187,2.83288731252746,0.790840991594812,1.53007731312954,
230,142,188,2.87474102064907,0.790840991594812,1.5526830161464,
231,142,189,2.91721308477651,0.790840991594812,1.57562270085457,
233,143,189,3.00404895893959,0.802525052547905,1.57562270085457,
236,143,190,3.13917326217736,0.802525052547905,1.59890130157397,
237,144,190,3.18555210713788,0.8143817364199,1.59890130157397,
239,144,191,3.28037555468064,0.8143817364199,1.62252382552521,
241,145,191,3.37802158553125,0.826413593580247,1.62252382552521,
243,146,191,3.4785742187455,0.838623212078126,1.62252382552521,
245,146,192,3.58211997435117,0.838623212078126,1.64649535390672,
247,147,192,3.68874794779372,0.851013218199129,1.64649535390672,
249,148,192,3.79854988659808,0.863586277030178,1.64649535390672,
251,148,193,3.91162026931237,0.863586277030178,1.67082104298771,
253,149,193,4.02805638680146,0.876345093032782,1.67082104298771,
255,150,193,4.14795842596048,0.889292410624769,1.67082104298771,
257,150,194,4.27142955592012,0.889292410624769,1.69550612521721,
259,151,194,4.398576016818,0.902431014770603,1.69550612521721,
261,152,194,4.52950721121253,0.915763731580436,1.69550612521721,
264,152,195,4.73324773418377,0.915763731580436,1.72055591034966,
266,153,195,4.87414100892367,0.929293428918002,1.72055591034966,
267,153,196,4.94615265380236,0.929293428918002,1.74597578658696,
269,154,196,5.09338341033445,0.94302301701749,1.74597578658696,
272,154,197,5.3224874941398,0.94302301701749,1.77177122173755,
273,154,197,5.40112310985087,0.94302301701749,1.77177122173755,
276,154,198,5.64406954877231,0.94302301701749,1.79794776439244,
277,154,198,5.72745628938418,0.94302301701749,1.79794776439244,
278,154,199,5.81207500427451,0.94302301701749,1.82451104511879,
280,154,199,5.98508143165251,0.94302301701749,1.82451104511879,
281,154,199,6.07350635777532,0.94302301701749,1.82451104511879,
282,154,199,6.16323769345146,0.94302301701749,1.82451104511879,
282,154,199,6.16323769345146,0.94302301701749,1.82451104511879,
281,154,199,6.07350635777532,0.94302301701749,1.82451104511879,
280,154,199,5.98508143165251,0.94302301701749,1.82451104511879,
280,154,199,5.98508143165251,0.94302301701749,1.82451104511879,
279,154,199,5.89794389490567,0.94302301701749,1.82451104511879,
278,154,199,5.81207500427451,0.94302301701749,1.82451104511879,
278,154,199,5.81207500427451,0.94302301701749,1.82451104511879,
277,154,199,5.72745628938418,0.94302301701749,1.82451104511879,
276,154,199,5.64406954877231,0.94302301701749,1.82451104511879,
274,154,199,5.48092050566289,0.94302301701749,1.82451104511879,
272,154,200,5.3224874941398,0.94302301701749,1.85146677767101,
271,155,200,5.2449967440303,0.956955449109537,1.85146677767101,
269,155,201,5.09338341033445,0.956955449109537,1.87882076021978,
267,156,202,4.94615265380236,0.97109372205647,1.90657887659925,
266,157,203,4.87414100892367,0.985440876996926,1.93474709757265,
263,158,204,4.66433579821777,1,1.96333148211659,
262,159,205,4.59642715960387,1.01477422272906,1.99233817872436,
259,160,206,4.398576016818,1.02976672311537,2.02177342672845,
257,160,207,4.27142955592012,1.02976672311537,2.05164355764263,
255,161,207,4.14795842596048,1.04498072604165,2.05164355764263,
253,162,208,4.02805638680146,1.06041950403577,2.08195499652389,
251,163,209,3.91162026931237,1.07608637797463,2.11271426335441,
249,163,210,3.79854988659808,1.07608637797463,2.14392797444407,
247,163,211,3.68874794779372,1.07608637797463,2.17560284385358,
245,164,212,3.58211997435117,1.09198471779854,2.20774568483865,
243,164,212,3.4785742187455,1.09198471779854,2.20774568483865,
242,164,213,3.42792922881947,1.09198471779854,2.24036341131558,
240,164,213,3.32884055376046,1.09198471779854,2.24036341131558,
239,165,214,3.28037555468064,1.10811794323603,2.27346303934839,
238,165,215,3.23261616348377,1.10811794323603,2.30705168865802,
236,166,215,3.13917326217736,1.12448952453946,2.30705168865802,
235,167,216,3.09346965252536,1.14110298323151,2.34113658415371,
234,168,217,3.04843144734797,1.15796189286257,2.37572505748715,
233,169,218,3.00404895893959,1.17506987977948,2.41082454862947,
232,170,219,2.96031264063913,1.19243062390556,2.44644260747161,
231,171,220,2.91721308477651,1.21004785953209,2.48258689544826,
231,173,221,2.91721308477651,1.24606701912313,2.51926518718587,
231,174,222,2.91721308477651,1.26447669079899,2.55648537217492,
231,175,223,2.91721308477651,1.28315835106456,2.59425545646702,
233,176,224,3.00404895893959,1.30211601833984,2.63258356439695,
234,178,224,3.04843144734797,1.34087574532185,2.63258356439695,
235,178,225,3.09346965252536,1.34087574532185,2.67147794033021,
237,179,226,3.18555210713788,1.36068614223524,2.71094695043643,
238,181,226,3.23261616348377,1.40118930987807,2.71094695043643,
240,181,227,3.32884055376046,1.40118930987807,2.75099908448884,
241,182,227,3.37802158553125,1.42189079282779,2.75099908448884,
243,183,227,3.4785742187455,1.44289812409743,2.75099908448884,
245,183,227,3.58211997435117,1.44289812409743,2.75099908448884,
248,184,227,3.74324633156579,1.46421582235819,2.75099908448884,
250,185,228,3.85467050867013,1.48584847304113,2.79164295769052,
252,185,228,3.9694114184027,1.48584847304113,2.79164295769052,
253,186,228,4.02805638680146,1.50780072932347,2.79164295769052,
255,187,228,4.14795842596048,1.53007731312954,2.79164295769052,
257,188,228,4.27142955592012,1.5526830161464,2.79164295769052,
259,188,228,4.398576016818,1.5526830161464,2.79164295769052,
260,189,228,4.46356155858118,1.57562270085457,2.79164295769052,
262,189,227,4.59642715960387,1.57562270085457,2.75099908448884,
263,190,227,4.66433579821777,1.59890130157397,2.75099908448884,
264,191,227,4.73324773418377,1.62252382552521,2.75099908448884,
265,191,226,4.80317779044043,1.62252382552521,2.71094695043643,
266,192,226,4.87414100892367,1.64649535390672,2.71094695043643,
267,193,226,4.94615265380236,1.67082104298771,2.71094695043643,
268,194,225,5.01922821476158,1.69550612521721,2.67147794033021,
270,194,225,5.16863419128324,1.69550612521721,2.67147794033021,
271,194,225,5.2449967440303,1.69550612521721,2.67147794033021,
273,195,225,5.40112310985087,1.72055591034966,2.67147794033021,
274,195,225,5.48092050566289,1.72055591034966,2.67147794033021,
275,195,225,5.56189684597383,1.72055591034966,2.67147794033021,
277,195,225,5.72745628938418,1.72055591034966,2.67147794033021,
278,195,225,5.81207500427451,1.72055591034966,2.67147794033021,
280,195,225,5.98508143165251,1.72055591034966,2.67147794033021,
282,195,225,6.16323769345146,1.72055591034966,2.67147794033021,
284,196,225,6.34669708336664,1.74597578658696,2.67147794033021,
285,196,225,6.44046459967018,1.74597578658696,2.67147794033021,
287,196,225,6.63217612614291,1.74597578658696,2.67147794033021,
289,196,225,6.82959427654218,1.74597578658696,2.67147794033021,
291,197,225,7.03288891836233,1.77177122173755,2.67147794033021,
292,198,225,7.13679438567096,1.79794776439244,2.67147794033021,
293,198,225,7.24223497549638,1.79794776439244,2.67147794033021,
295,199,225,7.45781257874843,1.82451104511879,2.67147794033021,
296,200,225,7.56799596285845,1.85146677767101,2.67147794033021,
298,200,225,7.7932704032231,1.85146677767101,2.67147794033021,
299,201,225,7.90840991594812,1.87882076021978,2.67147794033021,
300,201,225,8.02525052547905,1.87882076021978,2.67147794033021,
301,202,225,8.143817364199,1.90657887659925,2.67147794033021,
302,203,225,8.26413593580247,1.93474709757265,2.67147794033021,
302,203,225,8.26413593580247,1.93474709757265,2.67147794033021,
301,203,225,8.143817364199,1.93474709757265,2.67147794033021,
299,203,225,7.90840991594812,1.93474709757265,2.67147794033021,
298,202,225,7.7932704032231,1.90657887659925,2.67147794033021,
296,202,225,7.56799596285845,1.90657887659925,2.67147794033021,
294,201,225,7.34923336808056,1.87882076021978,2.67147794033021,
293,200,225,7.24223497549638,1.85146677767101,2.67147794033021,
291,200,225,7.03288891836233,1.85146677767101,2.67147794033021,
290,200,225,6.93049622353293,1.85146677767101,2.67147794033021,
289,200,225,6.82959427654218,1.85146677767101,2.67147794033021,
289,200,225,6.82959427654218,1.85146677767101,2.67147794033021,
289,201,225,6.82959427654218,1.87882076021978,2.67147794033021,
290,201,225,6.93049622353293,1.87882076021978,2.67147794033021,
290,201,225,6.93049622353293,1.87882076021978,2.67147794033021,
291,202,225,7.03288891836233,1.90657887659925,2.67147794033021,
292,202,225,7.13679438567096,1.90657887659925,2.67147794033021,
293,202,225,7.24223497549638,1.90657887659925,2.67147794033021,
293,203,225,7.24223497549638,1.93474709757265,2.67147794033021,
294,203,225,7.34923336808056,1.93474709757265,2.67147794033021,
294,203,225,7.34923336808056,1.93474709757265,2.67147794033021,
295,204,225,7.45781257874843,1.96333148211659,2.67147794033021,
295,204,225,7.45781257874843,1.96333148211659,2.67147794033021,
295,203,225,7.45781257874843,1.93474709757265,2.67147794033021,
295,203,225,7.45781257874843,1.93474709757265,2.67147794033021,
294,202,225,7.34923336808056,1.90657887659925,2.67147794033021,
294,202,225,7.34923336808056,1.90657887659925,2.67147794033021,
293,201,225,7.24223497549638,1.87882076021978,2.67147794033021,
293,201,225,7.24223497549638,1.87882076021978,2.67147794033021,
292,200,225,7.13679438567096,1.85146677767101,2.67147794033021,
291,200,224,7.03288891836233,1.85146677767101,2.63258356439695,
290,200,224,6.93049622353293,1.85146677767101,2.63258356439695,
289,200,224,6.82959427654218,1.85146677767101,2.63258356439695,
288,201,224,6.73016137340891,1.87882076021978,2.63258356439695,
287,201,223,6.63217612614291,1.87882076021978,2.59425545646702,
285,201,223,6.44046459967018,1.87882076021978,2.59425545646702,
284,202,223,6.34669708336664,1.90657887659925,2.59425545646702,
283,202,222,6.25429473986665,1.90657887659925,2.55648537217492,
281,202,222,6.07350635777532,1.90657887659925,2.55648537217492,
280,203,221,5.98508143165251,1.93474709757265,2.51926518718587,
279,203,221,5.89794389490567,1.93474709757265,2.51926518718587,
278,203,221,5.81207500427451,1.93474709757265,2.51926518718587,
277,203,221,5.72745628938418,1.93474709757265,2.51926518718587,
276,203,220,5.64406954877231,1.93474709757265,2.48258689544826,
275,203,220,5.56189684597383,1.93474709757265,2.48258689544826,
274,203,219,5.48092050566289,1.93474709757265,2.44644260747161,
274,202,219,5.48092050566289,1.90657887659925,2.44644260747161,
274,201,218,5.48092050566289,1.87882076021978,2.41082454862947,
274,201,218,5.48092050566289,1.87882076021978,2.41082454862947,
274,200,217,5.48092050566289,1.85146677767101,2.37572505748715,
274,200,217,5.48092050566289,1.85146677767101,2.37572505748715,
275,200,216,5.56189684597383,1.85146677767101,2.34113658415371,
275,200,216,5.56189684597383,1.85146677767101,2.34113658415371,
275,200,216,5.56189684597383,1.85146677767101,2.34113658415371,
276,199,216,5.64406954877231,1.82451104511879,2.34113658415371,
276,199,216,5.64406954877231,1.82451104511879,2.34113658415371,
276,199,216,5.64406954877231,1.82451104511879,2.34113658415371,
277,199,216,5.72745628938418,1.82451104511879,2.34113658415371,
277,199,216,5.72745628938418,1.82451104511879,2.34113658415371,
277,199,216,5.72745628938418,1.82451104511879,2.34113658415371,
278,199,216,5.81207500427451,1.82451104511879,2.34113658415371,
278,199,216,5.81207500427451,1.82451104511879,2.34113658415371,
279,199,216,5.89794389490567,1.82451104511879,2.34113658415371,
279,200,216,5.89794389490567,1.85146677767101,2.34113658415371,
280,200,216,5.98508143165251,1.85146677767101,2.34113658415371,
280,200,216,5.98508143165251,1.85146677767101,2.34113658415371,
281,200,216,6.07350635777532,1.85146677767101,2.34113658415371,
282,201,216,6.16323769345146,1.87882076021978,2.34113658415371,
283,201,216,6.25429473986665,1.87882076021978,2.34113658415371,
284,201,216,6.34669708336664,1.87882076021978,2.34113658415371,
285,202,216,6.44046459967018,1.90657887659925,2.34113658415371,
286,202,216,6.53561745814435,1.90657887659925,2.34113658415371,
287,203,216,6.63217612614291,1.93474709757265,2.34113658415371,
288,203,216,6.73016137340891,1.93474709757265,2.34113658415371,
289,203,216,6.82959427654218,1.93474709757265,2.34113658415371,
290,204,216,6.93049622353293,1.96333148211659,2.34113658415371,
291,204,216,7.03288891836233,1.96333148211659,2.34113658415371,
292,204,216,7.13679438567096,1.96333148211659,2.34113658415371,
293,205,216,7.24223497549638,1.99233817872436,2.34113658415371,
294,205,216,7.34923336808056,1.99233817872436,2.34113658415371,
295,205,216,7.45781257874843,1.99233817872436,2.34113658415371,
296,206,216,7.56799596285845,2.02177342672845,2.34113658415371,
297,206,216,7.67980722082636,2.02177342672845,2.34113658415371,
298,207,216,7.7932704032231,2.05164355764263,2.34113658415371,
300,207,216,8.02525052547905,2.05164355764263,2.34113658415371,
301,208,216,8.143817364199,2.08195499652389,2.34113658415371,
302,208,216,8.26413593580247,2.08195499652389,2.34113658415371,
304,208,216,8.51013218199128,2.08195499652389,2.34113658415371,
306,208,216,8.76345093032782,2.08195499652389,2.34113658415371,
308,208,216,9.02431014770603,2.08195499652389,2.34113658415371,
309,208,216,9.15763731580436,2.08195499652389,2.34113658415371,
310,208,216,9.29293428918002,2.08195499652389,2.34113658415371,
312,208,216,9.56955449109537,2.08195499652389,2.34113658415371,
314,208,216,9.85440876996926,2.08195499652389,2.34113658415371,
315,208,216,10,2.08195499652389,2.34113658415371,
317,208,216,10.2976672311537,2.08195499652389,2.34113658415371,
318,208,216,10.4498072604165,2.08195499652389,2.34113658415371,
318,207,216,10.4498072604165,2.05164355764263,2.34113658415371,
319,207,216,10.6041950403577,2.05164355764263,2.34113658415371,
319,207,215,10.6041950403577,2.05164355764263,2.30705168865802,
319,207,215,10.6041950403577,2.05164355764263,2.30705168865802,
318,206,214,10.4498072604165,2.02177342672845,2.27346303934839,
318,206,214,10.4498072604165,2.02177342672845,2.27346303934839,
318,206,213,10.4498072604165,2.02177342672845,2.24036341131558,
317,206,213,10.2976672311537,2.02177342672845,2.24036341131558,
317,205,212,10.2976672311537,1.99233817872436,2.20774568483865,
317,204,211,10.2976672311537,1.96333148211659,2.17560284385358,
316,204,211,10.1477422272906,1.96333148211659,2.17560284385358,
315,203,210,10,1.93474709757265,2.14392797444407,
315,203,210,10,1.93474709757265,2.14392797444407,
314,202,209,9.85440876996926,1.90657887659925,2.11271426335441,
313,201,208,9.71093722056471,1.87882076021978,2.08195499652389,
313,200,207,9.71093722056471,1.85146677767101,2.05164355764263,
312,200,207,9.56955449109537,1.85146677767101,2.05164355764263,
311,199,206,9.4302301701749,1.82451104511879,2.02177342672845,
311,199,206,9.4302301701749,1.82451104511879,2.02177342672845,
311,198,205,9.4302301701749,1.79794776439244,1.99233817872436,
311,197,204,9.4302301701749,1.77177122173755,1.96333148211659,
310,197,203,9.29293428918002,1.77177122173755,1.93474709757265,
310,196,203,9.29293428918002,1.74597578658696,1.93474709757265,
309,196,202,9.15763731580436,1.74597578658696,1.90657887659925,
309,196,201,9.15763731580436,1.74597578658696,1.87882076021978,
308,196,200,9.02431014770603,1.74597578658696,1.85146677767101,
308,196,199,9.02431014770603,1.74597578658696,1.82451104511879,
309,196,198,9.15763731580436,1.74597578658696,1.79794776439244,
309,196,197,9.15763731580436,1.74597578658696,1.77177122173755,
309,196,196,9.15763731580436,1.74597578658696,1.74597578658696,
310,196,196,9.29293428918002,1.74597578658696,1.74597578658696,
310,196,195,9.29293428918002,1.74597578658696,1.72055591034966,
311,196,195,9.4302301701749,1.74597578658696,1.72055591034966,
312,196,195,9.56955449109537,1.74597578658696,1.72055591034966,
313,196,195,9.71093722056471,1.74597578658696,1.72055591034966,
314,196,195,9.85440876996926,1.74597578658696,1.72055591034966,
315,196,195,10,1.74597578658696,1.72055591034966,
316,196,195,10.1477422272906,1.74597578658696,1.72055591034966,
317,196,195,10.2976672311537,1.74597578658696,1.72055591034966,
318,196,195,10.4498072604165,1.74597578658696,1.72055591034966,
320,196,195,10.7608637797463,1.74597578658696,1.72055591034966,
322,196,195,11.0811794323603,1.74597578658696,1.72055591034966,
323,196,195,11.2448952453946,1.74597578658696,1.72055591034966,
325,196,195,11.5796189286257,1.74597578658696,1.72055591034966,
327,196,195,11.9243062390556,1.74597578658696,1.72055591034966,
330,196,195,12.4606701912313,1.74597578658696,1.72055591034966,
332,190,195,12.8315835106456,1.59890130157397,1.72055591034966,
335,190,195,13.4087574532185,1.59890130157397,1.72055591034966,
337,189,195,13.8078922236497,1.57562270085457,1.72055591034966,
339,189,195,14.2189079282779,1.57562270085457,1.72055591034966,
341,189,195,14.6421582235819,1.57562270085457,1.72055591034966,
343,188,195,15.0780072932347,1.5526830161464,1.72055591034966,
344,187,194,15.3007731312954,1.53007731312954,1.69550612521721,
346,187,194,15.7562270085458,1.53007731312954,1.69550612521721,
348,186,193,16.2252382552521,1.50780072932347,1.67082104298771,
349,185,192,16.4649535390672,1.48584847304113,1.64649535390672,
349,185,192,16.4649535390672,1.48584847304113,1.64649535390672,
350,184,191,16.7082104298771,1.46421582235819,1.62252382552521,
351,183,190,16.9550612521721,1.44289812409743,1.59890130157397,
351,182,189,16.9550612521721,1.42189079282779,1.57562270085457,
352,182,189,17.2055591034966,1.42189079282779,1.57562270085457,
353,181,188,17.4597578658696,1.40118930987807,1.5526830161464,
353,181,188,17.4597578658696,1.40118930987807,1.5526830161464,
354,181,188,17.7177122173755,1.40118930987807,1.5526830161464,
354,181,187,17.7177122173755,1.40118930987807,1.53007731312954,
354,181,187,17.7177122173755,1.40118930987807,1.53007731312954,
354,181,187,17.7177122173755,1.40118930987807,1.53007731312954,
354,181,187,17.7177122173755,1.40118930987807,1.53007731312954,
354,181,187,17.7177122173755,1.40118930987807,1.53007731312954,
354,182,187,17.7177122173755,1.42189079282779,1.53007731312954,
354,182,187,17.7177122173755,1.42189079282779,1.53007731312954,
354,182,187,17.7177122173755,1.42189079282779,1.53007731312954,
354,182,187,17.7177122173755,1.42189079282779,1.53007731312954,
354,182,187,17.7177122173755,1.42189079282779,1.53007731312954,
354,182,187,17.7177122173755,1.42189079282779,1.53007731312954,
354,182,187,17.7177122173755,1.42189079282779,1.53007731312954,
354,182,187,17.7177122173755,1.42189079282779,1.53007731312954,
354,182,188,17.7177122173755,1.42189079282779,1.5526830161464,
354,182,188,17.7177122173755,1.42189079282779,1.5526830161464,
354,182,188,17.7177122173755,1.42189079282779,1.5526830161464,
354,182,189,17.7177122173755,1.42189079282779,1.57562270085457,
354,182,189,17.7177122173755,1.42189079282779,1.57562270085457,
354,184,190,17.7177122173755,1.46421582235819,1.59890130157397,
355,184,190,17.9794776439244,1.46421582235819,1.59890130157397,
356,185,191,18.2451104511879,1.48584847304113,1.62252382552521,
357,185,191,18.5146677767101,1.48584847304113,1.62252382552521,
358,185,191,18.7882076021978,1.48584847304113,1.62252382552521,
359,185,191,19.0657887659925,1.48584847304113,1.62252382552521,
361,186,191,19.6333148211659,1.50780072932347,1.62252382552521,
363,188,191,20.2177342672845,1.5526830161464,1.62252382552521,
364,190,191,20.5164355764263,1.59890130157397,1.62252382552521,
366,192,191,21.1271426335441,1.64649535390672,1.62252382552521,
367,194,191,21.4392797444407,1.69550612521721,1.62252382552521,
369,197,191,22.0774568483865,1.77177122173755,1.62252382552521,
371,197,191,22.7346303934839,1.77177122173755,1.62252382552521,
373,197,191,23.4113658415371,1.77177122173755,1.62252382552521,
375,197,191,24.1082454862947,1.77177122173755,1.62252382552521,
377,197,191,24.8258689544827,1.77177122173755,1.62252382552521,
378,197,191,25.1926518718587,1.77177122173755,1.62252382552521,
380,197,191,25.9425545646702,1.77177122173755,1.62252382552521,
381,197,191,26.3258356439695,1.77177122173755,1.62252382552521,
384,197,191,27.5099908448884,1.77177122173755,1.62252382552521,
385,197,191,27.9164295769052,1.77177122173755,1.62252382552521,
387,197,191,28.7474102064907,1.77177122173755,1.62252382552521,
388,197,191,29.1721308477651,1.77177122173755,1.62252382552521,
389,197,191,29.6031264063913,1.77177122173755,1.62252382552521,
391,197,191,30.4843144734797,1.77177122173755,1.62252382552521,
392,197,191,30.9346965252536,1.77177122173755,1.62252382552521,
393,197,191,31.3917326217736,1.77177122173755,1.62252382552521,
395,197,191,32.3261616348377,1.77177122173755,1.62252382552521,
395,197,191,32.3261616348377,1.77177122173755,1.62252382552521,
396,197,191,32.8037555468064,1.77177122173755,1.62252382552521,
397,197,191,33.2884055376046,1.77177122173755,1.62252382552521,
397,197,191,33.2884055376046,1.77177122173755,1.62252382552521,
398,197,191,33.7802158553125,1.77177122173755,1.62252382552521,
399,197,191,34.2792922881947,1.77177122173755,1.62252382552521,
399,197,191,34.2792922881947,1.77177122173755,1.62252382552521,
399,197,191,34.2792922881947,1.77177122173755,1.62252382552521,
398,197,191,33.7802158553125,1.77177122173755,1.62252382552521,
397,197,191,33.2884055376046,1.77177122173755,1.62252382552521,
395,197,191,32.3261616348377,1.77177122173755,1.62252382552521,
394,197,191,31.8555210713788,1.77177122173755,1.62252382552521,
392,197,191,30.9346965252536,1.77177122173755,1.62252382552521,
390,197,191,30.0404895893959,1.77177122173755,1.62252382552521,
388,197,191,29.1721308477651,1.77177122173755,1.62252382552521,
387,197,191,28.7474102064907,1.77177122173755,1.62252382552521,
386,197,191,28.3288731252746,1.77177122173755,1.62252382552521,
386,197,191,28.3288731252746,1.77177122173755,1.62252382552521,
386,197,191,28.3288731252746,1.77177122173755,1.62252382552521,
388,197,191,29.1721308477651,1.77177122173755,1.62252382552521,
389,197,191,29.6031264063913,1.77177122173755,1.62252382552521,
390,197,191,30.0404895893959,1.77177122173755,1.62252382552521,
392,186,191,30.9346965252536,1.50780072932347,1.62252382552521,
393,186,191,31.3917326217736,1.50780072932347,1.62252382552521,
394,186,191,31.8555210713788,1.50780072932347,1.62252382552521,
396,185,191,32.8037555468064,1.48584847304113,1.62252382552521,
397,185,191,33.2884055376046,1.48584847304113,1.62252382552521,
398,185,191,33.7802158553125,1.48584847304113,1.62252382552521,
399,185,191,34.2792922881947,1.48584847304113,1.62252382552521,
399,185,191,34.2792922881947,1.48584847304113,1.62252382552521,
400,184,192,34.7857421874551,1.46421582235819,1.64649535390672,
400,184,192,34.7857421874551,1.46421582235819,1.64649535390672,
400,184,193,34.7857421874551,1.46421582235819,1.67082104298771,
400,184,193,34.7857421874551,1.46421582235819,1.67082104298771,
400,184,194,34.7857421874551,1.46421582235819,1.69550612521721,
400,184,194,34.7857421874551,1.46421582235819,1.69550612521721,
400,183,195,34.7857421874551,1.44289812409743,1.72055591034966,
400,183,195,34.7857421874551,1.44289812409743,1.72055591034966,
400,183,195,34.7857421874551,1.44289812409743,1.72055591034966,
400,184,195,34.7857421874551,1.46421582235819,1.72055591034966,
400,184,195,34.7857421874551,1.46421582235819,1.72055591034966,
400,184,195,34.7857421874551,1.46421582235819,1.72055591034966,
400,185,195,34.7857421874551,1.48584847304113,1.72055591034966,
400,185,195,34.7857421874551,1.48584847304113,1.72055591034966,
400,185,195,34.7857421874551,1.48584847304113,1.72055591034966,
400,185,195,34.7857421874551,1.48584847304113,1.72055591034966,
400,186,195,34.7857421874551,1.50780072932347,1.72055591034966,
400,186,195,34.7857421874551,1.50780072932347,1.72055591034966,
401,187,195,35.2996744903282,1.53007731312954,1.72055591034966,
403,187,195,36.3504301269445,1.53007731312954,1.72055591034966,
404,187,196,36.8874794779372,1.53007731312954,1.74597578658696,
406,187,196,37.9854988659808,1.53007731312954,1.74597578658696,
407,188,197,38.5467050867013,1.5526830161464,1.77177122173755,
409,188,197,39.694114184027,1.5526830161464,1.77177122173755,
411,189,198,40.8756778902528,1.57562270085457,1.79794776439244,
414,189,198,42.7142955592012,1.57562270085457,1.79794776439244,
415,190,199,43.3453660755077,1.59890130157397,1.82451104511879,
417,190,199,44.6356155858117,1.59890130157397,1.82451104511879,
418,190,199,45.2950721121253,1.59890130157397,1.82451104511879,
419,191,199,45.9642715960387,1.62252382552521,1.82451104511879,
420,191,199,46.6433579821777,1.62252382552521,1.82451104511879,
420,191,199,46.6433579821777,1.62252382552521,1.82451104511879,
420,192,199,46.6433579821777,1.64649535390672,1.82451104511879,
420,192,199,46.6433579821777,1.64649535390672,1.82451104511879,
419,192,199,45.9642715960387,1.64649535390672,1.82451104511879,
419,192,199,45.9642715960387,1.64649535390672,1.82451104511879,
419,192,199,45.9642715960387,1.64649535390672,1.82451104511879,
418,192,199,45.2950721121253,1.64649535390672,1.82451104511879,
418,193,199,45.2950721121253,1.67082104298771,1.82451104511879,
418,193,199,45.2950721121253,1.67082104298771,1.82451104511879,
417,193,199,44.6356155858117,1.67082104298771,1.82451104511879,
418,193,199,45.2950721121253,1.67082104298771,1.82451104511879,
418,193,199,45.2950721121253,1.67082104298771,1.82451104511879,
418,193,199,45.2950721121253,1.67082104298771,1.82451104511879,
419,193,199,45.9642715960387,1.67082104298771,1.82451104511879,
420,193,199,46.6433579821777,1.67082104298771,1.82451104511879,
420,193,199,46.6433579821777,1.67082104298771,1.82451104511879,
421,193,199,47.3324773418377,1.67082104298771,1.82451104511879,
422,193,199,48.0317779044043,1.67082104298771,1.82451104511879,
423,193,199,48.7414100892367,1.67082104298771,1.82451104511879,
423,193,199,48.7414100892367,1.67082104298771,1.82451104511879,
424,193,199,49.4615265380236,1.67082104298771,1.82451104511879,
426,193,199,50.9338341033445,1.67082104298771,1.82451104511879,
426,193,200,50.9338341033445,1.67082104298771,1.85146677767101,
428,193,200,52.449967440303,1.67082104298771,1.85146677767101,
429,193,200,53.224874941398,1.67082104298771,1.85146677767101,
430,194,201,54.0112310985087,1.69550612521721,1.87882076021978,
431,194,201,54.8092050566288,1.69550612521721,1.87882076021978,
433,195,202,56.4406954877231,1.72055591034966,1.90657887659925,
434,195,202,57.2745628938418,1.72055591034966,1.90657887659925,
435,196,203,58.120750042745,1.74597578658696,1.93474709757265,
436,196,203,58.9794389490567,1.74597578658696,1.93474709757265,
437,197,203,59.8508143165251,1.77177122173755,1.93474709757265,
438,197,203,60.7350635777532,1.77177122173755,1.93474709757265,
438,197,203,60.7350635777532,1.77177122173755,1.93474709757265,
438,197,203,60.7350635777532,1.77177122173755,1.93474709757265,
438,196,203,60.7350635777532,1.74597578658696,1.93474709757265,
438,196,203,60.7350635777532,1.74597578658696,1.93474709757265,
438,196,203,60.7350635777532,1.74597578658696,1.93474709757265,
438,196,203,60.7350635777532,1.74597578658696,1.93474709757265,
438,196,203,60.7350635777532,1.74597578658696,1.93474709757265,
438,196,203,60.7350635777532,1.74597578658696,1.93474709757265,
438,195,203,60.7350635777532,1.72055591034966,1.93474709757265,
438,195,203,60.7350635777532,1.72055591034966,1.93474709757265,
438,195,203,60.7350635777532,1.72055591034966,1.93474709757265,
437,195,203,59.8508143165251,1.72055591034966,1.93474709757265,
437,195,203,59.8508143165251,1.72055591034966,1.93474709757265,
437,195,203,59.8508143165251,1.72055591034966,1.93474709757265,
436,195,203,58.9794389490567,1.72055591034966,1.93474709757265,
436,195,203,58.9794389490567,1.72055591034966,1.93474709757265,
435,195,203,58.120750042745,1.72055591034966,1.93474709757265,
435,195,203,58.120750042745,1.72055591034966,1.93474709757265,
434,195,203,57.2745628938418,1.72055591034966,1.93474709757265,
435,195,203,58.120750042745,1.72055591034966,1.93474709757265,
435,195,203,58.120750042745,1.72055591034966,1.93474709757265,
435,195,203,58.120750042745,1.72055591034966,1.93474709757265,
436,194,203,58.9794389490567,1.69550612521721,1.93474709757265,
437,194,203,59.8508143165251,1.69550612521721,1.93474709757265,
437,194,203,59.8508143165251,1.69550612521721,1.93474709757265,
438,193,203,60.7350635777532,1.67082104298771,1.93474709757265,
439,193,203,61.6323769345145,1.67082104298771,1.93474709757265,
440,193,203,62.5429473986665,1.67082104298771,1.93474709757265,
440,192,203,62.5429473986665,1.64649535390672,1.93474709757265,
441,192,203,63.4669708336664,1.64649535390672,1.93474709757265,
442,191,203,64.4046459967018,1.62252382552521,1.93474709757265,
443,191,203,65.3561745814434,1.62252382552521,1.93474709757265,
444,191,203,66.3217612614291,1.62252382552521,1.93474709757265,
445,190,203,67.3016137340891,1.59890130157397,1.93474709757265,
445,189,203,67.3016137340891,1.57562270085457,1.93474709757265,
446,189,203,68.2959427654218,1.57562270085457,1.93474709757265,
447,189,203,69.3049622353293,1.57562270085457,1.93474709757265,
448,188,203,70.3288891836233,1.5526830161464,1.93474709757265,
449,188,203,71.3679438567096,1.5526830161464,1.93474709757265,
449,187,204,71.3679438567096,1.53007731312954,1.96333148211659,
450,187,204,72.4223497549638,1.53007731312954,1.96333148211659,
450,187,204,72.4223497549638,1.53007731312954,1.96333148211659,
450,186,204,72.4223497549638,1.50780072932347,1.96333148211659,
450,186,205,72.4223497549638,1.50780072932347,1.99233817872436,
450,186,205,72.4223497549638,1.50780072932347,1.99233817872436,
450,185,205,72.4223497549638,1.48584847304113,1.99233817872436,
450,185,206,72.4223497549638,1.48584847304113,2.02177342672845,
450,185,206,72.4223497549638,1.48584847304113,2.02177342672845,
450,184,206,72.4223497549638,1.46421582235819,2.02177342672845,
450,184,207,72.4223497549638,1.46421582235819,2.05164355764263,
450,184,207,72.4223497549638,1.46421582235819,2.05164355764263,
450,184,207,72.4223497549638,1.46421582235819,2.05164355764263,
450,184,208,72.4223497549638,1.46421582235819,2.08195499652389,
450,185,208,72.4223497549638,1.48584847304113,2.08195499652389,
450,186,209,72.4223497549638,1.50780072932347,2.11271426335441,
449,187,209,71.3679438567096,1.53007731312954,2.11271426335441,
449,188,210,71.3679438567096,1.5526830161464,2.14392797444407,
448,190,210,70.3288891836233,1.59890130157397,2.14392797444407,
448,191,211,70.3288891836233,1.62252382552521,2.17560284385358,
447,192,211,69.3049622353293,1.64649535390672,2.17560284385358,
447,193,212,69.3049622353293,1.67082104298771,2.20774568483865,
446,194,212,68.2959427654218,1.69550612521721,2.20774568483865,
446,195,212,68.2959427654218,1.72055591034966,2.20774568483865,
446,196,211,68.2959427654218,1.74597578658696,2.17560284385358,
446,197,211,68.2959427654218,1.77177122173755,2.17560284385358,
446,197,211,68.2959427654218,1.77177122173755,2.17560284385358,
446,197,210,68.2959427654218,1.77177122173755,2.14392797444407,
446,198,210,68.2959427654218,1.79794776439244,2.14392797444407,
446,198,209,68.2959427654218,1.79794776439244,2.11271426335441,
446,198,209,68.2959427654218,1.79794776439244,2.11271426335441,
446,199,209,68.2959427654218,1.82451104511879,2.11271426335441,
446,199,208,68.2959427654218,1.82451104511879,2.08195499652389,
447,199,208,69.3049622353293,1.82451104511879,2.08195499652389,
447,200,208,69.3049622353293,1.85146677767101,2.08195499652389,
448,200,208,70.3288891836233,1.85146677767101,2.08195499652389,
449,200,208,71.3679438567096,1.85146677767101,2.08195499652389,
449,200,208,71.3679438567096,1.85146677767101,2.08195499652389,
451,200,208,73.4923336808055,1.85146677767101,2.08195499652389,
451,200,208,73.4923336808055,1.85146677767101,2.08195499652389,
452,200,208,74.5781257874843,1.85146677767101,2.08195499652389,
453,200,208,75.6799596285845,1.85146677767101,2.08195499652389,
454,200,208,76.7980722082636,1.85146677767101,2.08195499652389,
455,200,208,77.932704032231,1.85146677767101,2.08195499652389,
456,200,208,79.0840991594812,1.85146677767101,2.08195499652389,
457,200,208,80.2525052547905,1.85146677767101,2.08195499652389,
458,199,208,81.43817364199,1.82451104511879,2.08195499652389,
458,199,208,81.43817364199,1.82451104511879,2.08195499652389,
458,198,208,81.43817364199,1.79794776439244,2.08195499652389,
458,198,208,81.43817364199,1.79794776439244,2.08195499652389,
457,196,208,80.2525052547905,1.74597578658696,2.08195499652389,
457,195,208,80.2525052547905,1.72055591034966,2.08195499652389,
456,194,208,79.0840991594812,1.69550612521721,2.08195499652389,
455,193,208,77.932704032231,1.67082104298771,2.08195499652389,
454,192,208,76.7980722082636,1.64649535390672,2.08195499652389,
453,192,208,75.6799596285845,1.64649535390672,2.08195499652389,
452,191,207,74.5781257874843,1.62252382552521,2.05164355764263,
450,190,207,72.4223497549638,1.59890130157397,2.05164355764263,
449,189,207,71.3679438567096,1.57562270085457,2.05164355764263,
447,188,206,69.3049622353293,1.5526830161464,2.02177342672845,
445,188,206,67.3016137340891,1.5526830161464,2.02177342672845,
443,187,206,65.3561745814434,1.53007731312954,2.02177342672845,
441,186,205,63.4669708336664,1.50780072932347,1.99233817872436,
439,186,205,61.6323769345145,1.50780072932347,1.99233817872436,
437,185,205,59.8508143165251,1.48584847304113,1.99233817872436,
435,184,204,58.120750042745,1.46421582235819,1.96333148211659,
434,184,204,57.2745628938418,1.46421582235819,1.96333148211659,
432,183,204,55.6189684597383,1.44289812409743,1.96333148211659,
431,182,204,54.8092050566288,1.42189079282779,1.96333148211659,
431,182,203,54.8092050566288,1.42189079282779,1.93474709757265,
431,181,203,54.8092050566288,1.40118930987807,1.93474709757265,
431,181,203,54.8092050566288,1.40118930987807,1.93474709757265,
432,180,203,55.6189684597383,1.38078922236497,1.93474709757265,
433,180,203,56.4406954877231,1.38078922236497,1.93474709757265,
433,179,203,56.4406954877231,1.36068614223524,1.93474709757265,
433,179,203,56.4406954877231,1.36068614223524,1.93474709757265,
434,179,203,57.2745628938418,1.36068614223524,1.93474709757265,
434,179,203,57.2745628938418,1.36068614223524,1.93474709757265,
434,180,203,57.2745628938418,1.38078922236497,1.93474709757265,
434,181,203,57.2745628938418,1.40118930987807,1.93474709757265,
434,181,203,57.2745628938418,1.40118930987807,1.93474709757265,
434,182,203,57.2745628938418,1.42189079282779,1.93474709757265,
434,183,203,57.2745628938418,1.44289812409743,1.93474709757265,
434,183,203,57.2745628938418,1.44289812409743,1.93474709757265,
434,184,203,57.2745628938418,1.46421582235819,1.93474709757265,
434,185,203,57.2745628938418,1.48584847304113,1.93474709757265,
434,185,203,57.2745628938418,1.48584847304113,1.93474709757265,
434,186,203,57.2745628938418,1.50780072932347,1.93474709757265,
434,186,203,57.2745628938418,1.50780072932347,1.93474709757265,
434,187,203,57.2745628938418,1.53007731312954,1.93474709757265,
434,187,203,57.2745628938418,1.53007731312954,1.93474709757265,
434,187,203,57.2745628938418,1.53007731312954,1.93474709757265,
434,187,203,57.2745628938418,1.53007731312954,1.93474709757265,
434,187,203,57.2745628938418,1.53007731312954,1.93474709757265,
434,187,203,57.2745628938418,1.53007731312954,1.93474709757265,
434,187,203,57.2745628938418,1.53007731312954,1.93474709757265,
434,187,203,57.2745628938418,1.53007731312954,1.93474709757265,
435,187,203,58.120750042745,1.53007731312954,1.93474709757265,
435,186,203,58.120750042745,1.50780072932347,1.93474709757265,
436,185,203,58.9794389490567,1.48584847304113,1.93474709757265,
437,185,203,59.8508143165251,1.48584847304113,1.93474709757265,
438,184,203,60.7350635777532,1.46421582235819,1.93474709757265,
439,184,203,61.6323769345145,1.46421582235819,1.93474709757265,
440,183,203,62.5429473986665,1.44289812409743,1.93474709757265,
441,182,203,63.4669708336664,1.42189079282779,1.93474709757265,
442,182,203,64.4046459967018,1.42189079282779,1.93474709757265,
443,181,203,65.3561745814434,1.40118930987807,1.93474709757265,
444,180,203,66.3217612614291,1.38078922236497,1.93474709757265,
446,179,203,68.2959427654218,1.36068614223524,1.93474709757265,
447,178,204,69.3049622353293,1.34087574532185,1.96333148211659,
449,177,204,71.3679438567096,1.32135377041387,1.96333148211659,
450,177,205,72.4223497549638,1.32135377041387,1.99233817872436,
452,176,205,74.5781257874843,1.30211601833984,1.99233817872436,
453,175,205,75.6799596285845,1.28315835106456,1.99233817872436,
455,174,206,77.932704032231,1.26447669079899,2.02177342672845,
457,173,206,80.2525052547905,1.24606701912313,2.02177342672845,
459,172,207,82.6413593580247,1.22792537612164,2.05164355764263,
460,172,207,83.8623212078126,1.22792537612164,2.05164355764263,
462,171,208,86.3586277030178,1.21004785953209,2.08195499652389,
463,170,208,87.6345093032782,1.19243062390556,2.08195499652389,
466,170,208,91.5763731580436,1.19243062390556,2.08195499652389,
467,169,208,92.9293428918002,1.17506987977948,2.08195499652389,
468,169,208,94.302301701749,1.17506987977948,2.08195499652389,
469,169,208,95.6955449109537,1.17506987977948,2.08195499652389,
469,168,208,95.6955449109537,1.15796189286257,2.08195499652389,
470,168,208,97.109372205647,1.15796189286257,2.08195499652389,
471,168,208,98.5440876996925,1.15796189286257,2.08195499652389,
472,167,208,100,1.14110298323151,2.08195499652389,
473,167,208,101.477422272906,1.14110298323151,2.08195499652389,
474,166,208,102.976672311537,1.12448952453946,2.08195499652389,
474,166,208,102.976672311537,1.12448952453946,2.08195499652389,
474,165,208,102.976672311537,1.10811794323603,2.08195499652389,
473,165,208,101.477422272906,1.10811794323603,2.08195499652389,
472,164,209,100,1.09198471779854,2.11271426335441,
471,164,209,98.5440876996925,1.09198471779854,2.11271426335441,
470,163,209,97.109372205647,1.07608637797463,2.11271426335441,
468,162,210,94.302301701749,1.06041950403577,2.14392797444407,
468,162,210,94.302301701749,1.06041950403577,2.14392797444407,
467,161,210,92.9293428918002,1.04498072604165,2.14392797444407,
465,160,211,90.2431014770602,1.02976672311537,2.17560284385358,
463,160,211,87.6345093032782,1.02976672311537,2.17560284385358,
462,159,211,86.3586277030178,1.01477422272906,2.17560284385358,
461,159,212,85.1013218199128,1.01477422272906,2.20774568483865,
461,160,212,85.1013218199128,1.02976672311537,2.20774568483865,
460,161,212,83.8623212078126,1.04498072604165,2.20774568483865,
459,162,213,82.6413593580247,1.06041950403577,2.24036341131558,
459,164,214,82.6413593580247,1.09198471779854,2.27346303934839,
459,165,214,82.6413593580247,1.10811794323603,2.27346303934839,
459,167,215,82.6413593580247,1.14110298323151,2.30705168865802,
459,169,215,82.6413593580247,1.17506987977948,2.30705168865802,
459,170,216,82.6413593580247,1.19243062390556,2.34113658415371,
460,172,216,83.8623212078126,1.22792537612164,2.34113658415371,
461,172,216,85.1013218199128,1.22792537612164,2.34113658415371,
462,173,217,86.3586277030178,1.24606701912313,2.37572505748715,
463,175,217,87.6345093032782,1.28315835106456,2.37572505748715,
464,176,217,88.9292410624769,1.30211601833984,2.37572505748715,
467,176,218,92.9293428918002,1.30211601833984,2.41082454862947,
467,176,218,92.9293428918002,1.30211601833984,2.41082454862947,
468,177,218,94.302301701749,1.32135377041387,2.41082454862947,
469,177,219,95.6955449109537,1.32135377041387,2.44644260747161,
470,177,219,97.109372205647,1.32135377041387,2.44644260747161,
472,178,219,100,1.34087574532185,2.44644260747161,
473,178,220,101.477422272906,1.34087574532185,2.48258689544826,
473,178,220,101.477422272906,1.34087574532185,2.48258689544826,
474,179,220,102.976672311537,1.36068614223524,2.48258689544826,
475,180,221,104.498072604165,1.38078922236497,2.51926518718587,
475,181,221,104.498072604165,1.40118930987807,2.51926518718587,
474,181,222,102.976672311537,1.40118930987807,2.55648537217492,
474,182,223,102.976672311537,1.42189079282779,2.59425545646702,
473,183,223,101.477422272906,1.44289812409743,2.59425545646702,
473,184,223,101.477422272906,1.46421582235819,2.59425545646702,
472,185,224,100,1.48584847304113,2.63258356439695,
472,186,224,100,1.50780072932347,2.63258356439695,
472,187,225,100,1.53007731312954,2.67147794033021,
473,188,225,101.477422272906,1.5526830161464,2.67147794033021,
474,189,225,102.976672311537,1.57562270085457,2.67147794033021,
475,190,226,104.498072604165,1.59890130157397,2.71094695043643,
476,191,226,106.041950403577,1.62252382552521,2.71094695043643,
477,192,226,107.608637797463,1.64649535390672,2.71094695043643,
478,194,227,109.198471779854,1.69550612521721,2.75099908448884,
478,195,227,109.198471779854,1.72055591034966,2.75099908448884,
479,196,227,110.811794323603,1.74597578658696,2.75099908448884,
481,196,228,114.110298323151,1.74597578658696,2.79164295769052,
482,198,228,115.796189286257,1.79794776439244,2.79164295769052,
483,199,229,117.506987977948,1.82451104511879,2.83288731252746,
484,199,229,119.243062390556,1.82451104511879,2.83288731252746,
484,200,229,119.243062390556,1.85146677767101,2.83288731252746,
485,201,230,121.004785953209,1.87882076021978,2.87474102064907,
486,202,230,122.792537612164,1.90657887659925,2.87474102064907,
486,203,231,122.792537612164,1.93474709757265,2.91721308477651,
487,204,231,124.606701912313,1.96333148211659,2.91721308477651,
487,205,232,124.606701912313,1.99233817872436,2.96031264063913,
488,206,232,126.447669079899,2.02177342672845,2.96031264063913,
488,207,233,126.447669079899,2.05164355764263,3.00404895893959,
488,207,233,126.447669079899,2.05164355764263,3.00404895893959,
488,207,233,126.447669079899,2.05164355764263,3.00404895893959,
488,207,233,126.447669079899,2.05164355764263,3.00404895893959,
488,207,233,126.447669079899,2.05164355764263,3.00404895893959,
488,206,233,126.447669079899,2.02177342672845,3.00404895893959,
488,206,233,126.447669079899,2.02177342672845,3.00404895893959,
488,206,233,126.447669079899,2.02177342672845,3.00404895893959,
488,205,233,126.447669079899,1.99233817872436,3.00404895893959,
488,205,233,126.447669079899,1.99233817872436,3.00404895893959,
488,205,233,126.447669079899,1.99233817872436,3.00404895893959,
488,205,233,126.447669079899,1.99233817872436,3.00404895893959,
488,204,233,126.447669079899,1.96333148211659,3.00404895893959,
488,204,233,126.447669079899,1.96333148211659,3.00404895893959,
489,204,234,128.315835106456,1.96333148211659,3.04843144734797,
490,205,234,130.211601833984,1.99233817872436,3.04843144734797,
490,205,234,130.211601833984,1.99233817872436,3.04843144734797,
491,206,235,132.135377041388,2.02177342672845,3.09346965252536,
491,206,236,132.135377041388,2.02177342672845,3.13917326217736,
492,207,236,134.087574532185,2.05164355764263,3.13917326217736,
492,207,237,134.087574532185,2.05164355764263,3.18555210713788,
493,208,237,136.068614223524,2.08195499652389,3.18555210713788,
493,208,237,136.068614223524,2.08195499652389,3.18555210713788,
494,208,237,138.078922236497,2.08195499652389,3.18555210713788,
494,209,238,138.078922236497,2.11271426335441,3.23261616348377,
495,209,238,140.118930987807,2.11271426335441,3.23261616348377,
496,210,239,142.189079282779,2.14392797444407,3.28037555468064,
496,210,239,142.189079282779,2.14392797444407,3.28037555468064,
497,210,239,144.289812409743,2.14392797444407,3.28037555468064,
498,211,239,146.421582235819,2.17560284385358,3.28037555468064,
498,211,240,146.421582235819,2.17560284385358,3.32884055376046,
499,211,240,148.584847304113,2.17560284385358,3.32884055376046,
500,212,240,150.780072932347,2.20774568483865,3.32884055376046,
500,212,241,150.780072932347,2.20774568483865,3.37802158553125,
500,212,242,150.780072932347,2.20774568483865,3.42792922881947,
499,212,242,148.584847304113,2.20774568483865,3.42792922881947,
499,212,243,148.584847304113,2.20774568483865,3.4785742187455,
498,212,243,146.421582235819,2.20774568483865,3.4785742187455,
497,212,244,144.289812409743,2.20774568483865,3.52996744903282,
496,212,245,142.189079282779,2.20774568483865,3.58211997435117,
495,212,245,140.118930987807,2.20774568483865,3.58211997435117,
494,212,246,138.078922236497,2.20774568483865,3.63504301269445,
493,212,247,136.068614223524,2.20774568483865,3.68874794779372,
492,212,247,134.087574532185,2.20774568483865,3.68874794779372,
491,212,248,132.135377041388,2.20774568483865,3.74324633156579,
490,212,249,130.211601833984,2.20774568483865,3.79854988659808,
489,213,249,128.315835106456,2.24036341131558,3.79854988659808,
489,214,250,128.315835106456,2.27346303934839,3.85467050867013,
489,215,251,128.315835106456,2.30705168865802,3.91162026931237,
490,216,251,130.211601833984,2.34113658415371,3.91162026931237,
490,217,252,130.211601833984,2.37572505748715,3.9694114184027,
491,219,252,132.135377041388,2.44644260747161,3.9694114184027,
491,220,252,132.135377041388,2.48258689544826,3.9694114184027,
492,221,253,134.087574532185,2.51926518718587,4.02805638680146,
492,222,253,134.087574532185,2.55648537217492,4.02805638680146,
492,224,253,134.087574532185,2.63258356439695,4.02805638680146,
492,224,254,134.087574532185,2.63258356439695,4.08756778902529,
492,226,254,134.087574532185,2.71094695043643,4.08756778902529,
491,226,254,132.135377041388,2.71094695043643,4.08756778902529,
491,227,254,132.135377041388,2.75099908448884,4.08756778902529,
491,228,254,132.135377041388,2.79164295769052,4.08756778902529,
490,228,254,130.211601833984,2.79164295769052,4.08756778902529,
490,229,254,130.211601833984,2.83288731252746,4.08756778902529,
490,230,254,130.211601833984,2.87474102064907,4.08756778902529,
489,230,254,128.315835106456,2.87474102064907,4.08756778902529,
489,232,254,128.315835106456,2.96031264063913,4.08756778902529,
490,232,254,130.211601833984,2.96031264063913,4.08756778902529,
491,234,254,132.135377041388,3.04843144734797,4.08756778902529,
492,235,254,134.087574532185,3.09346965252536,4.08756778902529,
494,236,255,138.078922236497,3.13917326217736,4.14795842596048,
495,237,255,140.118930987807,3.18555210713788,4.14795842596048,
497,238,256,144.289812409743,3.23261616348377,4.20924128761651,
499,240,256,148.584847304113,3.32884055376046,4.20924128761651,
502,241,257,155.26830161464,3.37802158553125,4.27142955592012,
503,242,257,157.562270085458,3.42792922881947,4.27142955592012,
505,243,258,162.252382552521,3.4785742187455,4.33453660755077,
506,244,258,164.649535390672,3.52996744903282,4.33453660755077,
507,244,258,167.082104298771,3.52996744903282,4.33453660755077,
509,244,259,172.055591034966,3.52996744903282,4.398576016818,
509,243,259,172.055591034966,3.4785742187455,4.398576016818,
509,242,259,172.055591034966,3.42792922881947,4.398576016818,
509,242,260,172.055591034966,3.42792922881947,4.46356155858118,
509,241,260,172.055591034966,3.37802158553125,4.46356155858118,
509,240,260,172.055591034966,3.32884055376046,4.46356155858118,
509,240,261,172.055591034966,3.32884055376046,4.52950721121253,
509,239,261,172.055591034966,3.28037555468064,4.52950721121253,
509,239,261,172.055591034966,3.28037555468064,4.52950721121253,
509,239,262,172.055591034966,3.28037555468064,4.59642715960387,
510,239,262,174.597578658696,3.28037555468064,4.59642715960387,
510,241,262,174.597578658696,3.37802158553125,4.59642715960387,
511,242,262,177.177122173755,3.42792922881947,4.59642715960387,
512,243,262,179.794776439244,3.4785742187455,4.59642715960387,
513,245,262,182.451104511879,3.58211997435117,4.59642715960387,
514,246,262,185.146677767101,3.63504301269445,4.59642715960387,
515,249,262,187.882076021978,3.79854988659808,4.59642715960387,
516,250,262,190.657887659925,3.85467050867013,4.59642715960387,
517,251,262,193.474709757265,3.91162026931237,4.59642715960387,
518,252,262,196.333148211659,3.9694114184027,4.59642715960387,
519,253,263,199.233817872436,4.02805638680146,4.66433579821777,
520,254,263,202.177342672845,4.08756778902529,4.66433579821777,
521,255,263,205.164355764263,4.14795842596048,4.66433579821777,
522,255,263,208.195499652389,4.14795842596048,4.66433579821777,
523,255,264,211.271426335441,4.14795842596048,4.73324773418377,
524,255,264,214.392797444407,4.14795842596048,4.73324773418377,
525,256,264,217.560284385358,4.20924128761651,4.73324773418377,
526,256,265,220.774568483865,4.20924128761651,4.80317779044043,
527,257,265,224.036341131558,4.27142955592012,4.80317779044043,
528,257,266,227.346303934839,4.27142955592012,4.87414100892367,
529,257,266,230.705168865802,4.27142955592012,4.87414100892367,
530,257,266,234.113658415371,4.27142955592012,4.87414100892367,
532,258,266,241.082454862947,4.33453660755077,4.87414100892367,
533,258,266,244.644260747162,4.33453660755077,4.87414100892367,
534,259,266,248.258689544826,4.398576016818,4.87414100892367,
535,259,266,251.926518718587,4.398576016818,4.87414100892367,
537,260,266,259.425545646702,4.46356155858118,4.87414100892367,
538,272,266,263.258356439695,5.3224874941398,4.87414100892367,
539,272,266,267.147794033021,5.3224874941398,4.87414100892367,
540,273,266,271.094695043643,5.40112310985087,4.87414100892367,
541,274,267,275.099908448884,5.48092050566289,4.94615265380236,
542,274,267,279.164295769052,5.48092050566289,4.94615265380236,
542,274,267,279.164295769052,5.48092050566289,4.94615265380236,
541,275,268,275.099908448884,5.56189684597383,5.01922821476158,
541,275,268,275.099908448884,5.56189684597383,5.01922821476158,
541,276,268,275.099908448884,5.64406954877231,5.01922821476158,
540,277,269,271.094695043643,5.72745628938418,5.09338341033445,
540,277,269,271.094695043643,5.72745628938418,5.09338341033445,
540,277,269,271.094695043643,5.72745628938418,5.09338341033445,
540,278,270,271.094695043643,5.81207500427451,5.16863419128324,
539,278,270,267.147794033021,5.81207500427451,5.16863419128324,
539,279,270,267.147794033021,5.89794389490567,5.16863419128324,
540,279,271,271.094695043643,5.89794389490567,5.2449967440303,
540,279,271,271.094695043643,5.89794389490567,5.2449967440303,
541,279,271,275.099908448884,5.89794389490567,5.2449967440303,
542,279,271,279.164295769052,5.89794389490567,5.2449967440303,
543,279,271,283.288731252746,5.89794389490567,5.2449967440303,
545,279,271,291.721308477651,5.89794389490567,5.2449967440303,
546,278,271,296.031264063913,5.81207500427451,5.2449967440303,
547,278,271,300.404895893959,5.81207500427451,5.2449967440303,
549,278,271,309.346965252536,5.81207500427451,5.2449967440303,
550,278,271,313.917326217736,5.81207500427451,5.2449967440303,
551,278,271,318.555210713788,5.81207500427451,5.2449967440303,
552,278,271,323.261616348377,5.81207500427451,5.2449967440303,
553,277,271,328.037555468064,5.72745628938418,5.2449967440303,
554,277,271,332.884055376046,5.72745628938418,5.2449967440303,
555,278,272,337.802158553125,5.81207500427451,5.3224874941398,
556,278,272,342.792922881947,5.81207500427451,5.3224874941398,
557,279,273,347.85742187455,5.89794389490567,5.40112310985087,
557,279,273,347.85742187455,5.89794389490567,5.40112310985087,
558,280,273,352.996744903282,5.98508143165251,5.40112310985087,
558,280,274,352.996744903282,5.98508143165251,5.48092050566289,
559,281,274,358.211997435117,6.07350635777532,5.48092050566289,
559,281,274,358.211997435117,6.07350635777532,5.48092050566289,
559,282,275,358.211997435117,6.16323769345146,5.56189684597383,
558,282,275,352.996744903282,6.16323769345146,5.56189684597383,
558,282,275,352.996744903282,6.16323769345146,5.56189684597383,
557,282,275,347.85742187455,6.16323769345146,5.56189684597383,
556,282,275,342.792922881947,6.16323769345146,5.56189684597383,
556,282,275,342.792922881947,6.16323769345146,5.56189684597383,
555,283,275,337.802158553125,6.25429473986665,5.56189684597383,
554,283,275,332.884055376046,6.25429473986665,5.56189684597383,
554,283,275,332.884055376046,6.25429473986665,5.56189684597383,
553,283,275,328.037555468064,6.25429473986665,5.56189684597383,
552,283,275,323.261616348377,6.25429473986665,5.56189684597383,
551,283,275,318.555210713788,6.25429473986665,5.56189684597383,
550,283,274,313.917326217736,6.25429473986665,5.48092050566289,
549,283,274,309.346965252536,6.25429473986665,5.48092050566289,
547,284,274,300.404895893959,6.34669708336664,5.48092050566289,
546,285,274,296.031264063913,6.44046459967018,5.48092050566289,
545,285,274,291.721308477651,6.44046459967018,5.48092050566289,
543,286,274,283.288731252746,6.53561745814435,5.48092050566289,
542,286,274,279.164295769052,6.53561745814435,5.48092050566289,
541,287,274,275.099908448884,6.63217612614291,5.48092050566289,
540,287,274,271.094695043643,6.63217612614291,5.48092050566289,
540,288,274,271.094695043643,6.73016137340891,5.48092050566289,
541,288,274,275.099908448884,6.73016137340891,5.48092050566289,
542,288,274,279.164295769052,6.73016137340891,5.48092050566289,
542,289,274,279.164295769052,6.82959427654218,5.48092050566289,
543,289,274,283.288731252746,6.82959427654218,5.48092050566289,
544,290,274,287.474102064907,6.93049622353293,5.48092050566289,
545,290,274,291.721308477651,6.93049622353293,5.48092050566289,
547,290,274,300.404895893959,6.93049622353293,5.48092050566289,
547,290,274,300.404895893959,6.93049622353293,5.48092050566289,
548,291,274,304.843144734797,7.03288891836233,5.48092050566289,
549,291,274,309.346965252536,7.03288891836233,5.48092050566289,
550,291,274,313.917326217736,7.03288891836233,5.48092050566289,
551,292,274,318.555210713788,7.13679438567096,5.48092050566289,
553,292,274,328.037555468064,7.13679438567096,5.48092050566289,
553,293,274,328.037555468064,7.24223497549638,5.48092050566289,
555,293,274,337.802158553125,7.24223497549638,5.48092050566289,
555,294,274,337.802158553125,7.34923336808056,5.48092050566289,
556,294,274,342.792922881947,7.34923336808056,5.48092050566289,
557,295,274,347.85742187455,7.45781257874843,5.48092050566289,
558,295,274,352.996744903282,7.45781257874843,5.48092050566289,
559,296,274,358.211997435117,7.56799596285845,5.48092050566289,
560,296,274,363.504301269445,7.56799596285845,5.48092050566289,
561,297,274,368.874794779372,7.67980722082636,5.48092050566289,
562,297,274,374.324633156579,7.67980722082636,5.48092050566289,
563,298,274,379.854988659808,7.7932704032231,5.48092050566289,
564,299,274,385.467050867013,7.90840991594812,5.48092050566289,
565,299,274,391.162026931237,7.90840991594812,5.48092050566289,
566,300,274,396.94114184027,8.02525052547905,5.48092050566289,
567,301,274,402.805638680146,8.143817364199,5.48092050566289,
569,302,274,414.795842596048,8.26413593580247,5.48092050566289,
569,302,274,414.795842596048,8.26413593580247,5.48092050566289,
571,303,274,427.142955592012,8.38623212078125,5.48092050566289,
572,303,275,433.453660755077,8.38623212078125,5.56189684597383,
573,304,275,439.8576016818,8.51013218199128,5.56189684597383,
574,304,276,446.356155858117,8.51013218199128,5.64406954877231,
575,304,276,452.950721121253,8.51013218199128,5.64406954877231,
577,304,277,466.433579821777,8.51013218199128,5.72745628938418,
578,304,277,473.324773418377,8.51013218199128,5.72745628938418,
580,304,278,487.414100892367,8.51013218199128,5.81207500427451,
581,304,278,494.615265380236,8.51013218199128,5.81207500427451,
582,304,279,501.922821476157,8.51013218199128,5.89794389490567,
583,304,279,509.338341033445,8.51013218199128,5.89794389490567,
584,305,279,516.863419128324,8.63586277030178,5.89794389490567,
585,305,279,524.49967440303,8.63586277030178,5.89794389490567,
585,305,279,524.49967440303,8.63586277030178,5.89794389490567,
586,306,279,532.24874941398,8.76345093032782,5.89794389490567,
586,306,279,532.24874941398,8.76345093032782,5.89794389490567,
586,306,279,532.24874941398,8.76345093032782,5.89794389490567,
587,306,279,540.112310985087,8.76345093032782,5.89794389490567,
587,307,279,540.112310985087,8.89292410624769,5.89794389490567,
587,307,279,540.112310985087,8.89292410624769,5.89794389490567,
588,308,279,548.092050566288,9.02431014770603,5.89794389490567,
586,308,279,532.24874941398,9.02431014770603,5.89794389490567,
584,308,279,516.863419128324,9.02431014770603,5.89794389490567,
583,308,279,509.338341033445,9.02431014770603,5.89794389490567,
581,309,279,494.615265380236,9.15763731580436,5.89794389490567,
579,309,279,480.317779044043,9.15763731580436,5.89794389490567,
577,310,279,466.433579821777,9.29293428918002,5.89794389490567,
573,310,279,439.8576016818,9.29293428918002,5.89794389490567,
571,312,279,427.142955592012,9.56955449109537,5.89794389490567,
569,312,279,414.795842596048,9.56955449109537,5.89794389490567,
566,312,279,396.94114184027,9.56955449109537,5.89794389490567,
565,312,279,391.162026931237,9.56955449109537,5.89794389490567,
563,312,279,379.854988659808,9.56955449109537,5.89794389490567,
563,312,279,379.854988659808,9.56955449109537,5.89794389490567,
565,312,279,391.162026931237,9.56955449109537,5.89794389490567,
566,311,279,396.94114184027,9.4302301701749,5.89794389490567,
568,311,279,408.756778902528,9.4302301701749,5.89794389490567,
569,311,279,414.795842596048,9.4302301701749,5.89794389490567,
571,310,279,427.142955592012,9.29293428918002,5.89794389490567,
573,310,279,439.8576016818,9.29293428918002,5.89794389490567,
574,310,279,446.356155858117,9.29293428918002,5.89794389490567,
576,309,279,459.642715960387,9.15763731580436,5.89794389490567,
577,309,279,466.433579821777,9.15763731580436,5.89794389490567,
578,309,279,473.324773418377,9.15763731580436,5.89794389490567,
579,309,279,480.317779044043,9.15763731580436,5.89794389490567,
581,309,279,494.615265380236,9.15763731580436,5.89794389490567,
581,310,279,494.615265380236,9.29293428918002,5.89794389490567,
583,311,279,509.338341033445,9.4302301701749,5.89794389490567,
583,312,279,509.338341033445,9.56955449109537,5.89794389490567,
584,312,279,516.863419128324,9.56955449109537,5.89794389490567,
585,312,279,524.49967440303,9.56955449109537,5.89794389490567,
585,313,279,524.49967440303,9.71093722056471,5.89794389490567,
586,314,279,532.24874941398,9.85440876996926,5.89794389490567,
586,315,279,532.24874941398,10,5.89794389490567,
587,316,279,540.112310985087,10.1477422272906,5.89794389490567,
588,316,279,548.092050566288,10.1477422272906,5.89794389490567,
588,318,279,548.092050566288,10.4498072604165,5.89794389490567,
587,319,279,540.112310985087,10.6041950403577,5.89794389490567,
587,320,278,540.112310985087,10.7608637797463,5.81207500427451,
586,321,278,532.24874941398,10.9198471779854,5.81207500427451,
585,322,277,524.49967440303,11.0811794323603,5.72745628938418,
584,324,277,516.863419128324,11.4110298323151,5.72745628938418,
583,325,276,509.338341033445,11.5796189286257,5.64406954877231,
582,326,276,501.922821476157,11.7506987977948,5.64406954877231,
581,327,275,494.615265380236,11.9243062390556,5.56189684597383,
581,328,275,494.615265380236,12.1004785953209,5.56189684597383,
581,328,275,494.615265380236,12.1004785953209,5.56189684597383,
581,329,274,494.615265380236,12.2792537612164,5.48092050566289,
581,329,274,494.615265380236,12.2792537612164,5.48092050566289,
582,329,274,501.922821476157,12.2792537612164,5.48092050566289,
582,329,274,501.922821476157,12.2792537612164,5.48092050566289,
582,329,274,501.922821476157,12.2792537612164,5.48092050566289,
583,329,274,509.338341033445,12.2792537612164,5.48092050566289,
583,329,274,509.338341033445,12.2792537612164,5.48092050566289,
583,329,274,509.338341033445,12.2792537612164,5.48092050566289,
584,329,274,516.863419128324,12.2792537612164,5.48092050566289,
585,329,274,524.49967440303,12.2792537612164,5.48092050566289,
585,328,274,524.49967440303,12.1004785953209,5.48092050566289,
586,328,274,532.24874941398,12.1004785953209,5.48092050566289,
587,327,274,540.112310985087,11.9243062390556,5.48092050566289,
587,326,274,540.112310985087,11.7506987977948,5.48092050566289,
588,325,274,548.092050566288,11.5796189286257,5.48092050566289,
589,324,274,556.189684597383,11.4110298323151,5.48092050566289,
590,323,274,564.406954877231,11.2448952453946,5.48092050566289,
591,322,274,572.745628938418,11.0811794323603,5.48092050566289,
592,322,274,581.20750042745,11.0811794323603,5.48092050566289,
592,322,274,581.20750042745,11.0811794323603,5.48092050566289,
593,322,274,589.794389490567,11.0811794323603,5.48092050566289,
594,323,274,598.508143165251,11.2448952453946,5.48092050566289,
594,324,274,598.508143165251,11.4110298323151,5.48092050566289,
594,325,274,598.508143165251,11.5796189286257,5.48092050566289,
595,326,274,607.350635777532,11.7506987977948,5.48092050566289,
595,327,274,607.350635777532,11.9243062390556,5.48092050566289,
595,328,274,607.350635777532,12.1004785953209,5.48092050566289,
596,329,274,616.323769345145,12.2792537612164,5.48092050566289,
596,330,274,616.323769345145,12.4606701912313,5.48092050566289,
596,331,274,616.323769345145,12.6447669079899,5.48092050566289,
597,332,274,625.429473986665,12.8315835106456,5.48092050566289,
597,332,274,625.429473986665,12.8315835106456,5.48092050566289,
