-1,-1,318,0,0,1.02224298776839,
-1,-1,318,0,0,1.02224298776839,
-1,-1,318,0,0,1.02224298776839,
-1,-1,318,0,0,1.02224298776839,
-1,-1,318,0,0,1.02224298776839,
-1,-1,318,0,0,1.02224298776839,
-1,-1,319,0,0,1.02976672311537,
-1,-1,320,0,0,1.03734583335291,
-1,-1,320,0,0,1.03734583335291,
-1,-1,321,0,0,1.04498072604165,
-1,-1,322,0,0,1.05267181174192,
-1,-1,322,0,0,1.05267181174192,
-1,-1,323,0,0,1.06041950403577,
-1,-1,324,0,0,1.0682242195492,
-1,-1,325,0,0,1.07608637797463,
-1,-1,326,0,0,1.0840064020934,
-1,-1,327,0,0,1.09198471779854,
337,-1,328,1.17506987977948,0,1.10002175411766,
339,-1,329,1.19243062390556,0,1.10811794323603,
341,-1,331,1.21004785953209,0,1.12448952453946,
343,-1,332,1.22792537612164,0,1.13276579709336,
345,-1,334,1.24606701912313,0,1.14950153127948,
346,-1,335,1.25523810524321,0,1.15796189286257,
346,-1,335,1.25523810524321,0,1.15796189286257,
347,-1,335,1.26447669079899,0,1.15796189286257,
347,-1,334,1.26447669079899,0,1.14950153127948,
347,-1,331,1.26447669079899,0,1.12448952453946,
346,-1,329,1.25523810524321,0,1.10811794323603,
345,-1,327,1.24606701912313,0,1.09198471779854,
343,-1,327,1.22792537612164,0,1.09198471779854,
340,-1,323,1.20120694474243,0,1.06041950403577,
339,335,320,1.19243062390556,1.15796189286257,1.03734583335291,
337,333,317,1.17506987977948,1.14110298323151,1.01477422272906,
336,331,314,1.16648452293,1.12448952453946,0.992693747838137,
331,329,311,1.12448952453946,1.10811794323603,0.97109372205647,
326,328,310,1.0840064020934,1.10002175411766,0.963998666450324,
320,329,308,1.03734583335291,1.10811794323603,0.949963691290674,
319,330,307,1.02976672311537,1.11627372051981,0.94302301701749,
317,332,304,1.01477422272906,1.13276579709336,0.922503776793964,
318,334,303,1.02224298776839,1.14950153127948,0.915763731580436,
318,335,304,1.02224298776839,1.15796189286257,0.922503776793964,
319,337,305,1.02976672311537,1.17506987977948,0.929293428918002,
319,340,306,1.02976672311537,1.20120694474243,0.936133053060719,
320,342,307,1.03734583335291,1.21895384368774,0.94302301701749,
321,344,308,1.04498072604165,1.23696293927083,0.949963691290674,
321,345,309,1.04498072604165,1.24606701912313,0.956955449109537,
323,347,310,1.06041950403577,1.26447669079899,0.963998666450324,
324,348,311,1.0682242195492,1.27378327258808,0.97109372205647,
324,350,312,1.0682242195492,1.29260243036585,0.978240997458979,
326,350,312,1.0840064020934,1.29260243036585,0.978240997458979,
327,350,312,1.09198471779854,1.29260243036585,0.978240997458979,
328,350,313,1.10002175411766,1.29260243036585,0.985440876996926,
331,349,314,1.12448952453946,1.28315835106456,0.992693747838137,
332,349,315,1.13276579709336,1.28315835106456,1,
333,349,316,1.14110298323151,1.28315835106456,1.00736002637044,
336,348,317,1.16648452293,1.27378327258808,1.01477422272906,
336,349,318,1.16648452293,1.28315835106456,1.02224298776839,
337,351,320,1.17506987977948,1.30211601833984,1.03734583335291,
338,351,323,1.18371842508177,1.30211601833984,1.06041950403577,
366,352,325,1.45351789234065,1.3116996265722,1.07608637797463,
370,354,328,1.49678435698519,1.33107896900881,1.10002175411766,
374,355,329,1.54133872250299,1.34087574532185,1.10811794323603,
379,358,331,1.59890130157397,1.37070082812398,1.12448952453946,
382,360,333,1.63446564366774,1.3909518674536,1.14110298323151,
384,361,337,1.65861360313029,1.40118930987807,1.17506987977948,
384,362,339,1.65861360313029,1.41150210014876,1.19243062390556,
385,364,341,1.67082104298771,1.4323559465589,1.21004785953209,
385,365,343,1.67082104298771,1.44289812409743,1.22792537612164,
387,365,344,1.69550612521721,1.44289812409743,1.23696293927083,
390,364,346,1.73321924722165,1.4323559465589,1.25523810524321,
392,363,346,1.7588262144184,1.42189079282779,1.25523810524321,
391,362,345,1.74597578658696,1.41150210014876,1.24606701912313,
391,360,345,1.74597578658696,1.3909518674536,1.24606701912313,
391,359,345,1.74597578658696,1.38078922236497,1.24606701912313,
390,358,344,1.73321924722165,1.37070082812398,1.23696293927083,
390,356,344,1.73321924722165,1.35074462616691,1.23696293927083,
390,355,344,1.73321924722165,1.34087574532185,1.23696293927083,
389,355,343,1.72055591034966,1.34087574532185,1.22792537612164,
387,354,341,1.69550612521721,1.33107896900881,1.21004785953209,
386,353,340,1.68311832992439,1.32135377041387,1.20120694474243,
385,352,338,1.67082104298771,1.3116996265722,1.18371842508177,
383,351,337,1.64649535390672,1.30211601833984,1.17506987977948,
382,350,336,1.63446564366774,1.29260243036585,1.16648452293,
380,348,334,1.61066925731729,1.27378327258808,1.14950153127948,
377,346,331,1.57562270085457,1.25523810524321,1.12448952453946,
375,344,329,1.5526830161464,1.23696293927083,1.10811794323603,
373,341,326,1.53007731312954,1.21004785953209,1.0840064020934,
370,338,324,1.49678435698519,1.18371842508177,1.0682242195492,
368,335,322,1.47499248942277,1.15796189286257,1.05267181174192,
367,333,321,1.46421582235819,1.14110298323151,1.04498072604165,
365,330,319,1.44289812409743,1.11627372051981,1.02976672311537,
363,327,317,1.42189079282779,1.09198471779854,1.01477422272906,
362,325,316,1.41150210014876,1.07608637797463,1.00736002637044,
361,325,315,1.40118930987807,1.07608637797463,1,
361,325,315,1.40118930987807,1.07608637797463,1,
361,327,315,1.40118930987807,1.09198471779854,1,
362,328,316,1.41150210014876,1.10002175411766,1.00736002637044,
362,330,316,1.41150210014876,1.11627372051981,1.00736002637044,
364,333,318,1.4323559465589,1.14110298323151,1.02224298776839,
366,335,320,1.45351789234065,1.15796189286257,1.03734583335291,
368,337,321,1.47499248942277,1.17506987977948,1.04498072604165,
370,340,322,1.49678435698519,1.20120694474243,1.05267181174192,
372,342,323,1.51889818245267,1.21895384368774,1.06041950403577,
374,345,325,1.54133872250299,1.24606701912313,1.07608637797463,
376,348,327,1.56411080409018,1.27378327258808,1.09198471779854,
380,350,329,1.61066925731729,1.29260243036585,1.10811794323603,
383,352,331,1.64649535390672,1.3116996265722,1.12448952453946,
386,355,335,1.68311832992439,1.34087574532185,1.15796189286257,
390,358,337,1.73321924722165,1.37070082812398,1.17506987977948,
393,360,339,1.77177122173755,1.3909518674536,1.19243062390556,
395,361,341,1.79794776439244,1.40118930987807,1.21004785953209,
398,361,342,1.83793949452403,1.40118930987807,1.21895384368774,
399,363,343,1.85146677767101,1.42189079282779,1.22792537612164,
400,364,345,1.86509362197867,1.4323559465589,1.24606701912313,
399,364,345,1.85146677767101,1.4323559465589,1.24606701912313,
397,363,345,1.82451104511879,1.42189079282779,1.24606701912313,
395,361,344,1.79794776439244,1.40118930987807,1.23696293927083,
393,358,343,1.77177122173755,1.37070082812398,1.22792537612164,
389,357,341,1.72055591034966,1.36068614223524,1.21004785953209,
385,356,338,1.67082104298771,1.35074462616691,1.18371842508177,
381,356,336,1.62252382552521,1.35074462616691,1.16648452293,
377,353,332,1.57562270085457,1.32135377041387,1.13276579709336,
375,352,330,1.5526830161464,1.3116996265722,1.11627372051981,
372,350,328,1.51889818245267,1.29260243036585,1.10002175411766,
370,348,325,1.49678435698519,1.27378327258808,1.07608637797463,
367,346,322,1.46421582235819,1.25523810524321,1.05267181174192,
363,343,318,1.42189079282779,1.22792537612164,1.02224298776839,
357,338,313,1.36068614223524,1.18371842508177,0.985440876996926,
353,334,309,1.32135377041387,1.14950153127948,0.956955449109537,
347,329,305,1.26447669079899,1.10811794323603,0.929293428918002,
343,325,301,1.22792537612164,1.07608637797463,0.902431014770603,
337,320,298,1.17506987977948,1.03734583335291,0.882795016027113,
332,315,295,1.13276579709336,1,0.863586277030178,
328,311,293,1.10002175411766,0.97109372205647,0.851013218199129,
324,306,291,1.0682242195492,0.936133053060719,0.838623212078126,
325,301,288,1.07608637797463,0.902431014770603,0.820375607475558,
328,298,287,1.10002175411766,0.882795016027113,0.8143817364199,
331,298,288,1.12448952453946,0.882795016027113,0.820375607475558,
334,298,289,1.14950153127948,0.882795016027113,0.826413593580247,
338,300,290,1.18371842508177,0.895837626218002,0.832496019421891,
342,302,291,1.21895384368774,0.909072930836821,0.838623212078126,
345,304,293,1.24606701912313,0.922503776793964,0.851013218199129,
348,306,294,1.27378327258808,0.936133053060719,0.85727669792667,
351,307,295,1.30211601833984,0.94302301701749,0.863586277030178,
354,309,297,1.33107896900881,0.956955449109537,0.876345093032782,
357,311,298,1.36068614223524,0.97109372205647,0.882795016027113,
358,313,299,1.37070082812398,0.985440876996926,0.889292410624769,
359,315,301,1.38078922236497,1,0.902431014770603,
359,317,303,1.38078922236497,1.01477422272906,0.915763731580436,
360,319,305,1.3909518674536,1.02976672311537,0.929293428918002,
360,320,306,1.3909518674536,1.03734583335291,0.936133053060719,
361,322,308,1.40118930987807,1.05267181174192,0.949963691290674,
362,324,309,1.41150210014876,1.0682242195492,0.956955449109537,
363,324,310,1.42189079282779,1.0682242195492,0.963998666450324,
364,325,312,1.4323559465589,1.07608637797463,0.978240997458979,
365,326,312,1.44289812409743,1.0840064020934,0.978240997458979,
366,327,314,1.45351789234065,1.09198471779854,0.992693747838137,
366,329,316,1.45351789234065,1.10811794323603,1.00736002637044,
367,331,316,1.46421582235819,1.12448952453946,1.00736002637044,
368,333,316,1.47499248942277,1.14110298323151,1.00736002637044,
369,334,317,1.48584847304113,1.14950153127948,1.01477422272906,
370,335,317,1.49678435698519,1.15796189286257,1.01477422272906,
371,336,318,1.50780072932347,1.16648452293,1.02224298776839,
372,337,318,1.51889818245267,1.17506987977948,1.02224298776839,
374,335,318,1.54133872250299,1.15796189286257,1.02224298776839,
375,334,318,1.5526830161464,1.14950153127948,1.02224298776839,
377,333,319,1.57562270085457,1.14110298323151,1.02976672311537,
378,333,320,1.58721932548273,1.14110298323151,1.03734583335291,
379,332,321,1.59890130157397,1.13276579709336,1.04498072604165,
380,332,321,1.61066925731729,1.13276579709336,1.04498072604165,
382,331,322,1.63446564366774,1.12448952453946,1.05267181174192,
383,331,323,1.64649535390672,1.12448952453946,1.06041950403577,
384,316,323,1.65861360313029,1.00736002637044,1.06041950403577,
386,315,324,1.68311832992439,1,1.0682242195492,
386,314,325,1.68311832992439,0.992693747838137,1.07608637797463,
387,312,325,1.69550612521721,0.978240997458979,1.07608637797463,
387,311,326,1.69550612521721,0.97109372205647,1.0840064020934,
387,309,326,1.69550612521721,0.956955449109537,1.0840064020934,
386,308,326,1.68311832992439,0.949963691290674,1.0840064020934,
385,306,325,1.67082104298771,0.936133053060719,1.07608637797463,
384,303,326,1.65861360313029,0.915763731580436,1.0840064020934,
384,299,326,1.65861360313029,0.889292410624769,1.0840064020934,
382,296,326,1.63446564366774,0.869942294802273,1.0840064020934,
382,293,326,1.63446564366774,0.851013218199129,1.0840064020934,
381,290,326,1.62252382552521,0.832496019421891,1.0840064020934,
379,287,326,1.59890130157397,0.8143817364199,1.0840064020934,
378,285,326,1.58721932548273,0.802525052547905,1.0840064020934,
376,283,326,1.56411080409018,0.790840991594812,1.0840064020934,
374,281,325,1.54133872250299,0.77932704032231,1.07608637797463,
372,279,325,1.51889818245267,0.767980722082636,1.07608637797463,
371,276,325,1.50780072932347,0.751270227599384,1.07608637797463,
369,274,324,1.48584847304113,0.740332391947218,1.0682242195492,
367,272,323,1.46421582235819,0.729553801589698,1.06041950403577,
364,271,323,1.4323559465589,0.724223497549638,1.06041950403577,
362,270,322,1.41150210014876,0.718932138054993,1.05267181174192,
361,268,322,1.40118930987807,0.708465116626188,1.05267181174192,
359,267,322,1.38078922236497,0.703288891836233,1.05267181174192,
358,266,322,1.37070082812398,0.69815048584984,1.05267181174192,
357,264,322,1.36068614223524,0.687986027051696,1.05267181174192,
356,263,322,1.35074462616691,0.682959427654218,1.05267181174192,
357,261,323,1.36068614223524,0.673016137340891,1.06041950403577,
357,260,323,1.36068614223524,0.668098911732475,1.06041950403577,
357,258,323,1.36068614223524,0.658371977498342,1.06041950403577,
357,257,324,1.36068614223524,0.653561745814434,1.0682242195492,
358,255,324,1.37070082812398,0.644046459967018,1.0682242195492,
358,252,324,1.37070082812398,0.63003265140806,1.0682242195492,
358,246,325,1.37070082812398,0.602913178881873,1.07608637797463,
359,240,325,1.38078922236497,0.576961051870961,1.07608637797463,
359,235,326,1.38078922236497,0.556189684597383,1.0840064020934,
358,229,326,1.37070082812398,0.53224874941398,1.0840064020934,
357,223,327,1.36068614223524,0.509338341033445,1.09198471779854,
356,217,328,1.35074462616691,0.487414100892367,1.10002175411766,
355,212,329,1.34087574532185,0.469866543269325,1.10811794323603,
353,206,330,1.32135377041387,0.449641348935843,1.11627372051981,
352,200,331,1.3116996265722,0.430286739009118,1.12448952453946,
351,194,332,1.30211601833984,0.411765239574349,1.13276579709336,
351,189,333,1.30211601833984,0.39694114184027,1.14110298323151,
353,184,333,1.32135377041387,0.382650731393289,1.14110298323151,
355,179,334,1.34087574532185,0.368874794779372,1.14950153127948,
358,180,335,1.37070082812398,0.37158972299634,1.15796189286257,
361,183,335,1.40118930987807,0.379854988659808,1.15796189286257,
364,186,336,1.4323559465589,0.388304098526332,1.16648452293,
368,192,336,1.47499248942277,0.405770298802996,1.16648452293,
373,198,336,1.53007731312954,0.424022141449293,1.16648452293,
378,204,337,1.58721932548273,0.443094965229418,1.17506987977948,
382,210,337,1.63446564366774,0.463025698470838,1.17506987977948,
387,217,337,1.69550612521721,0.487414100892367,1.17506987977948,
391,223,338,1.74597578658696,0.509338341033445,1.18371842508177,
393,228,338,1.77177122173755,0.528360005837925,1.18371842508177,
396,235,338,1.81118070735105,0.556189684597383,1.18371842508177,
399,240,339,1.85146677767101,0.576961051870961,1.19243062390556,
402,247,339,1.89264893056033,0.607350635777532,1.19243062390556,
405,252,340,1.93474709757265,0.63003265140806,1.20120694474243,
408,258,340,1.97778165359889,0.658371977498342,1.20120694474243,
410,264,341,2.00700184025861,0.687986027051696,1.21004785953209,
411,270,341,2.02177342672845,0.718932138054993,1.21004785953209,
413,276,342,2.05164355764263,0.751270227599384,1.21895384368774,
416,282,342,2.09727824020038,0.785062907890282,1.21895384368774,
418,289,343,2.12826389604591,0.826413593580247,1.22792537612164,
420,295,343,2.15970734087232,0.863586277030178,1.22792537612164,
423,300,344,2.20774568483865,0.895837626218002,1.23696293927083,
425,307,345,2.24036341131558,0.94302301701749,1.24606701912313,
427,313,345,2.27346303934839,0.985440876996926,1.24606701912313,
431,315,345,2.34113658415371,1,1.24606701912313,
434,319,346,2.39321045655918,1.02976672311537,1.25523810524321,
438,323,347,2.46444848957638,1.06041950403577,1.26447669079899,
442,326,348,2.5378070453977,1.0840064020934,1.27378327258808,
446,329,348,2.61334924503829,1.10811794323603,1.27378327258808,
448,365,349,2.65195944885331,1.44289812409743,1.28315835106456,
450,366,350,2.6911400884191,1.45351789234065,1.29260243036585,
453,366,350,2.75099908448884,1.45351789234065,1.29260243036585,
455,366,351,2.79164295769052,1.45351789234065,1.30211601833984,
458,366,351,2.85373743785216,1.45351789234065,1.30211601833984,
460,366,351,2.89589919036925,1.45351789234065,1.30211601833984,
462,367,351,2.93868385000867,1.46421582235819,1.30211601833984,
464,366,351,2.98210061973899,1.45351789234065,1.30211601833984,
465,365,351,3.00404895893959,1.44289812409743,1.30211601833984,
466,364,351,3.02615883849549,1.4323559465589,1.30211601833984,
467,362,351,3.04843144734797,1.41150210014876,1.30211601833984,
468,362,352,3.07086798318894,1.41150210014876,1.3116996265722,
470,361,352,3.11623767074411,1.40118930987807,1.3116996265722,
471,361,353,3.13917326217736,1.40118930987807,1.32135377041387,
472,361,353,3.16227766016838,1.40118930987807,1.32135377041387,
473,361,354,3.18555210713788,1.40118930987807,1.33107896900881,
475,362,354,3.23261616348377,1.41150210014876,1.33107896900881,
476,362,355,3.25640830369253,1.41150210014876,1.34087574532185,
477,363,356,3.28037555468064,1.42189079282779,1.35074462616691,
479,363,356,3.32884055376046,1.42189079282779,1.35074462616691,
480,-1,357,3.35334090801914,0,1.36068614223524,
481,-1,358,3.37802158553125,0,1.37070082812398,
482,-1,358,3.40288391348069,0,1.37070082812398,
483,-1,359,3.42792922881947,0,1.38078922236497,
484,-1,360,3.45315887833959,0,1.3909518674536,
485,-1,360,3.4785742187455,0,1.3909518674536,
486,-1,361,3.50417661672702,0,1.40118930987807,
486,-1,362,3.50417661672702,0,1.41150210014876,
486,-1,362,3.50417661672702,0,1.41150210014876,
487,-1,363,3.52996744903282,0,1.42189079282779,
487,-1,363,3.52996744903282,0,1.42189079282779,
487,-1,364,3.52996744903282,0,1.4323559465589,
488,-1,365,3.55594810254451,0,1.44289812409743,
488,494,365,3.55594810254451,3.7158972299634,1.44289812409743,
491,-1,367,3.63504301269445,0,1.46421582235819,
493,377,368,3.68874794779372,1.57562270085457,1.47499248942277,
496,380,369,3.77079672327718,1.61066925731729,1.48584847304113,
499,383,371,3.85467050867013,1.64649535390672,1.50780072932347,
501,387,373,3.91162026931237,1.69550612521721,1.53007731312954,
504,389,374,3.99862639111729,1.72055591034966,1.54133872250299,
507,393,375,4.08756778902529,1.77177122173755,1.5526830161464,
511,395,377,4.20924128761651,1.79794776439244,1.57562270085457,
515,397,380,4.33453660755077,1.82451104511879,1.61066925731729,
518,398,381,4.43094965229418,1.83793949452403,1.62252382552521,
522,400,383,4.56284450373217,1.86509362197867,1.64649535390672,
525,402,385,4.66433579821777,1.89264893056033,1.67082104298771,
528,404,387,4.7680845623252,1.92061134740835,1.69550612521721,
532,406,389,4.91001481528261,1.94898688723092,1.72055591034966,
535,408,391,5.01922821476158,1.97778165359889,1.74597578658696,
538,409,393,5.13087084654929,1.99233817872436,1.77177122173755,
540,411,395,5.20667547523026,2.02177342672845,1.79794776439244,
541,413,397,5.2449967440303,2.05164355764263,1.82451104511879,
543,415,399,5.3224874941398,2.08195499652389,1.85146677767101,
545,417,401,5.40112310985087,2.11271426335441,1.87882076021978,
546,419,403,5.44087551836938,2.14392797444407,1.90657887659925,
548,421,405,5.52126022511887,2.17560284385358,1.93474709757265,
550,423,406,5.60283255342988,2.20774568483865,1.94898688723092,
552,425,407,5.68561004948789,2.24036341131558,1.96333148211659,
554,427,408,5.76961051870961,2.27346303934839,1.97778165359889,
555,430,409,5.81207500427451,2.32403164992452,1.99233817872436,
557,432,410,5.89794389490567,2.35836741114989,2.00700184025861,
559,434,410,5.98508143165251,2.39321045655918,2.00700184025861,
561,438,410,6.07350635777532,2.46444848957638,2.00700184025861,
563,440,410,6.16323769345146,2.50085880046568,2.00700184025861,
564,442,410,6.20859928540257,2.5378070453977,2.00700184025861,
565,445,410,6.25429473986665,2.59425545646702,2.00700184025861,
566,446,409,6.3003265140806,2.61334924503829,1.99233817872436,
566,448,408,6.3003265140806,2.65195944885331,1.97778165359889,
566,450,408,6.3003265140806,2.6911400884191,1.97778165359889,
565,452,407,6.25429473986665,2.73089959148051,1.96333148211659,
563,453,406,6.16323769345146,2.75099908448884,1.94898688723092,
562,453,405,6.1182075247296,2.75099908448884,1.93474709757265,
561,454,404,6.07350635777532,2.77124651029575,1.92061134740835,
559,454,403,5.98508143165251,2.77124651029575,1.90657887659925,
558,455,402,5.94135291750357,2.79164295769052,1.89264893056033,
557,456,401,5.89794389490567,2.81218952347599,1.87882076021978,
556,460,400,5.85485202957296,2.89589919036925,1.86509362197867,
554,464,399,5.76961051870961,2.98210061973899,1.85146677767101,
554,468,398,5.76961051870961,3.07086798318894,1.83793949452403,
554,472,397,5.76961051870961,3.16227766016838,1.82451104511879,
555,477,397,5.81207500427451,3.28037555468064,1.82451104511879,
556,481,396,5.85485202957296,3.37802158553125,1.81118070735105,
557,485,396,5.89794389490567,3.4785742187455,1.81118070735105,
559,492,395,5.98508143165251,3.66179702512558,1.79794776439244,
560,496,395,6.02913178881873,3.77079672327718,1.79794776439244,
561,500,394,6.07350635777532,3.88304098526332,1.78481150465193,
562,505,394,6.1182075247296,4.02805638680146,1.78481150465193,
562,509,393,6.1182075247296,4.14795842596048,1.77177122173755,
562,513,393,6.1182075247296,4.27142955592012,1.77177122173755,
561,511,392,6.07350635777532,4.20924128761651,1.7588262144184,
559,509,392,5.98508143165251,4.14795842596048,1.7588262144184,
558,506,391,5.94135291750357,4.05770298802996,1.74597578658696,
556,502,391,5.85485202957296,3.94040989764567,1.74597578658696,
554,498,391,5.76961051870961,3.82650731393289,1.74597578658696,
553,494,390,5.72745628938418,3.7158972299634,1.73321924722165,
551,490,390,5.64406954877231,3.60848447182449,1.73321924722165,
549,486,390,5.56189684597383,3.50417661672702,1.73321924722165,
548,484,390,5.52126022511887,3.45315887833959,1.73321924722165,
549,483,391,5.56189684597383,3.42792922881947,1.74597578658696,
551,488,392,5.64406954877231,3.55594810254451,1.7588262144184,
554,492,393,5.76961051870961,3.66179702512558,1.77177122173755,
557,496,394,5.89794389490567,3.77079672327718,1.78481150465193,
560,502,396,6.02913178881873,3.94040989764567,1.81118070735105,
565,507,398,6.25429473986665,4.08756778902529,1.83793949452403,
570,512,400,6.48786658896166,4.24022141449293,1.86509362197867,
573,518,402,6.63217612614291,4.43094965229418,1.89264893056033,
576,523,404,6.77969553859454,4.59642715960387,1.92061134740835,
579,529,406,6.93049622353293,4.80317779044043,1.94898688723092,
582,534,407,7.08465116626187,4.98255646776659,1.96333148211659,
586,539,409,7.29553801589698,5.16863419128324,1.99233817872436,
589,545,411,7.45781257874843,5.40112310985087,2.02177342672845,
592,550,413,7.6236966127165,5.60283255342988,2.05164355764263,
594,555,414,7.73633080449156,5.81207500427451,2.06674370832963,
595,557,415,7.7932704032231,5.89794389490567,2.08195499652389,
596,558,416,7.85062907890282,5.94135291750357,2.09727824020038,
597,560,417,7.90840991594812,6.02913178881873,2.11271426335441,
598,561,418,7.96661602147778,6.07350635777532,2.12826389604591,
599,563,419,8.02525052547905,6.16323769345146,2.14392797444407,
600,564,420,8.084316580976,6.20859928540257,2.15970734087232,
601,566,421,8.143817364199,6.3003265140806,2.17560284385358,
600,567,421,8.084316580976,6.34669708336664,2.17560284385358,
599,567,422,8.02525052547905,6.34669708336664,2.19161533815595,
598,569,421,7.96661602147778,6.44046459967018,2.17560284385358,
597,570,421,7.90840991594812,6.48786658896166,2.17560284385358,
595,570,420,7.7932704032231,6.48786658896166,2.15970734087232,
593,571,419,7.67980722082636,6.53561745814435,2.14392797444407,
591,571,418,7.56799596285845,6.53561745814435,2.12826389604591,
589,571,418,7.45781257874843,6.53561745814435,2.12826389604591,
587,571,417,7.34923336808056,6.53561745814435,2.11271426335441,
585,572,417,7.24223497549638,6.58371977498342,2.11271426335441,
585,572,416,7.24223497549638,6.58371977498342,2.09727824020038,
585,573,415,7.24223497549638,6.63217612614291,2.08195499652389,
585,575,415,7.24223497549638,6.73016137340891,2.08195499652389,
585,576,415,7.24223497549638,6.77969553859454,2.08195499652389,
587,577,415,7.34923336808056,6.82959427654218,2.08195499652389,
589,578,416,7.45781257874843,6.87986027051696,2.09727824020038,
591,579,417,7.56799596285845,6.93049622353293,2.11271426335441,
593,581,418,7.67980722082636,7.03288891836233,2.12826389604591,
594,583,419,7.73633080449156,7.13679438567096,2.14392797444407,
595,584,420,7.7932704032231,7.18932138054993,2.15970734087232,
596,586,421,7.85062907890282,7.29553801589698,2.17560284385358,
596,587,421,7.85062907890282,7.34923336808056,2.17560284385358,
596,588,422,7.85062907890282,7.40332391947217,2.19161533815595,
597,589,422,7.90840991594812,7.45781257874843,2.19161533815595,
597,590,421,7.90840991594812,7.51270227599384,2.17560284385358,
597,591,421,7.90840991594812,7.56799596285845,2.17560284385358,
598,591,421,7.96661602147778,7.56799596285845,2.17560284385358,
598,592,420,7.96661602147778,7.6236966127165,2.15970734087232,
598,592,420,7.96661602147778,7.6236966127165,2.15970734087232,
599,593,420,8.02525052547905,7.67980722082636,2.15970734087232,
599,592,419,8.02525052547905,7.6236966127165,2.14392797444407,
599,587,418,8.02525052547905,7.34923336808056,2.12826389604591,
600,582,415,8.084316580976,7.08465116626187,2.08195499652389,
600,577,412,8.084316580976,6.82959427654218,2.03665373246423,
600,571,409,8.084316580976,6.53561745814435,1.99233817872436,
600,566,406,8.084316580976,6.3003265140806,1.94898688723092,
600,560,403,8.084316580976,6.02913178881873,1.90657887659925,
599,554,399,8.02525052547905,5.76961051870961,1.85146677767101,
594,551,395,7.73633080449156,5.64406954877231,1.79794776439244,
588,543,391,7.40332391947217,5.3224874941398,1.74597578658696,
579,537,387,6.93049622353293,5.09338341033445,1.69550612521721,
569,531,385,6.44046459967018,4.87414100892367,1.67082104298771,
560,525,382,6.02913178881873,4.66433579821777,1.63446564366774,
554,520,379,5.76961051870961,4.49641348935843,1.59890130157397,
558,522,378,5.94135291750357,4.56284450373217,1.58721932548273,
564,525,379,6.20859928540257,4.66433579821777,1.59890130157397,
570,530,381,6.48786658896166,4.83852930564,1.62252382552521,
577,535,383,6.82959427654218,5.01922821476158,1.64649535390672,
583,543,385,7.13679438567096,5.3224874941398,1.67082104298771,
590,550,388,7.51270227599384,5.60283255342988,1.70798509501006,
596,556,390,7.85062907890282,5.85485202957296,1.73321924722165,
602,563,392,8.20375607475558,6.16323769345146,1.7588262144184,
603,566,394,8.26413593580247,6.3003265140806,1.78481150465193,
604,570,392,8.32496019421891,6.48786658896166,1.7588262144184,
604,574,386,8.32496019421891,6.68098911732475,1.68311832992439,
604,576,381,8.32496019421891,6.77969553859454,1.62252382552521,
604,572,375,8.32496019421891,6.58371977498342,1.5526830161464,
604,568,369,8.32496019421891,6.39340894126544,1.48584847304113,
603,564,359,8.26413593580247,6.20859928540257,1.38078922236497,
601,559,354,8.143817364199,5.98508143165251,1.33107896900881,
596,554,345,7.85062907890282,5.76961051870961,1.24606701912313,
590,549,338,7.51270227599384,5.56189684597383,1.18371842508177,
586,543,329,7.29553801589698,5.3224874941398,1.10811794323603,
583,538,321,7.13679438567096,5.13087084654929,1.04498072604165,
579,533,312,6.93049622353293,4.94615265380236,0.978240997458979,
576,528,304,6.77969553859454,4.7680845623252,0.922503776793964,
572,524,297,6.58371977498342,4.63025698470838,0.876345093032782,
569,519,288,6.44046459967018,4.46356155858118,0.820375607475558,
565,516,282,6.25429473986665,4.366438911286,0.785062907890282,
562,513,276,6.1182075247296,4.27142955592012,0.751270227599384,
559,511,271,5.98508143165251,4.20924128761651,0.724223497549638,
555,509,265,5.81207500427451,4.14795842596048,0.693049622353293,
552,505,259,5.68561004948789,4.02805638680146,0.663217612614291,
541,499,248,5.2449967440303,3.85467050867013,0.61182075247296,
536,489,236,5.0561698667815,3.58211997435117,0.560283255342988,
533,481,224,4.94615265380236,3.37802158553125,0.513087084654929,
531,473,212,4.87414100892367,3.18555210713788,0.469866543269325,
528,465,201,4.7680845623252,3.00404895893959,0.433453660755077,
525,457,189,4.66433579821777,2.83288731252746,0.39694114184027,
522,448,178,4.56284450373217,2.65195944885331,0.366179702512558,
519,440,163,4.46356155858118,2.50085880046568,0.328037555468064,
505,431,148,4.02805638680146,2.34113658415371,0.293868385000867,
488,419,135,3.55594810254451,2.14392797444407,0.267147794033021,
472,407,122,3.16227766016838,1.96333148211659,0.24285682808819,
454,395,109,2.77124651029575,1.79794776439244,0.220774568483865,
437,384,96,2.44644260747161,1.65861360313029,0.200700184025861,
420,372,83,2.15970734087232,1.51889818245267,0.182451104511879,
-1,364,70,0,1.4323559465589,0.165861360313029,
-1,351,57,0,1.30211601833984,0.150780072932347,
-1,339,49,0,1.19243062390556,0.142189079282779,
-1,330,41,0,1.11627372051981,0.134087574532185,
-1,322,-1,0,1.05267181174192,0,
-1,313,-1,0,0.985440876996926,0,
-1,303,-1,0,0.915763731580436,0,
-1,293,-1,0,0.851013218199129,0,
-1,284,-1,0,0.796661602147778,0,
-1,272,-1,0,0.729553801589698,0,
-1,265,-1,0,0.693049622353293,0,
-1,255,-1,0,0.644046459967018,0,
-1,245,-1,0,0.598508143165251,0,
-1,235,-1,0,0.556189684597383,0,
-1,226,-1,0,0.520667547523026,0,
-1,215,-1,0,0.480317779044042,0,
-1,205,-1,0,0.446356155858117,0,
-1,194,-1,0,0.411765239574349,0,
-1,184,-1,0,0.382650731393289,0,
-1,172,-1,0,0.350417661672702,0,
-1,160,-1,0,0.320899785465084,0,
-1,148,-1,0,0.293868385000867,0,
-1,137,-1,0,0.271094695043643,0,
-1,125,-1,0,0.248258689544827,0,
-1,113,-1,0,0.227346303934839,0,
-1,98,-1,0,0.203665373246423,0,
-1,86,-1,0,0.186509362197867,0,
-1,76,-1,0,0.173321924722165,0,
-1,-1,-1,0,0,0,
-1,-1,-1,0,0,0,
-1,-1,-1,0,0,0,
-1,-1,-1,0,0,0,
-1,-1,-1,0,0,0,
-1,-1,-1,0,0,0,
-1,-1,-1,0,0,0,
-1,-1,-1,0,0,0,
-1,-1,-1,0,0,0,
-1,-1,-1,0,0,0,
-1,-1,-1,0,0,0,
-1,-1,-1,0,0,0,
-1,-1,-1,0,0,0,
-1,-1,-1,0,0,0,
-1,-1,-1,0,0,0,
-1,-1,-1,0,0,0,
-1,-1,-1,0,0,0,
-1,-1,-1,0,0,0,
-1,-1,-1,0,0,0,
-1,-1,-1,0,0,0,
-1,-1,-1,0,0,0,
-1,-1,-1,0,0,0,
-1,-1,-1,0,0,0,
-1,-1,-1,0,0,0,
-1,-1,-1,0,0,0,
-1,-1,-1,0,0,0,
-1,-1,-1,0,0,0,
-1,-1,-1,0,0,0,
-1,-1,-1,0,0,0,
-1,-1,-1,0,0,0,
-1,-1,-1,0,0,0,
-1,-1,-1,0,0,0,
-1,-1,-1,0,0,0,
-1,-1,-1,0,0,0,
-1,-1,-1,0,0,0,
-1,-1,-1,0,0,0,
-1,-1,-1,0,0,0,
-1,-1,-1,0,0,0,
-1,-1,-1,0,0,0,
-1,-1,-1,0,0,0,
-1,-1,-1,0,0,0,
-1,-1,-1,0,0,0,
-1,-1,-1,0,0,0,
-1,-1,-1,0,0,0,
-1,-1,-1,0,0,0,
-1,-1,-1,0,0,0,
-1,-1,-1,0,0,0,
-1,-1,-1,0,0,0,
-1,-1,-1,0,0,0,
-1,-1,-1,0,0,0,
-1,-1,-1,0,0,0,
-1,-1,-1,0,0,0,
-1,-1,-1,0,0,0,
-1,-1,-1,0,0,0,
-1,-1,-1,0,0,0,
-1,-1,-1,0,0,0,
-1,-1,-1,0,0,0,
-1,-1,-1,0,0,0,
-1,-1,-1,0,0,0,
-1,-1,-1,0,0,0,
-1,-1,-1,0,0,0,
-1,-1,-1,0,0,0,
-1,-1,-1,0,0,0,
-1,-1,-1,0,0,0,
-1,-1,-1,0,0,0,
-1,-1,-1,0,0,0,
-1,-1,-1,0,0,0,
-1,-1,-1,0,0,0,
-1,-1,-1,0,0,0,
-1,-1,-1,0,0,0,
-1,-1,-1,0,0,0,
-1,-1,-1,0,0,0,
-1,-1,-1,0,0,0,
-1,-1,-1,0,0,0,
-1,-1,-1,0,0,0,
-1,-1,-1,0,0,0,
-1,-1,-1,0,0,0,
-1,-1,-1,0,0,0,
-1,-1,-1,0,0,0,
-1,-1,-1,0,0,0,
-1,-1,-1,0,0,0,
-1,-1,-1,0,0,0,
-1,-1,-1,0,0,0,
-1,-1,-1,0,0,0,
-1,-1,-1,0,0,0,
-1,-1,-1,0,0,0,
-1,-1,-1,0,0,0,
-1,-1,-1,0,0,0,
-1,-1,-1,0,0,0,
-1,-1,-1,0,0,0,
-1,-1,-1,0,0,0,
-1,-1,-1,0,0,0,
-1,-1,-1,0,0,0,
-1,-1,-1,0,0,0,
-1,-1,-1,0,0,0,
-1,-1,-1,0,0,0,
-1,-1,-1,0,0,0,
-1,-1,-1,0,0,0,
-1,-1,-1,0,0,0,
-1,-1,-1,0,0,0,
-1,-1,-1,0,0,0,
-1,-1,-1,0,0,0,
-1,-1,-1,0,0,0,
-1,-1,-1,0,0,0,
-1,-1,-1,0,0,0,
-1,-1,-1,0,0,0,
-1,-1,-1,0,0,0,
-1,-1,-1,0,0,0,
-1,-1,-1,0,0,0,
-1,-1,-1,0,0,0,
-1,-1,-1,0,0,0,
-1,-1,-1,0,0,0,
-1,-1,-1,0,0,0,
-1,-1,-1,0,0,0,
-1,-1,-1,0,0,0,
-1,-1,-1,0,0,0,
-1,-1,-1,0,0,0,
-1,-1,-1,0,0,0,
-1,-1,-1,0,0,0,
-1,-1,-1,0,0,0,
-1,-1,-1,0,0,0,
-1,-1,-1,0,0,0,
-1,-1,-1,0,0,0,
-1,-1,-1,0,0,0,
-1,-1,-1,0,0,0,
-1,-1,-1,0,0,0,
-1,-1,-1,0,0,0,
-1,-1,-1,0,0,0,
-1,-1,-1,0,0,0,
-1,-1,-1,0,0,0,
-1,-1,-1,0,0,0,
-1,-1,-1,0,0,0,
-1,-1,-1,0,0,0,
-1,-1,-1,0,0,0,
-1,-1,-1,0,0,0,
-1,-1,-1,0,0,0,
-1,-1,-1,0,0,0,
-1,-1,-1,0,0,0,
-1,-1,-1,0,0,0,
-1,-1,-1,0,0,0,
-1,-1,-1,0,0,0,
-1,-1,-1,0,0,0,
-1,-1,-1,0,0,0,
-1,-1,-1,0,0,0,
-1,-1,-1,0,0,0,
-1,-1,-1,0,0,0,
-1,-1,-1,0,0,0,
-1,-1,-1,0,0,0,
-1,-1,-1,0,0,0,
-1,-1,-1,0,0,0,
-1,-1,-1,0,0,0,
-1,-1,-1,0,0,0,
-1,-1,-1,0,0,0,
-1,-1,-1,0,0,0,
-1,-1,-1,0,0,0,
-1,-1,-1,0,0,0,
-1,-1,-1,0,0,0,
-1,-1,-1,0,0,0,
-1,-1,-1,0,0,0,
-1,-1,-1,0,0,0,
-1,-1,-1,0,0,0,
-1,-1,-1,0,0,0,
-1,-1,-1,0,0,0,
-1,-1,-1,0,0,0,
-1,-1,-1,0,0,0,
-1,-1,-1,0,0,0,
-1,-1,-1,0,0,0,
-1,-1,-1,0,0,0,
-1,-1,-1,0,0,0,
-1,-1,-1,0,0,0,
-1,-1,-1,0,0,0,
-1,-1,-1,0,0,0,
-1,-1,-1,0,0,0,
-1,-1,-1,0,0,0,
-1,-1,-1,0,0,0,
-1,-1,-1,0,0,0,
-1,-1,-1,0,0,0,
-1,-1,-1,0,0,0,
-1,-1,-1,0,0,0,
-1,-1,-1,0,0,0,
-1,-1,-1,0,0,0,
-1,-1,-1,0,0,0,
-1,-1,-1,0,0,0,
-1,-1,-1,0,0,0,
-1,-1,-1,0,0,0,
-1,-1,-1,0,0,0,
-1,-1,-1,0,0,0,
-1,-1,-1,0,0,0,
-1,-1,-1,0,0,0,
-1,-1,-1,0,0,0,
-1,-1,-1,0,0,0,
-1,-1,-1,0,0,0,
-1,-1,-1,0,0,0,
-1,-1,-1,0,0,0,
-1,-1,-1,0,0,0,
-1,-1,-1,0,0,0,
-1,-1,-1,0,0,0,
-1,-1,-1,0,0,0,
-1,-1,-1,0,0,0,
-1,-1,-1,0,0,0,
-1,-1,-1,0,0,0,
-1,-1,-1,0,0,0,
-1,-1,-1,0,0,0,
-1,-1,-1,0,0,0,
-1,-1,-1,0,0,0,
-1,-1,-1,0,0,0,
-1,-1,-1,0,0,0,
-1,-1,-1,0,0,0,
-1,-1,-1,0,0,0,
-1,-1,-1,0,0,0,
-1,-1,-1,0,0,0,
-1,-1,-1,0,0,0,
-1,-1,-1,0,0,0,
-1,-1,-1,0,0,0,
-1,-1,-1,0,0,0,
-1,-1,-1,0,0,0,
-1,-1,-1,0,0,0,
-1,-1,-1,0,0,0,
-1,-1,-1,0,0,0,
-1,-1,-1,0,0,0,
-1,-1,-1,0,0,0,
-1,-1,-1,0,0,0,
-1,-1,-1,0,0,0,
-1,-1,-1,0,0,0,
-1,-1,-1,0,0,0,
-1,-1,-1,0,0,0,
-1,-1,-1,0,0,0,
-1,-1,-1,0,0,0,
-1,-1,-1,0,0,0,
-1,-1,-1,0,0,0,
-1,-1,-1,0,0,0,
-1,-1,-1,0,0,0,
-1,-1,-1,0,0,0,
-1,-1,-1,0,0,0,
-1,-1,-1,0,0,0,
-1,-1,-1,0,0,0,
-1,-1,-1,0,0,0,
-1,-1,-1,0,0,0,
-1,-1,-1,0,0,0,
-1,-1,-1,0,0,0,
-1,-1,-1,0,0,0,
-1,-1,-1,0,0,0,
-1,-1,-1,0,0,0,
-1,-1,-1,0,0,0,
-1,-1,-1,0,0,0,
-1,-1,-1,0,0,0,
-1,-1,-1,0,0,0,
-1,-1,-1,0,0,0,
-1,-1,-1,0,0,0,
-1,-1,-1,0,0,0,
-1,-1,-1,0,0,0,
-1,-1,-1,0,0,0,
-1,-1,-1,0,0,0,
-1,-1,-1,0,0,0,
-1,-1,-1,0,0,0,
-1,-1,-1,0,0,0,
-1,-1,-1,0,0,0,
-1,-1,-1,0,0,0,
-1,-1,-1,0,0,0,
-1,-1,-1,0,0,0,
-1,-1,-1,0,0,0,
-1,-1,-1,0,0,0,
-1,-1,-1,0,0,0,
-1,-1,-1,0,0,0,
-1,-1,-1,0,0,0,
-1,-1,-1,0,0,0,
-1,-1,-1,0,0,0,
-1,-1,-1,0,0,0,
-1,-1,-1,0,0,0,
-1,-1,-1,0,0,0,
-1,-1,-1,0,0,0,
-1,-1,-1,0,0,0,
-1,-1,-1,0,0,0,
-1,-1,-1,0,0,0,
-1,-1,-1,0,0,0,
-1,-1,-1,0,0,0,
-1,-1,-1,0,0,0,
-1,-1,-1,0,0,0,
-1,-1,-1,0,0,0,
-1,-1,-1,0,0,0,
-1,-1,-1,0,0,0,
-1,-1,-1,0,0,0,
-1,-1,-1,0,0,0,
-1,-1,-1,0,0,0,
-1,-1,-1,0,0,0,
-1,-1,-1,0,0,0,
-1,-1,-1,0,0,0,
-1,-1,-1,0,0,0,
-1,-1,-1,0,0,0,
-1,-1,-1,0,0,0,
-1,-1,-1,0,0,0,
-1,-1,-1,0,0,0,
-1,-1,-1,0,0,0,
-1,-1,-1,0,0,0,
-1,-1,-1,0,0,0,
-1,-1,-1,0,0,0,
-1,-1,-1,0,0,0,
-1,-1,-1,0,0,0,
-1,-1,-1,0,0,0,
-1,-1,-1,0,0,0,
-1,-1,-1,0,0,0,
-1,-1,-1,0,0,0,
-1,-1,-1,0,0,0,
-1,-1,-1,0,0,0,
-1,-1,-1,0,0,0,
-1,-1,-1,0,0,0,
-1,-1,-1,0,0,0,
-1,-1,-1,0,0,0,
-1,-1,-1,0,0,0,
-1,-1,-1,0,0,0,
-1,-1,-1,0,0,0,
-1,-1,-1,0,0,0,
-1,-1,-1,0,0,0,
-1,-1,-1,0,0,0,
-1,-1,-1,0,0,0,
-1,-1,-1,0,0,0,
-1,-1,-1,0,0,0,
-1,-1,-1,0,0,0,
-1,-1,-1,0,0,0,
-1,-1,-1,0,0,0,
-1,-1,-1,0,0,0,
-1,-1,-1,0,0,0,
-1,-1,-1,0,0,0,
-1,-1,-1,0,0,0,
-1,-1,-1,0,0,0,
-1,-1,-1,0,0,0,
-1,-1,-1,0,0,0,
-1,-1,-1,0,0,0,
-1,-1,-1,0,0,0,
-1,-1,-1,0,0,0,
-1,-1,-1,0,0,0,
-1,-1,-1,0,0,0,
-1,-1,-1,0,0,0,
-1,-1,-1,0,0,0,
-1,-1,-1,0,0,0,
-1,-1,-1,0,0,0,
-1,-1,-1,0,0,0,
-1,-1,-1,0,0,0,
-1,-1,-1,0,0,0,
-1,-1,-1,0,0,0,
-1,-1,-1,0,0,0,
-1,-1,-1,0,0,0,
-1,-1,-1,0,0,0,
-1,-1,-1,0,0,0,
-1,-1,-1,0,0,0,
-1,-1,-1,0,0,0,
-1,-1,-1,0,0,0,
-1,-1,-1,0,0,0,
-1,-1,-1,0,0,0,
-1,-1,-1,0,0,0,
-1,-1,-1,0,0,0,
-1,-1,-1,0,0,0,
-1,-1,-1,0,0,0,
-1,-1,-1,0,0,0,
-1,-1,-1,0,0,0,
-1,-1,-1,0,0,0,
-1,-1,-1,0,0,0,
-1,-1,-1,0,0,0,
-1,-1,-1,0,0,0,
-1,-1,-1,0,0,0,
-1,-1,-1,0,0,0,
-1,-1,-1,0,0,0,
-1,-1,-1,0,0,0,
-1,-1,-1,0,0,0,
-1,-1,-1,0,0,0,
-1,-1,-1,0,0,0,
-1,-1,-1,0,0,0,
-1,-1,-1,0,0,0,
-1,-1,-1,0,0,0,
-1,-1,-1,0,0,0,
-1,-1,-1,0,0,0,
-1,-1,-1,0,0,0,
-1,-1,-1,0,0,0,
-1,-1,-1,0,0,0,
-1,-1,-1,0,0,0,
-1,-1,-1,0,0,0,
-1,-1,-1,0,0,0,
-1,-1,-1,0,0,0,
-1,-1,-1,0,0,0,
-1,-1,-1,0,0,0,
-1,-1,-1,0,0,0,
-1,-1,-1,0,0,0,
-1,-1,-1,0,0,0,
-1,-1,-1,0,0,0,
-1,-1,-1,0,0,0,
-1,-1,-1,0,0,0,
-1,-1,-1,0,0,0,
-1,-1,-1,0,0,0,
-1,-1,-1,0,0,0,
-1,-1,-1,0,0,0,
-1,-1,-1,0,0,0,
-1,-1,-1,0,0,0,
-1,-1,-1,0,0,0,
-1,-1,-1,0,0,0,
-1,-1,-1,0,0,0,
-1,-1,-1,0,0,0,
-1,-1,-1,0,0,0,
-1,-1,-1,0,0,0,
-1,-1,-1,0,0,0,
-1,-1,-1,0,0,0,
-1,-1,-1,0,0,0,
-1,-1,-1,0,0,0,
-1,-1,-1,0,0,0,
-1,-1,-1,0,0,0,
-1,-1,-1,0,0,0,
-1,-1,-1,0,0,0,
-1,-1,-1,0,0,0,
-1,-1,-1,0,0,0,
-1,-1,-1,0,0,0,
-1,-1,-1,0,0,0,
-1,-1,-1,0,0,0,
-1,-1,-1,0,0,0,
-1,-1,-1,0,0,0,
-1,-1,-1,0,0,0,
-1,-1,-1,0,0,0,
-1,-1,-1,0,0,0,
-1,-1,-1,0,0,0,
-1,-1,-1,0,0,0,
-1,-1,-1,0,0,0,
-1,-1,-1,0,0,0,
-1,-1,-1,0,0,0,
-1,-1,-1,0,0,0,
-1,-1,-1,0,0,0,
-1,-1,-1,0,0,0,
-1,-1,-1,0,0,0,
-1,-1,-1,0,0,0,
-1,-1,-1,0,0,0,
-1,-1,-1,0,0,0,
-1,-1,-1,0,0,0,
-1,-1,-1,0,0,0,
-1,-1,-1,0,0,0,
-1,-1,-1,0,0,0,
-1,-1,-1,0,0,0,
-1,-1,-1,0,0,0,
-1,-1,-1,0,0,0,
-1,-1,-1,0,0,0,
-1,-1,-1,0,0,0,
-1,-1,-1,0,0,0,
-1,-1,-1,0,0,0,
-1,-1,-1,0,0,0,
-1,-1,-1,0,0,0,
-1,-1,-1,0,0,0,
-1,-1,-1,0,0,0,
-1,-1,-1,0,0,0,
-1,-1,-1,0,0,0,
-1,-1,-1,0,0,0,
-1,-1,-1,0,0,0,
-1,-1,-1,0,0,0,
-1,-1,-1,0,0,0,
-1,-1,-1,0,0,0,
-1,-1,-1,0,0,0,
-1,-1,-1,0,0,0,
-1,-1,-1,0,0,0,
-1,-1,-1,0,0,0,
-1,-1,-1,0,0,0,
-1,-1,-1,0,0,0,
-1,-1,-1,0,0,0,
-1,-1,-1,0,0,0,
-1,-1,-1,0,0,0,
-1,-1,-1,0,0,0,
-1,-1,-1,0,0,0,
-1,-1,-1,0,0,0,
-1,-1,-1,0,0,0,
-1,-1,-1,0,0,0,
-1,-1,-1,0,0,0,
-1,-1,-1,0,0,0,
-1,-1,-1,0,0,0,
-1,-1,-1,0,0,0,
-1,-1,-1,0,0,0,
-1,-1,-1,0,0,0,
-1,-1,-1,0,0,0,
-1,-1,-1,0,0,0,
-1,-1,-1,0,0,0,
-1,-1,-1,0,0,0,
-1,-1,-1,0,0,0,
-1,-1,-1,0,0,0,
-1,-1,-1,0,0,0,
-1,-1,-1,0,0,0,
-1,-1,-1,0,0,0,
-1,-1,-1,0,0,0,
-1,-1,-1,0,0,0,
-1,-1,-1,0,0,0,
-1,-1,-1,0,0,0,
-1,-1,-1,0,0,0,
-1,-1,-1,0,0,0,
-1,-1,-1,0,0,0,
-1,-1,-1,0,0,0,
-1,-1,-1,0,0,0,
-1,-1,-1,0,0,0,
-1,-1,-1,0,0,0,
-1,-1,-1,0,0,0,
-1,-1,-1,0,0,0,
-1,-1,-1,0,0,0,
-1,-1,-1,0,0,0,
-1,-1,-1,0,0,0,
-1,-1,-1,0,0,0,
-1,-1,-1,0,0,0,
-1,-1,-1,0,0,0,
-1,-1,-1,0,0,0,
-1,-1,-1,0,0,0,
-1,-1,-1,0,0,0,
-1,-1,-1,0,0,0,
-1,-1,-1,0,0,0,
-1,-1,-1,0,0,0,
-1,-1,-1,0,0,0,
-1,-1,-1,0,0,0,
-1,-1,-1,0,0,0,
-1,-1,-1,0,0,0,
-1,-1,-1,0,0,0,
-1,-1,-1,0,0,0,
-1,-1,-1,0,0,0,
-1,-1,-1,0,0,0,
-1,-1,-1,0,0,0,
-1,-1,-1,0,0,0,
-1,-1,-1,0,0,0,
-1,-1,317,0,0,1.01477422272906,
-1,-1,318,0,0,1.02224298776839,
-1,-1,318,0,0,1.02224298776839,
-1,-1,316,0,0,1.00736002637044,
324,-1,315,1.0682242195492,0,1,
325,-1,315,1.07608637797463,0,1,
325,-1,314,1.07608637797463,0,0.992693747838137,
325,-1,312,1.07608637797463,0,0.978240997458979,
325,-1,311,1.07608637797463,0,0.97109372205647,
325,-1,309,1.07608637797463,0,0.956955449109537,
324,-1,308,1.0682242195492,0,0.949963691290674,
324,-1,306,1.0682242195492,0,0.936133053060719,
324,-1,305,1.0682242195492,0,0.929293428918002,
323,-1,303,1.06041950403577,0,0.915763731580436,
322,-1,301,1.05267181174192,0,0.902431014770603,
321,-1,300,1.04498072604165,0,0.895837626218002,
318,331,298,1.02224298776839,1.12448952453946,0.882795016027113,
315,326,296,1,1.0840064020934,0.869942294802273,
313,321,294,0.985440876996926,1.04498072604165,0.85727669792667,
312,316,294,0.978240997458979,1.00736002637044,0.85727669792667,
276,311,291,0.751270227599384,0.97109372205647,0.838623212078126,
273,306,290,0.734923336808056,0.936133053060719,0.832496019421891,
269,301,289,0.713679438567096,0.902431014770603,0.826413593580247,
266,251,287,0.69815048584984,0.625429473986665,0.8143817364199,
263,245,287,0.682959427654218,0.598508143165251,0.8143817364199,
260,239,285,0.668098911732475,0.572745628938418,0.802525052547905,
257,233,285,0.653561745814434,0.548092050566288,0.802525052547905,
251,227,284,0.625429473986665,0.52449967440303,0.796661602147778,
246,221,284,0.602913178881873,0.501922821476157,0.796661602147778,
240,265,284,0.576961051870961,0.693049622353293,0.796661602147778,
236,259,284,0.560283255342988,0.663217612614291,0.796661602147778,
232,253,284,0.544087551836938,0.634669708336664,0.796661602147778,
229,247,284,0.53224874941398,0.607350635777532,0.796661602147778,
226,241,284,0.520667547523026,0.581207500427451,0.796661602147778,
224,245,285,0.513087084654929,0.598508143165251,0.802525052547905,
225,249,285,0.516863419128324,0.616323769345146,0.802525052547905,
227,253,285,0.52449967440303,0.634669708336664,0.802525052547905,
230,257,286,0.536166114245303,0.653561745814434,0.8084316580976,
233,261,286,0.548092050566288,0.673016137340891,0.8084316580976,
236,265,286,0.560283255342988,0.693049622353293,0.8084316580976,
239,269,286,0.572745628938418,0.713679438567096,0.8084316580976,
242,273,287,0.585485202957297,0.734923336808056,0.8143817364199,
245,282,287,0.598508143165251,0.785062907890282,0.8143817364199,
247,282,287,0.607350635777532,0.785062907890282,0.8143817364199,
248,282,288,0.61182075247296,0.785062907890282,0.820375607475558,
248,282,289,0.61182075247296,0.785062907890282,0.826413593580247,
245,282,290,0.598508143165251,0.785062907890282,0.832496019421891,
242,282,291,0.585485202957297,0.785062907890282,0.838623212078126,
240,283,292,0.576961051870961,0.790840991594812,0.844795501033887,
236,284,294,0.560283255342988,0.796661602147778,0.85727669792667,
231,285,295,0.540112310985087,0.802525052547905,0.863586277030178,
226,287,296,0.520667547523026,0.8143817364199,0.869942294802273,
220,287,297,0.498255646776659,0.8143817364199,0.876345093032782,
215,289,299,0.480317779044042,0.826413593580247,0.889292410624769,
209,290,300,0.459642715960387,0.832496019421891,0.895837626218002,
204,291,301,0.443094965229418,0.838623212078126,0.902431014770603,
198,292,302,0.424022141449293,0.844795501033887,0.909072930836821,
193,294,303,0.408756778902528,0.85727669792667,0.915763731580436,
187,295,304,0.391162026931237,0.863586277030178,0.922503776793964,
181,295,304,0.374324633156579,0.863586277030178,0.922503776793964,
175,296,305,0.358211997435117,0.869942294802273,0.929293428918002,
169,297,306,0.342792922881947,0.876345093032782,0.936133053060719,
163,298,306,0.328037555468064,0.882795016027113,0.936133053060719,
158,299,307,0.316227766016838,0.889292410624769,0.94302301701749,
155,300,308,0.309346965252536,0.895837626218002,0.949963691290674,
152,300,309,0.302615883849549,0.895837626218002,0.956955449109537,
149,302,310,0.296031264063913,0.909072930836821,0.963998666450324,
146,302,311,0.289589919036925,0.909072930836821,0.97109372205647,
143,303,311,0.283288731252746,0.915763731580436,0.97109372205647,
142,304,312,0.281218952347599,0.922503776793964,0.978240997458979,
144,304,312,0.285373743785216,0.922503776793964,0.978240997458979,
145,305,313,0.287474102064907,0.929293428918002,0.985440876996926,
147,306,314,0.291721308477651,0.936133053060719,0.992693747838137,
149,306,314,0.296031264063913,0.936133053060719,0.992693747838137,
150,307,315,0.298210061973899,0.94302301701749,1,
152,308,316,0.302615883849549,0.949963691290674,1.00736002637044,
154,309,316,0.307086798318894,0.956955449109537,1.00736002637044,
154,309,316,0.307086798318894,0.956955449109537,1.00736002637044,
151,310,317,0.300404895893959,0.963998666450324,1.01477422272906,
148,311,317,0.293868385000867,0.97109372205647,1.01477422272906,
145,323,317,0.287474102064907,1.06041950403577,1.01477422272906,
142,324,317,0.281218952347599,1.0682242195492,1.01477422272906,
138,325,317,0.273089959148051,1.07608637797463,1.01477422272906,
134,326,317,0.265195944885331,1.0840064020934,1.01477422272906,
129,327,317,0.255648537217492,1.09198471779854,1.01477422272906,
124,328,317,0.246444848957638,1.10002175411766,1.01477422272906,
119,329,318,0.237572505748715,1.10811794323603,1.02224298776839,
115,329,318,0.230705168865802,1.10811794323603,1.02224298776839,
110,330,318,0.222399475129829,1.11627372051981,1.02224298776839,
106,331,319,0.215970734087232,1.12448952453946,1.02976672311537,
101,333,319,0.208195499652389,1.14110298323151,1.02976672311537,
96,334,320,0.200700184025861,1.14950153127948,1.03734583335291,
93,335,320,0.196333148211659,1.15796189286257,1.03734583335291,
89,336,321,0.190657887659925,1.16648452293,1.04498072604165,
86,337,321,0.186509362197867,1.17506987977948,1.04498072604165,
83,338,322,0.182451104511879,1.18371842508177,1.05267181174192,
80,339,323,0.178481150465193,1.19243062390556,1.06041950403577,
77,340,323,0.174597578658696,1.20120694474243,1.06041950403577,
74,342,324,0.170798509501006,1.21895384368774,1.0682242195492,
71,344,324,0.167082104298771,1.23696293927083,1.0682242195492,
69,346,325,0.164649535390672,1.25523810524321,1.07608637797463,
66,347,325,0.161066925731729,1.26447669079899,1.07608637797463,
63,349,326,0.157562270085457,1.28315835106456,1.0840064020934,
61,351,326,0.15526830161464,1.30211601833984,1.0840064020934,
58,353,326,0.151889818245267,1.32135377041387,1.0840064020934,
56,355,326,0.149678435698519,1.34087574532185,1.0840064020934,
55,357,326,0.148584847304113,1.36068614223524,1.0840064020934,
57,358,326,0.150780072932347,1.37070082812398,1.0840064020934,
60,360,326,0.154133872250299,1.3909518674536,1.0840064020934,
63,361,326,0.157562270085457,1.40118930987807,1.0840064020934,
66,362,326,0.161066925731729,1.41150210014876,1.0840064020934,
70,364,326,0.165861360313029,1.4323559465589,1.0840064020934,
74,364,326,0.170798509501006,1.4323559465589,1.0840064020934,
80,364,326,0.178481150465193,1.4323559465589,1.0840064020934,
86,364,326,0.186509362197867,1.4323559465589,1.0840064020934,
92,364,326,0.194898688723092,1.4323559465589,1.0840064020934,
99,364,326,0.205164355764263,1.4323559465589,1.0840064020934,
105,364,326,0.214392797444407,1.4323559465589,1.0840064020934,
110,363,326,0.222399475129829,1.42189079282779,1.0840064020934,
113,362,326,0.227346303934839,1.41150210014876,1.0840064020934,
116,360,326,0.232403164992452,1.3909518674536,1.0840064020934,
120,359,326,0.239321045655918,1.38078922236497,1.0840064020934,
123,357,326,0.244644260747161,1.36068614223524,1.0840064020934,
126,355,326,0.250085880046568,1.34087574532185,1.0840064020934,
129,353,326,0.255648537217492,1.32135377041387,1.0840064020934,
129,351,326,0.255648537217492,1.30211601833984,1.0840064020934,
129,349,326,0.255648537217492,1.28315835106456,1.0840064020934,
129,347,326,0.255648537217492,1.26447669079899,1.0840064020934,
130,345,326,0.257530117192978,1.24606701912313,1.0840064020934,
130,344,326,0.257530117192978,1.23696293927083,1.0840064020934,
131,343,326,0.259425545646702,1.22792537612164,1.0840064020934,
132,344,326,0.261334924503829,1.23696293927083,1.0840064020934,
133,346,327,0.263258356439695,1.25523810524321,1.09198471779854,
135,348,327,0.267147794033021,1.27378327258808,1.09198471779854,
136,350,328,0.26911400884191,1.29260243036585,1.10002175411766,
137,352,328,0.271094695043643,1.3116996265722,1.10002175411766,
139,354,328,0.275099908448884,1.33107896900881,1.10002175411766,
140,357,329,0.277124651029575,1.36068614223524,1.10811794323603,
141,359,329,0.279164295769053,1.38078922236497,1.10811794323603,
146,361,329,0.289589919036925,1.40118930987807,1.10811794323603,
151,362,329,0.300404895893959,1.41150210014876,1.10811794323603,
156,364,330,0.311623767074411,1.4323559465589,1.11627372051981,
162,365,330,0.325640830369253,1.44289812409743,1.11627372051981,
167,366,330,0.337802158553125,1.45351789234065,1.11627372051981,
172,367,329,0.350417661672702,1.46421582235819,1.10811794323603,
177,368,329,0.363504301269445,1.47499248942277,1.10811794323603,
183,368,328,0.379854988659808,1.47499248942277,1.10002175411766,
190,368,328,0.399862639111729,1.47499248942277,1.10002175411766,
197,367,327,0.420924128761651,1.46421582235819,1.09198471779854,
204,367,326,0.443094965229418,1.46421582235819,1.0840064020934,
211,366,326,0.466433579821777,1.45351789234065,1.0840064020934,
217,365,326,0.487414100892367,1.44289812409743,1.0840064020934,
224,364,325,0.513087084654929,1.4323559465589,1.07608637797463,
231,363,325,0.540112310985087,1.42189079282779,1.07608637797463,
237,362,324,0.564406954877231,1.41150210014876,1.0682242195492,
241,360,324,0.581207500427451,1.3909518674536,1.0682242195492,
245,358,324,0.598508143165251,1.37070082812398,1.0682242195492,
249,356,324,0.616323769345146,1.35074462616691,1.0682242195492,
253,355,323,0.634669708336664,1.34087574532185,1.06041950403577,
257,353,323,0.653561745814434,1.32135377041387,1.06041950403577,
259,352,322,0.663217612614291,1.3116996265722,1.05267181174192,
259,351,322,0.663217612614291,1.30211601833984,1.05267181174192,
253,351,322,0.634669708336664,1.30211601833984,1.05267181174192,
246,352,322,0.602913178881873,1.3116996265722,1.05267181174192,
240,354,322,0.576961051870961,1.33107896900881,1.05267181174192,
233,355,322,0.548092050566288,1.34087574532185,1.05267181174192,
226,358,323,0.520667547523026,1.37070082812398,1.06041950403577,
217,360,323,0.487414100892367,1.3909518674536,1.06041950403577,
208,362,324,0.456284450373217,1.41150210014876,1.0682242195492,
201,364,324,0.433453660755077,1.4323559465589,1.0682242195492,
195,366,325,0.414795842596048,1.45351789234065,1.07608637797463,
188,367,326,0.394040989764567,1.46421582235819,1.0840064020934,
182,369,326,0.377079672327718,1.48584847304113,1.0840064020934,
178,370,326,0.366179702512558,1.49678435698519,1.0840064020934,
180,370,326,0.37158972299634,1.49678435698519,1.0840064020934,
184,370,326,0.382650731393289,1.49678435698519,1.0840064020934,
188,369,326,0.394040989764567,1.48584847304113,1.0840064020934,
194,368,326,0.411765239574349,1.47499248942277,1.0840064020934,
199,367,326,0.427142955592011,1.46421582235819,1.0840064020934,
204,367,326,0.443094965229418,1.46421582235819,1.0840064020934,
210,366,326,0.463025698470838,1.45351789234065,1.0840064020934,
213,365,326,0.473324773418377,1.44289812409743,1.0840064020934,
216,365,326,0.483852930564,1.44289812409743,1.0840064020934,
219,364,326,0.494615265380236,1.4323559465589,1.0840064020934,
221,364,326,0.501922821476157,1.4323559465589,1.0840064020934,
224,364,326,0.513087084654929,1.4323559465589,1.0840064020934,
227,364,326,0.52449967440303,1.4323559465589,1.0840064020934,
228,364,326,0.528360005837925,1.4323559465589,1.0840064020934,
228,364,326,0.528360005837925,1.4323559465589,1.0840064020934,
228,364,326,0.528360005837925,1.4323559465589,1.0840064020934,
228,364,326,0.528360005837925,1.4323559465589,1.0840064020934,
227,364,326,0.52449967440303,1.4323559465589,1.0840064020934,
227,364,326,0.52449967440303,1.4323559465589,1.0840064020934,
227,364,326,0.52449967440303,1.4323559465589,1.0840064020934,
224,364,326,0.513087084654929,1.4323559465589,1.0840064020934,
221,364,326,0.501922821476157,1.4323559465589,1.0840064020934,
219,364,326,0.494615265380236,1.4323559465589,1.0840064020934,
216,364,326,0.483852930564,1.4323559465589,1.0840064020934,
213,364,326,0.473324773418377,1.4323559465589,1.0840064020934,
211,365,326,0.466433579821777,1.44289812409743,1.0840064020934,
207,365,326,0.452950721121253,1.44289812409743,1.0840064020934,
203,366,326,0.4398576016818,1.45351789234065,1.0840064020934,
199,366,326,0.427142955592011,1.45351789234065,1.0840064020934,
196,367,326,0.417848750935905,1.46421582235819,1.0840064020934,
193,367,326,0.408756778902528,1.46421582235819,1.0840064020934,
191,368,326,0.402805638680146,1.47499248942277,1.0840064020934,
189,368,326,0.39694114184027,1.47499248942277,1.0840064020934,
189,368,327,0.39694114184027,1.47499248942277,1.09198471779854,
190,368,327,0.399862639111729,1.47499248942277,1.09198471779854,
192,368,327,0.405770298802996,1.47499248942277,1.09198471779854,
194,368,328,0.411765239574349,1.47499248942277,1.10002175411766,
197,368,328,0.420924128761651,1.47499248942277,1.10002175411766,
198,368,328,0.424022141449293,1.47499248942277,1.10002175411766,
200,368,329,0.430286739009118,1.47499248942277,1.10811794323603,
202,368,329,0.4366438911286,1.47499248942277,1.10811794323603,
204,368,329,0.443094965229418,1.47499248942277,1.10811794323603,
205,368,330,0.446356155858117,1.47499248942277,1.11627372051981,
206,367,330,0.449641348935843,1.46421582235819,1.11627372051981,
207,367,330,0.452950721121253,1.46421582235819,1.11627372051981,
208,366,330,0.456284450373217,1.45351789234065,1.11627372051981,
207,365,330,0.452950721121253,1.44289812409743,1.11627372051981,
207,364,330,0.452950721121253,1.4323559465589,1.11627372051981,
207,363,330,0.452950721121253,1.42189079282779,1.11627372051981,
206,362,330,0.449641348935843,1.41150210014876,1.11627372051981,
206,361,330,0.449641348935843,1.40118930987807,1.11627372051981,
205,361,330,0.446356155858117,1.40118930987807,1.11627372051981,
205,361,330,0.446356155858117,1.40118930987807,1.11627372051981,
206,361,331,0.449641348935843,1.40118930987807,1.12448952453946,
207,362,331,0.452950721121253,1.41150210014876,1.12448952453946,
208,363,331,0.456284450373217,1.42189079282779,1.12448952453946,
209,364,332,0.459642715960387,1.4323559465589,1.13276579709336,
210,365,332,0.463025698470838,1.44289812409743,1.13276579709336,
211,366,332,0.466433579821777,1.45351789234065,1.13276579709336,
212,367,333,0.469866543269325,1.46421582235819,1.14110298323151,
213,368,333,0.473324773418377,1.47499248942277,1.14110298323151,
214,369,333,0.47680845623252,1.48584847304113,1.14110298323151,
215,369,334,0.480317779044042,1.48584847304113,1.14950153127948,
216,370,334,0.483852930564,1.49678435698519,1.14950153127948,
216,371,334,0.483852930564,1.50780072932347,1.14950153127948,
217,371,334,0.487414100892367,1.50780072932347,1.14950153127948,
217,372,334,0.487414100892367,1.51889818245267,1.14950153127948,
