-1,474,-1,0,104.122325604831,0,
-1,-1,-1,0,0,0,
-1,-1,-1,0,0,0,
-1,-1,159,0,0,1.01853153926453,
-1,-1,158,0,0,1.00367913598449,
-1,-1,158,0,0,1.00367913598449,
-1,-1,158,0,0,1.00367913598449,
-1,-1,158,0,0,1.00367913598449,
-1,-1,158,0,0,1.00367913598449,
-1,-1,158,0,0,1.00367913598449,
-1,-1,159,0,0,1.01853153926453,
-1,-1,159,0,0,1.01853153926453,
-1,-1,159,0,0,1.01853153926453,
-1,-1,160,0,0,1.0336037278079,
-1,-1,160,0,0,1.0336037278079,
-1,155,160,0,0.960408821250538,1.0336037278079,
-1,155,161,0,0.960408821250538,1.04889895398803,
-1,155,161,0,0.960408821250538,1.04889895398803,
-1,155,161,0,0.960408821250538,1.04889895398803,
-1,155,162,0,0.960408821250538,1.06442051830686,
-1,155,162,0,0.960408821250538,1.06442051830686,
-1,156,163,0,0.974620912162375,1.08017177010701,
-1,156,163,0,0.974620912162375,1.08017177010701,
-1,157,164,0,0.989043313020995,1.09615610829454,
-1,157,164,0,0.989043313020995,1.09615610829454,
-1,158,165,0,1.00367913598449,1.1123769820724,
-1,158,165,0,1.00367913598449,1.1123769820724,
-1,159,166,0,1.01853153926453,1.12883789168469,
-1,159,166,0,1.01853153926453,1.12883789168469,
-1,160,166,0,1.0336037278079,1.12883789168469,
-1,160,167,0,1.0336037278079,1.14554238917198,
-1,160,167,0,1.0336037278079,1.14554238917198,
-1,161,167,0,1.04889895398803,1.14554238917198,
-1,161,168,0,1.04889895398803,1.1624940791378,
-1,161,168,0,1.04889895398803,1.1624940791378,
-1,162,168,0,1.06442051830686,1.1624940791378,
-1,162,169,0,1.06442051830686,1.17969661952645,
-1,162,169,0,1.06442051830686,1.17969661952645,
-1,163,169,0,1.08017177010701,1.17969661952645,
-1,163,170,0,1.08017177010701,1.19715372241235,
-1,163,170,0,1.08017177010701,1.19715372241235,
-1,164,171,0,1.09615610829454,1.21486915480104,
-1,164,171,0,1.09615610829454,1.21486915480104,
-1,164,171,0,1.09615610829454,1.21486915480104,
-1,164,172,0,1.09615610829454,1.23284673944207,
-1,165,173,0,1.1123769820724,1.25109035565386,
-1,165,173,0,1.1123769820724,1.25109035565386,
-1,165,174,0,1.1123769820724,1.26960394016084,
-1,165,174,0,1.1123769820724,1.26960394016084,
-1,166,175,0,1.12883789168469,1.28839148794294,
-1,166,175,0,1.12883789168469,1.28839148794294,
-1,166,175,0,1.12883789168469,1.28839148794294,
-1,167,176,0,1.14554238917198,1.30745705309762,
-1,167,176,0,1.14554238917198,1.30745705309762,
-1,167,176,0,1.14554238917198,1.30745705309762,
-1,168,177,0,1.1624940791378,1.32680474971472,
-1,168,177,0,1.1624940791378,1.32680474971472,
-1,168,177,0,1.1624940791378,1.32680474971472,
-1,169,178,0,1.17969661952645,1.34643875276423,
-1,169,178,0,1.17969661952645,1.34643875276423,
-1,170,179,0,1.19715372241235,1.36636329899714,
-1,170,179,0,1.19715372241235,1.36636329899714,
185,170,179,1.49225725896563,1.19715372241235,1.36636329899714,
186,170,179,1.51433962155852,1.19715372241235,1.36636329899714,
187,170,179,1.53674875806038,1.19715372241235,1.36636329899714,
187,170,179,1.53674875806038,1.19715372241235,1.36636329899714,
188,170,179,1.55948950405828,1.19715372241235,1.36636329899714,
189,170,179,1.58256676669616,1.19715372241235,1.36636329899714,
189,170,179,1.58256676669616,1.19715372241235,1.36636329899714,
189,170,179,1.58256676669616,1.19715372241235,1.36636329899714,
190,171,179,1.60598552573364,1.21486915480104,1.36636329899714,
191,171,179,1.62975083462064,1.21486915480104,1.36636329899714,
191,170,179,1.62975083462064,1.19715372241235,1.36636329899714,
191,170,180,1.62975083462064,1.19715372241235,1.38658268785975,
191,170,180,1.62975083462064,1.19715372241235,1.38658268785975,
191,170,180,1.62975083462064,1.19715372241235,1.38658268785975,
191,170,181,1.62975083462064,1.19715372241235,1.40710128242137,
191,170,181,1.62975083462064,1.19715372241235,1.40710128242137,
191,170,181,1.62975083462064,1.19715372241235,1.40710128242137,
191,170,182,1.62975083462064,1.19715372241235,1.42792351031584,
191,170,182,1.62975083462064,1.19715372241235,1.42792351031584,
192,170,182,1.65386782158783,1.19715372241235,1.42792351031584,
192,170,182,1.65386782158783,1.19715372241235,1.42792351031584,
193,170,182,1.67834169075322,1.19715372241235,1.42792351031584,
194,170,182,1.70317772324514,1.19715372241235,1.42792351031584,
195,170,182,1.72838127834188,1.19715372241235,1.42792351031584,
196,170,182,1.75395779462807,1.19715372241235,1.42792351031584,
198,170,182,1.80625186869812,1.19715372241235,1.42792351031584,
199,170,182,1.83298071083244,1.19715372241235,1.42792351031584,
199,170,182,1.83298071083244,1.19715372241235,1.42792351031584,
202,170,182,1.91556393008661,1.19715372241235,1.42792351031584,
203,170,182,1.94391036768636,1.19715372241235,1.42792351031584,
204,170,182,1.97267627472379,1.19715372241235,1.42792351031584,
205,170,182,2.00186785849069,1.19715372241235,1.42792351031584,
206,170,182,2.03149141813408,1.19715372241235,1.42792351031584,
206,170,182,2.03149141813408,1.19715372241235,1.42792351031584,
207,170,182,2.06155334601552,1.19715372241235,1.42792351031584,
207,170,182,2.06155334601552,1.19715372241235,1.42792351031584,
206,170,182,2.03149141813408,1.19715372241235,1.42792351031584,
206,170,182,2.03149141813408,1.19715372241235,1.42792351031584,
205,170,182,2.00186785849069,1.19715372241235,1.42792351031584,
205,170,182,2.00186785849069,1.19715372241235,1.42792351031584,
204,170,182,1.97267627472379,1.19715372241235,1.42792351031584,
204,170,183,1.97267627472379,1.19715372241235,1.44905386469694,
205,171,183,2.00186785849069,1.21486915480104,1.44905386469694,
205,171,183,2.00186785849069,1.21486915480104,1.44905386469694,
205,171,184,2.00186785849069,1.21486915480104,1.47049690520797,
206,172,184,2.03149141813408,1.23284673944207,1.47049690520797,
207,172,184,2.06155334601552,1.23284673944207,1.47049690520797,
207,172,185,2.06155334601552,1.23284673944207,1.49225725896563,
208,173,185,2.09206012909049,1.25109035565386,1.49225725896563,
209,173,185,2.12301835030815,1.25109035565386,1.49225725896563,
210,173,186,2.15443469003188,1.25109035565386,1.51433962155852,
210,174,186,2.15443469003188,1.26960394016084,1.51433962155852,
211,174,186,2.18631592748083,1.26960394016084,1.51433962155852,
212,174,187,2.21866894219273,1.26960394016084,1.53674875806038,
213,174,187,2.25150071550844,1.26960394016084,1.53674875806038,
214,174,188,2.28481833207845,1.26960394016084,1.55948950405828,
215,174,188,2.31862898139157,1.26960394016084,1.55948950405828,
216,174,189,2.35293995932641,1.26960394016084,1.58256676669616,
217,174,189,2.3877586697257,1.26960394016084,1.58256676669616,
218,174,190,2.42309262599391,1.26960394016084,1.60598552573364,
218,174,190,2.42309262599391,1.26960394016084,1.60598552573364,
219,174,191,2.45894945271858,1.26960394016084,1.62975083462064,
220,174,191,2.4953368873156,1.26960394016084,1.62975083462064,
221,174,191,2.53226278169879,1.26960394016084,1.62975083462064,
221,174,191,2.53226278169879,1.26960394016084,1.62975083462064,
222,174,191,2.56973510397433,1.26960394016084,1.62975083462064,
223,174,191,2.60776194016006,1.26960394016084,1.62975083462064,
224,174,191,2.64635149593041,1.26960394016084,1.62975083462064,
224,174,191,2.64635149593041,1.26960394016084,1.62975083462064,
225,174,191,2.68551209838704,1.26960394016084,1.62975083462064,
226,174,191,2.72525219785575,1.26960394016084,1.62975083462064,
227,174,191,2.76558036970987,1.26960394016084,1.62975083462064,
227,174,191,2.76558036970987,1.26960394016084,1.62975083462064,
228,174,191,2.80650531622081,1.26960394016084,1.62975083462064,
227,175,191,2.76558036970987,1.28839148794294,1.62975083462064,
227,175,191,2.76558036970987,1.28839148794294,1.62975083462064,
226,175,192,2.72525219785575,1.28839148794294,1.65386782158783,
225,176,192,2.68551209838704,1.30745705309762,1.65386782158783,
224,176,193,2.64635149593041,1.30745705309762,1.67834169075322,
222,177,193,2.56973510397433,1.32680474971472,1.67834169075322,
221,177,194,2.53226278169879,1.32680474971472,1.70317772324514,
220,178,194,2.4953368873156,1.34643875276423,1.70317772324514,
219,178,195,2.45894945271858,1.34643875276423,1.72838127834188,
218,178,195,2.42309262599391,1.34643875276423,1.72838127834188,
217,179,196,2.3877586697257,1.36636329899714,1.75395779462807,
216,179,196,2.35293995932641,1.36636329899714,1.75395779462807,
216,179,196,2.35293995932641,1.36636329899714,1.75395779462807,
216,179,197,2.35293995932641,1.36636329899714,1.77991279116831,
216,179,197,2.35293995932641,1.36636329899714,1.77991279116831,
216,179,197,2.35293995932641,1.36636329899714,1.77991279116831,
216,179,197,2.35293995932641,1.36636329899714,1.77991279116831,
216,179,198,2.35293995932641,1.36636329899714,1.80625186869812,
216,179,198,2.35293995932641,1.36636329899714,1.80625186869812,
216,179,198,2.35293995932641,1.36636329899714,1.80625186869812,
216,179,199,2.35293995932641,1.36636329899714,1.83298071083244,
216,179,200,2.35293995932641,1.36636329899714,1.86010508529213,
216,179,200,2.35293995932641,1.36636329899714,1.86010508529213,
217,179,200,2.3877586697257,1.36636329899714,1.86010508529213,
218,180,201,2.42309262599391,1.38658268785975,1.88763084514857,
218,180,201,2.42309262599391,1.38658268785975,1.88763084514857,
219,181,202,2.45894945271858,1.40710128242137,1.91556393008661,
219,181,202,2.45894945271858,1.40710128242137,1.91556393008661,
220,182,203,2.4953368873156,1.42792351031584,1.94391036768636,
220,182,203,2.4953368873156,1.42792351031584,1.94391036768636,
220,182,203,2.4953368873156,1.42792351031584,1.94391036768636,
221,182,202,2.53226278169879,1.42792351031584,1.91556393008661,
221,181,202,2.53226278169879,1.40710128242137,1.91556393008661,
221,180,201,2.53226278169879,1.38658268785975,1.88763084514857,
222,180,200,2.56973510397433,1.38658268785975,1.86010508529213,
222,179,199,2.56973510397433,1.36636329899714,1.83298071083244,
222,178,198,2.56973510397433,1.34643875276423,1.80625186869812,
223,178,197,2.60776194016006,1.34643875276423,1.77991279116831,
223,177,196,2.60776194016006,1.32680474971472,1.75395779462807,
223,176,195,2.60776194016006,1.30745705309762,1.72838127834188,
224,176,194,2.64635149593041,1.30745705309762,1.70317772324514,
225,175,193,2.68551209838704,1.28839148794294,1.67834169075322,
226,174,192,2.72525219785575,1.26960394016084,1.65386782158783,
227,173,191,2.76558036970987,1.25109035565386,1.62975083462064,
228,172,190,2.80650531622081,1.23284673944207,1.60598552573364,
229,171,189,2.8480358684358,1.21486915480104,1.58256676669616,
231,170,188,2.93294976950816,1.19715372241235,1.55948950405828,
232,169,187,2.97635144163132,1.17969661952645,1.53674875806038,
234,167,186,3.06509105852739,1.14554238917198,1.51433962155852,
236,166,185,3.15647643811691,1.12883789168469,1.49225725896563,
237,164,184,3.20318584884595,1.09615610829454,1.47049690520797,
239,162,183,3.29868851062763,1.06442051830686,1.44905386469694,
241,160,180,3.39703857460129,1.0336037278079,1.38658268785975,
242,156,177,3.44730781410119,0.974620912162375,1.32680474971472,
241,150,174,3.39703857460129,0.892397230311923,1.26960394016084,
239,145,171,3.29868851062763,0.829201897199822,1.21486915480104,
236,140,167,3.15647643811691,0.770481757411386,1.14554238917198,
234,134,164,3.06509105852739,0.705480231071864,1.09615610829454,
231,129,161,2.93294976950816,0.655521472021251,1.04889895398803,
228,124,158,2.80650531622081,0.609100554990796,1.00367913598449,
223,119,153,2.60776194016006,0.565966946812793,0.93260334688322,
218,112,147,2.42309262599391,0.510662505003065,0.853924467813552,
214,105,141,2.28481833207845,0.460762232643708,0.781883315310433,
209,99,137,2.12301835030815,0.421890126830234,0.737264978318678,
205,93,131,2.00186785849069,0.386297457792001,0.675065778342292,
200,86,124,1.86010508529213,0.34854973171716,0.609100554990796,
195,80,118,1.72838127834188,0.319144409204443,0.557713918788439,
190,74,112,1.60598552573364,0.292219860347231,0.510662505003065,
186,67,106,1.51433962155852,0.263665089873036,0.467580573535816,
178,61,99,1.34643875276423,0.241421041757249,0.421890126830234,
175,54,93,1.28839148794294,0.217830165946044,0.386297457792001,
170,48,86,1.19715372241235,0.199452971245347,0.34854973171716,
166,42,79,1.12883789168469,0.182626164589394,0.314490590164633,
162,40,75,1.06442051830686,0.177338825462625,0.296544118027509,
159,39,71,1.01853153926453,0.174752840000768,0.279621765123968,
156,39,68,0.974620912162375,0.174752840000768,0.267566795214178,
153,39,64,0.93260334688322,0.174752840000768,0.252298039374402,
152,39,61,0.919003963384274,0.174752840000768,0.241421041757249,
152,37,58,0.919003963384274,0.169693447057115,0.231012970008316,
152,37,58,0.919003963384274,0.169693447057115,0.231012970008316,
153,38,59,0.93260334688322,0.17220456382672,0.234431490599679,
153,40,61,0.93260334688322,0.177338825462625,0.241421041757249,
155,41,62,0.960408821250538,0.179963078232806,0.244993580573601,
155,42,63,0.960408821250538,0.182626164589394,0.248618985674936,
156,42,64,0.974620912162375,0.182626164589394,0.252298039374402,
155,40,64,0.960408821250538,0.177338825462625,0.252298039374402,
154,39,64,0.94640397350942,0.174752840000768,0.252298039374402,
153,38,63,0.93260334688322,0.17220456382672,0.248618985674936,
151,36,62,0.905602888450454,0.167218947827083,0.244993580573601,
151,34,61,0.905602888450454,0.162377673918872,0.241421041757249,
149,32,60,0.879384139367131,0.157676563152212,0.237900598320558,
146,29,59,0.841472393353665,0.150878858318913,0.234431490599679,
143,27,58,0.805195087195828,0.146510657887253,0.231012970008316,
141,25,57,0.781883315310433,0.142268924312671,0.227644298876186,
139,23,56,0.75924645900398,0.138149996163832,0.224324750289842,
137,21,55,0.737264978318678,0.134150318014087,0.221053607935815,
134,20,54,0.705480231071864,0.132194114846603,0.217830165946044,
133,19,54,0.695192796177561,0.130266437372454,0.217830165946044,
131,21,54,0.675065778342292,0.134150318014087,0.217830165946044,
129,22,55,0.655521472021251,0.136135468996963,0.221053607935815,
127,23,56,0.636543006721671,0.138149996163832,0.224324750289842,
125,25,57,0.618114000380341,0.142268924312671,0.227644298876186,
123,28,58,0.600218545222738,0.148678716679898,0.231012970008316,
121,29,59,0.582841194031556,0.150878858318913,0.234431490599679,
120,31,60,0.57434210281222,0.155377296204191,0.237900598320558,
119,33,60,0.565966946812793,0.160009854559581,0.237900598320558,
118,34,61,0.557713918788439,0.162377673918872,0.241421041757249,
117,36,62,0.549581237847874,0.167218947827083,0.244993580573601,
118,38,62,0.557713918788439,0.17220456382672,0.244993580573601,
119,40,63,0.565966946812793,0.177338825462625,0.248618985674936,
120,41,63,0.57434210281222,0.179963078232806,0.248618985674936,
121,42,63,0.582841194031556,0.182626164589394,0.248618985674936,
122,43,64,0.591466054459175,0.18532865919023,0.252298039374402,
123,44,64,0.600218545222738,0.188071145196919,0.252298039374402,
124,45,64,0.609100554990796,0.190854214400669,0.252298039374402,
125,46,64,0.618114000380341,0.193678467349988,0.252298039374402,
126,46,65,0.627260826370388,0.193678467349988,0.256031535561784,
127,47,66,0.636543006721671,0.19654451348028,0.259820279874819,
127,48,66,0.636543006721671,0.199452971245347,0.259820279874819,
128,48,67,0.645962544402555,0.199452971245347,0.263665089873036,
128,49,68,0.645962544402555,0.202404468250845,0.267566795214178,
128,49,69,0.645962544402555,0.202404468250845,0.27152623783323,
128,49,70,0.645962544402555,0.202404468250845,0.275544272124096,
128,49,71,0.645962544402555,0.202404468250845,0.279621765123968,
128,49,72,0.645962544402555,0.202404468250845,0.283759596700416,
128,49,72,0.645962544402555,0.202404468250845,0.283759596700416,
128,49,73,0.645962544402555,0.202404468250845,0.287958659741259,
128,49,73,0.645962544402555,0.202404468250845,0.287958659741259,
128,49,74,0.645962544402555,0.202404468250845,0.292219860347231,
127,49,74,0.636543006721671,0.202404468250845,0.292219860347231,
127,49,74,0.636543006721671,0.202404468250845,0.292219860347231,
127,49,74,0.636543006721671,0.202404468250845,0.292219860347231,
126,49,74,0.627260826370388,0.202404468250845,0.292219860347231,
126,49,74,0.627260826370388,0.202404468250845,0.292219860347231,
126,49,74,0.627260826370388,0.202404468250845,0.292219860347231,
125,49,74,0.618114000380341,0.202404468250845,0.292219860347231,
125,49,74,0.618114000380341,0.202404468250845,0.292219860347231,
125,49,74,0.618114000380341,0.202404468250845,0.292219860347231,
125,49,74,0.618114000380341,0.202404468250845,0.292219860347231,
126,49,75,0.627260826370388,0.202404468250845,0.296544118027509,
127,49,75,0.636543006721671,0.202404468250845,0.296544118027509,
128,50,75,0.645962544402555,0.205399641389715,0.296544118027509,
130,51,76,0.665221852264423,0.208439136979612,0.300932365898129,
131,52,77,0.675065778342292,0.211523610902375,0.305385550883342,
133,52,77,0.695192796177561,0.211523610902375,0.305385550883342,
134,53,78,0.705480231071864,0.214653728745556,0.309904633919943,
136,54,79,0.726514052736001,0.217830165946044,0.314490590164633,
138,54,79,0.748174995663516,0.217830165946044,0.314490590164633,
139,55,80,0.75924645900398,0.221053607935815,0.319144409204443,
142,56,81,0.793453593002355,0.224324750289842,0.323867095270271,
147,56,81,0.853924467813552,0.224324750289842,0.323867095270271,
148,56,82,0.866560807567914,0.224324750289842,0.328659667453584,
150,57,82,0.892397230311923,0.227644298876186,0.328659667453584,
151,58,83,0.905602888450454,0.231012970008316,0.333523159926324,
153,58,84,0.93260334688322,0.231012970008316,0.338458622164066,
155,59,84,0.960408821250538,0.234431490599679,0.338458622164066,
158,59,85,1.00367913598449,0.234431490599679,0.343467119172483,
161,60,85,1.04889895398803,0.237900598320558,0.343467119172483,
164,60,85,1.09615610829454,0.237900598320558,0.343467119172483,
166,61,86,1.12883789168469,0.241421041757249,0.34854973171716,
168,61,86,1.1624940791378,0.241421041757249,0.34854973171716,
169,61,87,1.17969661952645,0.241421041757249,0.353707556556805,
176,61,87,1.30745705309762,0.241421041757249,0.353707556556805,
178,61,87,1.34643875276423,0.241421041757249,0.353707556556805,
181,61,88,1.40710128242137,0.241421041757249,0.35894170667992,
184,61,88,1.47049690520797,0.241421041757249,0.35894170667992,
186,61,88,1.51433962155852,0.241421041757249,0.35894170667992,
189,61,89,1.58256676669616,0.241421041757249,0.364253311544964,
192,61,89,1.65386782158783,0.241421041757249,0.364253311544964,
194,61,89,1.70317772324514,0.241421041757249,0.364253311544964,
196,61,90,1.75395779462807,0.241421041757249,0.369643517324076,
198,61,90,1.80625186869812,0.241421041757249,0.369643517324076,
199,62,91,1.83298071083244,0.244993580573601,0.375113487150405,
200,62,91,1.86010508529213,0.244993580573601,0.375113487150405,
202,62,92,1.91556393008661,0.244993580573601,0.380664401369098,
201,63,92,1.88763084514857,0.248618985674936,0.380664401369098,
200,63,92,1.86010508529213,0.248618985674936,0.380664401369098,
199,64,93,1.83298071083244,0.252298039374402,0.386297457792001,
198,64,93,1.80625186869812,0.252298039374402,0.386297457792001,
198,65,94,1.80625186869812,0.256031535561784,0.392013871956131,
197,65,94,1.77991279116831,0.256031535561784,0.392013871956131,
196,66,95,1.75395779462807,0.259820279874819,0.397814877385972,
196,66,95,1.75395779462807,0.259820279874819,0.397814877385972,
195,67,95,1.72838127834188,0.263665089873036,0.397814877385972,
194,67,96,1.70317772324514,0.263665089873036,0.403701725859655,
194,68,96,1.70317772324514,0.267566795214178,0.403701725859655,
193,69,96,1.67834169075322,0.27152623783323,0.403701725859655,
193,70,97,1.67834169075322,0.275544272124096,0.409675687679074,
193,70,97,1.67834169075322,0.275544272124096,0.409675687679074,
193,71,97,1.67834169075322,0.279621765123968,0.409675687679074,
192,72,98,1.65386782158783,0.283759596700416,0.415738051943995,
192,72,98,1.65386782158783,0.283759596700416,0.415738051943995,
191,74,99,1.62975083462064,0.292219860347231,0.421890126830234,
191,75,100,1.62975083462064,0.296544118027509,0.428133239871939,
192,76,101,1.65386782158783,0.300932365898129,0.434468738248055,
192,77,102,1.65386782158783,0.305385550883342,0.440897989073024,
193,78,103,1.67834169075322,0.309904633919943,0.447422379691795,
193,79,104,1.67834169075322,0.314490590164633,0.454043317979191,
193,81,106,1.67834169075322,0.323867095270271,0.467580573535816,
194,82,107,1.70317772324514,0.328659667453584,0.47449981196081,
195,83,109,1.72838127834188,0.333523159926324,0.488646975814411,
195,84,109,1.72838127834188,0.338458622164066,0.488646975814411,
195,85,110,1.72838127834188,0.343467119172483,0.495877954008704,
196,86,112,1.75395779462807,0.34854973171716,0.510662505003065,
196,87,113,1.75395779462807,0.353707556556805,0.518219268108302,
196,88,114,1.75395779462807,0.35894170667992,0.525887855888484,
197,88,114,1.77991279116831,0.35894170667992,0.525887855888484,
197,88,115,1.77991279116831,0.35894170667992,0.533669923120631,
197,89,116,1.77991279116831,0.364253311544964,0.541567149069085,
198,89,116,1.80625186869812,0.364253311544964,0.541567149069085,
198,89,117,1.80625186869812,0.364253311544964,0.549581237847874,
198,90,118,1.80625186869812,0.369643517324076,0.557713918788439,
198,90,118,1.80625186869812,0.369643517324076,0.557713918788439,
199,90,119,1.83298071083244,0.369643517324076,0.565966946812793,
199,91,120,1.83298071083244,0.375113487150405,0.57434210281222,
200,92,120,1.86010508529213,0.380664401369098,0.57434210281222,
201,92,121,1.88763084514857,0.380664401369098,0.582841194031556,
201,94,121,1.88763084514857,0.392013871956131,0.582841194031556,
201,94,122,1.88763084514857,0.392013871956131,0.591466054459175,
202,95,122,1.91556393008661,0.397814877385972,0.591466054459175,
203,96,123,1.94391036768636,0.403701725859655,0.600218545222738,
204,97,123,1.97267627472379,0.409675687679074,0.600218545222738,
205,98,124,2.00186785849069,0.415738051943995,0.609100554990796,
206,99,125,2.03149141813408,0.421890126830234,0.618114000380341,
208,100,125,2.09206012909049,0.428133239871939,0.618114000380341,
209,102,126,2.12301835030815,0.440897989073024,0.627260826370388,
210,102,126,2.15443469003188,0.440897989073024,0.627260826370388,
212,103,127,2.21866894219273,0.447422379691795,0.636543006721671,
214,104,128,2.28481833207845,0.454043317979191,0.645962544402555,
216,105,128,2.35293995932641,0.460762232643708,0.645962544402555,
218,106,129,2.42309262599391,0.467580573535816,0.655521472021251,
220,107,130,2.4953368873156,0.47449981196081,0.665221852264423,
222,108,130,2.56973510397433,0.481521440996304,0.665221852264423,
224,109,131,2.64635149593041,0.488646975814411,0.675065778342292,
225,110,132,2.68551209838704,0.495877954008704,0.685055374440314,
227,111,132,2.76558036970987,0.503215935925999,0.685055374440314,
228,111,132,2.80650531622081,0.503215935925999,0.685055374440314,
230,112,132,2.89018098808358,0.510662505003065,0.685055374440314,
231,113,132,2.93294976950816,0.518219268108302,0.685055374440314,
233,113,132,3.02039536994402,0.518219268108302,0.685055374440314,
233,113,132,3.02039536994402,0.518219268108302,0.685055374440314,
234,114,132,3.06509105852739,0.525887855888484,0.685055374440314,
235,114,132,3.11044815210357,0.525887855888484,0.685055374440314,
236,114,132,3.15647643811691,0.525887855888484,0.685055374440314,
237,115,132,3.20318584884595,0.533669923120631,0.685055374440314,
238,115,132,3.25058646354671,0.533669923120631,0.685055374440314,
239,115,132,3.29868851062763,0.533669923120631,0.685055374440314,
240,116,132,3.34750236985669,0.541567149069085,0.685055374440314,
241,116,133,3.39703857460129,0.541567149069085,0.695192796177561,
241,116,133,3.39703857460129,0.541567149069085,0.695192796177561,
242,117,134,3.44730781410119,0.549581237847874,0.705480231071864,
243,117,134,3.49832093577504,0.549581237847874,0.705480231071864,
243,118,135,3.49832093577504,0.557713918788439,0.715919899011859,
244,118,135,3.55008894756119,0.557713918788439,0.715919899011859,
245,119,136,3.602623020293,0.565966946812793,0.726514052736001,
246,119,136,3.65593449010938,0.565966946812793,0.726514052736001,
247,120,136,3.71003486090095,0.57434210281222,0.726514052736001,
248,120,137,3.76493580679247,0.57434210281222,0.737264978318678,
250,121,137,3.8771869866968,0.582841194031556,0.737264978318678,
252,121,137,3.99278492416527,0.582841194031556,0.737264978318678,
253,121,137,4.05186999406265,0.582841194031556,0.737264978318678,
255,122,137,4.17267608771023,0.591466054459175,0.737264978318678,
257,122,137,4.29708400280907,0.591466054459175,0.737264978318678,
259,122,137,4.4252011273011,0.591466054459175,0.737264978318678,
261,123,137,4.55713805088884,0.600218545222738,0.737264978318678,
263,123,137,4.69300866049559,0.600218545222738,0.737264978318678,
265,123,137,4.83293023857175,0.600218545222738,0.737264978318678,
266,124,137,4.90444774486841,0.609100554990796,0.737264978318678,
267,124,137,4.97702356433211,0.609100554990796,0.737264978318678,
268,124,137,5.05067335783832,0.609100554990796,0.737264978318678,
269,124,137,5.1254130180115,0.609100554990796,0.737264978318678,
270,124,137,5.20125867265454,0.609100554990796,0.737264978318678,
269,124,137,5.1254130180115,0.609100554990796,0.737264978318678,
269,124,137,5.1254130180115,0.609100554990796,0.737264978318678,
268,124,137,5.05067335783832,0.609100554990796,0.737264978318678,
268,124,137,5.05067335783832,0.609100554990796,0.737264978318678,
267,124,137,4.97702356433211,0.609100554990796,0.737264978318678,
267,124,137,4.97702356433211,0.609100554990796,0.737264978318678,
266,125,137,4.90444774486841,0.618114000380341,0.737264978318678,
266,125,137,4.90444774486841,0.618114000380341,0.737264978318678,
266,125,138,4.90444774486841,0.618114000380341,0.748174995663516,
266,126,138,4.90444774486841,0.627260826370388,0.748174995663516,
266,126,138,4.90444774486841,0.627260826370388,0.748174995663516,
266,126,138,4.90444774486841,0.627260826370388,0.748174995663516,
266,127,139,4.90444774486841,0.636543006721671,0.75924645900398,
266,127,139,4.90444774486841,0.636543006721671,0.75924645900398,
266,127,139,4.90444774486841,0.636543006721671,0.75924645900398,
266,128,140,4.90444774486841,0.645962544402555,0.770481757411386,
266,128,140,4.90444774486841,0.645962544402555,0.770481757411386,
266,128,140,4.90444774486841,0.645962544402555,0.770481757411386,
265,128,140,4.83293023857175,0.645962544402555,0.770481757411386,
265,128,140,4.83293023857175,0.645962544402555,0.770481757411386,
264,127,140,4.76245561293628,0.636543006721671,0.770481757411386,
263,127,139,4.69300866049559,0.636543006721671,0.75924645900398,
262,126,139,4.62457439554121,0.627260826370388,0.75924645900398,
261,126,139,4.55713805088884,0.627260826370388,0.75924645900398,
260,125,138,4.49068507469184,0.618114000380341,0.748174995663516,
260,125,137,4.49068507469184,0.618114000380341,0.737264978318678,
259,124,137,4.4252011273011,0.609100554990796,0.737264978318678,
259,123,136,4.4252011273011,0.600218545222738,0.726514052736001,
258,123,136,4.36067207817078,0.600218545222738,0.726514052736001,
258,122,135,4.36067207817078,0.591466054459175,0.715919899011859,
258,121,134,4.36067207817078,0.582841194031556,0.705480231071864,
258,121,134,4.36067207817078,0.582841194031556,0.705480231071864,
258,120,133,4.36067207817078,0.57434210281222,0.695192796177561,
258,120,132,4.36067207817078,0.57434210281222,0.685055374440314,
258,119,132,4.36067207817078,0.565966946812793,0.685055374440314,
258,118,131,4.36067207817078,0.557713918788439,0.675065778342292,
258,118,130,4.36067207817078,0.557713918788439,0.665221852264423,
259,117,129,4.4252011273011,0.549581237847874,0.655521472021251,
260,116,128,4.49068507469184,0.541567149069085,0.645962544402555,
261,116,128,4.55713805088884,0.541567149069085,0.645962544402555,
262,115,127,4.62457439554121,0.533669923120631,0.636543006721671,
263,114,126,4.69300866049559,0.525887855888484,0.627260826370388,
265,113,125,4.83293023857175,0.518219268108302,0.618114000380341,
267,112,124,4.97702356433211,0.510662505003065,0.609100554990796,
269,111,123,5.1254130180115,0.503215935925999,0.600218545222738,
270,110,122,5.20125867265454,0.495877954008704,0.591466054459175,
271,109,122,5.27822668822889,0.488646975814411,0.591466054459175,
273,108,121,5.43559648255241,0.481521440996304,0.582841194031556,
274,107,119,5.51603221956439,0.47449981196081,0.565966946812793,
275,106,119,5.59765824136102,0.467580573535816,0.565966946812793,
276,106,118,5.68049216172843,0.467580573535816,0.557713918788439,
277,105,117,5.76455185510082,0.460762232643708,0.549581237847874,
278,104,117,5.84985546041759,0.454043317979191,0.549581237847874,
279,103,116,5.93642138503738,0.447422379691795,0.541567149069085,
279,103,115,5.93642138503738,0.447422379691795,0.533669923120631,
280,102,115,6.02426830871023,0.440897989073024,0.533669923120631,
281,101,114,6.11341518760833,0.434468738248055,0.525887855888484,
281,101,113,6.11341518760833,0.434468738248055,0.518219268108302,
282,100,113,6.20388125841656,0.428133239871939,0.518219268108302,
282,100,112,6.20388125841656,0.428133239871939,0.510662505003065,
283,99,112,6.29568604248347,0.421890126830234,0.510662505003065,
282,99,111,6.20388125841656,0.421890126830234,0.503215935925999,
282,99,111,6.20388125841656,0.421890126830234,0.503215935925999,
281,98,111,6.11341518760833,0.415738051943995,0.503215935925999,
280,98,110,6.02426830871023,0.415738051943995,0.495877954008704,
280,98,110,6.02426830871023,0.415738051943995,0.495877954008704,
279,97,109,5.93642138503738,0.409675687679074,0.488646975814411,
278,97,109,5.84985546041759,0.409675687679074,0.488646975814411,
278,96,109,5.84985546041759,0.403701725859655,0.488646975814411,
277,96,108,5.76455185510082,0.403701725859655,0.481521440996304,
276,96,108,5.68049216172843,0.403701725859655,0.481521440996304,
276,96,108,5.68049216172843,0.403701725859655,0.481521440996304,
275,95,107,5.59765824136102,0.397814877385972,0.47449981196081,
275,95,107,5.59765824136102,0.397814877385972,0.47449981196081,
274,96,107,5.51603221956439,0.403701725859655,0.47449981196081,
274,96,107,5.51603221956439,0.403701725859655,0.47449981196081,
273,97,107,5.43559648255241,0.409675687679074,0.47449981196081,
273,98,107,5.43559648255241,0.415738051943995,0.47449981196081,
272,96,106,5.35633367338623,0.403701725859655,0.467580573535816,
272,93,104,5.35633367338623,0.386297457792001,0.454043317979191,
271,89,102,5.27822668822889,0.364253311544964,0.440897989073024,
271,86,101,5.27822668822889,0.34854973171716,0.434468738248055,
270,82,99,5.20125867265454,0.328659667453584,0.421890126830234,
270,79,97,5.20125867265454,0.314490590164633,0.409675687679074,
270,75,94,5.20125867265454,0.296544118027509,0.392013871956131,
270,72,92,5.20125867265454,0.283759596700416,0.380664401369098,
270,68,88,5.20125867265454,0.267566795214178,0.35894170667992,
270,65,85,5.20125867265454,0.256031535561784,0.343467119172483,
270,61,81,5.20125867265454,0.241421041757249,0.323867095270271,
270,57,77,5.20125867265454,0.227644298876186,0.305385550883342,
270,55,74,5.20125867265454,0.221053607935815,0.292219860347231,
270,54,72,5.20125867265454,0.217830165946044,0.283759596700416,
269,53,69,5.1254130180115,0.214653728745556,0.27152623783323,
267,53,68,4.97702356433211,0.214653728745556,0.267566795214178,
266,52,65,4.90444774486841,0.211523610902375,0.256031535561784,
265,52,63,4.83293023857175,0.211523610902375,0.248618985674936,
263,51,61,4.69300866049559,0.208439136979612,0.241421041757249,
261,51,60,4.55713805088884,0.208439136979612,0.237900598320558,
259,50,59,4.4252011273011,0.205399641389715,0.234431490599679,
256,48,58,4.23442317977355,0.199452971245347,0.231012970008316,
254,46,56,4.11182940243583,0.193678467349988,0.224324750289842,
251,44,55,3.93456144298863,0.188071145196919,0.221053607935815,
248,42,54,3.76493580679247,0.182626164589394,0.217830165946044,
246,39,52,3.65593449010938,0.174752840000768,0.211523610902375,
243,36,50,3.49832093577504,0.167218947827083,0.205399641389715,
241,34,49,3.39703857460129,0.162377673918872,0.202404468250845,
238,32,47,3.25058646354671,0.157676563152212,0.19654451348028,
236,29,44,3.15647643811691,0.150878858318913,0.188071145196919,
233,27,42,3.02039536994402,0.146510657887253,0.182626164589394,
230,25,40,2.89018098808358,0.142268924312671,0.177338825462625,
228,22,37,2.80650531622081,0.136135468996963,0.169693447057115,
225,21,35,2.68551209838704,0.134150318014087,0.164780532173321,
222,20,34,2.56973510397433,0.132194114846603,0.162377673918872,
219,20,33,2.45894945271858,0.132194114846603,0.160009854559581,
216,19,31,2.35293995932641,0.130266437372454,0.155377296204191,
214,18,30,2.28481833207845,0.12836686962504,0.15311155756496,
211,18,29,2.18631592748083,0.12836686962504,0.150878858318913,
208,18,28,2.09206012909049,0.12836686962504,0.148678716679898,
205,16,28,2.00186785849069,0.124650429684053,0.148678716679898,
203,15,28,1.94391036768636,0.122832755533251,0.148678716679898,
200,14,28,1.86010508529213,0.121041587021673,0.148678716679898,
198,13,28,1.80625186869812,0.1192765376395,0.148678716679898,
197,13,28,1.77991279116831,0.1192765376395,0.148678716679898,
195,12,28,1.72838127834188,0.117537226513064,0.148678716679898,
194,12,28,1.70317772324514,0.117537226513064,0.148678716679898,
195,12,28,1.72838127834188,0.117537226513064,0.148678716679898,
197,12,28,1.77991279116831,0.117537226513064,0.148678716679898,
198,13,28,1.80625186869812,0.1192765376395,0.148678716679898,
200,13,28,1.86010508529213,0.1192765376395,0.148678716679898,
202,13,28,1.91556393008661,0.1192765376395,0.148678716679898,
203,14,28,1.94391036768636,0.121041587021673,0.148678716679898,
205,14,28,2.00186785849069,0.121041587021673,0.148678716679898,
207,14,28,2.06155334601552,0.121041587021673,0.148678716679898,
210,15,28,2.15443469003188,0.122832755533251,0.148678716679898,
212,14,28,2.21866894219273,0.121041587021673,0.148678716679898,
215,14,27,2.31862898139157,0.121041587021673,0.146510657887253,
217,13,27,2.3877586697257,0.1192765376395,0.146510657887253,
220,12,26,2.4953368873156,0.117537226513064,0.144374214103354,
223,12,26,2.60776194016006,0.117537226513064,0.144374214103354,
225,11,24,2.68551209838704,0.115823278322661,0.140194334222279,
229,11,24,2.8480358684358,0.115823278322661,0.140194334222279,
231,11,22,2.93294976950816,0.115823278322661,0.136135468996963,
233,11,21,3.02039536994402,0.115823278322661,0.134150318014087,
235,11,21,3.11044815210357,0.115823278322661,0.134150318014087,
237,11,20,3.20318584884595,0.115823278322661,0.132194114846603,
239,11,19,3.29868851062763,0.115823278322661,0.130266437372454,
241,11,19,3.39703857460129,0.115823278322661,0.130266437372454,
242,11,19,3.44730781410119,0.115823278322661,0.130266437372454,
243,11,19,3.49832093577504,0.115823278322661,0.130266437372454,
243,11,19,3.49832093577504,0.115823278322661,0.130266437372454,
243,11,19,3.49832093577504,0.115823278322661,0.130266437372454,
244,11,19,3.55008894756119,0.115823278322661,0.130266437372454,
244,11,19,3.55008894756119,0.115823278322661,0.130266437372454,
244,11,19,3.55008894756119,0.115823278322661,0.130266437372454,
245,11,19,3.602623020293,0.115823278322661,0.130266437372454,
245,11,19,3.602623020293,0.115823278322661,0.130266437372454,
245,11,19,3.602623020293,0.115823278322661,0.130266437372454,
244,11,20,3.55008894756119,0.115823278322661,0.132194114846603,
244,11,20,3.55008894756119,0.115823278322661,0.132194114846603,
243,11,20,3.49832093577504,0.115823278322661,0.132194114846603,
242,11,20,3.44730781410119,0.115823278322661,0.132194114846603,
241,11,21,3.39703857460129,0.115823278322661,0.134150318014087,
240,6,21,3.34750236985669,0.107621223893181,0.134150318014087,
239,7,22,3.29868851062763,0.109213798413708,0.136135468996963,
238,8,22,3.25058646354671,0.110829939787609,0.136135468996963,
237,8,22,3.20318584884595,0.110829939787609,0.136135468996963,
236,9,23,3.15647643811691,0.112469996756228,0.138149996163832,
235,10,23,3.11044815210357,0.114134323221568,0.138149996163832,
235,10,23,3.11044815210357,0.114134323221568,0.138149996163832,
237,11,23,3.20318584884595,0.115823278322661,0.138149996163832,
238,11,24,3.25058646354671,0.115823278322661,0.140194334222279,
239,12,24,3.29868851062763,0.117537226513064,0.140194334222279,
241,13,24,3.39703857460129,0.1192765376395,0.140194334222279,
244,13,24,3.55008894756119,0.1192765376395,0.140194334222279,
246,13,24,3.65593449010938,0.1192765376395,0.140194334222279,
248,15,24,3.76493580679247,0.122832755533251,0.140194334222279,
249,15,24,3.82064917466189,0.122832755533251,0.140194334222279,
251,15,24,3.93456144298863,0.122832755533251,0.140194334222279,
252,16,25,3.99278492416527,0.124650429684053,0.142268924312671,
254,16,25,4.11182940243583,0.124650429684053,0.142268924312671,
255,16,26,4.17267608771023,0.124650429684053,0.144374214103354,
256,17,26,4.23442317977355,0.126495001703459,0.144374214103354,
257,17,27,4.29708400280907,0.126495001703459,0.146510657887253,
258,17,28,4.36067207817078,0.126495001703459,0.148678716679898,
258,18,28,4.36067207817078,0.12836686962504,0.148678716679898,
259,18,29,4.4252011273011,0.12836686962504,0.150878858318913,
260,18,30,4.49068507469184,0.12836686962504,0.15311155756496,
261,19,30,4.55713805088884,0.130266437372454,0.15311155756496,
263,19,31,4.69300866049559,0.130266437372454,0.155377296204191,
265,19,31,4.83293023857175,0.130266437372454,0.155377296204191,
267,20,32,4.97702356433211,0.132194114846603,0.157676563152212,
269,20,32,5.1254130180115,0.132194114846603,0.157676563152212,
272,20,32,5.35633367338623,0.132194114846603,0.157676563152212,
274,21,32,5.51603221956439,0.134150318014087,0.157676563152212,
277,21,32,5.76455185510082,0.134150318014087,0.157676563152212,
280,23,32,6.02426830871023,0.138149996163832,0.157676563152212,
282,23,32,6.20388125841656,0.138149996163832,0.157676563152212,
284,23,32,6.38884935003374,0.138149996163832,0.157676563152212,
286,23,32,6.57933224657568,0.138149996163832,0.157676563152212,
288,23,32,6.77549437139287,0.138149996163832,0.157676563152212,
289,23,31,6.87575786319784,0.138149996163832,0.155377296204191,
289,22,31,6.87575786319784,0.136135468996963,0.155377296204191,
289,22,31,6.87575786319784,0.136135468996963,0.155377296204191,
288,22,30,6.77549437139287,0.136135468996963,0.15311155756496,
288,21,30,6.77549437139287,0.134150318014087,0.15311155756496,
287,21,30,6.67669293918756,0.134150318014087,0.15311155756496,
286,21,29,6.57933224657568,0.134150318014087,0.150878858318913,
286,21,29,6.57933224657568,0.134150318014087,0.150878858318913,
285,20,29,6.48339128444297,0.132194114846603,0.150878858318913,
284,20,28,6.38884935003374,0.132194114846603,0.148678716679898,
282,20,28,6.20388125841656,0.132194114846603,0.148678716679898,
281,20,28,6.11341518760833,0.132194114846603,0.148678716679898,
280,20,28,6.02426830871023,0.132194114846603,0.148678716679898,
278,20,28,5.84985546041759,0.132194114846603,0.148678716679898,
277,20,28,5.76455185510082,0.132194114846603,0.148678716679898,
275,20,28,5.59765824136102,0.132194114846603,0.148678716679898,
273,20,28,5.43559648255241,0.132194114846603,0.148678716679898,
271,20,28,5.27822668822889,0.132194114846603,0.148678716679898,
270,20,28,5.20125867265454,0.132194114846603,0.148678716679898,
269,20,28,5.1254130180115,0.132194114846603,0.148678716679898,
268,20,28,5.05067335783832,0.132194114846603,0.148678716679898,
267,19,28,4.97702356433211,0.130266437372454,0.148678716679898,
266,20,28,4.90444774486841,0.132194114846603,0.148678716679898,
266,20,28,4.90444774486841,0.132194114846603,0.148678716679898,
266,20,28,4.90444774486841,0.132194114846603,0.148678716679898,
266,20,28,4.90444774486841,0.132194114846603,0.148678716679898,
266,20,28,4.90444774486841,0.132194114846603,0.148678716679898,
266,20,28,4.90444774486841,0.132194114846603,0.148678716679898,
266,21,28,4.90444774486841,0.134150318014087,0.148678716679898,
267,21,28,4.97702356433211,0.134150318014087,0.148678716679898,
268,21,28,5.05067335783832,0.134150318014087,0.148678716679898,
270,21,28,5.20125867265454,0.134150318014087,0.148678716679898,
271,21,28,5.27822668822889,0.134150318014087,0.148678716679898,
273,22,29,5.43559648255241,0.136135468996963,0.150878858318913,
275,22,29,5.59765824136102,0.136135468996963,0.150878858318913,
277,23,29,5.76455185510082,0.138149996163832,0.150878858318913,
279,24,30,5.93642138503738,0.140194334222279,0.15311155756496,
282,25,31,6.20388125841656,0.142268924312671,0.155377296204191,
284,25,31,6.38884935003374,0.142268924312671,0.155377296204191,
285,25,32,6.48339128444297,0.142268924312671,0.157676563152212,
287,25,32,6.67669293918756,0.142268924312671,0.157676563152212,
289,25,33,6.87575786319784,0.142268924312671,0.160009854559581,
290,25,33,6.97750505010134,0.142268924312671,0.160009854559581,
292,25,33,7.18553865674324,0.142268924312671,0.160009854559581,
293,25,33,7.29186996730657,0.142268924312671,0.160009854559581,
293,25,34,7.29186996730657,0.142268924312671,0.162377673918872,
293,25,34,7.29186996730657,0.142268924312671,0.162377673918872,
294,25,34,7.39977476430513,0.142268924312671,0.162377673918872,
294,25,35,7.39977476430513,0.142268924312671,0.164780532173321,
294,25,35,7.39977476430513,0.142268924312671,0.164780532173321,
295,25,35,7.50927633212755,0.142268924312671,0.164780532173321,
295,25,36,7.50927633212755,0.142268924312671,0.167218947827083,
295,25,36,7.50927633212755,0.142268924312671,0.167218947827083,
295,25,37,7.50927633212755,0.142268924312671,0.169693447057115,
296,25,37,7.62039829972396,0.142268924312671,0.169693447057115,
296,25,37,7.62039829972396,0.142268924312671,0.169693447057115,
296,25,38,7.62039829972396,0.142268924312671,0.17220456382672,
296,25,38,7.62039829972396,0.142268924312671,0.17220456382672,
296,25,39,7.62039829972396,0.142268924312671,0.174752840000768,
296,25,39,7.62039829972396,0.142268924312671,0.174752840000768,
296,34,40,7.62039829972396,0.162377673918872,0.177338825462625,
296,34,40,7.62039829972396,0.162377673918872,0.177338825462625,
296,34,40,7.62039829972396,0.162377673918872,0.177338825462625,
296,34,40,7.62039829972396,0.162377673918872,0.177338825462625,
297,34,40,7.73316464570469,0.162377673918872,0.177338825462625,
297,34,40,7.73316464570469,0.162377673918872,0.177338825462625,
297,34,40,7.73316464570469,0.162377673918872,0.177338825462625,
298,34,40,7.84759970351461,0.162377673918872,0.177338825462625,
298,34,40,7.84759970351461,0.162377673918872,0.177338825462625,
298,34,40,7.84759970351461,0.162377673918872,0.177338825462625,
298,34,40,7.84759970351461,0.162377673918872,0.177338825462625,
299,34,40,7.96372816668391,0.162377673918872,0.177338825462625,
299,34,40,7.96372816668391,0.162377673918872,0.177338825462625,
299,34,40,7.96372816668391,0.162377673918872,0.177338825462625,
300,34,40,8.08157509415662,0.162377673918872,0.177338825462625,
300,34,40,8.08157509415662,0.162377673918872,0.177338825462625,
300,34,40,8.08157509415662,0.162377673918872,0.177338825462625,
300,34,40,8.08157509415662,0.162377673918872,0.177338825462625,
300,34,40,8.08157509415662,0.162377673918872,0.177338825462625,
300,34,40,8.08157509415662,0.162377673918872,0.177338825462625,
300,34,40,8.08157509415662,0.162377673918872,0.177338825462625,
300,34,40,8.08157509415662,0.162377673918872,0.177338825462625,
300,34,40,8.08157509415662,0.162377673918872,0.177338825462625,
300,34,40,8.08157509415662,0.162377673918872,0.177338825462625,
300,34,40,8.08157509415662,0.162377673918872,0.177338825462625,
300,34,40,8.08157509415662,0.162377673918872,0.177338825462625,
300,34,40,8.08157509415662,0.162377673918872,0.177338825462625,
300,34,40,8.08157509415662,0.162377673918872,0.177338825462625,
300,34,40,8.08157509415662,0.162377673918872,0.177338825462625,
300,34,40,8.08157509415662,0.162377673918872,0.177338825462625,
300,34,40,8.08157509415662,0.162377673918872,0.177338825462625,
300,34,40,8.08157509415662,0.162377673918872,0.177338825462625,
300,34,40,8.08157509415662,0.162377673918872,0.177338825462625,
300,34,40,8.08157509415662,0.162377673918872,0.177338825462625,
300,34,40,8.08157509415662,0.162377673918872,0.177338825462625,
300,34,40,8.08157509415662,0.162377673918872,0.177338825462625,
299,34,40,7.96372816668391,0.162377673918872,0.177338825462625,
299,34,40,7.96372816668391,0.162377673918872,0.177338825462625,
299,34,40,7.96372816668391,0.162377673918872,0.177338825462625,
298,34,40,7.84759970351461,0.162377673918872,0.177338825462625,
298,34,40,7.84759970351461,0.162377673918872,0.177338825462625,
298,34,40,7.84759970351461,0.162377673918872,0.177338825462625,
297,34,40,7.73316464570469,0.162377673918872,0.177338825462625,
297,34,40,7.73316464570469,0.162377673918872,0.177338825462625,
297,34,40,7.73316464570469,0.162377673918872,0.177338825462625,
296,34,40,7.62039829972396,0.162377673918872,0.177338825462625,
296,34,40,7.62039829972396,0.162377673918872,0.177338825462625,
295,34,40,7.50927633212755,0.162377673918872,0.177338825462625,
294,34,41,7.39977476430513,0.162377673918872,0.179963078232806,
294,34,41,7.39977476430513,0.162377673918872,0.179963078232806,
293,35,42,7.29186996730657,0.164780532173321,0.182626164589394,
292,35,42,7.18553865674324,0.164780532173321,0.182626164589394,
291,36,43,7.08075788776345,0.167218947827083,0.18532865919023,
290,36,43,6.97750505010134,0.167218947827083,0.18532865919023,
289,37,44,6.87575786319784,0.169693447057115,0.188071145196919,
288,37,44,6.77549437139287,0.169693447057115,0.188071145196919,
288,38,45,6.77549437139287,0.17220456382672,0.190854214400669,
287,38,45,6.67669293918756,0.17220456382672,0.190854214400669,
286,39,45,6.57933224657568,0.174752840000768,0.190854214400669,
286,39,46,6.57933224657568,0.174752840000768,0.193678467349988,
286,39,46,6.57933224657568,0.174752840000768,0.193678467349988,
285,40,46,6.48339128444297,0.177338825462625,0.193678467349988,
285,40,47,6.48339128444297,0.177338825462625,0.19654451348028,
285,40,47,6.48339128444297,0.177338825462625,0.19654451348028,
285,41,47,6.48339128444297,0.179963078232806,0.19654451348028,
284,41,48,6.38884935003374,0.179963078232806,0.199452971245347,
284,41,48,6.38884935003374,0.179963078232806,0.199452971245347,
284,42,48,6.38884935003374,0.182626164589394,0.199452971245347,
285,42,48,6.48339128444297,0.182626164589394,0.199452971245347,
286,41,48,6.57933224657568,0.179963078232806,0.199452971245347,
288,41,48,6.77549437139287,0.179963078232806,0.199452971245347,
289,40,47,6.87575786319784,0.177338825462625,0.19654451348028,
291,40,47,7.08075788776345,0.177338825462625,0.19654451348028,
293,39,46,7.29186996730657,0.174752840000768,0.193678467349988,
294,39,46,7.39977476430513,0.174752840000768,0.193678467349988,
296,39,45,7.62039829972396,0.174752840000768,0.190854214400669,
298,38,45,7.84759970351461,0.17220456382672,0.190854214400669,
299,38,45,7.96372816668391,0.17220456382672,0.190854214400669,
301,38,45,8.20116591569806,0.17220456382672,0.190854214400669,
302,39,45,8.32252643738214,0.174752840000768,0.190854214400669,
303,39,46,8.44568284716005,0.174752840000768,0.193678467349988,
304,40,46,8.57066172051119,0.177338825462625,0.193678467349988,
305,41,46,8.69749002617784,0.179963078232806,0.193678467349988,
308,41,47,9.08934724625008,0.179963078232806,0.19654451348028,
308,42,47,9.08934724625008,0.182626164589394,0.19654451348028,
309,43,47,9.22385103935848,0.18532865919023,0.19654451348028,
310,44,48,9.36034521415991,0.188071145196919,0.199452971245347,
311,45,48,9.49885922424221,0.190854214400669,0.199452971245347,
312,46,48,9.6394229590462,0.193678467349988,0.199452971245347,
313,47,49,9.78206675031545,0.19654451348028,0.202404468250845,
315,48,49,10.0737180801057,0.199452971245347,0.202404468250845,
316,49,49,10.2227885530198,0.202404468250845,0.202404468250845,
317,50,49,10.3740649647658,0.205399641389715,0.202404468250845,
318,51,49,10.5275799587374,0.208439136979612,0.202404468250845,
320,55,49,10.8414586893583,0.221053607935815,0.202404468250845,
321,55,49,11.0018901567718,0.221053607935815,0.202404468250845,
322,55,49,11.1646956825546,0.221053607935815,0.202404468250845,
323,55,49,11.3299103979264,0.221053607935815,0.202404468250845,
325,55,49,11.667710529361,0.221053607935815,0.202404468250845,
326,55,49,11.8403688381012,0.221053607935815,0.202404468250845,
326,55,49,11.8403688381012,0.221053607935815,0.202404468250845,
327,55,49,12.0155821375144,0.221053607935815,0.202404468250845,
328,55,49,12.1933882362491,0.221053607935815,0.202404468250845,
328,55,49,12.1933882362491,0.221053607935815,0.202404468250845,
329,55,49,12.373825502445,0.221053607935815,0.202404468250845,
330,55,49,12.5569328720119,0.221053607935815,0.202404468250845,
331,55,49,12.7427498570313,0.221053607935815,0.202404468250845,
331,55,49,12.7427498570313,0.221053607935815,0.202404468250845,
333,55,49,13.1226736538984,0.221053607935815,0.202404468250845,
335,55,49,13.5139248403043,0.221053607935815,0.202404468250845,
336,55,49,13.7139033537837,0.221053607935815,0.202404468250845,
338,55,49,14.1227819938335,0.221053607935815,0.202404468250845,
340,56,50,14.5438513091401,0.224324750289842,0.205399641389715,
341,56,50,14.7590706328699,0.224324750289842,0.205399641389715,
344,56,50,15.4240266571527,0.224324750289842,0.205399641389715,
346,56,50,15.8838924503536,0.224324750289842,0.205399641389715,
349,56,51,16.5995262620382,0.224324750289842,0.208439136979612,
352,56,51,17.3474022809794,0.224324750289842,0.208439136979612,
355,56,52,18.1289731494529,0.224324750289842,0.211523610902375,
357,56,52,18.6694866484636,0.224324750289842,0.211523610902375,
360,56,52,19.5106227827073,0.224324750289842,0.211523610902375,
362,56,53,20.0923300256505,0.224324750289842,0.214653728745556,
364,56,53,20.6913808111479,0.224324750289842,0.214653728745556,
366,56,53,21.3082922351649,0.224324750289842,0.214653728745556,
368,56,52,21.9435968108308,0.224324750289842,0.211523610902375,
370,56,52,22.5978429280997,0.224324750289842,0.211523610902375,
372,56,52,23.2715953271168,0.224324750289842,0.211523610902375,
374,56,51,23.9654355856976,0.224324750289842,0.208439136979612,
375,56,51,24.3200751326795,0.224324750289842,0.208439136979612,
376,56,50,24.6799626213411,0.224324750289842,0.205399641389715,
377,56,50,25.0451757105114,0.224324750289842,0.205399641389715,
377,56,49,25.0451757105114,0.224324750289842,0.202404468250845,
377,56,49,25.0451757105114,0.224324750289842,0.202404468250845,
376,56,48,24.6799626213411,0.224324750289842,0.199452971245347,
374,56,48,23.9654355856976,0.224324750289842,0.199452971245347,
373,56,47,23.6159674540011,0.224324750289842,0.19654451348028,
371,42,47,22.9322448942201,0.182626164589394,0.19654451348028,
369,41,47,22.2683172693561,0.179963078232806,0.19654451348028,
368,41,46,21.9435968108308,0.179963078232806,0.193678467349988,
366,40,46,21.3082922351649,0.177338825462625,0.193678467349988,
364,39,46,20.6913808111479,0.174752840000768,0.193678467349988,
363,39,45,20.3896555131271,0.174752840000768,0.190854214400669,
362,38,45,20.0923300256505,0.17220456382672,0.190854214400669,
360,38,45,19.5106227827073,0.17220456382672,0.190854214400669,
359,37,44,19.2261155027238,0.169693447057115,0.188071145196919,
358,36,44,18.9457569571638,0.167218947827083,0.188071145196919,
356,35,43,18.3972449612453,0.164780532173321,0.18532865919023,
355,35,43,18.1289731494529,0.164780532173321,0.18532865919023,
354,34,42,17.8646133236755,0.162377673918872,0.182626164589394,
353,33,42,17.6041084386555,0.160009854559581,0.182626164589394,
351,32,41,17.0944394569471,0.157676563152212,0.179963078232806,
350,32,41,16.8451653806193,0.157676563152212,0.179963078232806,
349,32,41,16.5995262620382,0.157676563152212,0.179963078232806,
347,31,40,16.1189416487193,0.155377296204191,0.177338825462625,
346,31,40,15.8838924503536,0.155377296204191,0.177338825462625,
345,31,40,15.6522707801009,0.155377296204191,0.177338825462625,
343,30,39,15.1991108295293,0.15311155756496,0.174752840000768,
342,30,39,14.977474763452,0.15311155756496,0.174752840000768,
340,30,38,14.5438513091401,0.15311155756496,0.17220456382672,
338,29,38,14.1227819938335,0.150878858318913,0.17220456382672,
336,29,38,13.7139033537837,0.150878858318913,0.17220456382672,
335,29,37,13.5139248403043,0.150878858318913,0.169693447057115,
333,28,37,13.1226736538984,0.148678716679898,0.169693447057115,
332,28,37,12.9313165542834,0.148678716679898,0.169693447057115,
330,28,36,12.5569328720119,0.148678716679898,0.167218947827083,
329,28,36,12.373825502445,0.148678716679898,0.167218947827083,
327,28,36,12.0155821375144,0.148678716679898,0.167218947827083,
326,28,36,11.8403688381012,0.148678716679898,0.167218947827083,
323,29,36,11.3299103979264,0.150878858318913,0.167218947827083,
321,29,36,11.0018901567718,0.150878858318913,0.167218947827083,
321,29,36,11.0018901567718,0.150878858318913,0.167218947827083,
320,29,36,10.8414586893583,0.150878858318913,0.167218947827083,
319,30,36,10.6833666613839,0.15311155756496,0.167218947827083,
318,30,36,10.5275799587374,0.15311155756496,0.167218947827083,
317,30,37,10.3740649647658,0.15311155756496,0.169693447057115,
317,30,37,10.3740649647658,0.15311155756496,0.169693447057115,
318,30,37,10.5275799587374,0.15311155756496,0.169693447057115,
318,31,37,10.5275799587374,0.155377296204191,0.169693447057115,
318,31,38,10.5275799587374,0.155377296204191,0.17220456382672,
318,31,38,10.5275799587374,0.155377296204191,0.17220456382672,
318,32,39,10.5275799587374,0.157676563152212,0.174752840000768,
318,32,39,10.5275799587374,0.157676563152212,0.174752840000768,
319,33,39,10.6833666613839,0.160009854559581,0.174752840000768,
319,33,40,10.6833666613839,0.160009854559581,0.177338825462625,
320,33,40,10.8414586893583,0.160009854559581,0.177338825462625,
321,34,40,11.0018901567718,0.162377673918872,0.177338825462625,
323,34,40,11.3299103979264,0.162377673918872,0.177338825462625,
324,34,40,11.4975699539774,0.162377673918872,0.177338825462625,
325,34,40,11.667710529361,0.162377673918872,0.177338825462625,
326,34,40,11.8403688381012,0.162377673918872,0.177338825462625,
327,34,40,12.0155821375144,0.162377673918872,0.177338825462625,
329,34,40,12.373825502445,0.162377673918872,0.177338825462625,
330,34,40,12.5569328720119,0.162377673918872,0.177338825462625,
331,34,40,12.7427498570313,0.162377673918872,0.177338825462625,
332,34,40,12.9313165542834,0.162377673918872,0.177338825462625,
332,34,40,12.9313165542834,0.162377673918872,0.177338825462625,
332,34,40,12.9313165542834,0.162377673918872,0.177338825462625,
331,33,40,12.7427498570313,0.160009854559581,0.177338825462625,
331,33,40,12.7427498570313,0.160009854559581,0.177338825462625,
330,33,40,12.5569328720119,0.160009854559581,0.177338825462625,
329,33,40,12.373825502445,0.160009854559581,0.177338825462625,
329,33,40,12.373825502445,0.160009854559581,0.177338825462625,
328,33,40,12.1933882362491,0.160009854559581,0.177338825462625,
327,32,40,12.0155821375144,0.157676563152212,0.177338825462625,
326,32,40,11.8403688381012,0.157676563152212,0.177338825462625,
326,32,40,11.8403688381012,0.157676563152212,0.177338825462625,
326,32,40,11.8403688381012,0.157676563152212,0.177338825462625,
326,32,40,11.8403688381012,0.157676563152212,0.177338825462625,
326,32,40,11.8403688381012,0.157676563152212,0.177338825462625,
327,32,40,12.0155821375144,0.157676563152212,0.177338825462625,
327,32,40,12.0155821375144,0.157676563152212,0.177338825462625,
328,32,40,12.1933882362491,0.157676563152212,0.177338825462625,
329,32,40,12.373825502445,0.157676563152212,0.177338825462625,
329,32,40,12.373825502445,0.157676563152212,0.177338825462625,
330,32,40,12.5569328720119,0.157676563152212,0.177338825462625,
331,32,40,12.7427498570313,0.157676563152212,0.177338825462625,
331,32,40,12.7427498570313,0.157676563152212,0.177338825462625,
333,32,40,13.1226736538984,0.157676563152212,0.177338825462625,
335,32,40,13.5139248403043,0.157676563152212,0.177338825462625,
336,32,40,13.7139033537837,0.157676563152212,0.177338825462625,
338,32,41,14.1227819938335,0.157676563152212,0.179963078232806,
340,32,41,14.5438513091401,0.157676563152212,0.179963078232806,
341,33,42,14.7590706328699,0.160009854559581,0.182626164589394,
344,33,42,15.4240266571527,0.160009854559581,0.182626164589394,
346,34,43,15.8838924503536,0.162377673918872,0.18532865919023,
348,34,43,16.3574690956204,0.162377673918872,0.18532865919023,
351,35,44,17.0944394569471,0.164780532173321,0.188071145196919,
353,35,44,17.6041084386555,0.164780532173321,0.188071145196919,
356,36,45,18.3972449612453,0.167218947827083,0.190854214400669,
358,37,45,18.9457569571638,0.169693447057115,0.190854214400669,
360,37,45,19.5106227827073,0.169693447057115,0.190854214400669,
363,36,46,20.3896555131271,0.167218947827083,0.193678467349988,
365,36,46,20.9975710279314,0.167218947827083,0.193678467349988,
367,36,46,21.6236114822621,0.167218947827083,0.193678467349988,
370,37,47,22.5978429280997,0.169693447057115,0.19654451348028,
372,36,47,23.2715953271168,0.167218947827083,0.19654451348028,
374,36,47,23.9654355856976,0.167218947827083,0.19654451348028,
377,36,48,25.0451757105114,0.167218947827083,0.199452971245347,
378,36,48,25.4157932082112,0.167218947827083,0.199452971245347,
379,36,48,25.7918950886596,0.167218947827083,0.199452971245347,
381,36,49,26.5608778294669,0.167218947827083,0.202404468250845,
382,36,49,26.9539246258499,0.167218947827083,0.202404468250845,
382,36,50,26.9539246258499,0.167218947827083,0.205399641389715,
381,36,50,26.5608778294669,0.167218947827083,0.205399641389715,
380,36,51,26.1735625095308,0.167218947827083,0.208439136979612,
379,36,51,25.7918950886596,0.167218947827083,0.208439136979612,
378,36,52,25.4157932082112,0.167218947827083,0.211523610902375,
377,37,52,25.0451757105114,0.169693447057115,0.211523610902375,
376,37,53,24.6799626213411,0.169693447057115,0.214653728745556,
376,37,54,24.6799626213411,0.169693447057115,0.217830165946044,
376,37,54,24.6799626213411,0.169693447057115,0.217830165946044,
377,38,55,25.0451757105114,0.17220456382672,0.221053607935815,
378,39,55,25.4157932082112,0.174752840000768,0.221053607935815,
378,39,56,25.4157932082112,0.174752840000768,0.224324750289842,
379,40,57,25.7918950886596,0.177338825462625,0.227644298876186,
380,41,57,26.1735625095308,0.179963078232806,0.227644298876186,
380,41,58,26.1735625095308,0.179963078232806,0.231012970008316,
381,42,59,26.5608778294669,0.182626164589394,0.234431490599679,
383,43,59,27.3527877128368,0.18532865919023,0.234431490599679,
385,43,60,28.1683083092037,0.18532865919023,0.237900598320558,
387,45,61,29.0081435695852,0.190854214400669,0.241421041757249,
390,45,61,30.3150781523696,0.190854214400669,0.241421041757249,
392,46,62,31.2189191382785,0.193678467349988,0.244993580573601,
394,47,62,32.1497080516744,0.19654451348028,0.244993580573601,
397,48,63,33.5981828628378,0.199452971245347,0.248618985674936,
400,49,63,35.1119173421513,0.202404468250845,0.248618985674936,
403,50,64,36.6938517024886,0.205399641389715,0.252298039374402,
406,50,64,38.3470586252449,0.205399641389715,0.252298039374402,
409,51,65,40.0747492285808,0.208439136979612,0.256031535561784,
411,52,65,41.2695738195241,0.211523610902375,0.256031535561784,
414,52,66,43.1289355919217,0.211523610902375,0.259820279874819,
417,53,66,45.0720691574513,0.214653728745556,0.259820279874819,
419,52,66,46.4158883361278,0.211523610902375,0.259820279874819,
422,52,67,48.50711246123,0.211523610902375,0.263665089873036,
423,52,67,49.2249187505059,0.211523610902375,0.263665089873036,
425,51,67,50.6925547193503,0.208439136979612,0.263665089873036,
426,51,68,51.4427010948143,0.208439136979612,0.267566795214178,
427,51,68,52.2039481060173,0.208439136979612,0.267566795214178,
429,50,68,53.760403533489,0.205399641389715,0.267566795214178,
430,50,69,54.5559478116852,0.205399641389715,0.27152623783323,
432,50,69,56.1825278722568,0.205399641389715,0.27152623783323,
434,49,70,57.8576042526536,0.202404468250845,0.275544272124096,
435,49,70,58.7137787414606,0.202404468250845,0.275544272124096,
437,49,70,60.4643241102501,0.202404468250845,0.275544272124096,
438,49,71,61.3590727341318,0.202404468250845,0.279621765123968,
440,49,71,63.188487275494,0.202404468250845,0.279621765123968,
442,49,72,65.0724456261908,0.202404468250845,0.283759596700416,
444,49,72,67.012574004375,0.202404468250845,0.283759596700416,
445,49,73,68.0042233654735,0.202404468250845,0.287958659741259,
447,49,73,70.0317624001311,0.202404468250845,0.287958659741259,
448,49,74,71.0680895890576,0.202404468250845,0.292219860347231,
448,49,74,71.0680895890576,0.202404468250845,0.292219860347231,
448,49,74,71.0680895890576,0.202404468250845,0.292219860347231,
447,49,75,70.0317624001311,0.202404468250845,0.296544118027509,
446,49,75,69.0105471137295,0.202404468250845,0.296544118027509,
444,49,75,67.012574004375,0.202404468250845,0.296544118027509,
443,49,76,66.0353850459796,0.202404468250845,0.300932365898129,
442,49,76,65.0724456261908,0.202404468250845,0.300932365898129,
440,49,76,63.188487275494,0.202404468250845,0.300932365898129,
439,49,77,62.2670618119788,0.202404468250845,0.305385550883342,
437,49,77,60.4643241102501,0.202404468250845,0.305385550883342,
436,49,77,59.5826228657415,0.202404468250845,0.305385550883342,
434,49,78,57.8576042526536,0.202404468250845,0.309904633919943,
432,49,78,56.1825278722568,0.202404468250845,0.309904633919943,
430,49,78,54.5559478116852,0.202404468250845,0.309904633919943,
428,50,79,52.9764600197183,0.205399641389715,0.314490590164633,
426,50,79,51.4427010948143,0.205399641389715,0.314490590164633,
424,50,79,49.9533471082328,0.205399641389715,0.314490590164633,
422,51,80,48.50711246123,0.208439136979612,0.319144409204443,
419,51,80,46.4158883361278,0.208439136979612,0.319144409204443,
417,51,80,45.0720691574513,0.208439136979612,0.319144409204443,
415,52,81,43.7671558373012,0.211523610902375,0.323867095270271,
412,52,81,41.8802793045613,0.211523610902375,0.323867095270271,
410,52,81,40.6677737476227,0.211523610902375,0.323867095270271,
408,53,82,39.490372295767,0.214653728745556,0.328659667453584,
406,53,83,38.3470586252449,0.214653728745556,0.333523159926324,
404,53,83,37.2368458366139,0.214653728745556,0.333523159926324,
402,54,84,36.158775602855,0.217830165946044,0.338458622164066,
399,54,85,34.5999092832965,0.217830165946044,0.343467119172483,
397,55,86,33.5981828628378,0.221053607935815,0.34854973171716,
395,55,87,32.6254581317544,0.221053607935815,0.353707556556805,
394,56,88,32.1497080516744,0.224324750289842,0.35894170667992,
392,56,89,31.2189191382785,0.224324750289842,0.364253311544964,
391,57,89,30.7636794533655,0.227644298876186,0.364253311544964,
390,57,90,30.3150781523696,0.227644298876186,0.369643517324076,
389,58,91,29.8730184332271,0.231012970008316,0.375113487150405,
389,58,92,29.8730184332271,0.231012970008316,0.380664401369098,
389,59,93,29.8730184332271,0.234431490599679,0.386297457792001,
389,60,93,29.8730184332271,0.237900598320558,0.386297457792001,
389,61,94,29.8730184332271,0.241421041757249,0.392013871956131,
390,61,95,30.3150781523696,0.241421041757249,0.397814877385972,
390,62,95,30.3150781523696,0.244993580573601,0.397814877385972,
390,63,96,30.3150781523696,0.248618985674936,0.403701725859655,
391,63,97,30.7636794533655,0.248618985674936,0.409675687679074,
393,65,97,31.6808954416457,0.256031535561784,0.409675687679074,
396,66,98,33.1082483422869,0.259820279874819,0.415738051943995,
398,67,99,34.095367414618,0.263665089873036,0.421890126830234,
401,69,99,35.6315020755629,0.27152623783323,0.421890126830234,
404,70,100,37.2368458366139,0.275544272124096,0.428133239871939,
407,71,100,38.9145168485814,0.279621765123968,0.428133239871939,
410,73,101,40.6677737476227,0.287958659741259,0.434468738248055,
415,75,101,43.7671558373012,0.296544118027509,0.434468738248055,
418,76,102,45.7390438147814,0.300932365898129,0.440897989073024,
421,78,102,47.7997733475636,0.309904633919943,0.440897989073024,
424,79,103,49.9533471082328,0.314490590164633,0.447422379691795,
427,80,103,52.2039481060173,0.319144409204443,0.447422379691795,
430,81,103,54.5559478116852,0.323867095270271,0.447422379691795,
433,82,103,57.0139146485024,0.328659667453584,0.447422379691795,
436,81,103,59.5826228657415,0.323867095270271,0.447422379691795,
438,81,103,61.3590727341318,0.323867095270271,0.447422379691795,
439,81,103,62.2670618119788,0.323867095270271,0.447422379691795,
440,80,103,63.188487275494,0.319144409204443,0.447422379691795,
441,80,103,64.1235479557692,0.319144409204443,0.447422379691795,
442,80,103,65.0724456261908,0.319144409204443,0.447422379691795,
443,79,103,66.0353850459796,0.314490590164633,0.447422379691795,
444,79,103,67.012574004375,0.314490590164633,0.447422379691795,
445,79,103,68.0042233654735,0.314490590164633,0.447422379691795,
445,80,103,68.0042233654735,0.319144409204443,0.447422379691795,
445,81,104,68.0042233654735,0.323867095270271,0.454043317979191,
445,81,104,68.0042233654735,0.323867095270271,0.454043317979191,
444,82,105,67.012574004375,0.328659667453584,0.460762232643708,
443,83,105,66.0353850459796,0.333523159926324,0.460762232643708,
442,85,106,65.0724456261908,0.343467119172483,0.467580573535816,
441,86,106,64.1235479557692,0.34854973171716,0.467580573535816,
440,87,107,63.188487275494,0.353707556556805,0.47449981196081,
440,88,107,63.188487275494,0.35894170667992,0.47449981196081,
442,90,107,65.0724456261908,0.369643517324076,0.47449981196081,
443,91,108,66.0353850459796,0.375113487150405,0.481521440996304,
444,92,108,67.012574004375,0.380664401369098,0.481521440996304,
446,93,108,69.0105471137295,0.386297457792001,0.481521440996304,
448,93,109,71.0680895890576,0.386297457792001,0.488646975814411,
450,94,109,73.1869774849749,0.392013871956131,0.488646975814411,
453,95,110,76.4843478132459,0.397814877385972,0.495877954008704,
455,95,110,78.7647208997567,0.397814877385972,0.495877954008704,
457,96,110,81.1130830789687,0.403701725859655,0.495877954008704,
459,97,110,83.5314614387976,0.409675687679074,0.495877954008704,
463,97,111,88.5866790410082,0.409675687679074,0.503215935925999,
465,98,111,91.2278819077926,0.415738051943995,0.503215935925999,
466,98,111,92.5778684163293,0.415738051943995,0.503215935925999,
469,99,111,96.7488770692452,0.421890126830234,0.503215935925999,
471,100,111,99.633435043872,0.428133239871939,0.503215935925999,
474,100,111,104.122325604831,0.428133239871939,0.503215935925999,
476,101,111,107.226722201032,0.434468738248055,0.503215935925999,
479,101,111,112.057721161961,0.434468738248055,0.503215935925999,
481,102,111,115.398710773292,0.440897989073024,0.503215935925999,
483,102,111,118.839311651631,0.440897989073024,0.503215935925999,
485,103,111,122.382493696819,0.447422379691795,0.503215935925999,
489,103,111,129.78892626345,0.447422379691795,0.503215935925999,
491,103,111,133.658569959713,0.447422379691795,0.503215935925999,
494,103,111,139.680430922543,0.447422379691795,0.503215935925999,
496,103,111,143.844988828766,0.447422379691795,0.503215935925999,
499,104,111,150.32578929811,0.454043317979191,0.503215935925999,
502,104,111,157.098576127669,0.454043317979191,0.503215935925999,
505,104,111,164.176504487853,0.454043317979191,0.503215935925999,
507,104,111,169.071410347358,0.454043317979191,0.503215935925999,
510,104,111,176.68876347487,0.454043317979191,0.503215935925999,
513,104,111,184.649309271976,0.454043317979191,0.503215935925999,
518,105,111,198.721846548806,0.460762232643708,0.503215935925999,
522,105,111,210.748239470871,0.460762232643708,0.503215935925999,
526,105,112,223.502454367358,0.460762232643708,0.510662505003065,
529,105,112,233.572146909012,0.460762232643708,0.510662505003065,
534,105,112,251.373203177057,0.460762232643708,0.510662505003065,
537,106,112,262.698586052018,0.467580573535816,0.510662505003065,
541,106,113,278.596769723317,0.467580573535816,0.518219268108302,
546,106,113,299.8292533031,0.467580573535816,0.518219268108302,
551,106,113,322.679911994581,0.467580573535816,0.518219268108302,
557,106,114,352.410988607292,0.467580573535816,0.525887855888484,
562,106,114,379.269019073225,0.467580573535816,0.525887855888484,
567,107,114,408.173960174266,0.47449981196081,0.525887855888484,
571,107,115,432.876128108306,0.47449981196081,0.533669923120631,
574,107,115,452.378954289838,0.47449981196081,0.533669923120631,
577,107,115,472.760461933269,0.47449981196081,0.533669923120631,
580,107,116,494.060239204144,0.47449981196081,0.541567149069085,
583,107,116,516.319657875514,0.47449981196081,0.541567149069085,
585,107,116,531.713676201076,0.47449981196081,0.541567149069085,
586,108,116,539.581953686696,0.481521440996304,0.541567149069085,
585,108,116,531.713676201076,0.481521440996304,0.541567149069085,
584,108,116,523.960135300264,0.481521440996304,0.541567149069085,
582,108,116,508.790595215639,0.481521440996304,0.541567149069085,
581,109,116,501.371322651243,0.488646975814411,0.541567149069085,
579,109,116,486.855767241897,0.488646975814411,0.541567149069085,
578,109,116,479.756352137369,0.488646975814411,0.541567149069085,
576,109,116,465.866587011572,0.488646975814411,0.541567149069085,
575,109,116,459.073239767764,0.488646975814411,0.541567149069085,
573,109,116,445.782286041971,0.488646975814411,0.541567149069085,
571,109,116,432.876128108306,0.488646975814411,0.541567149069085,
569,109,116,420.343625471911,0.488646975814411,0.541567149069085,
567,109,116,408.173960174266,0.488646975814411,0.541567149069085,
565,109,116,396.356627455212,0.488646975814411,0.541567149069085,
563,109,116,384.881426685323,0.488646975814411,0.541567149069085,
560,109,116,368.288533726967,0.488646975814411,0.541567149069085,
558,109,116,357.625952170304,0.488646975814411,0.541567149069085,
555,109,116,342.208089077774,0.488646975814411,0.541567149069085,
552,109,116,327.454916287773,0.488646975814411,0.541567149069085,
550,109,116,317.974537640858,0.488646975814411,0.541567149069085,
547,110,116,304.266114472725,0.495877954008704,0.541567149069085,
544,110,116,291.148684744352,0.495877954008704,0.541567149069085,
541,116,116,278.596769723317,0.541567149069085,0.541567149069085,
538,122,116,266.585989108688,0.591466054459175,0.541567149069085,
536,122,116,258.867869779884,0.591466054459175,0.541567149069085,
534,122,116,251.373203177057,0.591466054459175,0.541567149069085,
532,122,116,244.095519962455,0.591466054459175,0.541567149069085,
530,122,116,237.028538096696,0.591466054459175,0.541567149069085,
528,122,116,230.166157416155,0.591466054459175,0.541567149069085,
527,123,117,226.809834651882,0.600218545222738,0.549581237847874,
527,123,117,226.809834651882,0.600218545222738,0.549581237847874,
528,123,118,230.166157416155,0.600218545222738,0.557713918788439,
528,123,118,230.166157416155,0.600218545222738,0.557713918788439,
528,123,118,230.166157416155,0.600218545222738,0.557713918788439,
529,123,118,233.572146909012,0.600218545222738,0.557713918788439,
529,123,119,233.572146909012,0.600218545222738,0.565966946812793,
529,123,119,233.572146909012,0.600218545222738,0.565966946812793,
529,123,120,233.572146909012,0.600218545222738,0.57434210281222,
530,123,120,237.028538096696,0.600218545222738,0.57434210281222,
530,123,120,237.028538096696,0.600218545222738,0.57434210281222,
531,126,120,240.536076821448,0.627260826370388,0.57434210281222,
531,126,120,240.536076821448,0.627260826370388,0.57434210281222,
532,127,120,244.095519962455,0.636543006721671,0.57434210281222,
532,127,120,244.095519962455,0.636543006721671,0.57434210281222,
533,128,120,247.707635599171,0.645962544402555,0.57434210281222,
533,128,120,247.707635599171,0.645962544402555,0.57434210281222,
535,128,120,255.093013675778,0.645962544402555,0.57434210281222,
535,129,120,255.093013675778,0.655521472021251,0.57434210281222,
537,129,120,262.698586052018,0.655521472021251,0.57434210281222,
538,129,120,266.585989108688,0.655521472021251,0.57434210281222,
539,129,120,270.530917798641,0.655521472021251,0.57434210281222,
540,130,120,274.534223383871,0.665221852264423,0.57434210281222,
542,130,120,282.719433459262,0.665221852264423,0.57434210281222,
544,131,120,291.148684744352,0.675065778342292,0.57434210281222,
546,131,120,299.8292533031,0.675065778342292,0.57434210281222,
547,131,120,304.266114472725,0.675065778342292,0.57434210281222,
549,131,120,313.33777787077,0.675065778342292,0.57434210281222,
551,132,120,322.679911994581,0.685055374440314,0.57434210281222,
552,132,120,327.454916287773,0.685055374440314,0.57434210281222,
554,132,120,337.217951464219,0.685055374440314,0.57434210281222,
555,132,120,342.208089077774,0.685055374440314,0.57434210281222,
557,132,120,352.410988607292,0.685055374440314,0.57434210281222,
558,132,120,357.625952170304,0.685055374440314,0.57434210281222,
560,132,120,368.288533726967,0.685055374440314,0.57434210281222,
561,132,120,373.738452560802,0.685055374440314,0.57434210281222,
563,132,120,384.881426685323,0.685055374440314,0.57434210281222,
564,133,120,390.576886478379,0.695192796177561,0.57434210281222,
566,133,120,402.22189680537,0.695192796177561,0.57434210281222,
567,133,120,408.173960174266,0.695192796177561,0.57434210281222,
568,134,120,414.214101936279,0.705480231071864,0.57434210281222,
569,135,120,420.343625471911,0.715919899011859,0.57434210281222,
571,135,120,432.876128108306,0.715919899011859,0.57434210281222,
572,136,120,439.281811552809,0.726514052736001,0.57434210281222,
573,137,120,445.782286041971,0.737264978318678,0.57434210281222,
574,138,120,452.378954289838,0.748174995663516,0.57434210281222,
575,139,120,459.073239767764,0.75924645900398,0.57434210281222,
576,140,120,465.866587011572,0.770481757411386,0.57434210281222,
577,141,120,472.760461933269,0.781883315310433,0.57434210281222,
577,142,120,472.760461933269,0.793453593002355,0.57434210281222,
575,143,120,459.073239767764,0.805195087195828,0.57434210281222,
572,144,120,439.281811552809,0.81711033154572,0.57434210281222,
569,144,120,420.343625471911,0.81711033154572,0.57434210281222,
566,145,121,402.22189680537,0.829201897199822,0.582841194031556,
563,145,121,384.881426685323,0.829201897199822,0.582841194031556,
559,145,122,362.918086553304,0.829201897199822,0.591466054459175,
556,145,122,347.272070546006,0.829201897199822,0.591466054459175,
551,145,123,322.679911994581,0.829201897199822,0.600218545222738,
548,145,123,308.768632134576,0.829201897199822,0.600218545222738,
544,145,123,291.148684744352,0.829201897199822,0.600218545222738,
541,145,124,278.596769723317,0.829201897199822,0.609100554990796,
538,146,124,266.585989108688,0.841472393353665,0.609100554990796,
535,146,124,255.093013675778,0.841472393353665,0.609100554990796,
534,146,124,251.373203177057,0.841472393353665,0.609100554990796,
536,147,124,258.867869779884,0.853924467813552,0.609100554990796,
537,147,124,262.698586052018,0.853924467813552,0.609100554990796,
538,147,124,266.585989108688,0.853924467813552,0.609100554990796,
539,148,124,270.530917798641,0.866560807567914,0.609100554990796,
541,148,124,278.596769723317,0.866560807567914,0.609100554990796,
542,148,124,282.719433459262,0.866560807567914,0.609100554990796,
543,149,124,286.903104206512,0.879384139367131,0.609100554990796,
544,149,124,291.148684744352,0.879384139367131,0.609100554990796,
545,149,124,295.457091211361,0.879384139367131,0.609100554990796,
546,150,124,299.8292533031,0.892397230311923,0.609100554990796,
548,150,124,308.768632134576,0.892397230311923,0.609100554990796,
549,150,123,313.33777787077,0.892397230311923,0.600218545222738,
550,151,123,317.974537640858,0.905602888450454,0.600218545222738,
551,151,123,322.679911994581,0.905602888450454,0.600218545222738,
552,151,122,327.454916287773,0.905602888450454,0.591466054459175,
553,152,122,332.300580901463,0.919003963384274,0.591466054459175,
554,152,122,337.217951464219,0.919003963384274,0.591466054459175,
555,152,121,342.208089077774,0.919003963384274,0.582841194031556,
556,153,121,347.272070546006,0.93260334688322,0.582841194031556,
557,153,121,352.410988607292,0.93260334688322,0.582841194031556,
557,153,120,352.410988607292,0.93260334688322,0.57434210281222,
555,153,120,342.208089077774,0.93260334688322,0.57434210281222,
554,154,120,337.217951464219,0.94640397350942,0.57434210281222,
553,154,120,332.300580901463,0.94640397350942,0.57434210281222,
551,155,120,322.679911994581,0.960408821250538,0.57434210281222,
549,155,120,313.33777787077,0.960408821250538,0.57434210281222,
545,156,120,295.457091211361,0.974620912162375,0.57434210281222,
543,156,120,286.903104206512,0.974620912162375,0.57434210281222,
542,157,120,282.719433459262,0.989043313020995,0.57434210281222,
540,157,120,274.534223383871,0.989043313020995,0.57434210281222,
538,158,120,266.585989108688,1.00367913598449,0.57434210281222,
537,158,120,262.698586052018,1.00367913598449,0.57434210281222,
536,159,120,258.867869779884,1.01853153926453,0.57434210281222,
537,160,120,262.698586052018,1.0336037278079,0.57434210281222,
537,161,120,262.698586052018,1.04889895398803,0.57434210281222,
538,161,120,266.585989108688,1.04889895398803,0.57434210281222,
539,162,120,270.530917798641,1.06442051830686,0.57434210281222,
539,162,120,270.530917798641,1.06442051830686,0.57434210281222,
540,163,120,274.534223383871,1.08017177010701,0.57434210281222,
541,164,120,278.596769723317,1.09615610829454,0.57434210281222,
542,164,120,282.719433459262,1.09615610829454,0.57434210281222,
543,165,120,286.903104206512,1.1123769820724,0.57434210281222,
544,165,120,291.148684744352,1.1123769820724,0.57434210281222,
545,165,119,295.457091211361,1.1123769820724,0.565966946812793,
547,165,119,304.266114472725,1.1123769820724,0.565966946812793,
548,164,119,308.768632134576,1.09615610829454,0.565966946812793,
550,164,118,317.974537640858,1.09615610829454,0.557713918788439,
552,163,118,327.454916287773,1.08017177010701,0.557713918788439,
554,163,117,337.217951464219,1.08017177010701,0.549581237847874,
555,162,117,342.208089077774,1.06442051830686,0.549581237847874,
556,162,116,347.272070546006,1.06442051830686,0.541567149069085,
558,163,116,357.625952170304,1.08017177010701,0.541567149069085,
559,163,116,362.918086553304,1.08017177010701,0.541567149069085,
560,164,116,368.288533726967,1.09615610829454,0.541567149069085,
562,165,116,379.269019073225,1.1123769820724,0.541567149069085,
562,166,116,379.269019073225,1.12883789168469,0.541567149069085,
563,167,116,384.881426685323,1.14554238917198,0.541567149069085,
564,168,116,390.576886478379,1.1624940791378,0.541567149069085,
564,169,116,390.576886478379,1.17969661952645,0.541567149069085,
565,170,116,396.356627455212,1.19715372241235,0.541567149069085,
566,171,116,402.22189680537,1.21486915480104,0.541567149069085,
566,172,116,402.22189680537,1.23284673944207,0.541567149069085,
567,173,116,408.173960174266,1.25109035565386,0.541567149069085,
567,173,116,408.173960174266,1.25109035565386,0.541567149069085,
567,174,116,408.173960174266,1.26960394016084,0.541567149069085,
568,174,116,414.214101936279,1.26960394016084,0.541567149069085,
