-1,-1,317,0,0,1.03740649647658,
-1,-1,317,0,0,1.03740649647658,
-1,-1,316,0,0,1.02227885530198,
-1,-1,317,0,0,1.03740649647658,
-1,-1,317,0,0,1.03740649647658,
-1,-1,316,0,0,1.02227885530198,
-1,-1,317,0,0,1.03740649647658,
-1,-1,317,0,0,1.03740649647658,
-1,-1,317,0,0,1.03740649647658,
-1,-1,317,0,0,1.03740649647658,
-1,-1,317,0,0,1.03740649647658,
-1,-1,317,0,0,1.03740649647658,
-1,-1,317,0,0,1.03740649647658,
-1,-1,317,0,0,1.03740649647658,
-1,-1,317,0,0,1.03740649647658,
-1,-1,317,0,0,1.03740649647658,
-1,-1,317,0,0,1.03740649647658,
-1,-1,317,0,0,1.03740649647658,
-1,-1,317,0,0,1.03740649647658,
-1,-1,317,0,0,1.03740649647658,
-1,-1,317,0,0,1.03740649647658,
-1,-1,318,0,0,1.05275799587374,
-1,-1,319,0,0,1.06833666613839,
-1,-1,319,0,0,1.06833666613839,
314,-1,320,0.992682137864147,0,1.08414586893583,
314,-1,320,0.992682137864147,0,1.08414586893583,
314,-1,321,0.992682137864147,0,1.10018901567718,
314,-1,321,0.992682137864147,0,1.10018901567718,
314,-1,321,0.992682137864147,0,1.10018901567718,
314,-1,321,0.992682137864147,0,1.10018901567718,
314,-1,321,0.992682137864147,0,1.10018901567718,
314,-1,321,0.992682137864147,0,1.10018901567718,
314,-1,321,0.992682137864147,0,1.10018901567718,
314,315,321,0.992682137864147,1.00737180801057,1.10018901567718,
314,315,321,0.992682137864147,1.00737180801057,1.10018901567718,
314,315,321,0.992682137864147,1.00737180801057,1.10018901567718,
314,314,321,0.992682137864147,0.992682137864147,1.10018901567718,
314,314,321,0.992682137864147,0.992682137864147,1.10018901567718,
314,314,321,0.992682137864147,0.992682137864147,1.10018901567718,
314,314,321,0.992682137864147,0.992682137864147,1.10018901567718,
314,314,321,0.992682137864147,0.992682137864147,1.10018901567718,
314,315,321,0.992682137864147,1.00737180801057,1.10018901567718,
314,315,321,0.992682137864147,1.00737180801057,1.10018901567718,
314,315,321,0.992682137864147,1.00737180801057,1.10018901567718,
314,315,321,0.992682137864147,1.00737180801057,1.10018901567718,
314,315,321,0.992682137864147,1.00737180801057,1.10018901567718,
314,315,321,0.992682137864147,1.00737180801057,1.10018901567718,
314,315,321,0.992682137864147,1.00737180801057,1.10018901567718,
314,315,321,0.992682137864147,1.00737180801057,1.10018901567718,
314,315,322,0.992682137864147,1.00737180801057,1.11646956825546,
314,315,322,0.992682137864147,1.00737180801057,1.11646956825546,
314,315,322,0.992682137864147,1.00737180801057,1.11646956825546,
314,315,323,0.992682137864147,1.00737180801057,1.13299103979264,
314,315,323,0.992682137864147,1.00737180801057,1.13299103979264,
314,318,323,0.992682137864147,1.05275799587374,1.13299103979264,
314,318,324,0.992682137864147,1.05275799587374,1.14975699539774,
314,318,324,0.992682137864147,1.05275799587374,1.14975699539774,
314,318,324,0.992682137864147,1.05275799587374,1.14975699539774,
314,318,325,0.992682137864147,1.05275799587374,1.1667710529361,
314,318,325,0.992682137864147,1.05275799587374,1.1667710529361,
314,319,326,0.992682137864147,1.06833666613839,1.18403688381012,
314,319,326,0.992682137864147,1.06833666613839,1.18403688381012,
314,320,327,0.992682137864147,1.08414586893583,1.20155821375144,
314,320,327,0.992682137864147,1.08414586893583,1.20155821375144,
314,321,328,0.992682137864147,1.10018901567718,1.21933882362491,
314,321,328,0.992682137864147,1.10018901567718,1.21933882362491,
314,322,329,0.992682137864147,1.11646956825546,1.23738255024451,
314,322,329,0.992682137864147,1.11646956825546,1.23738255024451,
314,322,329,0.992682137864147,1.11646956825546,1.23738255024451,
314,323,330,0.992682137864147,1.13299103979264,1.25569328720119,
314,323,330,0.992682137864147,1.13299103979264,1.25569328720119,
314,323,330,0.992682137864147,1.13299103979264,1.25569328720119,
314,323,330,0.992682137864147,1.13299103979264,1.25569328720119,
314,323,330,0.992682137864147,1.13299103979264,1.25569328720119,
314,323,330,0.992682137864147,1.13299103979264,1.25569328720119,
314,323,330,0.992682137864147,1.13299103979264,1.25569328720119,
314,323,330,0.992682137864147,1.13299103979264,1.25569328720119,
314,323,330,0.992682137864147,1.13299103979264,1.25569328720119,
336,323,330,1.37139033537837,1.13299103979264,1.25569328720119,
336,323,330,1.37139033537837,1.13299103979264,1.25569328720119,
336,323,330,1.37139033537837,1.13299103979264,1.25569328720119,
336,323,330,1.37139033537837,1.13299103979264,1.25569328720119,
336,323,330,1.37139033537837,1.13299103979264,1.25569328720119,
336,323,330,1.37139033537837,1.13299103979264,1.25569328720119,
336,323,330,1.37139033537837,1.13299103979264,1.25569328720119,
336,323,330,1.37139033537837,1.13299103979264,1.25569328720119,
336,323,330,1.37139033537837,1.13299103979264,1.25569328720119,
336,323,330,1.37139033537837,1.13299103979264,1.25569328720119,
336,323,330,1.37139033537837,1.13299103979264,1.25569328720119,
336,323,330,1.37139033537837,1.13299103979264,1.25569328720119,
336,323,330,1.37139033537837,1.13299103979264,1.25569328720119,
336,323,330,1.37139033537837,1.13299103979264,1.25569328720119,
336,323,330,1.37139033537837,1.13299103979264,1.25569328720119,
336,323,330,1.37139033537837,1.13299103979264,1.25569328720119,
336,323,330,1.37139033537837,1.13299103979264,1.25569328720119,
337,323,330,1.39168411412213,1.13299103979264,1.25569328720119,
337,324,330,1.39168411412213,1.14975699539774,1.25569328720119,
337,324,330,1.39168411412213,1.14975699539774,1.25569328720119,
337,324,330,1.39168411412213,1.14975699539774,1.25569328720119,
338,324,330,1.41227819938335,1.14975699539774,1.25569328720119,
338,324,330,1.41227819938335,1.14975699539774,1.25569328720119,
338,324,330,1.41227819938335,1.14975699539774,1.25569328720119,
339,324,330,1.43317703508574,1.14975699539774,1.25569328720119,
339,324,330,1.43317703508574,1.14975699539774,1.25569328720119,
340,324,331,1.45438513091401,1.14975699539774,1.27427498570313,
340,324,331,1.45438513091401,1.14975699539774,1.27427498570313,
341,324,331,1.47590706328699,1.14975699539774,1.27427498570313,
342,324,331,1.4977474763452,1.14975699539774,1.27427498570313,
342,324,331,1.4977474763452,1.14975699539774,1.27427498570313,
343,324,332,1.51991108295293,1.14975699539774,1.29313165542834,
343,324,332,1.51991108295293,1.14975699539774,1.29313165542834,
344,327,333,1.54240266571527,1.20155821375144,1.31226736538984,
345,327,333,1.56522707801009,1.20155821375144,1.31226736538984,
345,327,333,1.56522707801009,1.20155821375144,1.31226736538984,
346,327,333,1.58838924503536,1.20155821375144,1.31226736538984,
346,327,333,1.58838924503536,1.20155821375144,1.31226736538984,
346,327,333,1.58838924503536,1.20155821375144,1.31226736538984,
346,327,333,1.58838924503536,1.20155821375144,1.31226736538984,
346,327,333,1.58838924503536,1.20155821375144,1.31226736538984,
346,327,333,1.58838924503536,1.20155821375144,1.31226736538984,
346,327,333,1.58838924503536,1.20155821375144,1.31226736538984,
346,327,333,1.58838924503536,1.20155821375144,1.31226736538984,
346,327,333,1.58838924503536,1.20155821375144,1.31226736538984,
347,327,333,1.61189416487193,1.20155821375144,1.31226736538984,
347,327,333,1.61189416487193,1.20155821375144,1.31226736538984,
348,327,333,1.63574690956204,1.20155821375144,1.31226736538984,
349,327,333,1.65995262620382,1.20155821375144,1.31226736538984,
349,327,333,1.65995262620382,1.20155821375144,1.31226736538984,
350,327,333,1.68451653806193,1.20155821375144,1.31226736538984,
350,327,333,1.68451653806193,1.20155821375144,1.31226736538984,
351,327,333,1.70944394569471,1.20155821375144,1.31226736538984,
352,327,333,1.73474022809794,1.20155821375144,1.31226736538984,
353,327,333,1.76041084386555,1.20155821375144,1.31226736538984,
353,327,333,1.76041084386555,1.20155821375144,1.31226736538984,
354,327,333,1.78646133236755,1.20155821375144,1.31226736538984,
354,327,334,1.78646133236755,1.20155821375144,1.33168624481379,
355,327,334,1.81289731494529,1.20155821375144,1.33168624481379,
356,327,335,1.83972449612453,1.20155821375144,1.35139248403043,
356,327,335,1.83972449612453,1.20155821375144,1.35139248403043,
357,326,335,1.86694866484636,1.18403688381012,1.35139248403043,
357,326,336,1.86694866484636,1.18403688381012,1.37139033537837,
358,326,337,1.89457569571638,1.18403688381012,1.39168411412213,
358,325,337,1.89457569571638,1.1667710529361,1.39168411412213,
358,325,337,1.89457569571638,1.1667710529361,1.39168411412213,
358,325,338,1.89457569571638,1.1667710529361,1.41227819938335,
358,325,338,1.89457569571638,1.1667710529361,1.41227819938335,
358,324,338,1.89457569571638,1.14975699539774,1.41227819938335,
358,324,338,1.89457569571638,1.14975699539774,1.41227819938335,
358,324,338,1.89457569571638,1.14975699539774,1.41227819938335,
358,323,338,1.89457569571638,1.13299103979264,1.41227819938335,
358,323,338,1.89457569571638,1.13299103979264,1.41227819938335,
358,323,338,1.89457569571638,1.13299103979264,1.41227819938335,
358,322,338,1.89457569571638,1.11646956825546,1.41227819938335,
358,322,338,1.89457569571638,1.11646956825546,1.41227819938335,
358,321,338,1.89457569571638,1.10018901567718,1.41227819938335,
357,321,337,1.86694866484636,1.10018901567718,1.39168411412213,
357,320,337,1.86694866484636,1.08414586893583,1.39168411412213,
356,320,337,1.83972449612453,1.08414586893583,1.39168411412213,
355,319,336,1.81289731494529,1.06833666613839,1.37139033537837,
353,319,336,1.76041084386555,1.06833666613839,1.37139033537837,
352,318,335,1.73474022809794,1.05275799587374,1.35139248403043,
350,318,335,1.68451653806193,1.05275799587374,1.35139248403043,
349,317,334,1.65995262620382,1.03740649647658,1.33168624481379,
348,317,334,1.63574690956204,1.03740649647658,1.33168624481379,
346,316,333,1.58838924503536,1.02227885530198,1.31226736538984,
345,316,333,1.56522707801009,1.02227885530198,1.31226736538984,
344,315,333,1.54240266571527,1.00737180801057,1.31226736538984,
343,315,333,1.51991108295293,1.00737180801057,1.31226736538984,
342,314,332,1.4977474763452,0.992682137864147,1.29313165542834,
341,313,332,1.47590706328699,0.978206675031545,1.29313165542834,
340,313,332,1.45438513091401,0.978206675031545,1.29313165542834,
339,312,331,1.43317703508574,0.96394229590462,1.27427498570313,
339,311,331,1.43317703508574,0.949885922424221,1.27427498570313,
338,311,331,1.41227819938335,0.949885922424221,1.27427498570313,
337,310,330,1.39168411412213,0.936034521415991,1.25569328720119,
336,309,330,1.37139033537837,0.922385103935848,1.25569328720119,
336,309,329,1.37139033537837,0.922385103935848,1.23738255024451,
336,308,329,1.37139033537837,0.908934724625008,1.23738255024451,
336,308,328,1.37139033537837,0.908934724625008,1.21933882362491,
336,307,328,1.37139033537837,0.89568048107442,1.21933882362491,
336,306,327,1.37139033537837,0.882619513198464,1.20155821375144,
333,305,326,1.31226736538984,0.869749002617783,1.18403688381012,
333,305,325,1.31226736538984,0.869749002617783,1.1667710529361,
333,304,325,1.31226736538984,0.857066172051119,1.1667710529361,
333,303,324,1.31226736538984,0.844568284716005,1.14975699539774,
333,303,323,1.31226736538984,0.844568284716005,1.13299103979264,
332,302,322,1.29313165542834,0.832252643738215,1.11646956825546,
333,300,321,1.31226736538984,0.808157509415663,1.10018901567718,
333,299,320,1.31226736538984,0.796372816668391,1.08414586893583,
333,298,319,1.31226736538984,0.784759970351461,1.06833666613839,
332,296,319,1.29313165542834,0.762039829972396,1.06833666613839,
332,295,318,1.29313165542834,0.750927633212755,1.05275799587374,
331,294,316,1.27427498570313,0.739977476430513,1.02227885530198,
330,292,315,1.25569328720119,0.718553865674324,1.00737180801057,
329,290,314,1.23738255024451,0.697750505010134,0.992682137864147,
327,288,312,1.20155821375144,0.677549437139287,0.96394229590462,
325,286,311,1.1667710529361,0.657933224657568,0.949885922424221,
324,285,310,1.14975699539774,0.648339128444297,0.936034521415991,
323,284,309,1.13299103979264,0.638884935003374,0.922385103935848,
322,282,307,1.11646956825546,0.620388125841656,0.89568048107442,
320,280,305,1.08414586893583,0.602426830871023,0.869749002617783,
320,279,304,1.08414586893583,0.593642138503738,0.857066172051119,
319,277,303,1.06833666613839,0.576455185510082,0.844568284716005,
318,276,301,1.05275799587374,0.568049216172843,0.820116591569806,
316,275,300,1.02227885530198,0.559765824136102,0.808157509415663,
315,273,299,1.00737180801057,0.543559648255241,0.796372816668391,
314,272,297,0.992682137864147,0.535633367338623,0.773316464570469,
313,271,296,0.978206675031545,0.527822668822889,0.762039829972396,
312,269,295,0.96394229590462,0.51254130180115,0.750927633212755,
311,268,293,0.949885922424221,0.505067335783832,0.729186996730657,
311,267,293,0.949885922424221,0.497702356433211,0.729186996730657,
311,266,292,0.949885922424221,0.490444774486841,0.718553865674324,
311,265,291,0.949885922424221,0.483293023857175,0.708075788776345,
312,263,290,0.96394229590462,0.469300866049559,0.697750505010134,
313,262,290,0.978206675031545,0.462457439554121,0.697750505010134,
314,261,289,0.992682137864147,0.455713805088884,0.687575786319784,
315,260,289,1.00737180801057,0.449068507469184,0.687575786319784,
315,259,288,1.00737180801057,0.44252011273011,0.677549437139287,
315,257,287,1.00737180801057,0.429708400280907,0.667669293918756,
315,256,286,1.00737180801057,0.423442317977355,0.657933224657568,
314,255,286,0.992682137864147,0.417267608771023,0.657933224657568,
313,253,285,0.978206675031545,0.405186999406265,0.648339128444297,
311,253,284,0.949885922424221,0.405186999406265,0.638884935003374,
311,251,283,0.949885922424221,0.393456144298863,0.629568604248347,
308,249,282,0.908934724625008,0.382064917466189,0.620388125841656,
307,247,281,0.89568048107442,0.371003486090095,0.611341518760833,
305,245,280,0.869749002617783,0.3602623020293,0.602426830871023,
302,244,279,0.832252643738215,0.355008894756119,0.593642138503738,
301,243,278,0.820116591569806,0.349832093577504,0.584985546041759,
300,241,277,0.808157509415663,0.339703857460129,0.576455185510082,
299,240,277,0.796372816668391,0.334750236985669,0.576455185510082,
298,240,277,0.784759970351461,0.334750236985669,0.576455185510082,
297,241,278,0.773316464570469,0.339703857460129,0.584985546041759,
298,242,279,0.784759970351461,0.344730781410119,0.593642138503738,
299,243,281,0.796372816668391,0.349832093577504,0.611341518760833,
300,245,283,0.808157509415663,0.3602623020293,0.629568604248347,
301,247,285,0.820116591569806,0.371003486090095,0.648339128444297,
302,248,286,0.832252643738215,0.376493580679247,0.657933224657568,
303,250,288,0.844568284716005,0.38771869866968,0.677549437139287,
304,251,289,0.857066172051119,0.393456144298863,0.687575786319784,
305,252,290,0.869749002617783,0.399278492416527,0.697750505010134,
306,253,291,0.882619513198464,0.405186999406265,0.708075788776345,
308,254,291,0.908934724625008,0.411182940243583,0.708075788776345,
309,255,291,0.922385103935848,0.417267608771023,0.708075788776345,
309,256,291,0.922385103935848,0.423442317977355,0.708075788776345,
311,256,291,0.949885922424221,0.423442317977355,0.708075788776345,
312,256,291,0.96394229590462,0.423442317977355,0.708075788776345,
313,256,291,0.978206675031545,0.423442317977355,0.708075788776345,
314,257,291,0.992682137864147,0.429708400280907,0.708075788776345,
315,257,291,1.00737180801057,0.429708400280907,0.708075788776345,
315,257,291,1.00737180801057,0.429708400280907,0.708075788776345,
317,257,291,1.03740649647658,0.429708400280907,0.708075788776345,
318,256,291,1.05275799587374,0.423442317977355,0.708075788776345,
320,256,290,1.08414586893583,0.423442317977355,0.697750505010134,
321,255,289,1.10018901567718,0.417267608771023,0.687575786319784,
322,254,289,1.11646956825546,0.411182940243583,0.687575786319784,
323,252,288,1.13299103979264,0.399278492416527,0.677549437139287,
326,251,287,1.18403688381012,0.393456144298863,0.667669293918756,
327,250,286,1.20155821375144,0.38771869866968,0.657933224657568,
330,248,285,1.25569328720119,0.376493580679247,0.648339128444297,
331,247,284,1.27427498570313,0.371003486090095,0.638884935003374,
332,246,284,1.29313165542834,0.365593449010937,0.638884935003374,
333,245,283,1.31226736538984,0.3602623020293,0.629568604248347,
333,244,283,1.31226736538984,0.355008894756119,0.629568604248347,
333,243,283,1.31226736538984,0.349832093577504,0.629568604248347,
333,242,283,1.31226736538984,0.344730781410119,0.629568604248347,
333,241,283,1.31226736538984,0.339703857460129,0.629568604248347,
333,241,283,1.31226736538984,0.339703857460129,0.629568604248347,
333,240,283,1.31226736538984,0.334750236985669,0.629568604248347,
333,240,283,1.31226736538984,0.334750236985669,0.629568604248347,
333,239,283,1.31226736538984,0.329868851062763,0.629568604248347,
333,238,283,1.31226736538984,0.325058646354671,0.629568604248347,
333,238,283,1.31226736538984,0.325058646354671,0.629568604248347,
333,237,283,1.31226736538984,0.320318584884595,0.629568604248347,
333,236,283,1.31226736538984,0.315647643811691,0.629568604248347,
332,235,282,1.29313165542834,0.311044815210357,0.620388125841656,
331,234,282,1.27427498570313,0.306509105852739,0.620388125841656,
331,233,282,1.27427498570313,0.302039536994402,0.620388125841656,
330,232,281,1.25569328720119,0.297635144163132,0.611341518760833,
329,231,281,1.23738255024451,0.293294976950816,0.611341518760833,
328,230,281,1.21933882362491,0.289018098808358,0.611341518760833,
328,229,280,1.21933882362491,0.28480358684358,0.602426830871023,
327,228,280,1.20155821375144,0.280650531622081,0.602426830871023,
327,227,280,1.20155821375144,0.276558036970987,0.602426830871023,
325,227,279,1.1667710529361,0.276558036970987,0.593642138503738,
324,226,278,1.14975699539774,0.272525219785575,0.584985546041759,
324,225,277,1.14975699539774,0.268551209838704,0.576455185510082,
323,225,276,1.13299103979264,0.268551209838704,0.568049216172843,
323,224,275,1.13299103979264,0.264635149593041,0.559765824136102,
322,225,274,1.11646956825546,0.268551209838704,0.551603221956439,
322,224,272,1.11646956825546,0.264635149593041,0.535633367338623,
322,224,270,1.11646956825546,0.264635149593041,0.520125867265454,
322,225,270,1.11646956825546,0.268551209838704,0.520125867265454,
323,226,269,1.13299103979264,0.272525219785575,0.51254130180115,
324,227,268,1.14975699539774,0.276558036970987,0.505067335783832,
325,228,267,1.1667710529361,0.280650531622081,0.497702356433211,
326,229,267,1.18403688381012,0.28480358684358,0.497702356433211,
328,230,267,1.21933882362491,0.289018098808358,0.497702356433211,
328,232,268,1.21933882362491,0.297635144163132,0.505067335783832,
333,233,268,1.31226736538984,0.302039536994402,0.505067335783832,
335,235,268,1.35139248403043,0.311044815210357,0.505067335783832,
337,237,269,1.39168411412213,0.320318584884595,0.51254130180115,
340,238,269,1.45438513091401,0.325058646354671,0.51254130180115,
343,240,269,1.51991108295293,0.334750236985669,0.51254130180115,
345,241,270,1.56522707801009,0.339703857460129,0.520125867265454,
348,242,270,1.63574690956204,0.344730781410119,0.520125867265454,
351,243,270,1.70944394569471,0.349832093577504,0.520125867265454,
354,244,270,1.78646133236755,0.355008894756119,0.520125867265454,
357,245,270,1.86694866484636,0.3602623020293,0.520125867265454,
360,246,270,1.95106227827073,0.365593449010937,0.520125867265454,
362,247,270,2.00923300256505,0.371003486090095,0.520125867265454,
366,248,270,2.13082922351649,0.376493580679247,0.520125867265454,
369,248,270,2.22683172693561,0.376493580679247,0.520125867265454,
371,249,270,2.29322448942201,0.382064917466189,0.520125867265454,
373,249,270,2.36159674540011,0.382064917466189,0.520125867265454,
374,251,270,2.39654355856976,0.393456144298863,0.520125867265454,
376,251,270,2.46799626213411,0.393456144298863,0.520125867265454,
378,252,270,2.54157932082112,0.399278492416527,0.520125867265454,
378,253,270,2.54157932082112,0.405186999406265,0.520125867265454,
378,254,270,2.54157932082112,0.411182940243583,0.520125867265454,
378,255,270,2.54157932082112,0.417267608771023,0.520125867265454,
377,256,270,2.50451757105114,0.423442317977355,0.520125867265454,
377,256,270,2.50451757105114,0.423442317977355,0.520125867265454,
377,258,270,2.50451757105114,0.436067207817078,0.520125867265454,
376,259,270,2.46799626213411,0.44252011273011,0.520125867265454,
376,260,270,2.46799626213411,0.449068507469184,0.520125867265454,
375,260,270,2.43200751326795,0.449068507469184,0.520125867265454,
373,261,270,2.36159674540011,0.455713805088884,0.520125867265454,
372,262,270,2.32715953271168,0.462457439554121,0.520125867265454,
371,262,270,2.29322448942201,0.462457439554121,0.520125867265454,
370,262,270,2.25978429280997,0.462457439554121,0.520125867265454,
368,262,270,2.19435968108308,0.462457439554121,0.520125867265454,
366,262,270,2.13082922351649,0.462457439554121,0.520125867265454,
364,262,270,2.06913808111479,0.462457439554121,0.520125867265454,
363,262,270,2.03896555131271,0.462457439554121,0.520125867265454,
361,262,271,1.97993401899187,0.462457439554121,0.527822668822889,
359,262,271,1.92261155027238,0.462457439554121,0.527822668822889,
357,262,272,1.86694866484636,0.462457439554121,0.535633367338623,
355,263,273,1.81289731494529,0.469300866049559,0.543559648255241,
353,263,273,1.76041084386555,0.469300866049559,0.543559648255241,
351,264,274,1.70944394569471,0.476245561293628,0.551603221956439,
350,265,276,1.68451653806193,0.483293023857175,0.568049216172843,
348,266,277,1.63574690956204,0.490444774486841,0.576455185510082,
347,266,277,1.61189416487193,0.490444774486841,0.576455185510082,
345,268,279,1.56522707801009,0.505067335783832,0.593642138503738,
343,269,280,1.51991108295293,0.51254130180115,0.602426830871023,
342,270,281,1.4977474763452,0.520125867265454,0.611341518760833,
341,269,282,1.47590706328699,0.51254130180115,0.620388125841656,
340,270,282,1.45438513091401,0.520125867265454,0.620388125841656,
340,271,283,1.45438513091401,0.527822668822889,0.629568604248347,
341,271,284,1.47590706328699,0.527822668822889,0.638884935003374,
342,272,285,1.4977474763452,0.535633367338623,0.648339128444297,
343,272,285,1.51991108295293,0.535633367338623,0.648339128444297,
344,273,285,1.54240266571527,0.543559648255241,0.648339128444297,
345,273,286,1.56522707801009,0.543559648255241,0.657933224657568,
347,274,286,1.61189416487193,0.551603221956439,0.657933224657568,
348,274,287,1.63574690956204,0.551603221956439,0.667669293918756,
349,275,287,1.65995262620382,0.559765824136102,0.667669293918756,
349,275,287,1.65995262620382,0.559765824136102,0.667669293918756,
350,275,287,1.68451653806193,0.559765824136102,0.667669293918756,
350,275,287,1.68451653806193,0.559765824136102,0.667669293918756,
350,275,287,1.68451653806193,0.559765824136102,0.667669293918756,
350,275,287,1.68451653806193,0.559765824136102,0.667669293918756,
350,275,287,1.68451653806193,0.559765824136102,0.667669293918756,
350,275,287,1.68451653806193,0.559765824136102,0.667669293918756,
350,275,287,1.68451653806193,0.559765824136102,0.667669293918756,
350,275,287,1.68451653806193,0.559765824136102,0.667669293918756,
350,275,287,1.68451653806193,0.559765824136102,0.667669293918756,
350,275,287,1.68451653806193,0.559765824136102,0.667669293918756,
350,275,288,1.68451653806193,0.559765824136102,0.677549437139287,
350,276,288,1.68451653806193,0.568049216172843,0.677549437139287,
349,277,288,1.65995262620382,0.576455185510082,0.677549437139287,
348,278,289,1.63574690956204,0.584985546041759,0.687575786319784,
348,279,290,1.63574690956204,0.593642138503738,0.697750505010134,
347,279,290,1.61189416487193,0.593642138503738,0.697750505010134,
346,280,291,1.58838924503536,0.602426830871023,0.708075788776345,
346,281,291,1.58838924503536,0.611341518760833,0.708075788776345,
345,282,292,1.56522707801009,0.620388125841656,0.718553865674324,
344,283,293,1.54240266571527,0.629568604248347,0.729186996730657,
344,283,293,1.54240266571527,0.629568604248347,0.729186996730657,
343,284,294,1.51991108295293,0.638884935003374,0.739977476430513,
343,285,295,1.51991108295293,0.648339128444297,0.750927633212755,
343,286,295,1.51991108295293,0.657933224657568,0.750927633212755,
343,287,296,1.51991108295293,0.667669293918756,0.762039829972396,
344,288,297,1.54240266571527,0.677549437139287,0.773316464570469,
345,288,297,1.56522707801009,0.677549437139287,0.773316464570469,
346,287,298,1.58838924503536,0.667669293918756,0.784759970351461,
347,287,299,1.61189416487193,0.667669293918756,0.796372816668391,
348,287,299,1.63574690956204,0.667669293918756,0.796372816668391,
348,287,299,1.63574690956204,0.667669293918756,0.796372816668391,
349,287,300,1.65995262620382,0.667669293918756,0.808157509415663,
350,287,299,1.68451653806193,0.667669293918756,0.796372816668391,
351,286,299,1.70944394569471,0.657933224657568,0.796372816668391,
351,286,298,1.70944394569471,0.657933224657568,0.784759970351461,
351,285,297,1.70944394569471,0.648339128444297,0.773316464570469,
352,284,297,1.73474022809794,0.638884935003374,0.773316464570469,
352,284,296,1.73474022809794,0.638884935003374,0.762039829972396,
352,283,296,1.73474022809794,0.629568604248347,0.762039829972396,
353,282,295,1.76041084386555,0.620388125841656,0.750927633212755,
353,282,294,1.76041084386555,0.620388125841656,0.739977476430513,
353,281,293,1.76041084386555,0.611341518760833,0.729186996730657,
354,280,292,1.78646133236755,0.602426830871023,0.718553865674324,
353,279,291,1.76041084386555,0.593642138503738,0.708075788776345,
352,277,290,1.73474022809794,0.576455185510082,0.697750505010134,
351,276,289,1.70944394569471,0.568049216172843,0.687575786319784,
349,274,287,1.65995262620382,0.551603221956439,0.667669293918756,
348,273,287,1.63574690956204,0.543559648255241,0.667669293918756,
346,271,285,1.58838924503536,0.527822668822889,0.648339128444297,
344,270,283,1.54240266571527,0.520125867265454,0.629568604248347,
343,269,282,1.51991108295293,0.51254130180115,0.620388125841656,
342,269,282,1.4977474763452,0.51254130180115,0.620388125841656,
340,268,280,1.45438513091401,0.505067335783832,0.602426830871023,
339,268,280,1.43317703508574,0.505067335783832,0.602426830871023,
339,268,279,1.43317703508574,0.505067335783832,0.593642138503738,
340,268,278,1.45438513091401,0.505067335783832,0.584985546041759,
340,268,278,1.45438513091401,0.505067335783832,0.584985546041759,
341,269,277,1.47590706328699,0.51254130180115,0.576455185510082,
341,269,277,1.47590706328699,0.51254130180115,0.576455185510082,
342,269,277,1.4977474763452,0.51254130180115,0.576455185510082,
343,269,276,1.51991108295293,0.51254130180115,0.568049216172843,
343,269,276,1.51991108295293,0.51254130180115,0.568049216172843,
344,270,276,1.54240266571527,0.520125867265454,0.568049216172843,
345,270,275,1.56522707801009,0.520125867265454,0.559765824136102,
345,270,275,1.56522707801009,0.520125867265454,0.559765824136102,
346,270,275,1.58838924503536,0.520125867265454,0.559765824136102,
347,270,274,1.61189416487193,0.520125867265454,0.551603221956439,
347,270,274,1.61189416487193,0.520125867265454,0.551603221956439,
348,270,273,1.63574690956204,0.520125867265454,0.543559648255241,
348,270,273,1.63574690956204,0.520125867265454,0.543559648255241,
349,270,272,1.65995262620382,0.520125867265454,0.535633367338623,
349,270,272,1.65995262620382,0.520125867265454,0.535633367338623,
351,270,271,1.70944394569471,0.520125867265454,0.527822668822889,
351,270,270,1.70944394569471,0.520125867265454,0.520125867265454,
353,270,270,1.76041084386555,0.520125867265454,0.520125867265454,
353,270,269,1.76041084386555,0.520125867265454,0.51254130180115,
355,270,268,1.81289731494529,0.520125867265454,0.505067335783832,
356,270,267,1.83972449612453,0.520125867265454,0.497702356433211,
358,274,266,1.89457569571638,0.551603221956439,0.490444774486841,
360,273,265,1.95106227827073,0.543559648255241,0.483293023857175,
361,273,264,1.97993401899187,0.543559648255241,0.476245561293628,
363,272,263,2.03896555131271,0.535633367338623,0.469300866049559,
365,272,262,2.09975710279314,0.535633367338623,0.462457439554121,
367,271,261,2.16236114822621,0.527822668822889,0.455713805088884,
370,270,260,2.25978429280997,0.520125867265454,0.449068507469184,
373,271,259,2.36159674540011,0.527822668822889,0.44252011273011,
376,271,258,2.46799626213411,0.527822668822889,0.436067207817078,
379,271,257,2.57918950886596,0.527822668822889,0.429708400280907,
382,271,256,2.69539246258499,0.527822668822889,0.423442317977355,
385,271,255,2.81683083092037,0.527822668822889,0.417267608771023,
388,271,254,2.94374049054585,0.527822668822889,0.411182940243583,
391,271,253,3.07636794533655,0.527822668822889,0.405186999406265,
394,271,252,3.21497080516744,0.527822668822889,0.399278492416527,
397,270,251,3.35981828628378,0.520125867265454,0.393456144298863,
400,270,250,3.51119173421513,0.520125867265454,0.38771869866968,
402,269,249,3.6158775602855,0.51254130180115,0.382064917466189,
404,269,248,3.72368458366139,0.51254130180115,0.376493580679247,
407,268,247,3.89145168485814,0.505067335783832,0.371003486090095,
410,267,246,4.06677737476227,0.497702356433211,0.365593449010937,
411,266,245,4.12695738195241,0.490444774486841,0.3602623020293,
413,265,244,4.2500021984678,0.483293023857175,0.355008894756119,
414,264,243,4.31289355919217,0.476245561293628,0.349832093577504,
415,263,242,4.37671558373012,0.469300866049559,0.344730781410119,
417,262,241,4.50720691574513,0.462457439554121,0.339703857460129,
418,261,240,4.57390438147814,0.455713805088884,0.334750236985669,
419,260,239,4.64158883361278,0.449068507469184,0.329868851062763,
420,259,237,4.71027487753393,0.44252011273011,0.320318584884595,
419,257,236,4.64158883361278,0.429708400280907,0.315647643811691,
418,256,235,4.57390438147814,0.423442317977355,0.311044815210357,
417,255,234,4.50720691574513,0.417267608771023,0.306509105852739,
416,253,233,4.44148204400715,0.405186999406265,0.302039536994402,
414,252,232,4.31289355919217,0.399278492416527,0.297635144163132,
413,251,230,4.2500021984678,0.393456144298863,0.289018098808358,
411,250,229,4.12695738195241,0.38771869866968,0.28480358684358,
409,248,228,4.00747492285808,0.376493580679247,0.280650531622081,
408,247,226,3.9490372295767,0.371003486090095,0.272525219785575,
406,246,225,3.83470586252449,0.365593449010937,0.268551209838704,
404,244,224,3.72368458366139,0.355008894756119,0.264635149593041,
402,243,222,3.6158775602855,0.349832093577504,0.256973510397433,
400,242,221,3.51119173421513,0.344730781410119,0.253226278169879,
398,241,219,3.4095367414618,0.339703857460129,0.245894945271858,
397,240,218,3.35981828628378,0.334750236985669,0.242309262599391,
395,238,216,3.26254581317544,0.325058646354671,0.235293995932641,
393,238,215,3.16808954416457,0.325058646354671,0.231862898139157,
391,237,213,3.07636794533655,0.320318584884595,0.225150071550844,
388,235,212,2.94374049054585,0.311044815210357,0.221866894219273,
386,234,210,2.85851417968447,0.306509105852739,0.215443469003188,
384,232,208,2.77575531596607,0.297635144163132,0.209206012909049,
381,230,206,2.65608778294669,0.289018098808358,0.203149141813408,
379,229,204,2.57918950886596,0.28480358684358,0.197267627472379,
376,227,203,2.46799626213411,0.276558036970987,0.194391036768636,
374,225,200,2.39654355856976,0.268551209838704,0.186010508529213,
371,223,198,2.29322448942201,0.260776194016006,0.180625186869812,
368,220,195,2.19435968108308,0.24953368873156,0.172838127834188,
365,218,193,2.09975710279314,0.242309262599391,0.167834169075322,
362,216,191,2.00923300256505,0.235293995932641,0.162975083462064,
359,213,189,1.92261155027238,0.225150071550844,0.158256676669616,
356,211,186,1.83972449612453,0.218631592748083,0.151433962155852,
354,207,183,1.78646133236755,0.206155334601552,0.144905386469694,
352,205,180,1.73474022809794,0.200186785849069,0.138658268785975,
351,203,177,1.70944394569471,0.194391036768636,0.132680474971472,
349,200,173,1.65995262620382,0.186010508529213,0.125109035565386,
348,198,171,1.63574690956204,0.180625186869812,0.121486915480104,
349,196,168,1.65995262620382,0.175395779462807,0.11624940791378,
350,193,164,1.68451653806193,0.167834169075322,0.109615610829454,
351,190,161,1.70944394569471,0.160598552573364,0.104889895398803,
352,187,158,1.73474022809794,0.153674875806038,0.100367913598449,
352,182,154,1.73474022809794,0.142792351031584,0.094640397350942,
352,179,152,1.73474022809794,0.136636329899714,0.0919003963384274,
350,174,148,1.68451653806193,0.126960394016084,0.0866560807567914,
349,171,145,1.65995262620382,0.121486915480104,0.0829201897199822,
347,167,142,1.61189416487193,0.114554238917198,0.0793453593002355,
345,163,139,1.56522707801009,0.108017177010701,0.075924645900398,
343,158,135,1.51991108295293,0.100367913598449,0.0715919899011859,
340,156,133,1.45438513091401,0.0974620912162376,0.0695192796177561,
337,153,131,1.39168411412213,0.093260334688322,0.0675065778342292,
335,151,129,1.35139248403043,0.0905602888450455,0.0655521472021251,
331,148,126,1.27427498570313,0.0866560807567914,0.0627260826370388,
328,145,124,1.21933882362491,0.0829201897199822,0.0609100554990796,
326,143,122,1.18403688381012,0.0805195087195828,0.0591466054459175,
324,140,120,1.14975699539774,0.0770481757411386,0.057434210281222,
323,137,117,1.13299103979264,0.0737264978318678,0.0549581237847874,
321,135,115,1.10018901567718,0.0715919899011859,0.0533669923120631,
319,132,114,1.06833666613839,0.0685055374440314,0.0525887855888484,
317,129,111,1.03740649647658,0.0655521472021251,0.0503215935925999,
316,126,109,1.02227885530198,0.0627260826370388,0.0488646975814411,
314,124,107,0.992682137864147,0.0609100554990796,0.047449981196081,
313,122,105,0.978206675031545,0.0591466054459175,0.0460762232643708,
313,119,104,0.978206675031545,0.0565966946812794,0.0454043317979191,
311,117,103,0.949885922424221,0.0549581237847874,0.0447422379691795,
310,114,102,0.936034521415991,0.0525887855888484,0.0440897989073024,
308,112,100,0.908934724625008,0.0510662505003065,0.0428133239871939,
308,109,99,0.908934724625008,0.0488646975814411,0.0421890126830234,
305,109,98,0.869749002617783,0.0488646975814411,0.0415738051943995,
304,109,97,0.857066172051119,0.0488646975814411,0.0409675687679074,
303,109,97,0.844568284716005,0.0488646975814411,0.0409675687679074,
302,110,97,0.832252643738215,0.0495877954008704,0.0409675687679074,
301,110,96,0.820116591569806,0.0495877954008704,0.0403701725859655,
300,110,96,0.808157509415663,0.0495877954008704,0.0403701725859655,
299,111,96,0.796372816668391,0.0503215935925999,0.0403701725859655,
297,111,96,0.773316464570469,0.0503215935925999,0.0403701725859655,
296,111,95,0.762039829972396,0.0503215935925999,0.0397814877385972,
294,111,95,0.739977476430513,0.0503215935925999,0.0397814877385972,
293,111,94,0.729186996730657,0.0503215935925999,0.0392013871956131,
291,110,94,0.708075788776345,0.0495877954008704,0.0392013871956131,
290,109,94,0.697750505010134,0.0488646975814411,0.0392013871956131,
288,108,93,0.677549437139287,0.0481521440996304,0.0386297457792001,
286,107,93,0.657933224657568,0.047449981196081,0.0386297457792001,
285,106,92,0.648339128444297,0.0467580573535816,0.0380664401369098,
283,105,92,0.629568604248347,0.0460762232643708,0.0380664401369098,
282,105,90,0.620388125841656,0.0460762232643708,0.0369643517324076,
281,104,90,0.611341518760833,0.0454043317979191,0.0369643517324076,
282,103,89,0.620388125841656,0.0447422379691795,0.0364253311544964,
283,103,88,0.629568604248347,0.0447422379691795,0.035894170667992,
284,102,87,0.638884935003374,0.0440897989073024,0.0353707556556805,
286,102,86,0.657933224657568,0.0440897989073024,0.034854973171716,
288,102,85,0.677549437139287,0.0440897989073024,0.0343467119172483,
289,101,84,0.687575786319784,0.0434468738248055,0.0338458622164066,
291,101,84,0.708075788776345,0.0434468738248055,0.0338458622164066,
292,101,82,0.718553865674324,0.0434468738248055,0.0328659667453584,
294,100,81,0.739977476430513,0.0428133239871939,0.0323867095270271,
296,100,80,0.762039829972396,0.0428133239871939,0.0319144409204443,
297,100,79,0.773316464570469,0.0428133239871939,0.0314490590164633,
298,100,79,0.784759970351461,0.0428133239871939,0.0314490590164633,
299,100,78,0.796372816668391,0.0428133239871939,0.0309904633919943,
301,100,78,0.820116591569806,0.0428133239871939,0.0309904633919943,
301,101,78,0.820116591569806,0.0434468738248055,0.0309904633919943,
302,102,78,0.832252643738215,0.0440897989073024,0.0309904633919943,
303,102,78,0.844568284716005,0.0440897989073024,0.0309904633919943,
304,103,78,0.857066172051119,0.0447422379691795,0.0309904633919943,
305,104,78,0.869749002617783,0.0454043317979191,0.0309904633919943,
305,104,78,0.869749002617783,0.0454043317979191,0.0309904633919943,
306,105,78,0.882619513198464,0.0460762232643708,0.0309904633919943,
308,106,78,0.908934724625008,0.0467580573535816,0.0309904633919943,
310,106,78,0.936034521415991,0.0467580573535816,0.0309904633919943,
312,107,78,0.96394229590462,0.047449981196081,0.0309904633919943,
312,107,78,0.96394229590462,0.047449981196081,0.0309904633919943,
313,108,79,0.978206675031545,0.0481521440996304,0.0314490590164633,
315,109,79,1.00737180801057,0.0488646975814411,0.0314490590164633,
317,109,80,1.03740649647658,0.0488646975814411,0.0319144409204443,
319,110,80,1.06833666613839,0.0495877954008704,0.0319144409204443,
322,110,81,1.11646956825546,0.0495877954008704,0.0323867095270271,
323,111,81,1.13299103979264,0.0503215935925999,0.0323867095270271,
325,111,82,1.1667710529361,0.0503215935925999,0.0328659667453584,
328,112,82,1.21933882362491,0.0510662505003065,0.0328659667453584,
331,112,82,1.27427498570313,0.0510662505003065,0.0328659667453584,
334,113,82,1.33168624481379,0.0518219268108302,0.0328659667453584,
337,113,82,1.39168411412213,0.0518219268108302,0.0328659667453584,
340,114,82,1.45438513091401,0.0525887855888484,0.0328659667453584,
342,115,82,1.4977474763452,0.0533669923120631,0.0328659667453584,
345,116,82,1.56522707801009,0.0541567149069085,0.0328659667453584,
348,116,82,1.63574690956204,0.0541567149069085,0.0328659667453584,
350,117,82,1.68451653806193,0.0549581237847874,0.0328659667453584,
353,118,82,1.76041084386555,0.0557713918788438,0.0328659667453584,
355,118,82,1.81289731494529,0.0557713918788438,0.0328659667453584,
356,119,82,1.83972449612453,0.0565966946812794,0.0328659667453584,
358,119,82,1.89457569571638,0.0565966946812794,0.0328659667453584,
360,120,82,1.95106227827073,0.057434210281222,0.0328659667453584,
362,120,83,2.00923300256505,0.057434210281222,0.0333523159926324,
364,121,83,2.06913808111479,0.0582841194031556,0.0333523159926324,
366,122,84,2.13082922351649,0.0591466054459175,0.0338458622164066,
367,122,85,2.16236114822621,0.0591466054459175,0.0343467119172483,
368,122,85,2.19435968108308,0.0591466054459175,0.0343467119172483,
369,123,85,2.22683172693561,0.0600218545222738,0.0343467119172483,
370,123,86,2.25978429280997,0.0600218545222738,0.034854973171716,
370,124,86,2.25978429280997,0.0609100554990796,0.034854973171716,
371,124,86,2.29322448942201,0.0609100554990796,0.034854973171716,
372,124,86,2.32715953271168,0.0609100554990796,0.034854973171716,
372,124,86,2.32715953271168,0.0609100554990796,0.034854973171716,
372,124,86,2.32715953271168,0.0609100554990796,0.034854973171716,
373,124,86,2.36159674540011,0.0609100554990796,0.034854973171716,
373,124,86,2.36159674540011,0.0609100554990796,0.034854973171716,
373,124,86,2.36159674540011,0.0609100554990796,0.034854973171716,
374,124,86,2.39654355856976,0.0609100554990796,0.034854973171716,
374,124,86,2.39654355856976,0.0609100554990796,0.034854973171716,
375,124,86,2.43200751326795,0.0609100554990796,0.034854973171716,
375,124,86,2.43200751326795,0.0609100554990796,0.034854973171716,
376,124,86,2.46799626213411,0.0609100554990796,0.034854973171716,
377,124,86,2.50451757105114,0.0609100554990796,0.034854973171716,
378,124,86,2.54157932082112,0.0609100554990796,0.034854973171716,
379,124,85,2.57918950886596,0.0609100554990796,0.0343467119172483,
380,124,85,2.61735625095308,0.0609100554990796,0.0343467119172483,
382,124,84,2.69539246258499,0.0609100554990796,0.0338458622164066,
383,124,84,2.73527877128368,0.0609100554990796,0.0338458622164066,
385,124,84,2.81683083092037,0.0609100554990796,0.0338458622164066,
385,124,83,2.81683083092037,0.0609100554990796,0.0333523159926324,
386,124,82,2.85851417968447,0.0609100554990796,0.0328659667453584,
386,124,82,2.85851417968447,0.0609100554990796,0.0328659667453584,
385,124,82,2.81683083092037,0.0609100554990796,0.0328659667453584,
384,124,81,2.77575531596607,0.0609100554990796,0.0323867095270271,
383,124,81,2.73527877128368,0.0609100554990796,0.0323867095270271,
381,124,81,2.65608778294669,0.0609100554990796,0.0323867095270271,
380,124,80,2.61735625095308,0.0609100554990796,0.0319144409204443,
379,124,80,2.57918950886596,0.0609100554990796,0.0319144409204443,
378,124,79,2.54157932082112,0.0609100554990796,0.0314490590164633,
376,124,79,2.46799626213411,0.0609100554990796,0.0314490590164633,
375,124,79,2.43200751326795,0.0609100554990796,0.0314490590164633,
374,124,78,2.39654355856976,0.0609100554990796,0.0309904633919943,
375,124,78,2.43200751326795,0.0609100554990796,0.0309904633919943,
377,124,78,2.50451757105114,0.0609100554990796,0.0309904633919943,
379,124,78,2.57918950886596,0.0609100554990796,0.0309904633919943,
381,124,78,2.65608778294669,0.0609100554990796,0.0309904633919943,
383,124,78,2.73527877128368,0.0609100554990796,0.0309904633919943,
386,124,78,2.85851417968447,0.0609100554990796,0.0309904633919943,
389,124,78,2.98730184332271,0.0609100554990796,0.0309904633919943,
392,124,78,3.12189191382785,0.0609100554990796,0.0309904633919943,
393,124,78,3.16808954416457,0.0609100554990796,0.0309904633919943,
395,125,78,3.26254581317544,0.0618114000380341,0.0309904633919943,
397,125,78,3.35981828628378,0.0618114000380341,0.0309904633919943,
398,125,78,3.4095367414618,0.0618114000380341,0.0309904633919943,
400,125,78,3.51119173421513,0.0618114000380341,0.0309904633919943,
400,126,78,3.51119173421513,0.0627260826370388,0.0309904633919943,
400,126,78,3.51119173421513,0.0627260826370388,0.0309904633919943,
400,126,78,3.51119173421513,0.0627260826370388,0.0309904633919943,
400,127,78,3.51119173421513,0.0636543006721671,0.0309904633919943,
400,127,78,3.51119173421513,0.0636543006721671,0.0309904633919943,
400,127,78,3.51119173421513,0.0636543006721671,0.0309904633919943,
400,128,78,3.51119173421513,0.0645962544402555,0.0309904633919943,
400,128,78,3.51119173421513,0.0645962544402555,0.0309904633919943,
401,128,78,3.56315020755629,0.0645962544402555,0.0309904633919943,
401,129,78,3.56315020755629,0.0655521472021251,0.0309904633919943,
402,129,78,3.6158775602855,0.0655521472021251,0.0309904633919943,
403,129,77,3.66938517024886,0.0655521472021251,0.0305385550883342,
404,130,76,3.72368458366139,0.0665221852264423,0.0300932365898129,
405,130,76,3.77878751759852,0.0665221852264423,0.0300932365898129,
406,131,76,3.83470586252449,0.0675065778342292,0.0300932365898129,
407,131,75,3.89145168485814,0.0675065778342292,0.0296544118027509,
407,132,75,3.89145168485814,0.0685055374440314,0.0296544118027509,
408,132,74,3.9490372295767,0.0685055374440314,0.0292219860347231,
409,133,74,4.00747492285808,0.0695192796177561,0.0292219860347231,
409,133,74,4.00747492285808,0.0695192796177561,0.0292219860347231,
409,134,74,4.00747492285808,0.0705480231071865,0.0292219860347231,
409,134,74,4.00747492285808,0.0705480231071865,0.0292219860347231,
409,134,74,4.00747492285808,0.0705480231071865,0.0292219860347231,
409,135,74,4.00747492285808,0.0715919899011859,0.0292219860347231,
409,135,74,4.00747492285808,0.0715919899011859,0.0292219860347231,
409,135,74,4.00747492285808,0.0715919899011859,0.0292219860347231,
409,136,74,4.00747492285808,0.0726514052736001,0.0292219860347231,
409,136,74,4.00747492285808,0.0726514052736001,0.0292219860347231,
409,136,74,4.00747492285808,0.0726514052736001,0.0292219860347231,
408,137,74,3.9490372295767,0.0737264978318678,0.0292219860347231,
407,137,74,3.89145168485814,0.0737264978318678,0.0292219860347231,
406,137,74,3.83470586252449,0.0737264978318678,0.0292219860347231,
406,137,74,3.83470586252449,0.0737264978318678,0.0292219860347231,
404,137,74,3.72368458366139,0.0737264978318678,0.0292219860347231,
403,137,74,3.66938517024886,0.0737264978318678,0.0292219860347231,
402,137,74,3.6158775602855,0.0737264978318678,0.0292219860347231,
401,137,74,3.56315020755629,0.0737264978318678,0.0292219860347231,
399,137,74,3.45999092832965,0.0737264978318678,0.0292219860347231,
398,137,74,3.4095367414618,0.0737264978318678,0.0292219860347231,
397,137,74,3.35981828628378,0.0737264978318678,0.0292219860347231,
395,137,74,3.26254581317544,0.0737264978318678,0.0292219860347231,
394,137,74,3.21497080516744,0.0737264978318678,0.0292219860347231,
393,137,74,3.16808954416457,0.0737264978318678,0.0292219860347231,
392,137,74,3.12189191382785,0.0737264978318678,0.0292219860347231,
392,137,74,3.12189191382785,0.0737264978318678,0.0292219860347231,
391,137,74,3.07636794533655,0.0737264978318678,0.0292219860347231,
390,137,74,3.03150781523696,0.0737264978318678,0.0292219860347231,
390,137,74,3.03150781523696,0.0737264978318678,0.0292219860347231,
389,137,74,2.98730184332271,0.0737264978318678,0.0292219860347231,
389,137,74,2.98730184332271,0.0737264978318678,0.0292219860347231,
388,137,74,2.94374049054585,0.0737264978318678,0.0292219860347231,
388,137,74,2.94374049054585,0.0737264978318678,0.0292219860347231,
387,137,74,2.90081435695852,0.0737264978318678,0.0292219860347231,
387,137,74,2.90081435695852,0.0737264978318678,0.0292219860347231,
387,137,74,2.90081435695852,0.0737264978318678,0.0292219860347231,
386,137,74,2.85851417968447,0.0737264978318678,0.0292219860347231,
386,137,74,2.85851417968447,0.0737264978318678,0.0292219860347231,
386,137,74,2.85851417968447,0.0737264978318678,0.0292219860347231,
385,137,74,2.81683083092037,0.0737264978318678,0.0292219860347231,
385,137,74,2.81683083092037,0.0737264978318678,0.0292219860347231,
385,137,74,2.81683083092037,0.0737264978318678,0.0292219860347231,
384,137,74,2.77575531596607,0.0737264978318678,0.0292219860347231,
384,137,74,2.77575531596607,0.0737264978318678,0.0292219860347231,
383,137,74,2.73527877128368,0.0737264978318678,0.0292219860347231,
382,137,74,2.69539246258499,0.0737264978318678,0.0292219860347231,
382,137,74,2.69539246258499,0.0737264978318678,0.0292219860347231,
381,137,74,2.65608778294669,0.0737264978318678,0.0292219860347231,
380,137,74,2.61735625095308,0.0737264978318678,0.0292219860347231,
379,137,74,2.57918950886596,0.0737264978318678,0.0292219860347231,
378,137,74,2.54157932082112,0.0737264978318678,0.0292219860347231,
377,137,74,2.50451757105114,0.0737264978318678,0.0292219860347231,
376,137,74,2.46799626213411,0.0737264978318678,0.0292219860347231,
376,137,73,2.46799626213411,0.0737264978318678,0.0287958659741259,
375,137,73,2.43200751326795,0.0737264978318678,0.0287958659741259,
374,137,73,2.39654355856976,0.0737264978318678,0.0287958659741259,
374,137,73,2.39654355856976,0.0737264978318678,0.0287958659741259,
374,137,72,2.39654355856976,0.0737264978318678,0.0283759596700416,
373,137,72,2.36159674540011,0.0737264978318678,0.0283759596700416,
373,137,72,2.36159674540011,0.0737264978318678,0.0283759596700416,
373,137,71,2.36159674540011,0.0737264978318678,0.0279621765123968,
372,137,71,2.32715953271168,0.0737264978318678,0.0279621765123968,
372,137,71,2.32715953271168,0.0737264978318678,0.0279621765123968,
372,137,70,2.32715953271168,0.0737264978318678,0.0275544272124096,
371,137,70,2.29322448942201,0.0737264978318678,0.0275544272124096,
371,137,70,2.29322448942201,0.0737264978318678,0.0275544272124096,
372,137,69,2.32715953271168,0.0737264978318678,0.027152623783323,
372,137,69,2.32715953271168,0.0737264978318678,0.027152623783323,
373,137,69,2.36159674540011,0.0737264978318678,0.027152623783323,
373,137,69,2.36159674540011,0.0737264978318678,0.027152623783323,
374,137,69,2.39654355856976,0.0737264978318678,0.027152623783323,
374,137,69,2.39654355856976,0.0737264978318678,0.027152623783323,
375,137,69,2.43200751326795,0.0737264978318678,0.027152623783323,
376,137,69,2.46799626213411,0.0737264978318678,0.027152623783323,
377,137,69,2.50451757105114,0.0737264978318678,0.027152623783323,
378,137,69,2.54157932082112,0.0737264978318678,0.027152623783323,
379,137,69,2.57918950886596,0.0737264978318678,0.027152623783323,
380,137,69,2.61735625095308,0.0737264978318678,0.027152623783323,
381,137,69,2.65608778294669,0.0737264978318678,0.027152623783323,
383,137,69,2.73527877128368,0.0737264978318678,0.027152623783323,
384,137,69,2.77575531596607,0.0737264978318678,0.027152623783323,
386,137,69,2.85851417968447,0.0737264978318678,0.027152623783323,
387,137,69,2.90081435695852,0.0737264978318678,0.027152623783323,
388,137,69,2.94374049054585,0.0737264978318678,0.027152623783323,
389,137,69,2.98730184332271,0.0737264978318678,0.027152623783323,
390,137,69,3.03150781523696,0.0737264978318678,0.027152623783323,
391,137,69,3.07636794533655,0.0737264978318678,0.027152623783323,
392,137,69,3.12189191382785,0.0737264978318678,0.027152623783323,
391,137,69,3.07636794533655,0.0737264978318678,0.027152623783323,
391,137,69,3.07636794533655,0.0737264978318678,0.027152623783323,
390,137,69,3.03150781523696,0.0737264978318678,0.027152623783323,
390,137,69,3.03150781523696,0.0737264978318678,0.027152623783323,
389,137,69,2.98730184332271,0.0737264978318678,0.027152623783323,
389,137,69,2.98730184332271,0.0737264978318678,0.027152623783323,
388,137,69,2.94374049054585,0.0737264978318678,0.027152623783323,
388,137,69,2.94374049054585,0.0737264978318678,0.027152623783323,
387,137,69,2.90081435695852,0.0737264978318678,0.027152623783323,
387,137,69,2.90081435695852,0.0737264978318678,0.027152623783323,
387,137,69,2.90081435695852,0.0737264978318678,0.027152623783323,
386,137,69,2.85851417968447,0.0737264978318678,0.027152623783323,
386,137,69,2.85851417968447,0.0737264978318678,0.027152623783323,
386,137,69,2.85851417968447,0.0737264978318678,0.027152623783323,
385,137,69,2.81683083092037,0.0737264978318678,0.027152623783323,
385,137,69,2.81683083092037,0.0737264978318678,0.027152623783323,
384,137,69,2.77575531596607,0.0737264978318678,0.027152623783323,
384,137,69,2.77575531596607,0.0737264978318678,0.027152623783323,
384,137,69,2.77575531596607,0.0737264978318678,0.027152623783323,
384,137,69,2.77575531596607,0.0737264978318678,0.027152623783323,
385,137,69,2.81683083092037,0.0737264978318678,0.027152623783323,
385,137,69,2.81683083092037,0.0737264978318678,0.027152623783323,
385,138,69,2.81683083092037,0.0748174995663516,0.027152623783323,
386,138,69,2.85851417968447,0.0748174995663516,0.027152623783323,
387,138,69,2.90081435695852,0.0748174995663516,0.027152623783323,
387,139,69,2.90081435695852,0.075924645900398,0.027152623783323,
388,139,69,2.94374049054585,0.075924645900398,0.027152623783323,
389,139,69,2.98730184332271,0.075924645900398,0.027152623783323,
390,140,69,3.03150781523696,0.0770481757411386,0.027152623783323,
390,140,69,3.03150781523696,0.0770481757411386,0.027152623783323,
391,140,69,3.07636794533655,0.0770481757411386,0.027152623783323,
392,141,69,3.12189191382785,0.0781883315310433,0.027152623783323,
392,141,69,3.12189191382785,0.0781883315310433,0.027152623783323,
391,140,69,3.07636794533655,0.0770481757411386,0.027152623783323,
391,140,69,3.07636794533655,0.0770481757411386,0.027152623783323,
391,139,69,3.07636794533655,0.075924645900398,0.027152623783323,
390,139,69,3.03150781523696,0.075924645900398,0.027152623783323,
389,138,69,2.98730184332271,0.0748174995663516,0.027152623783323,
388,138,69,2.94374049054585,0.0748174995663516,0.027152623783323,
386,137,69,2.85851417968447,0.0737264978318678,0.027152623783323,
384,137,69,2.77575531596607,0.0737264978318678,0.027152623783323,
383,137,69,2.73527877128368,0.0737264978318678,0.027152623783323,
381,137,69,2.65608778294669,0.0737264978318678,0.027152623783323,
379,137,68,2.57918950886596,0.0737264978318678,0.0267566795214178,
377,137,68,2.50451757105114,0.0737264978318678,0.0267566795214178,
374,137,68,2.39654355856976,0.0737264978318678,0.0267566795214178,
372,137,68,2.32715953271168,0.0737264978318678,0.0267566795214178,
369,137,67,2.22683172693561,0.0737264978318678,0.0263665089873036,
367,137,67,2.16236114822621,0.0737264978318678,0.0263665089873036,
364,137,67,2.06913808111479,0.0737264978318678,0.0263665089873036,
362,137,66,2.00923300256505,0.0737264978318678,0.0259820279874819,
360,137,66,1.95106227827073,0.0737264978318678,0.0259820279874819,
359,137,66,1.92261155027238,0.0737264978318678,0.0259820279874819,
358,137,65,1.89457569571638,0.0737264978318678,0.0256031535561784,
358,137,65,1.89457569571638,0.0737264978318678,0.0256031535561784,
360,137,65,1.95106227827073,0.0737264978318678,0.0256031535561784,
361,137,65,1.97993401899187,0.0737264978318678,0.0256031535561784,
363,137,65,2.03896555131271,0.0737264978318678,0.0256031535561784,
365,137,65,2.09975710279314,0.0737264978318678,0.0256031535561784,
366,137,65,2.13082922351649,0.0737264978318678,0.0256031535561784,
368,137,65,2.19435968108308,0.0737264978318678,0.0256031535561784,
369,137,65,2.22683172693561,0.0737264978318678,0.0256031535561784,
370,137,65,2.25978429280997,0.0737264978318678,0.0256031535561784,
369,137,65,2.22683172693561,0.0737264978318678,0.0256031535561784,
368,137,65,2.19435968108308,0.0737264978318678,0.0256031535561784,
367,137,65,2.16236114822621,0.0737264978318678,0.0256031535561784,
366,137,65,2.13082922351649,0.0737264978318678,0.0256031535561784,
365,137,65,2.09975710279314,0.0737264978318678,0.0256031535561784,
364,137,65,2.06913808111479,0.0737264978318678,0.0256031535561784,
363,137,65,2.03896555131271,0.0737264978318678,0.0256031535561784,
362,137,65,2.00923300256505,0.0737264978318678,0.0256031535561784,
361,137,65,1.97993401899187,0.0737264978318678,0.0256031535561784,
360,137,65,1.95106227827073,0.0737264978318678,0.0256031535561784,
359,137,65,1.92261155027238,0.0737264978318678,0.0256031535561784,
358,137,65,1.89457569571638,0.0737264978318678,0.0256031535561784,
357,138,65,1.86694866484636,0.0748174995663516,0.0256031535561784,
356,138,64,1.83972449612453,0.0748174995663516,0.0252298039374402,
355,138,64,1.81289731494529,0.0748174995663516,0.0252298039374402,
354,139,63,1.78646133236755,0.075924645900398,0.0248618985674936,
353,139,63,1.76041084386555,0.075924645900398,0.0248618985674936,
352,140,62,1.73474022809794,0.0770481757411386,0.0244993580573601,
352,140,62,1.73474022809794,0.0770481757411386,0.0244993580573601,
352,141,62,1.73474022809794,0.0781883315310433,0.0244993580573601,
354,141,61,1.78646133236755,0.0781883315310433,0.0241421041757249,
355,142,61,1.81289731494529,0.0793453593002355,0.0241421041757249,
357,142,61,1.86694866484636,0.0793453593002355,0.0241421041757249,
358,142,61,1.89457569571638,0.0793453593002355,0.0241421041757249,
360,143,61,1.95106227827073,0.0805195087195828,0.0241421041757249,
362,143,61,2.00923300256505,0.0805195087195828,0.0241421041757249,
364,143,61,2.06913808111479,0.0805195087195828,0.0241421041757249,
366,144,61,2.13082922351649,0.081711033154572,0.0241421041757249,
368,144,61,2.19435968108308,0.081711033154572,0.0241421041757249,
370,144,61,2.25978429280997,0.081711033154572,0.0241421041757249,
371,145,61,2.29322448942201,0.0829201897199822,0.0241421041757249,
372,146,61,2.32715953271168,0.0841472393353665,0.0241421041757249,
374,146,61,2.39654355856976,0.0841472393353665,0.0241421041757249,
375,147,61,2.43200751326795,0.0853924467813552,0.0241421041757249,
376,148,60,2.46799626213411,0.0866560807567914,0.0237900598320558,
377,149,60,2.50451757105114,0.0879384139367131,0.0237900598320558,
378,150,59,2.54157932082112,0.0892397230311922,0.0234431490599679,
378,150,59,2.54157932082112,0.0892397230311922,0.0234431490599679,
379,152,58,2.57918950886596,0.0919003963384274,0.0231012970008316,
379,152,58,2.57918950886596,0.0919003963384274,0.0231012970008316,
379,153,57,2.57918950886596,0.093260334688322,0.0227644298876186,
379,154,57,2.57918950886596,0.094640397350942,0.0227644298876186,
379,155,56,2.57918950886596,0.0960408821250538,0.0224324750289842,
379,155,55,2.57918950886596,0.0960408821250538,0.0221053607935815,
379,156,54,2.57918950886596,0.0974620912162376,0.0217830165946044,
379,157,54,2.57918950886596,0.0989043313020995,0.0217830165946044,
379,157,53,2.57918950886596,0.0989043313020995,0.0214653728745556,
379,158,52,2.57918950886596,0.100367913598449,0.0211523610902375,
379,159,52,2.57918950886596,0.101853153926453,0.0211523610902375,
379,159,51,2.57918950886596,0.101853153926453,0.0208439136979612,
379,160,51,2.57918950886596,0.10336037278079,0.0208439136979612,
379,160,50,2.57918950886596,0.10336037278079,0.0205399641389715,
378,161,50,2.54157932082112,0.104889895398803,0.0205399641389715,
378,161,49,2.54157932082112,0.104889895398803,0.0202404468250845,
377,161,48,2.50451757105114,0.104889895398803,0.0199452971245347,
376,161,48,2.46799626213411,0.104889895398803,0.0199452971245347,
375,161,47,2.43200751326795,0.104889895398803,0.019654451348028,
374,160,47,2.39654355856976,0.10336037278079,0.019654451348028,
372,160,47,2.32715953271168,0.10336037278079,0.019654451348028,
371,160,46,2.29322448942201,0.10336037278079,0.0193678467349988,
370,159,46,2.25978429280997,0.101853153926453,0.0193678467349988,
368,159,46,2.19435968108308,0.101853153926453,0.0193678467349988,
367,159,45,2.16236114822621,0.101853153926453,0.0190854214400669,
366,158,45,2.13082922351649,0.100367913598449,0.0190854214400669,
365,158,45,2.09975710279314,0.100367913598449,0.0190854214400669,
364,158,45,2.06913808111479,0.100367913598449,0.0190854214400669,
363,158,45,2.03896555131271,0.100367913598449,0.0190854214400669,
362,159,45,2.00923300256505,0.101853153926453,0.0190854214400669,
362,159,45,2.00923300256505,0.101853153926453,0.0190854214400669,
362,159,45,2.00923300256505,0.101853153926453,0.0190854214400669,
362,160,45,2.00923300256505,0.10336037278079,0.0190854214400669,
363,160,45,2.03896555131271,0.10336037278079,0.0190854214400669,
364,161,45,2.06913808111479,0.104889895398803,0.0190854214400669,
365,161,45,2.09975710279314,0.104889895398803,0.0190854214400669,
367,162,45,2.16236114822621,0.106442051830686,0.0190854214400669,
368,163,45,2.19435968108308,0.108017177010701,0.0190854214400669,
370,163,45,2.25978429280997,0.108017177010701,0.0190854214400669,
371,163,45,2.29322448942201,0.108017177010701,0.0190854214400669,
373,165,45,2.36159674540011,0.11123769820724,0.0190854214400669,
376,165,45,2.46799626213411,0.11123769820724,0.0190854214400669,
378,166,45,2.54157932082112,0.112883789168469,0.0190854214400669,
380,167,45,2.61735625095308,0.114554238917198,0.0190854214400669,
383,167,45,2.73527877128368,0.114554238917198,0.0190854214400669,
385,168,45,2.81683083092037,0.11624940791378,0.0190854214400669,
386,169,45,2.85851417968447,0.117969661952645,0.0190854214400669,
388,170,45,2.94374049054585,0.119715372241235,0.0190854214400669,
390,171,45,3.03150781523696,0.121486915480104,0.0190854214400669,
391,171,45,3.07636794533655,0.121486915480104,0.0190854214400669,
393,172,45,3.16808954416457,0.123284673944207,0.0190854214400669,
395,173,45,3.26254581317544,0.125109035565386,0.0190854214400669,
396,174,45,3.31082483422869,0.126960394016084,0.0190854214400669,
397,175,45,3.35981828628378,0.128839148794294,0.0190854214400669,
398,176,45,3.4095367414618,0.130745705309762,0.0190854214400669,
400,177,45,3.51119173421513,0.132680474971472,0.0190854214400669,
401,178,45,3.56315020755629,0.134643875276423,0.0190854214400669,
403,179,45,3.66938517024886,0.136636329899714,0.0190854214400669,
404,180,45,3.72368458366139,0.138658268785975,0.0190854214400669,
406,180,45,3.83470586252449,0.138658268785975,0.0190854214400669,
407,181,45,3.89145168485814,0.140710128242137,0.0190854214400669,
409,182,45,4.00747492285808,0.142792351031584,0.0190854214400669,
412,182,45,4.18802793045613,0.142792351031584,0.0190854214400669,
413,183,45,4.2500021984678,0.144905386469694,0.0190854214400669,
416,184,45,4.44148204400715,0.147049690520797,0.0190854214400669,
418,184,45,4.57390438147814,0.147049690520797,0.0190854214400669,
420,185,45,4.71027487753393,0.149225725896563,0.0190854214400669,
423,186,45,4.92249187505059,0.151433962155852,0.0190854214400669,
426,187,45,5.14427010948143,0.153674875806038,0.0190854214400669,
429,188,45,5.3760403533489,0.155948950405828,0.0190854214400669,
432,188,45,5.61825278722568,0.155948950405828,0.0190854214400669,
434,189,46,5.78576042526536,0.158256676669616,0.0193678467349988,
437,190,46,6.04643241102501,0.160598552573364,0.0193678467349988,
440,191,47,6.3188487275494,0.162975083462064,0.019654451348028,
443,192,47,6.60353850459796,0.165386782158783,0.019654451348028,
445,193,48,6.80042233654735,0.167834169075322,0.0199452971245347,
447,194,48,7.00317624001311,0.170317772324514,0.0199452971245347,
449,195,48,7.21197523058319,0.172838127834188,0.0199452971245347,
451,195,49,7.42699954191758,0.172838127834188,0.0202404468250845,
451,196,49,7.42699954191758,0.175395779462807,0.0202404468250845,
449,196,50,7.21197523058319,0.175395779462807,0.0205399641389715,
447,197,50,7.00317624001311,0.177991279116831,0.0205399641389715,
445,197,50,6.80042233654735,0.177991279116831,0.0205399641389715,
443,197,50,6.60353850459796,0.177991279116831,0.0205399641389715,
441,198,51,6.41235479557692,0.180625186869812,0.0208439136979612,
439,198,51,6.22670618119788,0.180625186869812,0.0208439136979612,
437,198,52,6.04643241102501,0.180625186869812,0.0211523610902375,
436,199,52,5.95826228657415,0.183298071083244,0.0211523610902375,
434,199,52,5.78576042526536,0.183298071083244,0.0211523610902375,
433,200,53,5.70139146485024,0.186010508529213,0.0214653728745556,
434,201,53,5.78576042526536,0.188763084514857,0.0214653728745556,
436,201,54,5.95826228657415,0.188763084514857,0.0217830165946044,
437,202,54,6.04643241102501,0.191556393008661,0.0217830165946044,
439,202,55,6.22670618119788,0.191556393008661,0.0221053607935815,
442,203,55,6.50724456261908,0.194391036768636,0.0221053607935815,
445,204,56,6.80042233654735,0.197267627472379,0.0224324750289842,
447,205,56,7.00317624001311,0.200186785849069,0.0224324750289842,
449,206,57,7.21197523058319,0.203149141813408,0.0227644298876186,
452,207,57,7.53690398089854,0.206155334601552,0.0227644298876186,
454,207,57,7.76161601002667,0.206155334601552,0.0227644298876186,
456,208,58,7.99302780555262,0.209206012909049,0.0231012970008316,
459,208,58,8.35314614387976,0.209206012909049,0.0231012970008316,
461,208,58,8.60219435045798,0.209206012909049,0.0231012970008316,
463,208,59,8.85866790410082,0.209206012909049,0.0234431490599679,
465,208,59,9.12278819077926,0.209206012909049,0.0234431490599679,
467,208,59,9.39478319706455,0.209206012909049,0.0234431490599679,
468,208,60,9.53380681902569,0.209206012909049,0.0237900598320558,
469,208,60,9.67488770692452,0.209206012909049,0.0237900598320558,
471,208,60,9.9633435043872,0.209206012909049,0.0237900598320558,
472,208,61,10.1107806587918,0.209206012909049,0.0241421041757249,
473,208,61,10.260399582247,0.209206012909049,0.0241421041757249,
473,208,61,10.260399582247,0.209206012909049,0.0241421041757249,
473,208,62,10.260399582247,0.209206012909049,0.0244993580573601,
472,209,62,10.1107806587918,0.212301835030815,0.0244993580573601,
471,209,62,9.9633435043872,0.212301835030815,0.0244993580573601,
469,209,63,9.67488770692452,0.212301835030815,0.0248618985674936,
468,210,63,9.53380681902569,0.215443469003188,0.0248618985674936,
467,210,63,9.39478319706455,0.215443469003188,0.0248618985674936,
465,210,64,9.12278819077926,0.215443469003188,0.0252298039374402,
462,211,64,8.72948927470786,0.218631592748083,0.0252298039374402,
461,211,64,8.60219435045798,0.218631592748083,0.0252298039374402,
460,211,65,8.47675566283661,0.218631592748083,0.0256031535561784,
458,212,65,8.23133912033325,0.221866894219273,0.0256031535561784,
457,212,65,8.11130830789687,0.221866894219273,0.0256031535561784,
457,213,66,8.11130830789687,0.225150071550844,0.0259820279874819,
457,214,66,8.11130830789687,0.228481833207845,0.0259820279874819,
458,215,67,8.23133912033325,0.231862898139157,0.0263665089873036,
458,215,67,8.23133912033325,0.231862898139157,0.0263665089873036,
459,216,68,8.35314614387976,0.235293995932641,0.0267566795214178,
460,217,68,8.47675566283661,0.23877586697257,0.0267566795214178,
461,218,69,8.60219435045798,0.242309262599391,0.027152623783323,
462,219,69,8.72948927470786,0.245894945271858,0.027152623783323,
462,220,70,8.72948927470786,0.24953368873156,0.0275544272124096,
463,220,70,8.85866790410082,0.24953368873156,0.0275544272124096,
464,221,70,8.98975811362943,0.253226278169879,0.0275544272124096,
464,222,71,8.98975811362943,0.256973510397433,0.0279621765123968,
464,222,71,8.98975811362943,0.256973510397433,0.0279621765123968,
465,222,71,9.12278819077926,0.256973510397433,0.0279621765123968,
465,223,72,9.12278819077926,0.260776194016006,0.0283759596700416,
465,223,72,9.12278819077926,0.260776194016006,0.0283759596700416,
466,223,72,9.25778684163293,0.260776194016006,0.0283759596700416,
466,224,73,9.25778684163293,0.264635149593041,0.0287958659741259,
468,224,73,9.53380681902569,0.264635149593041,0.0287958659741259,
469,225,73,9.67488770692452,0.268551209838704,0.0287958659741259,
470,227,74,9.8180563040992,0.276558036970987,0.0292219860347231,
470,228,74,9.8180563040992,0.280650531622081,0.0292219860347231,
471,229,75,9.9633435043872,0.28480358684358,0.0296544118027509,
473,230,75,10.260399582247,0.289018098808358,0.0296544118027509,
474,232,76,10.4122325604831,0.297635144163132,0.0300932365898129,
476,234,76,10.7226722201032,0.306509105852739,0.0300932365898129,
478,235,77,11.042367606745,0.311044815210357,0.0305385550883342,
479,237,77,11.2057721161961,0.320318584884595,0.0305385550883342,
480,238,78,11.3715946789724,0.325058646354671,0.0309904633919943,
480,239,78,11.3715946789724,0.329868851062763,0.0309904633919943,
483,240,78,11.8839311651631,0.334750236985669,0.0309904633919943,
482,240,79,11.7106376230262,0.334750236985669,0.0314490590164633,
482,239,79,11.7106376230262,0.329868851062763,0.0314490590164633,
481,239,79,11.5398710773292,0.329868851062763,0.0314490590164633,
480,238,80,11.3715946789724,0.325058646354671,0.0319144409204443,
479,237,80,11.2057721161961,0.320318584884595,0.0319144409204443,
478,237,80,11.042367606745,0.320318584884595,0.0319144409204443,
478,236,81,11.042367606745,0.315647643811691,0.0323867095270271,
477,235,81,10.8813458901467,0.311044815210357,0.0323867095270271,
477,234,82,10.8813458901467,0.306509105852739,0.0328659667453584,
476,234,82,10.7226722201032,0.306509105852739,0.0328659667453584,
476,234,82,10.7226722201032,0.306509105852739,0.0328659667453584,
475,235,82,10.5663123569931,0.311044815210357,0.0328659667453584,
475,236,82,10.5663123569931,0.315647643811691,0.0328659667453584,
475,237,82,10.5663123569931,0.320318584884595,0.0328659667453584,
475,238,82,10.5663123569931,0.325058646354671,0.0328659667453584,
475,240,82,10.5663123569931,0.334750236985669,0.0328659667453584,
475,241,82,10.5663123569931,0.339703857460129,0.0328659667453584,
476,242,82,10.7226722201032,0.344730781410119,0.0328659667453584,
476,243,82,10.7226722201032,0.349832093577504,0.0328659667453584,
477,244,82,10.8813458901467,0.355008894756119,0.0328659667453584,
478,245,83,11.042367606745,0.3602623020293,0.0333523159926324,
478,246,83,11.042367606745,0.365593449010937,0.0333523159926324,
479,247,83,11.2057721161961,0.371003486090095,0.0333523159926324,
481,247,84,11.5398710773292,0.371003486090095,0.0338458622164066,
482,247,84,11.7106376230262,0.371003486090095,0.0338458622164066,
484,248,84,12.0597890981311,0.376493580679247,0.0338458622164066,
486,248,85,12.4193504891169,0.376493580679247,0.0343467119172483,
487,248,85,12.6031315355961,0.376493580679247,0.0343467119172483,
488,249,85,12.7896321665717,0.382064917466189,0.0343467119172483,
490,249,86,13.1709537547512,0.382064917466189,0.034854973171716,
491,250,86,13.3658569959713,0.38771869866968,0.034854973171716,
492,251,86,13.5636444074759,0.393456144298863,0.034854973171716,
494,252,86,13.9680430922543,0.399278492416527,0.034854973171716,
495,253,86,14.174741629268,0.405186999406265,0.034854973171716,
496,254,86,14.3844988828766,0.411182940243583,0.034854973171716,
498,255,86,14.8133712607329,0.417267608771023,0.034854973171716,
499,256,86,15.032578929811,0.423442317977355,0.034854973171716,
501,258,86,15.4807737486527,0.436067207817078,0.034854973171716,
502,259,86,15.7098576127669,0.44252011273011,0.034854973171716,
504,261,86,16.178245426971,0.455713805088884,0.034854973171716,
506,262,86,16.6605981764343,0.462457439554121,0.034854973171716,
507,263,87,16.9071410347358,0.469300866049559,0.0353707556556805,
509,264,87,17.4112257329487,0.476245561293628,0.0353707556556805,
510,266,87,17.668876347487,0.490444774486841,0.0353707556556805,
512,267,88,18.1956721069289,0.497702356433211,0.035894170667992,
514,268,88,18.7381742286039,0.505067335783832,0.035894170667992,
515,269,88,19.0154609733382,0.51254130180115,0.035894170667992,
517,269,89,19.5824050170669,0.51254130180115,0.0364253311544964,
519,271,89,20.16625244006,0.527822668822889,0.0364253311544964,
520,271,89,20.4646718284368,0.527822668822889,0.0364253311544964,
522,272,90,21.0748239470871,0.535633367338623,0.0369643517324076,
524,273,90,21.703167689381,0.543559648255241,0.0369643517324076,
527,274,90,22.6809834651882,0.551603221956439,0.0369643517324076,
528,274,90,23.0166157416155,0.551603221956439,0.0369643517324076,
531,273,90,24.0536076821448,0.543559648255241,0.0369643517324076,
533,273,90,24.7707635599171,0.543559648255241,0.0369643517324076,
535,272,90,25.5093013675778,0.535633367338623,0.0369643517324076,
537,272,90,26.2698586052018,0.535633367338623,0.0369643517324076,
539,271,90,27.0530917798641,0.527822668822889,0.0369643517324076,
541,270,90,27.8596769723317,0.520125867265454,0.0369643517324076,
544,270,90,29.1148684744352,0.520125867265454,0.0369643517324076,
546,269,90,29.98292533031,0.51254130180115,0.0369643517324076,
548,268,90,30.8768632134576,0.505067335783832,0.0369643517324076,
549,268,90,31.333777787077,0.505067335783832,0.0369643517324076,
551,267,90,32.2679911994581,0.497702356433211,0.0369643517324076,
552,267,90,32.7454916287773,0.497702356433211,0.0369643517324076,
554,267,90,33.7217951464219,0.497702356433211,0.0369643517324076,
555,267,90,34.2208089077774,0.497702356433211,0.0369643517324076,
555,268,90,34.2208089077774,0.505067335783832,0.0369643517324076,
555,268,90,34.2208089077774,0.505067335783832,0.0369643517324076,
555,269,90,34.2208089077774,0.51254130180115,0.0369643517324076,
555,269,90,34.2208089077774,0.51254130180115,0.0369643517324076,
555,270,90,34.2208089077774,0.520125867265454,0.0369643517324076,
554,270,90,33.7217951464219,0.520125867265454,0.0369643517324076,
553,271,91,33.2300580901463,0.527822668822889,0.0375113487150405,
552,271,91,32.7454916287773,0.527822668822889,0.0375113487150405,
552,272,91,32.7454916287773,0.535633367338623,0.0375113487150405,
550,272,92,31.7974537640858,0.535633367338623,0.0380664401369098,
549,272,92,31.333777787077,0.535633367338623,0.0380664401369098,
548,273,92,30.8768632134576,0.543559648255241,0.0380664401369098,
546,273,93,29.98292533031,0.543559648255241,0.0386297457792001,
545,273,93,29.5457091211361,0.543559648255241,0.0386297457792001,
544,274,93,29.1148684744352,0.551603221956439,0.0386297457792001,
542,274,94,28.2719433459262,0.551603221956439,0.0392013871956131,
539,274,94,27.0530917798641,0.551603221956439,0.0392013871956131,
537,275,94,26.2698586052018,0.559765824136102,0.0392013871956131,
535,276,94,25.5093013675778,0.568049216172843,0.0392013871956131,
533,276,95,24.7707635599171,0.568049216172843,0.0397814877385972,
531,277,95,24.0536076821448,0.576455185510082,0.0397814877385972,
529,278,95,23.3572146909012,0.584985546041759,0.0397814877385972,
526,279,95,22.3502454367358,0.593642138503738,0.0397814877385972,
524,280,95,21.703167689381,0.602426830871023,0.0397814877385972,
522,281,95,21.0748239470871,0.611341518760833,0.0397814877385972,
520,282,95,20.4646718284368,0.620388125841656,0.0397814877385972,
518,282,95,19.8721846548806,0.620388125841656,0.0397814877385972,
517,283,95,19.5824050170669,0.629568604248347,0.0397814877385972,
516,283,95,19.2968509961118,0.629568604248347,0.0397814877385972,
516,283,95,19.2968509961118,0.629568604248347,0.0397814877385972,
517,283,95,19.5824050170669,0.629568604248347,0.0397814877385972,
518,283,95,19.8721846548806,0.629568604248347,0.0397814877385972,
519,283,95,20.16625244006,0.629568604248347,0.0397814877385972,
520,283,95,20.4646718284368,0.629568604248347,0.0397814877385972,
521,283,95,20.7675072148589,0.629568604248347,0.0397814877385972,
522,283,95,21.0748239470871,0.629568604248347,0.0397814877385972,
523,283,95,21.3866883398953,0.629568604248347,0.0397814877385972,
524,283,95,21.703167689381,0.629568604248347,0.0397814877385972,
525,284,95,22.0243302874866,0.638884935003374,0.0397814877385972,
525,284,95,22.0243302874866,0.638884935003374,0.0397814877385972,
526,285,95,22.3502454367358,0.648339128444297,0.0397814877385972,
527,285,95,22.6809834651882,0.648339128444297,0.0397814877385972,
527,286,95,22.6809834651882,0.657933224657568,0.0397814877385972,
528,287,95,23.0166157416155,0.667669293918756,0.0397814877385972,
529,288,95,23.3572146909012,0.677549437139287,0.0397814877385972,
529,289,95,23.3572146909012,0.687575786319784,0.0397814877385972,
530,290,95,23.7028538096696,0.697750505010134,0.0397814877385972,
531,291,95,24.0536076821448,0.708075788776345,0.0397814877385972,
532,291,95,24.4095519962455,0.708075788776345,0.0397814877385972,
533,292,95,24.7707635599171,0.718553865674324,0.0397814877385972,
534,293,95,25.1373203177057,0.729186996730657,0.0397814877385972,
535,293,95,25.5093013675778,0.729186996730657,0.0397814877385972,
537,293,95,26.2698586052018,0.729186996730657,0.0397814877385972,
538,294,95,26.6585989108688,0.739977476430513,0.0397814877385972,
539,294,95,27.0530917798641,0.739977476430513,0.0397814877385972,
541,294,95,27.8596769723317,0.739977476430513,0.0397814877385972,
542,295,95,28.2719433459262,0.750927633212755,0.0397814877385972,
543,295,95,28.6903104206512,0.750927633212755,0.0397814877385972,
545,295,95,29.5457091211361,0.750927633212755,0.0397814877385972,
546,296,95,29.98292533031,0.762039829972396,0.0397814877385972,
547,296,95,30.4266114472725,0.762039829972396,0.0397814877385972,
549,296,95,31.333777787077,0.762039829972396,0.0397814877385972,
550,296,95,31.7974537640858,0.762039829972396,0.0397814877385972,
551,296,95,32.2679911994581,0.762039829972396,0.0397814877385972,
553,296,95,33.2300580901463,0.762039829972396,0.0397814877385972,
554,296,95,33.7217951464219,0.762039829972396,0.0397814877385972,
556,296,95,34.7272070546006,0.762039829972396,0.0397814877385972,
557,296,95,35.2410988607292,0.762039829972396,0.0397814877385972,
558,296,95,35.7625952170304,0.762039829972396,0.0397814877385972,
558,296,95,35.7625952170304,0.762039829972396,0.0397814877385972,
559,296,95,36.2918086553304,0.762039829972396,0.0397814877385972,
559,295,96,36.2918086553304,0.750927633212755,0.0403701725859655,
559,295,96,36.2918086553304,0.750927633212755,0.0403701725859655,
559,294,96,36.2918086553304,0.739977476430513,0.0403701725859655,
559,294,97,36.2918086553304,0.739977476430513,0.0409675687679074,
559,294,97,36.2918086553304,0.739977476430513,0.0409675687679074,
559,293,97,36.2918086553304,0.729186996730657,0.0409675687679074,
559,293,97,36.2918086553304,0.729186996730657,0.0409675687679074,
558,293,98,35.7625952170304,0.729186996730657,0.0415738051943995,
556,292,98,34.7272070546006,0.718553865674324,0.0415738051943995,
554,292,99,33.7217951464219,0.718553865674324,0.0421890126830234,
552,293,99,32.7454916287773,0.729186996730657,0.0421890126830234,
550,293,99,31.7974537640858,0.729186996730657,0.0421890126830234,
548,294,99,30.8768632134576,0.739977476430513,0.0421890126830234,
546,295,99,29.98292533031,0.750927633212755,0.0421890126830234,
543,296,99,28.6903104206512,0.762039829972396,0.0421890126830234,
539,296,99,27.0530917798641,0.762039829972396,0.0421890126830234,
537,298,99,26.2698586052018,0.784759970351461,0.0421890126830234,
535,298,99,25.5093013675778,0.784759970351461,0.0421890126830234,
532,299,99,24.4095519962455,0.796372816668391,0.0421890126830234,
530,300,99,23.7028538096696,0.808157509415663,0.0421890126830234,
529,300,99,23.3572146909012,0.808157509415663,0.0421890126830234,
530,300,99,23.7028538096696,0.808157509415663,0.0421890126830234,
531,300,99,24.0536076821448,0.808157509415663,0.0421890126830234,
533,300,99,24.7707635599171,0.808157509415663,0.0421890126830234,
534,300,99,25.1373203177057,0.808157509415663,0.0421890126830234,
535,300,99,25.5093013675778,0.808157509415663,0.0421890126830234,
537,300,99,26.2698586052018,0.808157509415663,0.0421890126830234,
538,300,99,26.6585989108688,0.808157509415663,0.0421890126830234,
539,300,99,27.0530917798641,0.808157509415663,0.0421890126830234,
540,300,99,27.4534223383871,0.808157509415663,0.0421890126830234,
541,300,99,27.8596769723317,0.808157509415663,0.0421890126830234,
541,300,99,27.8596769723317,0.808157509415663,0.0421890126830234,
542,301,99,28.2719433459262,0.820116591569806,0.0421890126830234,
542,301,99,28.2719433459262,0.820116591569806,0.0421890126830234,
542,301,99,28.2719433459262,0.820116591569806,0.0421890126830234,
542,302,99,28.2719433459262,0.832252643738215,0.0421890126830234,
542,302,99,28.2719433459262,0.832252643738215,0.0421890126830234,
542,302,99,28.2719433459262,0.832252643738215,0.0421890126830234,
542,303,99,28.2719433459262,0.844568284716005,0.0421890126830234,
542,303,99,28.2719433459262,0.844568284716005,0.0421890126830234,
542,303,99,28.2719433459262,0.844568284716005,0.0421890126830234,
542,304,99,28.2719433459262,0.857066172051119,0.0421890126830234,
542,304,99,28.2719433459262,0.857066172051119,0.0421890126830234,
541,304,99,27.8596769723317,0.857066172051119,0.0421890126830234,
540,305,99,27.4534223383871,0.869749002617783,0.0421890126830234,
540,305,99,27.4534223383871,0.869749002617783,0.0421890126830234,
538,306,99,26.6585989108688,0.882619513198464,0.0421890126830234,
537,306,99,26.2698586052018,0.882619513198464,0.0421890126830234,
535,306,99,25.5093013675778,0.882619513198464,0.0421890126830234,
534,307,99,25.1373203177057,0.89568048107442,0.0421890126830234,
533,307,99,24.7707635599171,0.89568048107442,0.0421890126830234,
532,308,99,24.4095519962455,0.908934724625008,0.0421890126830234,
531,308,99,24.0536076821448,0.908934724625008,0.0421890126830234,
532,309,98,24.4095519962455,0.922385103935848,0.0415738051943995,
533,310,98,24.7707635599171,0.936034521415991,0.0415738051943995,
533,310,98,24.7707635599171,0.936034521415991,0.0415738051943995,
534,311,97,25.1373203177057,0.949885922424221,0.0409675687679074,
535,312,97,25.5093013675778,0.96394229590462,0.0409675687679074,
536,313,97,25.8867869779884,0.978206675031545,0.0409675687679074,
537,313,96,26.2698586052018,0.978206675031545,0.0403701725859655,
538,314,96,26.6585989108688,0.992682137864147,0.0403701725859655,
539,315,96,27.0530917798641,1.00737180801057,0.0403701725859655,
540,315,96,27.4534223383871,1.00737180801057,0.0403701725859655,
542,316,95,28.2719433459262,1.02227885530198,0.0397814877385972,
543,316,95,28.6903104206512,1.02227885530198,0.0397814877385972,
545,316,95,29.5457091211361,1.02227885530198,0.0397814877385972,
546,316,95,29.98292533031,1.02227885530198,0.0397814877385972,
548,315,95,30.8768632134576,1.00737180801057,0.0397814877385972,
550,315,95,31.7974537640858,1.00737180801057,0.0397814877385972,
552,314,95,32.7454916287773,0.992682137864147,0.0397814877385972,
554,314,95,33.7217951464219,0.992682137864147,0.0397814877385972,
555,313,95,34.2208089077774,0.978206675031545,0.0397814877385972,
556,314,95,34.7272070546006,0.992682137864147,0.0397814877385972,
557,314,95,35.2410988607292,0.992682137864147,0.0397814877385972,
558,315,95,35.7625952170304,1.00737180801057,0.0397814877385972,
559,316,95,36.2918086553304,1.02227885530198,0.0397814877385972,
559,317,95,36.2918086553304,1.03740649647658,0.0397814877385972,
559,318,95,36.2918086553304,1.05275799587374,0.0397814877385972,
559,319,95,36.2918086553304,1.06833666613839,0.0397814877385972,
559,321,95,36.2918086553304,1.10018901567718,0.0397814877385972,
559,322,95,36.2918086553304,1.11646956825546,0.0397814877385972,
559,324,95,36.2918086553304,1.14975699539774,0.0397814877385972,
559,325,95,36.2918086553304,1.1667710529361,0.0397814877385972,
559,326,95,36.2918086553304,1.18403688381012,0.0397814877385972,
559,327,95,36.2918086553304,1.20155821375144,0.0397814877385972,
559,327,95,36.2918086553304,1.20155821375144,0.0397814877385972,
559,328,95,36.2918086553304,1.21933882362491,0.0397814877385972,
