-1,-1,315,0,0,1,
-1,-1,315,0,0,1,
-1,-1,315,0,0,1,
-1,-1,315,0,0,1,
-1,-1,314,0,0,0.985394703571194,
-1,-1,315,0,0,1,
-1,-1,315,0,0,1,
-1,-1,315,0,0,1,
-1,-1,315,0,0,1,
-1,-1,315,0,0,1,
-1,-1,315,0,0,1,
-1,309,315,0,0.915506309769483,1,
306,309,315,0.875975607194437,0.915506309769483,1,
306,308,315,0.875975607194437,0.902135068732858,1,
305,308,315,0.86318172378696,0.902135068732858,1,
305,308,315,0.86318172378696,0.902135068732858,1,
304,308,315,0.850574698839124,0.902135068732858,1,
304,308,315,0.850574698839124,0.902135068732858,1,
304,308,315,0.850574698839124,0.902135068732858,1,
304,308,315,0.850574698839124,0.902135068732858,1,
304,308,315,0.850574698839124,0.902135068732858,1,
304,308,315,0.850574698839124,0.902135068732858,1,
304,308,315,0.850574698839124,0.902135068732858,1,
304,308,315,0.850574698839124,0.902135068732858,1,
304,308,315,0.850574698839124,0.902135068732858,1,
304,308,315,0.850574698839124,0.902135068732858,1,
304,309,315,0.850574698839124,0.915506309769483,1,
305,309,315,0.86318172378696,0.915506309769483,1,
305,309,316,0.86318172378696,0.915506309769483,1.01482177281436,
305,309,316,0.86318172378696,0.915506309769483,1.01482177281436,
306,310,316,0.875975607194437,0.929075736302999,1.01482177281436,
306,310,317,0.875975607194437,0.929075736302999,1.02986323057808,
306,311,317,0.875975607194437,0.942846285793816,1.02986323057808,
307,311,317,0.888959118635194,0.942846285793816,1.02986323057808,
307,311,318,0.888959118635194,0.942846285793816,1.04512762941157,
307,312,318,0.888959118635194,0.956820939240714,1.04512762941157,
308,312,318,0.902135068732858,0.956820939240714,1.04512762941157,
308,312,319,0.902135068732858,0.956820939240714,1.06061827369672,
308,312,319,0.902135068732858,0.956820939240714,1.06061827369672,
309,312,319,0.915506309769483,0.956820939240714,1.06061827369672,
310,312,319,0.929075736302999,0.956820939240714,1.06061827369672,
311,312,319,0.942846285793816,0.956820939240714,1.06061827369672,
312,312,319,0.956820939240714,0.956820939240714,1.06061827369672,
313,312,319,0.971002721826163,0.956820939240714,1.06061827369672,
314,312,319,0.985394703571194,0.956820939240714,1.06061827369672,
315,312,319,1,0.956820939240714,1.06061827369672,
316,312,319,1.01482177281436,0.956820939240714,1.06061827369672,
317,313,320,1.02986323057808,0.971002721826163,1.07633851679221,
318,312,320,1.04512762941157,0.956820939240714,1.07633851679221,
319,312,320,1.06061827369672,0.956820939240714,1.07633851679221,
320,312,321,1.07633851679221,0.956820939240714,1.09229176175945,
321,312,321,1.09229176175945,0.956820939240714,1.09229176175945,
322,312,321,1.10848146209924,0.956820939240714,1.09229176175945,
323,312,321,1.12491112249941,0.956820939240714,1.09229176175945,
328,312,321,1.21078516911407,0.956820939240714,1.09229176175945,
329,312,322,1.22873115181768,0.956820939240714,1.10848146209924,
329,311,322,1.22873115181768,0.942846285793816,1.10848146209924,
329,311,322,1.22873115181768,0.942846285793816,1.10848146209924,
329,310,322,1.22873115181768,0.929075736302999,1.10848146209924,
329,310,322,1.22873115181768,0.929075736302999,1.10848146209924,
329,309,321,1.22873115181768,0.915506309769483,1.09229176175945,
329,309,321,1.22873115181768,0.915506309769483,1.09229176175945,
329,308,321,1.22873115181768,0.902135068732858,1.09229176175945,
328,308,320,1.21078516911407,0.902135068732858,1.07633851679221,
328,307,319,1.21078516911407,0.888959118635194,1.06061827369672,
328,307,319,1.21078516911407,0.888959118635194,1.06061827369672,
328,306,319,1.21078516911407,0.875975607194437,1.06061827369672,
328,306,319,1.21078516911407,0.875975607194437,1.06061827369672,
328,306,319,1.21078516911407,0.875975607194437,1.06061827369672,
327,306,319,1.19310129280756,0.875975607194437,1.06061827369672,
327,305,319,1.19310129280756,0.86318172378696,1.06061827369672,
327,305,319,1.19310129280756,0.86318172378696,1.06061827369672,
327,305,319,1.19310129280756,0.86318172378696,1.06061827369672,
327,304,319,1.19310129280756,0.850574698839124,1.06061827369672,
327,304,319,1.19310129280756,0.850574698839124,1.06061827369672,
327,304,319,1.19310129280756,0.850574698839124,1.06061827369672,
327,303,319,1.19310129280756,0.838151803227737,1.06061827369672,
327,303,319,1.19310129280756,0.838151803227737,1.06061827369672,
327,303,319,1.19310129280756,0.838151803227737,1.06061827369672,
327,302,319,1.19310129280756,0.825910347689258,1.06061827369672,
328,302,319,1.21078516911407,0.825910347689258,1.06061827369672,
327,302,319,1.19310129280756,0.825910347689258,1.06061827369672,
327,301,320,1.19310129280756,0.813847682237638,1.07633851679221,
327,301,320,1.19310129280756,0.813847682237638,1.07633851679221,
327,301,320,1.19310129280756,0.813847682237638,1.07633851679221,
327,301,320,1.19310129280756,0.813847682237638,1.07633851679221,
328,300,321,1.21078516911407,0.801961195590662,1.09229176175945,
328,300,321,1.21078516911407,0.801961195590662,1.09229176175945,
328,299,322,1.21078516911407,0.790248314604661,1.10848146209924,
328,299,322,1.21078516911407,0.790248314604661,1.10848146209924,
328,299,322,1.21078516911407,0.790248314604661,1.10848146209924,
328,298,323,1.21078516911407,0.778706503717496,1.12491112249941,
328,298,323,1.21078516911407,0.778706503717496,1.12491112249941,
328,298,324,1.21078516911407,0.778706503717496,1.14158429959344,
328,298,324,1.21078516911407,0.778706503717496,1.14158429959344,
328,298,325,1.21078516911407,0.778706503717496,1.15850460273045,
332,298,326,1.28418087588336,0.778706503717496,1.17567569475651,
333,298,326,1.30321471307825,0.778706503717496,1.17567569475651,
333,298,327,1.30321471307825,0.778706503717496,1.19310129280756,
333,298,327,1.30321471307825,0.778706503717496,1.19310129280756,
334,298,327,1.32253066548382,0.778706503717496,1.19310129280756,
334,298,327,1.32253066548382,0.778706503717496,1.19310129280756,
334,298,327,1.32253066548382,0.778706503717496,1.19310129280756,
335,298,328,1.34213291454765,0.778706503717496,1.21078516911407,
335,298,328,1.34213291454765,0.778706503717496,1.21078516911407,
336,298,328,1.36202570369375,0.778706503717496,1.21078516911407,
336,298,328,1.36202570369375,0.778706503717496,1.21078516911407,
336,298,328,1.36202570369375,0.778706503717496,1.21078516911407,
337,298,327,1.38221333924121,0.778706503717496,1.19310129280756,
337,298,327,1.38221333924121,0.778706503717496,1.19310129280756,
338,298,327,1.40270019133642,0.778706503717496,1.19310129280756,
339,298,327,1.42349069489907,0.778706503717496,1.19310129280756,
339,298,327,1.42349069489907,0.778706503717496,1.19310129280756,
339,298,327,1.42349069489907,0.778706503717496,1.19310129280756,
340,298,327,1.44458935058222,0.778706503717496,1.19310129280756,
340,298,327,1.44458935058222,0.778706503717496,1.19310129280756,
340,298,327,1.44458935058222,0.778706503717496,1.19310129280756,
340,298,327,1.44458935058222,0.778706503717496,1.19310129280756,
340,298,327,1.44458935058222,0.778706503717496,1.19310129280756,
340,298,327,1.44458935058222,0.778706503717496,1.19310129280756,
340,298,327,1.44458935058222,0.778706503717496,1.19310129280756,
340,297,327,1.44458935058222,0.767333264399663,1.19310129280756,
340,297,327,1.44458935058222,0.767333264399663,1.19310129280756,
340,296,327,1.44458935058222,0.756126134613423,1.19310129280756,
340,296,327,1.44458935058222,0.756126134613423,1.19310129280756,
340,295,327,1.44458935058222,0.745082688279827,1.19310129280756,
340,295,327,1.44458935058222,0.745082688279827,1.19310129280756,
340,294,327,1.44458935058222,0.734200534753529,1.19310129280756,
340,293,327,1.44458935058222,0.723477318305266,1.19310129280756,
340,293,327,1.44458935058222,0.723477318305266,1.19310129280756,
340,292,327,1.44458935058222,0.712910717611901,1.19310129280756,
340,291,327,1.44458935058222,0.702498445253907,1.19310129280756,
340,290,327,1.44458935058222,0.692238247220198,1.19310129280756,
340,290,327,1.44458935058222,0.692238247220198,1.19310129280756,
340,289,327,1.44458935058222,0.682127902420191,1.19310129280756,
340,289,327,1.44458935058222,0.682127902420191,1.19310129280756,
340,288,327,1.44458935058222,0.672165222202985,1.19310129280756,
340,288,327,1.44458935058222,0.672165222202985,1.19310129280756,
340,287,327,1.44458935058222,0.662348049883576,1.19310129280756,
340,287,327,1.44458935058222,0.662348049883576,1.19310129280756,
340,286,327,1.44458935058222,0.652674260275985,1.19310129280756,
340,286,327,1.44458935058222,0.652674260275985,1.19310129280756,
340,286,327,1.44458935058222,0.652674260275985,1.19310129280756,
340,285,327,1.44458935058222,0.643141759233203,1.19310129280756,
340,285,328,1.44458935058222,0.643141759233203,1.21078516911407,
341,285,328,1.46600072574659,0.643141759233203,1.21078516911407,
341,285,329,1.46600072574659,0.643141759233203,1.22873115181768,
341,285,329,1.46600072574659,0.643141759233203,1.22873115181768,
342,285,329,1.48772945544929,0.643141759233203,1.22873115181768,
342,285,330,1.48772945544929,0.643141759233203,1.24694312579984,
342,285,330,1.48772945544929,0.643141759233203,1.24694312579984,
343,285,330,1.50978024344719,0.643141759233203,1.24694312579984,
343,285,330,1.50978024344719,0.643141759233203,1.24694312579984,
343,285,331,1.50978024344719,0.643141759233203,1.26542503352288,
342,284,331,1.48772945544929,0.633748483193859,1.26542503352288,
342,283,330,1.48772945544929,0.624492398735507,1.24694312579984,
342,282,330,1.48772945544929,0.615371502134439,1.24694312579984,
341,282,329,1.46600072574659,0.615371502134439,1.22873115181768,
340,281,328,1.44458935058222,0.606383818931926,1.21078516911407,
338,279,327,1.40270019133642,0.588800338654243,1.19310129280756,
337,277,326,1.38221333924121,0.571726731445436,1.17567569475651,
336,276,325,1.36202570369375,0.563376493056404,1.15850460273045,
334,274,324,1.32253066548382,0.547040108170646,1.14158429959344,
332,272,323,1.28418087588336,0.531177433981776,1.12491112249941,
331,271,322,1.26542503352288,0.52341943010218,1.10848146209924,
329,269,322,1.22873115181768,0.508241691285915,1.10848146209924,
328,268,321,1.21078516911407,0.500818670727207,1.09229176175945,
328,266,320,1.21078516911407,0.486296292417479,1.07633851679221,
327,265,319,1.19310129280756,0.479193790914493,1.06061827369672,
327,263,319,1.19310129280756,0.465298475260169,1.06061827369672,
327,261,318,1.19310129280756,0.451806085939188,1.04512762941157,
326,259,317,1.17567569475651,0.438704939184576,1.02986323057808,
325,258,317,1.15850460273045,0.432297523503004,1.02986323057808,
325,256,316,1.15850460273045,0.419762071960127,1.01482177281436,
325,254,316,1.15850460273045,0.407590114392673,1.01482177281436,
324,252,314,1.14158429959344,0.395771110464722,0.985394703571194,
324,250,313,1.14158429959344,0.384294825481408,0.971002721826163,
323,249,312,1.12491112249941,0.378682085639196,0.956820939240714,
322,247,311,1.10848146209924,0.367701335862467,0.942846285793816,
321,245,309,1.09229176175945,0.357038997941572,0.915506309769483,
320,243,307,1.07633851679221,0.346685838799352,0.888959118635194,
318,241,306,1.04512762941157,0.336632893092757,0.875975607194437,
317,239,304,1.02986323057808,0.326871455449282,0.850574698839124,
316,236,303,1.01482177281436,0.312757453013962,0.838151803227737,
314,235,301,0.985394703571194,0.308189537702375,0.813847682237638,
314,232,300,0.985394703571194,0.294882202928548,0.801961195590662,
313,229,297,0.971002721826163,0.282149466371464,0.767333264399663,
311,227,294,0.942846285793816,0.273967899808491,0.734200534753529,
309,224,292,0.915506309769483,0.262138223216566,0.712910717611901,
307,221,289,0.888959118635194,0.250819340948967,0.682127902420191,
305,219,288,0.86318172378696,0.243546262748091,0.672165222202985,
303,216,285,0.838151803227737,0.233030163871194,0.643141759233203,
301,213,283,0.813847682237638,0.222968140266654,0.624492398735507,
300,211,280,0.801961195590662,0.216502671079438,0.597527403506794,
297,208,278,0.767333264399663,0.207154289090352,0.580200735170817,
296,206,275,0.756126134613423,0.201147378544695,0.555148212374294,
294,204,274,0.734200534753529,0.195314652055096,0.547040108170646,
292,203,272,0.712910717611901,0.192462023664943,0.531177433981776,
290,200,270,0.692238247220198,0.184151694251259,0.515774734168941,
289,198,269,0.682127902420191,0.178811796346872,0.508241691285915,
287,197,268,0.662348049883576,0.176200197056259,0.500818670727207,
285,196,268,0.643141759233203,0.173626740947438,0.500818670727207,
283,196,268,0.624492398735507,0.173626740947438,0.500818670727207,
281,196,269,0.606383818931926,0.173626740947438,0.508241691285915,
280,195,269,0.597527403506794,0.171090870927933,0.508241691285915,
279,195,269,0.588800338654243,0.171090870927933,0.508241691285915,
278,193,269,0.580200735170817,0.166129701350632,0.508241691285915,
277,190,266,0.571726731445436,0.158956376882091,0.486296292417479,
276,188,264,0.563376493056404,0.154347074604136,0.472195023551343,
275,186,261,0.555148212374294,0.149871429546522,0.451806085939188,
274,182,259,0.547040108170646,0.141305720694547,0.438704939184576,
273,180,256,0.539050425232368,0.137208239404013,0.419762071960127,
272,176,253,0.531177433981776,0.129366278902382,0.401637139950517,
271,173,250,0.52341943010218,0.123780364485454,0.384294825481408,
270,169,247,0.515774734168941,0.116705856909315,0.367701335862467,
264,165,242,0.472195023551343,0.110035683717332,0.341622389356018,
261,161,237,0.451806085939188,0.10374673569767,0.317393072928532,
258,157,232,0.432297523503004,0.0978172244157804,0.294882202928548,
257,153,228,0.425983690026805,0.0922266067270787,0.278028589777879,
256,148,224,0.419762071960127,0.0856855025516878,0.262138223216566,
254,144,220,0.407590114392673,0.0807882578272354,0.24715605012433,
254,141,215,0.407590114392673,0.0772998967338763,0.229626689251002,
253,136,212,0.401637139950517,0.0718174584741719,0.21971162448388,
252,133,209,0.395771110464722,0.0687164480711382,0.210224682900769,
252,129,205,0.395771110464722,0.0647890478368163,0.198209561455173,
251,126,202,0.389990756078427,0.0619915176037341,0.189651058758029,
251,123,198,0.389990756078427,0.0593147820985622,0.178811796346872,
250,120,194,0.384294825481408,0.0567536255184046,0.168592038041768,
249,119,191,0.378682085639196,0.0559247219942989,0.161312392187631,
250,117,187,0.384294825481408,0.0543030572738357,0.152092789826623,
251,115,184,0.389990756078427,0.0527284164163764,0.14552556601365,
252,113,180,0.395771110464722,0.0511994358578848,0.137208239404013,
254,111,175,0.407590114392673,0.0497147915739702,0.127476846051122,
256,109,172,0.419762071960127,0.0482731979333454,0.121972515570078,
258,108,169,0.432297523503004,0.0475681535679625,0.116705856909315,
260,107,165,0.445207324125708,0.0468734065845315,0.110035683717332,
262,107,163,0.458502653101123,0.0468734065845315,0.106844948387532,
263,106,161,0.465298475260169,0.0461888065867365,0.10374673569767,
264,106,158,0.472195023551343,0.0461888065867365,0.0992670490934023,
264,106,156,0.472195023551343,0.0461888065867365,0.0963885748573449,
262,105,155,0.458502653101123,0.0455142053748444,0.0949807911492033,
260,106,154,0.445207324125708,0.0461888065867365,0.0935935685394267,
259,106,151,0.438704939184576,0.0461888065867365,0.0895522861567845,
256,106,151,0.419762071960127,0.0461888065867365,0.0895522861567845,
254,106,151,0.407590114392673,0.0461888065867365,0.0895522861567845,
251,106,151,0.389990756078427,0.0461888065867365,0.0895522861567845,
248,106,151,0.373151321526157,0.0461888065867365,0.0895522861567845,
246,106,151,0.362330948854928,0.0461888065867365,0.0895522861567845,
243,106,151,0.346685838799352,0.0461888065867365,0.0895522861567845,
242,106,151,0.341622389356018,0.0461888065867365,0.0895522861567845,
240,106,151,0.331716269901451,0.0461888065867365,0.0895522861567845,
239,106,151,0.326871455449282,0.0461888065867365,0.0895522861567845,
239,106,151,0.326871455449282,0.0461888065867365,0.0895522861567845,
240,106,151,0.331716269901451,0.0461888065867365,0.0895522861567845,
241,106,151,0.336632893092757,0.0461888065867365,0.0895522861567845,
243,106,151,0.346685838799352,0.0461888065867365,0.0895522861567845,
245,106,151,0.357038997941572,0.0461888065867365,0.0895522861567845,
247,106,153,0.367701335862467,0.0461888065867365,0.0922266067270787,
248,105,154,0.373151321526157,0.0455142053748444,0.0935935685394267,
249,106,154,0.378682085639196,0.0461888065867365,0.0935935685394267,
250,106,154,0.384294825481408,0.0461888065867365,0.0935935685394267,
252,106,156,0.395771110464722,0.0461888065867365,0.0963885748573449,
253,107,157,0.401637139950517,0.0468734065845315,0.0978172244157804,
253,108,159,0.401637139950517,0.0475681535679625,0.100738362743017,
253,109,161,0.401637139950517,0.0482731979333454,0.10374673569767,
254,109,163,0.407590114392673,0.0482731979333454,0.106844948387532,
254,110,164,0.407590114392673,0.0489886923061361,0.108428579938894,
254,111,166,0.407590114392673,0.0497147915739702,0.111666607622863,
255,111,168,0.41363132246958,0.0497147915739702,0.115001333274176,
255,112,171,0.41363132246958,0.0504516529201928,0.12019107082401,
255,112,172,0.41363132246958,0.0504516529201928,0.121972515570078,
254,113,173,0.407590114392673,0.0511994358578848,0.123780364485454,
253,114,174,0.401637139950517,0.0519583022643937,0.125615008926736,
251,114,175,0.389990756078427,0.0519583022643937,0.127476846051122,
249,114,176,0.378682085639196,0.0519583022643937,0.129366278902382,
248,114,176,0.373151321526157,0.0519583022643937,0.129366278902382,
245,114,176,0.357038997941572,0.0519583022643937,0.129366278902382,
242,114,176,0.341622389356018,0.0519583022643937,0.129366278902382,
240,114,176,0.331716269901451,0.0519583022643937,0.129366278902382,
237,114,176,0.317393072928532,0.0519583022643937,0.129366278902382,
234,114,176,0.303688338147975,0.0519583022643937,0.129366278902382,
232,114,176,0.294882202928548,0.0519583022643937,0.129366278902382,
230,114,176,0.286331421661714,0.0519583022643937,0.129366278902382,
230,115,176,0.286331421661714,0.0527284164163764,0.129366278902382,
234,116,176,0.303688338147975,0.0535099450253609,0.129366278902382,
237,117,177,0.317393072928532,0.0543030572738357,0.131283716498113,
240,118,177,0.331716269901451,0.0551079248518736,0.131283716498113,
244,119,178,0.351824337539991,0.0559247219942989,0.133229573918272,
248,121,179,0.373151321526157,0.0575948148622296,0.135204272395043,
254,123,179,0.407590114392673,0.0593147820985622,0.135204272395043,
258,124,180,0.432297523503004,0.0601939323233603,0.137208239404013,
262,126,180,0.458502653101123,0.0619915176037341,0.137208239404013,
266,127,180,0.486296292417479,0.062910341794074,0.137208239404013,
270,128,180,0.515774734168941,0.0638427845878195,0.137208239404013,
273,129,180,0.539050425232368,0.0647890478368163,0.137208239404013,
276,130,180,0.563376493056404,0.0657493363847122,0.137208239404013,
279,130,180,0.588800338654243,0.0657493363847122,0.137208239404013,
278,129,180,0.580200735170817,0.0647890478368163,0.137208239404013,
278,129,180,0.580200735170817,0.0647890478368163,0.137208239404013,
277,129,180,0.571726731445436,0.0647890478368163,0.137208239404013,
276,128,180,0.563376493056404,0.0638427845878195,0.137208239404013,
276,128,180,0.563376493056404,0.0638427845878195,0.137208239404013,
275,128,180,0.555148212374294,0.0638427845878195,0.137208239404013,
274,127,180,0.547040108170646,0.062910341794074,0.137208239404013,
274,127,180,0.547040108170646,0.062910341794074,0.137208239404013,
274,127,181,0.547040108170646,0.062910341794074,0.139241908756718,
274,127,181,0.547040108170646,0.062910341794074,0.139241908756718,
275,127,182,0.555148212374294,0.062910341794074,0.141305720694547,
276,126,182,0.563376493056404,0.0619915176037341,0.141305720694547,
276,126,183,0.563376493056404,0.0619915176037341,0.143400121984051,
277,126,183,0.571726731445436,0.0619915176037341,0.143400121984051,
278,127,183,0.580200735170817,0.062910341794074,0.143400121984051,
279,126,184,0.588800338654243,0.0619915176037341,0.14552556601365,
280,127,184,0.597527403506794,0.062910341794074,0.14552556601365,
279,127,185,0.588800338654243,0.062910341794074,0.147682512891786,
278,127,185,0.580200735170817,0.062910341794074,0.147682512891786,
277,127,186,0.571726731445436,0.062910341794074,0.149871429546522,
276,128,186,0.563376493056404,0.0638427845878195,0.149871429546522,
274,128,186,0.547040108170646,0.0638427845878195,0.149871429546522,
273,128,186,0.539050425232368,0.0638427845878195,0.149871429546522,
271,129,187,0.52341943010218,0.0647890478368163,0.152092789826623,
269,129,187,0.508241691285915,0.0647890478368163,0.152092789826623,
268,129,187,0.500818670727207,0.0647890478368163,0.152092789826623,
266,130,188,0.486296292417479,0.0657493363847122,0.154347074604136,
264,130,188,0.472195023551343,0.0657493363847122,0.154347074604136,
262,131,189,0.458502653101123,0.0667238581113014,0.156634771878479,
261,132,190,0.451806085939188,0.0677128239775246,0.158956376882091,
259,133,190,0.438704939184576,0.0687164480711382,0.158956376882091,
257,133,191,0.425983690026805,0.0687164480711382,0.161312392187631,
255,135,192,0.41363132246958,0.0707685432043933,0.163703327816777,
253,136,193,0.401637139950517,0.0718174584741719,0.166129701350632,
251,137,194,0.389990756078427,0.0728819205277808,0.168592038041768,
249,139,195,0.378682085639196,0.0750584101254752,0.171090870927933,
247,140,196,0.367701335862467,0.076170908828162,0.173626740947438,
245,141,197,0.357038997941572,0.0772998967338763,0.176200197056259,
243,141,198,0.346685838799352,0.0772998967338763,0.178811796346872,
241,142,199,0.336632893092757,0.0784456182418393,0.181462104168853,
239,141,200,0.326871455449282,0.0772998967338763,0.184151694251259,
237,140,201,0.317393072928532,0.076170908828162,0.186881148826831,
235,139,202,0.308189537702375,0.0750584101254752,0.189651058758029,
233,138,203,0.299252879947352,0.0739621597961178,0.192462023664943,
231,137,204,0.290575360943197,0.0728819205277808,0.195314652055096,
229,136,205,0.282149466371464,0.0718174584741719,0.198209561455173,
227,135,206,0.273967899808491,0.0707685432043933,0.201147378544695,
225,134,207,0.266023576407042,0.0697349476530583,0.204128739291689,
224,133,208,0.262138223216566,0.0687164480711382,0.207154289090352,
223,134,209,0.258309616761168,0.0697349476530583,0.210224682900769,
222,136,210,0.25453692823796,0.0718174584741719,0.213340585390695,
223,138,211,0.258309616761168,0.0739621597961178,0.216502671079438,
224,141,212,0.262138223216566,0.0772998967338763,0.21971162448388,
226,144,213,0.26996651741981,0.0807882578272354,0.222968140266654,
227,145,214,0.273967899808491,0.0819856830308185,0.226272923386526,
229,149,215,0.282149466371464,0.0869555136039931,0.229626689251002,
230,151,216,0.286331421661714,0.0895522861567845,0.233030163871194,
231,154,217,0.290575360943197,0.0935935685394267,0.236484084018986,
232,156,217,0.294882202928548,0.0963885748573449,0.236484084018986,
234,158,218,0.303688338147975,0.0992670490934023,0.239989197386527,
235,161,219,0.308189537702375,0.10374673569767,0.243546262748091,
236,163,219,0.312757453013962,0.106844948387532,0.243546262748091,
238,165,219,0.32209740094833,0.110035683717332,0.243546262748091,
238,167,220,0.32209740094833,0.113321704711999,0.24715605012433,
239,167,220,0.326871455449282,0.113321704711999,0.24715605012433,
239,168,220,0.326871455449282,0.115001333274176,0.24715605012433,
240,169,221,0.331716269901451,0.116705856909315,0.250819340948967,
241,169,221,0.336632893092757,0.116705856909315,0.250819340948967,
241,170,221,0.336632893092757,0.11843564460653,0.250819340948967,
242,170,222,0.341622389356018,0.11843564460653,0.25453692823796,
242,171,222,0.341622389356018,0.12019107082401,0.25453692823796,
243,172,222,0.346685838799352,0.121972515570078,0.25453692823796,
244,172,222,0.351824337539991,0.121972515570078,0.25453692823796,
244,173,223,0.351824337539991,0.123780364485454,0.258309616761168,
245,173,223,0.357038997941572,0.123780364485454,0.258309616761168,
246,174,223,0.362330948854928,0.125615008926736,0.258309616761168,
246,174,223,0.362330948854928,0.125615008926736,0.258309616761168,
247,174,223,0.367701335862467,0.125615008926736,0.258309616761168,
248,175,223,0.373151321526157,0.127476846051122,0.258309616761168,
248,175,223,0.373151321526157,0.127476846051122,0.258309616761168,
249,175,223,0.378682085639196,0.127476846051122,0.258309616761168,
250,176,223,0.384294825481408,0.129366278902382,0.258309616761168,
251,176,223,0.389990756078427,0.129366278902382,0.258309616761168,
252,177,223,0.395771110464722,0.131283716498113,0.258309616761168,
253,177,223,0.401637139950517,0.131283716498113,0.258309616761168,
254,177,223,0.407590114392673,0.131283716498113,0.258309616761168,
255,177,224,0.41363132246958,0.131283716498113,0.262138223216566,
256,178,224,0.419762071960127,0.133229573918272,0.262138223216566,
258,178,225,0.432297523503004,0.133229573918272,0.266023576407042,
259,179,225,0.438704939184576,0.135204272395043,0.266023576407042,
261,180,226,0.451806085939188,0.137208239404013,0.26996651741981,
262,180,226,0.458502653101123,0.137208239404013,0.26996651741981,
264,181,227,0.472195023551343,0.139241908756718,0.273967899808491,
265,181,227,0.479193790914493,0.139241908756718,0.273967899808491,
267,182,227,0.493504065584156,0.141305720694547,0.273967899808491,
268,182,227,0.500818670727207,0.141305720694547,0.273967899808491,
270,182,227,0.515774734168941,0.141305720694547,0.273967899808491,
271,183,227,0.52341943010218,0.143400121984051,0.273967899808491,
272,183,227,0.531177433981776,0.143400121984051,0.273967899808491,
274,183,227,0.547040108170646,0.143400121984051,0.273967899808491,
275,183,227,0.555148212374294,0.143400121984051,0.273967899808491,
276,184,227,0.563376493056404,0.14552556601365,0.273967899808491,
278,184,227,0.580200735170817,0.14552556601365,0.273967899808491,
278,185,227,0.580200735170817,0.147682512891786,0.273967899808491,
279,185,227,0.588800338654243,0.147682512891786,0.273967899808491,
280,185,227,0.597527403506794,0.147682512891786,0.273967899808491,
281,185,228,0.606383818931926,0.147682512891786,0.278028589777879,
281,186,228,0.606383818931926,0.149871429546522,0.278028589777879,
281,186,228,0.606383818931926,0.149871429546522,0.278028589777879,
281,187,229,0.606383818931926,0.152092789826623,0.282149466371464,
281,187,229,0.606383818931926,0.152092789826623,0.282149466371464,
281,188,230,0.606383818931926,0.154347074604136,0.286331421661714,
281,188,230,0.606383818931926,0.154347074604136,0.286331421661714,
281,189,231,0.606383818931926,0.156634771878479,0.290575360943197,
281,189,231,0.606383818931926,0.156634771878479,0.290575360943197,
281,189,231,0.606383818931926,0.156634771878479,0.290575360943197,
280,189,231,0.597527403506794,0.156634771878479,0.290575360943197,
280,189,231,0.597527403506794,0.156634771878479,0.290575360943197,
280,189,231,0.597527403506794,0.156634771878479,0.290575360943197,
279,189,231,0.588800338654243,0.156634771878479,0.290575360943197,
279,189,231,0.588800338654243,0.156634771878479,0.290575360943197,
279,189,231,0.588800338654243,0.156634771878479,0.290575360943197,
278,189,231,0.580200735170817,0.156634771878479,0.290575360943197,
278,189,231,0.580200735170817,0.156634771878479,0.290575360943197,
278,189,231,0.580200735170817,0.156634771878479,0.290575360943197,
277,189,231,0.571726731445436,0.156634771878479,0.290575360943197,
278,190,231,0.580200735170817,0.158956376882091,0.290575360943197,
278,190,231,0.580200735170817,0.158956376882091,0.290575360943197,
279,190,231,0.588800338654243,0.158956376882091,0.290575360943197,
280,191,231,0.597527403506794,0.161312392187631,0.290575360943197,
281,191,231,0.606383818931926,0.161312392187631,0.290575360943197,
282,192,231,0.615371502134439,0.163703327816777,0.290575360943197,
283,192,231,0.624492398735507,0.163703327816777,0.290575360943197,
284,193,231,0.633748483193859,0.166129701350632,0.290575360943197,
285,193,231,0.643141759233203,0.166129701350632,0.290575360943197,
287,193,231,0.662348049883576,0.166129701350632,0.290575360943197,
288,193,231,0.672165222202985,0.166129701350632,0.290575360943197,
289,193,231,0.682127902420191,0.166129701350632,0.290575360943197,
290,193,231,0.692238247220198,0.166129701350632,0.290575360943197,
292,193,231,0.712910717611901,0.166129701350632,0.290575360943197,
293,193,231,0.723477318305266,0.166129701350632,0.290575360943197,
294,193,231,0.734200534753529,0.166129701350632,0.290575360943197,
296,193,231,0.756126134613423,0.166129701350632,0.290575360943197,
297,193,231,0.767333264399663,0.166129701350632,0.290575360943197,
298,193,231,0.778706503717496,0.166129701350632,0.290575360943197,
299,193,231,0.790248314604661,0.166129701350632,0.290575360943197,
300,194,231,0.801961195590662,0.168592038041768,0.290575360943197,
301,194,231,0.813847682237638,0.168592038041768,0.290575360943197,
302,194,231,0.825910347689258,0.168592038041768,0.290575360943197,
303,195,231,0.838151803227737,0.171090870927933,0.290575360943197,
304,195,231,0.850574698839124,0.171090870927933,0.290575360943197,
304,196,231,0.850574698839124,0.173626740947438,0.290575360943197,
305,196,231,0.86318172378696,0.173626740947438,0.290575360943197,
305,196,231,0.86318172378696,0.173626740947438,0.290575360943197,
307,197,231,0.888959118635194,0.176200197056259,0.290575360943197,
307,197,231,0.888959118635194,0.176200197056259,0.290575360943197,
308,198,231,0.902135068732858,0.178811796346872,0.290575360943197,
309,197,231,0.915506309769483,0.176200197056259,0.290575360943197,
309,197,231,0.915506309769483,0.176200197056259,0.290575360943197,
310,197,231,0.929075736302999,0.176200197056259,0.290575360943197,
311,197,231,0.942846285793816,0.176200197056259,0.290575360943197,
311,197,231,0.942846285793816,0.176200197056259,0.290575360943197,
312,197,231,0.956820939240714,0.176200197056259,0.290575360943197,
313,197,231,0.971002721826163,0.176200197056259,0.290575360943197,
313,197,231,0.971002721826163,0.176200197056259,0.290575360943197,
314,197,231,0.985394703571194,0.176200197056259,0.290575360943197,
314,197,231,0.985394703571194,0.176200197056259,0.290575360943197,
314,197,231,0.985394703571194,0.176200197056259,0.290575360943197,
315,198,231,1,0.178811796346872,0.290575360943197,
315,198,231,1,0.178811796346872,0.290575360943197,
315,198,231,1,0.178811796346872,0.290575360943197,
315,199,231,1,0.181462104168853,0.290575360943197,
315,199,231,1,0.181462104168853,0.290575360943197,
316,199,231,1.01482177281436,0.181462104168853,0.290575360943197,
316,200,231,1.01482177281436,0.184151694251259,0.290575360943197,
316,200,231,1.01482177281436,0.184151694251259,0.290575360943197,
316,200,231,1.01482177281436,0.184151694251259,0.290575360943197,
317,201,231,1.02986323057808,0.186881148826831,0.290575360943197,
317,201,231,1.02986323057808,0.186881148826831,0.290575360943197,
318,201,231,1.04512762941157,0.186881148826831,0.290575360943197,
318,201,231,1.04512762941157,0.186881148826831,0.290575360943197,
318,201,231,1.04512762941157,0.186881148826831,0.290575360943197,
318,201,231,1.04512762941157,0.186881148826831,0.290575360943197,
319,201,231,1.06061827369672,0.186881148826831,0.290575360943197,
319,201,231,1.06061827369672,0.186881148826831,0.290575360943197,
319,201,231,1.06061827369672,0.186881148826831,0.290575360943197,
318,201,231,1.04512762941157,0.186881148826831,0.290575360943197,
318,201,231,1.04512762941157,0.186881148826831,0.290575360943197,
317,201,231,1.02986323057808,0.186881148826831,0.290575360943197,
317,201,231,1.02986323057808,0.186881148826831,0.290575360943197,
316,201,231,1.01482177281436,0.186881148826831,0.290575360943197,
316,201,230,1.01482177281436,0.186881148826831,0.286331421661714,
315,201,230,1,0.186881148826831,0.286331421661714,
313,201,229,0.971002721826163,0.186881148826831,0.282149466371464,
312,201,229,0.956820939240714,0.186881148826831,0.282149466371464,
311,201,229,0.942846285793816,0.186881148826831,0.282149466371464,
310,201,228,0.929075736302999,0.186881148826831,0.278028589777879,
309,201,228,0.915506309769483,0.186881148826831,0.278028589777879,
308,201,228,0.902135068732858,0.186881148826831,0.278028589777879,
306,201,227,0.875975607194437,0.186881148826831,0.273967899808491,
305,201,227,0.86318172378696,0.186881148826831,0.273967899808491,
302,201,227,0.825910347689258,0.186881148826831,0.273967899808491,
301,201,226,0.813847682237638,0.186881148826831,0.26996651741981,
300,201,226,0.801961195590662,0.186881148826831,0.26996651741981,
298,200,226,0.778706503717496,0.184151694251259,0.26996651741981,
297,200,225,0.767333264399663,0.184151694251259,0.266023576407042,
295,199,225,0.745082688279827,0.181462104168853,0.266023576407042,
294,199,224,0.734200534753529,0.181462104168853,0.262138223216566,
293,198,224,0.723477318305266,0.178811796346872,0.262138223216566,
292,198,223,0.712910717611901,0.178811796346872,0.258309616761168,
291,198,223,0.702498445253907,0.178811796346872,0.258309616761168,
291,198,223,0.702498445253907,0.178811796346872,0.258309616761168,
290,197,223,0.692238247220198,0.176200197056259,0.258309616761168,
291,197,223,0.702498445253907,0.176200197056259,0.258309616761168,
291,197,223,0.702498445253907,0.176200197056259,0.258309616761168,
291,197,223,0.702498445253907,0.176200197056259,0.258309616761168,
292,197,223,0.712910717611901,0.176200197056259,0.258309616761168,
292,197,223,0.712910717611901,0.176200197056259,0.258309616761168,
292,197,223,0.712910717611901,0.176200197056259,0.258309616761168,
291,195,219,0.702498445253907,0.171090870927933,0.243546262748091,
281,169,206,0.606383818931926,0.116705856909315,0.201147378544695,
271,144,195,0.52341943010218,0.0807882578272354,0.171090870927933,
262,122,185,0.458502653101123,0.0584484721234027,0.147682512891786,
262,99,174,0.458502653101123,0.0416685422048142,0.125615008926736,
261,76,164,0.451806085939188,0.0297059503250759,0.108428579938894,
261,52,153,0.451806085939188,0.0208683839181556,0.0922266067270787,
260,32,142,0.445207324125708,0.0155486715897949,0.0784456182418393,
245,28,131,0.357038997941572,0.0146600072574659,0.0667238581113014,
227,27,122,0.273967899808491,0.0144458935058222,0.0584484721234027,
206,27,110,0.201147378544695,0.0144458935058222,0.0489886923061361,
189,27,102,0.156634771878479,0.0144458935058222,0.0435489447355534,
167,27,85,0.113321704711999,0.0144458935058222,0.0339118464956092,
157,27,75,0.0978172244157804,0.0144458935058222,0.0292720861148788,
150,46,64,0.0882443484715874,0.0191051371517634,0.0248980958315559,
152,66,55,0.0908796097972069,0.0256416334083288,0.0218101246140325,
156,-1,54,0.0963885748573449,0,0.0214915812788953,
161,-1,54,0.10374673569767,0,0.0214915812788953,
166,-1,55,0.111666607622863,0,0.0218101246140325,
171,193,56,0.12019107082401,0.166129701350632,0.0221333893261145,
176,198,56,0.129366278902382,0.178811796346872,0.0221333893261145,
180,-1,57,0.137208239404013,0,0.022461445394318,
183,-1,58,0.143400121984051,0,0.0227943638350347,
186,8,58,0.149871429546522,0.0109229176175945,0.0227943638350347,
189,8,59,0.156634771878479,0.0109229176175945,0.0231322167172454,
191,8,60,0.161312392187631,0.0109229176175945,0.023475077178121,
194,8,60,0.168592038041768,0.0109229176175945,0.023475077178121,
196,9,61,0.173626740947438,0.0110848146209924,0.0238230194388546,
196,9,61,0.173626740947438,0.0110848146209924,0.0238230194388546,
195,9,62,0.171090870927933,0.0110848146209924,0.0241761188207294,
195,9,62,0.171090870927933,0.0110848146209924,0.0241761188207294,
196,10,63,0.173626740947438,0.0112491112249941,0.0245344517614232,
198,10,63,0.178811796346872,0.0112491112249941,0.0245344517614232,
200,10,63,0.184151694251259,0.0112491112249941,0.0245344517614232,
201,10,63,0.186881148826831,0.0112491112249941,0.0245344517614232,
204,10,62,0.195314652055096,0.0112491112249941,0.0241761188207294,
206,9,62,0.201147378544695,0.0110848146209924,0.0241761188207294,
209,9,61,0.210224682900769,0.0110848146209924,0.0238230194388546,
213,9,60,0.222968140266654,0.0110848146209924,0.023475077178121,
217,9,59,0.236484084018986,0.0110848146209924,0.0231322167172454,
221,9,59,0.250819340948967,0.0110848146209924,0.0231322167172454,
224,9,58,0.262138223216566,0.0110848146209924,0.0227943638350347,
227,8,58,0.273967899808491,0.0109229176175945,0.0227943638350347,
230,8,57,0.286331421661714,0.0109229176175945,0.022461445394318,
232,8,56,0.294882202928548,0.0109229176175945,0.0221333893261145,
235,8,56,0.308189537702375,0.0109229176175945,0.0221333893261145,
237,8,55,0.317393072928532,0.0109229176175945,0.0218101246140325,
239,9,56,0.326871455449282,0.0110848146209924,0.0221333893261145,
242,9,56,0.341622389356018,0.0110848146209924,0.0221333893261145,
243,10,56,0.346685838799352,0.0112491112249941,0.0221333893261145,
244,10,57,0.351824337539991,0.0112491112249941,0.022461445394318,
245,10,57,0.357038997941572,0.0112491112249941,0.022461445394318,
246,11,57,0.362330948854928,0.0114158429959344,0.022461445394318,
247,11,58,0.367701335862467,0.0114158429959344,0.0227943638350347,
248,11,58,0.373151321526157,0.0114158429959344,0.0227943638350347,
249,11,58,0.378682085639196,0.0114158429959344,0.0227943638350347,
251,12,59,0.389990756078427,0.0115850460273045,0.0231322167172454,
252,13,59,0.395771110464722,0.0117567569475651,0.0231322167172454,
254,13,59,0.407590114392673,0.0117567569475651,0.0231322167172454,
255,14,60,0.41363132246958,0.0119310129280756,0.023475077178121,
257,15,61,0.425983690026805,0.0121078516911407,0.0238230194388546,
258,15,61,0.432297523503004,0.0121078516911407,0.0238230194388546,
260,15,61,0.445207324125708,0.0121078516911407,0.0238230194388546,
262,16,62,0.458502653101123,0.0122873115181768,0.0241761188207294,
265,16,62,0.479193790914493,0.0122873115181768,0.0241761188207294,
268,17,63,0.500818670727207,0.0124694312579984,0.0245344517614232,
270,17,63,0.515774734168941,0.0124694312579984,0.0245344517614232,
273,17,63,0.539050425232368,0.0124694312579984,0.0245344517614232,
276,17,63,0.563376493056404,0.0124694312579984,0.0245344517614232,
278,17,63,0.580200735170817,0.0124694312579984,0.0245344517614232,
282,17,63,0.615371502134439,0.0124694312579984,0.0245344517614232,
285,17,63,0.643141759233203,0.0124694312579984,0.0245344517614232,
288,17,63,0.672165222202985,0.0124694312579984,0.0245344517614232,
292,17,63,0.712910717611901,0.0124694312579984,0.0245344517614232,
295,17,63,0.745082688279827,0.0124694312579984,0.0245344517614232,
300,17,63,0.801961195590662,0.0124694312579984,0.0245344517614232,
301,17,63,0.813847682237638,0.0124694312579984,0.0245344517614232,
304,18,63,0.850574698839124,0.0126542503352288,0.0245344517614232,
306,18,63,0.875975607194437,0.0126542503352288,0.0245344517614232,
308,18,63,0.902135068732858,0.0126542503352288,0.0245344517614232,
309,18,63,0.915506309769483,0.0126542503352288,0.0245344517614232,
312,18,63,0.956820939240714,0.0126542503352288,0.0245344517614232,
313,19,63,0.971002721826163,0.0128418087588336,0.0245344517614232,
315,19,63,1,0.0128418087588336,0.0245344517614232,
316,20,63,1.01482177281436,0.0130321471307824,0.0245344517614232,
316,20,63,1.01482177281436,0.0130321471307824,0.0245344517614232,
317,21,63,1.02986323057808,0.0132253066548382,0.0245344517614232,
317,21,63,1.02986323057808,0.0132253066548382,0.0245344517614232,
317,21,64,1.02986323057808,0.0132253066548382,0.0248980958315559,
318,20,64,1.04512762941157,0.0130321471307824,0.0248980958315559,
317,20,64,1.02986323057808,0.0130321471307824,0.0248980958315559,
316,19,65,1.01482177281436,0.0128418087588336,0.0252671297514814,
316,19,65,1.01482177281436,0.0128418087588336,0.0252671297514814,
316,18,65,1.01482177281436,0.0126542503352288,0.0252671297514814,
316,17,66,1.01482177281436,0.0124694312579984,0.0256416334083288,
315,16,66,1,0.0122873115181768,0.0256416334083288,
315,16,66,1,0.0122873115181768,0.0256416334083288,
315,15,67,1,0.0121078516911407,0.0260216878732961,
315,14,67,1,0.0119310129280756,0.0260216878732961,
315,14,67,1,0.0119310129280756,0.0260216878732961,
315,14,67,1,0.0119310129280756,0.0260216878732961,
315,14,67,1,0.0119310129280756,0.0260216878732961,
315,13,67,1,0.0117567569475651,0.0260216878732961,
315,14,67,1,0.0119310129280756,0.0260216878732961,
316,14,67,1.01482177281436,0.0119310129280756,0.0260216878732961,
317,13,67,1.02986323057808,0.0117567569475651,0.0260216878732961,
318,14,67,1.04512762941157,0.0119310129280756,0.0260216878732961,
320,14,67,1.07633851679221,0.0119310129280756,0.0260216878732961,
321,14,67,1.09229176175945,0.0119310129280756,0.0260216878732961,
323,15,67,1.12491112249941,0.0121078516911407,0.0260216878732961,
324,15,67,1.14158429959344,0.0121078516911407,0.0260216878732961,
326,16,67,1.17567569475651,0.0122873115181768,0.0260216878732961,
328,17,67,1.21078516911407,0.0124694312579984,0.0260216878732961,
332,18,67,1.28418087588336,0.0126542503352288,0.0260216878732961,
335,19,67,1.34213291454765,0.0128418087588336,0.0260216878732961,
337,20,67,1.38221333924121,0.0130321471307824,0.0260216878732961,
340,21,67,1.44458935058222,0.0132253066548382,0.0260216878732961,
343,22,67,1.50978024344719,0.0134213291454765,0.0260216878732961,
347,23,67,1.60130051546637,0.0136202570369375,0.0260216878732961,
350,24,67,1.6735634117049,0.0138221333924121,0.0260216878732961,
353,25,68,1.74908736114508,0.0140270019133642,0.0264073754192003,
357,26,68,1.85511401752244,0.0142349069489907,0.0264073754192003,
360,26,68,1.9388309154214,0.0142349069489907,0.0264073754192003,
364,27,69,2.05635949850408,0.0144458935058222,0.0267987795382872,
368,27,70,2.18101246140325,0.0144458935058222,0.0271959849603058,
372,28,70,2.31322167172454,0.0146600072574659,0.0271959849603058,
375,29,70,2.41761188207294,0.0148772945544929,0.0271959849603058,
378,29,71,2.52671297514814,0.0148772945544929,0.0275990776708502,
382,30,71,2.67987795382872,0.0150978024344719,0.0275990776708502,
384,30,71,2.75990776708502,0.0150978024344719,0.0275990776708502,
388,30,72,2.92720861148788,0.0150978024344719,0.0280081449299734,
390,31,72,3.01462451720288,0.0153215786321518,0.0280081449299734,
394,31,72,3.19736585127952,0.0153215786321518,0.0280081449299734,
397,31,72,3.34165539250927,0.0153215786321518,0.0280081449299734,
398,32,72,3.39118464956092,0.0155486715897949,0.0280081449299734,
400,32,72,3.49245637868361,0.0155486715897949,0.0280081449299734,
402,32,72,3.59675240880412,0.0155486715897949,0.0280081449299734,
403,33,72,3.65006265587692,0.0157791304676639,0.0280081449299734,
405,33,72,3.7590653185938,0.0157791304676639,0.0280081449299734,
406,33,72,3.81478133074034,0.0157791304676639,0.0280081449299734,
407,34,72,3.87132315296103,0.0160130051546637,0.0280081449299734,
409,34,72,3.98693336892016,0.0160130051546637,0.0280081449299734,
410,34,72,4.04602678954029,0.0160130051546637,0.0280081449299734,
409,35,72,3.98693336892016,0.0162503462791413,0.0280081449299734,
409,35,72,3.98693336892016,0.0162503462791413,0.0280081449299734,
408,36,72,3.92870302522519,0.0164912052198454,0.0280081449299734,
407,36,72,3.87132315296103,0.0164912052198454,0.0280081449299734,
406,37,72,3.81478133074034,0.016735634117049,0.0280081449299734,
405,37,72,3.7590653185938,0.016735634117049,0.0280081449299734,
403,38,72,3.65006265587692,0.0169836858838361,0.0280081449299734,
402,38,72,3.59675240880412,0.0169836858838361,0.0280081449299734,
401,38,72,3.54422077369252,0.0169836858838361,0.0280081449299734,
400,38,72,3.49245637868361,0.0169836858838361,0.0280081449299734,
399,38,72,3.44144801800826,0.0169836858838361,0.0280081449299734,
397,38,72,3.34165539250927,0.0169836858838361,0.0280081449299734,
396,38,72,3.29284952493876,0.0169836858838361,0.0280081449299734,
395,38,72,3.24475648153158,0.0169836858838361,0.0280081449299734,
393,38,72,3.15066737523024,0.0169836858838361,0.0280081449299734,
392,38,72,3.10465094426644,0.0169836858838361,0.0280081449299734,
390,38,72,3.01462451720288,0.0169836858838361,0.0280081449299734,
389,38,72,2.97059503250759,0.0169836858838361,0.0280081449299734,
389,38,72,2.97059503250759,0.0169836858838361,0.0280081449299734,
388,38,72,2.92720861148788,0.0169836858838361,0.0280081449299734,
387,38,72,2.88445586200814,0.0169836858838361,0.0280081449299734,
387,38,72,2.88445586200814,0.0169836858838361,0.0280081449299734,
387,38,72,2.88445586200814,0.0169836858838361,0.0280081449299734,
387,38,72,2.88445586200814,0.0169836858838361,0.0280081449299734,
387,38,72,2.88445586200814,0.0169836858838361,0.0280081449299734,
387,38,72,2.88445586200814,0.0169836858838361,0.0280081449299734,
388,38,72,2.92720861148788,0.0169836858838361,0.0280081449299734,
388,38,72,2.92720861148788,0.0169836858838361,0.0280081449299734,
388,38,72,2.92720861148788,0.0169836858838361,0.0280081449299734,
389,38,72,2.97059503250759,0.0169836858838361,0.0280081449299734,
389,38,72,2.97059503250759,0.0169836858838361,0.0280081449299734,
390,38,72,3.01462451720288,0.0169836858838361,0.0280081449299734,
390,38,72,3.01462451720288,0.0169836858838361,0.0280081449299734,
390,38,72,3.01462451720288,0.0169836858838361,0.0280081449299734,
391,38,72,3.05930659691746,0.0169836858838361,0.0280081449299734,
391,38,72,3.05930659691746,0.0169836858838361,0.0280081449299734,
392,38,72,3.10465094426644,0.0169836858838361,0.0280081449299734,
392,38,72,3.10465094426644,0.0169836858838361,0.0280081449299734,
393,38,72,3.15066737523024,0.0169836858838361,0.0280081449299734,
393,38,72,3.15066737523024,0.0169836858838361,0.0280081449299734,
394,38,72,3.19736585127952,0.0169836858838361,0.0280081449299734,
393,38,72,3.15066737523024,0.0169836858838361,0.0280081449299734,
393,38,72,3.15066737523024,0.0169836858838361,0.0280081449299734,
392,38,72,3.10465094426644,0.0169836858838361,0.0280081449299734,
391,38,72,3.05930659691746,0.0169836858838361,0.0280081449299734,
390,37,72,3.01462451720288,0.016735634117049,0.0280081449299734,
389,37,72,2.97059503250759,0.016735634117049,0.0280081449299734,
388,36,72,2.92720861148788,0.0164912052198454,0.0280081449299734,
387,36,72,2.88445586200814,0.0164912052198454,0.0280081449299734,
386,36,72,2.84232752910771,0.0164912052198454,0.0280081449299734,
385,35,72,2.80081449299734,0.0162503462791413,0.0280081449299734,
384,35,72,2.75990776708502,0.0162503462791413,0.0280081449299734,
383,35,72,2.71959849603058,0.0162503462791413,0.0280081449299734,
382,35,72,2.67987795382872,0.0162503462791413,0.0280081449299734,
381,35,72,2.64073754192003,0.0162503462791413,0.0280081449299734,
381,35,72,2.64073754192003,0.0162503462791413,0.0280081449299734,
380,36,72,2.60216878732961,0.0164912052198454,0.0280081449299734,
380,36,72,2.60216878732961,0.0164912052198454,0.0280081449299734,
379,37,72,2.56416334083288,0.016735634117049,0.0280081449299734,
379,37,72,2.56416334083288,0.016735634117049,0.0280081449299734,
379,37,72,2.56416334083288,0.016735634117049,0.0280081449299734,
380,38,72,2.60216878732961,0.0169836858838361,0.0280081449299734,
381,39,72,2.64073754192003,0.0172354142175568,0.0280081449299734,
383,39,72,2.71959849603058,0.0172354142175568,0.0280081449299734,
384,40,72,2.75990776708502,0.0174908736114508,0.0280081449299734,
386,41,72,2.84232752910771,0.0177501193664444,0.0280081449299734,
388,41,72,2.92720861148788,0.0177501193664444,0.0280081449299734,
390,42,72,3.01462451720288,0.0180132076031216,0.0280081449299734,
392,43,72,3.10465094426644,0.018280195273873,0.0280081449299734,
395,43,72,3.24475648153158,0.018280195273873,0.0280081449299734,
397,44,72,3.34165539250927,0.0185511401752244,0.0280081449299734,
399,45,72,3.44144801800826,0.0188261009603489,0.0280081449299734,
401,45,72,3.54422077369252,0.0188261009603489,0.0280081449299734,
403,46,72,3.65006265587692,0.0191051371517634,0.0280081449299734,
404,46,72,3.7041630553205,0.0191051371517634,0.0280081449299734,
406,47,72,3.81478133074034,0.0193883091542141,0.0280081449299734,
408,48,72,3.92870302522519,0.0196756782677524,0.0280081449299734,
409,48,72,3.98693336892016,0.0196756782677524,0.0280081449299734,
411,49,72,4.10599607941567,0.0199673067010054,0.0280081449299734,
412,49,72,4.16685422048142,0.0199673067010054,0.0280081449299734,
413,50,72,4.22861438708795,0.0202632575846424,0.0280081449299734,
413,50,72,4.22861438708795,0.0202632575846424,0.0280081449299734,
414,51,72,4.2912899488529,0.0205635949850408,0.0280081449299734,
415,51,72,4.35489447355534,0.0205635949850408,0.0280081449299734,
416,51,72,4.41944173007289,0.0205635949850408,0.0280081449299734,
417,51,73,4.48494569136233,0.0205635949850408,0.0284232752910771,
417,51,73,4.48494569136233,0.0205635949850408,0.0284232752910771,
418,51,73,4.55142053748444,0.0205635949850408,0.0284232752910771,
419,51,74,4.61888065867365,0.0205635949850408,0.0288445586200814,
419,51,74,4.61888065867365,0.0205635949850408,0.0288445586200814,
420,51,74,4.68734065845315,0.0205635949850408,0.0288445586200814,
421,51,75,4.75681535679625,0.0205635949850408,0.0292720861148788,
421,51,75,4.75681535679625,0.0205635949850408,0.0292720861148788,
422,51,75,4.82731979333454,0.0205635949850408,0.0292720861148788,
422,51,76,4.82731979333454,0.0205635949850408,0.0297059503250759,
420,51,76,4.68734065845315,0.0205635949850408,0.0297059503250759,
419,51,76,4.61888065867365,0.0205635949850408,0.0297059503250759,
418,51,76,4.55142053748444,0.0205635949850408,0.0297059503250759,
416,51,76,4.41944173007289,0.0205635949850408,0.0297059503250759,
414,51,76,4.2912899488529,0.0205635949850408,0.0297059503250759,
411,51,76,4.10599607941567,0.0205635949850408,0.0297059503250759,
409,51,76,3.98693336892016,0.0205635949850408,0.0297059503250759,
408,51,76,3.92870302522519,0.0205635949850408,0.0297059503250759,
406,51,76,3.81478133074034,0.0205635949850408,0.0297059503250759,
405,52,76,3.7590653185938,0.0208683839181556,0.0297059503250759,
404,52,76,3.7041630553205,0.0208683839181556,0.0297059503250759,
403,52,76,3.65006265587692,0.0208683839181556,0.0297059503250759,
402,52,76,3.59675240880412,0.0208683839181556,0.0297059503250759,
402,53,76,3.59675240880412,0.0211776903635933,0.0297059503250759,
402,53,76,3.59675240880412,0.0211776903635933,0.0297059503250759,
402,53,76,3.59675240880412,0.0211776903635933,0.0297059503250759,
402,54,76,3.59675240880412,0.0214915812788953,0.0297059503250759,
402,54,76,3.59675240880412,0.0214915812788953,0.0297059503250759,
402,54,76,3.59675240880412,0.0214915812788953,0.0297059503250759,
402,55,76,3.59675240880412,0.0218101246140325,0.0297059503250759,
402,55,76,3.59675240880412,0.0218101246140325,0.0297059503250759,
403,55,76,3.65006265587692,0.0218101246140325,0.0297059503250759,
403,55,76,3.65006265587692,0.0218101246140325,0.0297059503250759,
404,55,76,3.7041630553205,0.0218101246140325,0.0297059503250759,
404,54,76,3.7041630553205,0.0214915812788953,0.0297059503250759,
405,54,76,3.7590653185938,0.0214915812788953,0.0297059503250759,
406,54,76,3.81478133074034,0.0214915812788953,0.0297059503250759,
406,54,76,3.81478133074034,0.0214915812788953,0.0297059503250759,
407,53,76,3.87132315296103,0.0211776903635933,0.0297059503250759,
408,53,76,3.92870302522519,0.0211776903635933,0.0297059503250759,
408,52,76,3.92870302522519,0.0208683839181556,0.0297059503250759,
409,52,76,3.98693336892016,0.0208683839181556,0.0297059503250759,
409,52,76,3.98693336892016,0.0208683839181556,0.0297059503250759,
409,52,76,3.98693336892016,0.0208683839181556,0.0297059503250759,
408,51,76,3.92870302522519,0.0205635949850408,0.0297059503250759,
407,51,76,3.87132315296103,0.0205635949850408,0.0297059503250759,
406,51,75,3.81478133074034,0.0205635949850408,0.0292720861148788,
404,51,75,3.7041630553205,0.0205635949850408,0.0292720861148788,
402,51,74,3.59675240880412,0.0205635949850408,0.0288445586200814,
400,51,74,3.49245637868361,0.0205635949850408,0.0288445586200814,
399,51,73,3.44144801800826,0.0205635949850408,0.0284232752910771,
398,51,73,3.39118464956092,0.0205635949850408,0.0284232752910771,
397,51,72,3.34165539250927,0.0205635949850408,0.0280081449299734,
395,51,72,3.24475648153158,0.0205635949850408,0.0280081449299734,
394,51,72,3.19736585127952,0.0205635949850408,0.0280081449299734,
393,51,72,3.15066737523024,0.0205635949850408,0.0280081449299734,
393,51,72,3.15066737523024,0.0205635949850408,0.0280081449299734,
392,51,72,3.10465094426644,0.0205635949850408,0.0280081449299734,
392,51,72,3.10465094426644,0.0205635949850408,0.0280081449299734,
392,51,72,3.10465094426644,0.0205635949850408,0.0280081449299734,
392,51,72,3.10465094426644,0.0205635949850408,0.0280081449299734,
391,51,72,3.05930659691746,0.0205635949850408,0.0280081449299734,
391,51,72,3.05930659691746,0.0205635949850408,0.0280081449299734,
391,51,72,3.05930659691746,0.0205635949850408,0.0280081449299734,
392,51,72,3.10465094426644,0.0205635949850408,0.0280081449299734,
393,52,72,3.15066737523024,0.0208683839181556,0.0280081449299734,
394,52,72,3.19736585127952,0.0208683839181556,0.0280081449299734,
395,52,72,3.24475648153158,0.0208683839181556,0.0280081449299734,
397,53,72,3.34165539250927,0.0211776903635933,0.0280081449299734,
399,53,72,3.44144801800826,0.0211776903635933,0.0280081449299734,
401,54,72,3.54422077369252,0.0214915812788953,0.0280081449299734,
402,54,72,3.59675240880412,0.0214915812788953,0.0280081449299734,
403,55,72,3.65006265587692,0.0218101246140325,0.0280081449299734,
404,55,72,3.7041630553205,0.0218101246140325,0.0280081449299734,
405,56,72,3.7590653185938,0.0221333893261145,0.0280081449299734,
406,56,73,3.81478133074034,0.0221333893261145,0.0284232752910771,
406,57,73,3.81478133074034,0.022461445394318,0.0284232752910771,
405,57,73,3.7590653185938,0.022461445394318,0.0284232752910771,
405,57,73,3.7590653185938,0.022461445394318,0.0284232752910771,
405,57,74,3.7590653185938,0.022461445394318,0.0288445586200814,
404,58,74,3.7041630553205,0.0227943638350347,0.0288445586200814,
404,58,74,3.7041630553205,0.0227943638350347,0.0288445586200814,
404,58,75,3.7041630553205,0.0227943638350347,0.0292720861148788,
403,59,75,3.65006265587692,0.0231322167172454,0.0292720861148788,
403,59,75,3.65006265587692,0.0231322167172454,0.0292720861148788,
403,60,76,3.65006265587692,0.023475077178121,0.0297059503250759,
403,61,76,3.65006265587692,0.0238230194388546,0.0297059503250759,
403,61,76,3.65006265587692,0.0238230194388546,0.0297059503250759,
404,62,76,3.7041630553205,0.0241761188207294,0.0297059503250759,
404,63,76,3.7041630553205,0.0245344517614232,0.0297059503250759,
405,64,76,3.7590653185938,0.0248980958315559,0.0297059503250759,
405,66,76,3.7590653185938,0.0256416334083288,0.0297059503250759,
406,66,76,3.81478133074034,0.0256416334083288,0.0297059503250759,
406,67,76,3.81478133074034,0.0260216878732961,0.0297059503250759,
407,67,76,3.87132315296103,0.0260216878732961,0.0297059503250759,
407,68,76,3.87132315296103,0.0264073754192003,0.0297059503250759,
407,68,76,3.87132315296103,0.0264073754192003,0.0297059503250759,
408,68,76,3.92870302522519,0.0264073754192003,0.0297059503250759,
408,68,76,3.92870302522519,0.0264073754192003,0.0297059503250759,
408,68,76,3.92870302522519,0.0264073754192003,0.0297059503250759,
409,68,76,3.98693336892016,0.0264073754192003,0.0297059503250759,
409,68,76,3.98693336892016,0.0264073754192003,0.0297059503250759,
409,68,76,3.98693336892016,0.0264073754192003,0.0297059503250759,
410,68,76,4.04602678954029,0.0264073754192003,0.0297059503250759,
410,68,76,4.04602678954029,0.0264073754192003,0.0297059503250759,
410,68,76,4.04602678954029,0.0264073754192003,0.0297059503250759,
411,68,76,4.10599607941567,0.0264073754192003,0.0297059503250759,
410,67,76,4.04602678954029,0.0260216878732961,0.0297059503250759,
409,67,76,3.98693336892016,0.0260216878732961,0.0297059503250759,
409,67,76,3.98693336892016,0.0260216878732961,0.0297059503250759,
408,67,76,3.92870302522519,0.0260216878732961,0.0297059503250759,
407,65,76,3.87132315296103,0.0252671297514814,0.0297059503250759,
406,65,76,3.81478133074034,0.0252671297514814,0.0297059503250759,
405,65,76,3.7590653185938,0.0252671297514814,0.0297059503250759,
404,64,76,3.7041630553205,0.0248980958315559,0.0297059503250759,
403,64,76,3.65006265587692,0.0248980958315559,0.0297059503250759,
403,64,76,3.65006265587692,0.0248980958315559,0.0297059503250759,
402,64,76,3.59675240880412,0.0248980958315559,0.0297059503250759,
402,64,76,3.59675240880412,0.0248980958315559,0.0297059503250759,
402,64,76,3.59675240880412,0.0248980958315559,0.0297059503250759,
402,64,76,3.59675240880412,0.0248980958315559,0.0297059503250759,
402,64,76,3.59675240880412,0.0248980958315559,0.0297059503250759,
402,64,76,3.59675240880412,0.0248980958315559,0.0297059503250759,
402,64,76,3.59675240880412,0.0248980958315559,0.0297059503250759,
402,64,76,3.59675240880412,0.0248980958315559,0.0297059503250759,
402,64,76,3.59675240880412,0.0248980958315559,0.0297059503250759,
402,64,76,3.59675240880412,0.0248980958315559,0.0297059503250759,
402,64,76,3.59675240880412,0.0248980958315559,0.0297059503250759,
402,64,76,3.59675240880412,0.0248980958315559,0.0297059503250759,
402,64,76,3.59675240880412,0.0248980958315559,0.0297059503250759,
402,64,77,3.59675240880412,0.0248980958315559,0.0301462451720288,
401,64,77,3.54422077369252,0.0248980958315559,0.0301462451720288,
401,64,78,3.54422077369252,0.0248980958315559,0.0305930659691746,
401,64,78,3.54422077369252,0.0248980958315559,0.0305930659691746,
400,64,78,3.49245637868361,0.0248980958315559,0.0305930659691746,
400,64,78,3.49245637868361,0.0248980958315559,0.0305930659691746,
400,64,79,3.49245637868361,0.0248980958315559,0.0310465094426644,
399,64,79,3.44144801800826,0.0248980958315559,0.0310465094426644,
399,64,80,3.44144801800826,0.0248980958315559,0.0315066737523024,
399,64,80,3.44144801800826,0.0248980958315559,0.0315066737523024,
399,64,80,3.44144801800826,0.0248980958315559,0.0315066737523024,
399,65,81,3.44144801800826,0.0252671297514814,0.0319736585127952,
400,66,81,3.49245637868361,0.0256416334083288,0.0319736585127952,
401,66,82,3.54422077369252,0.0256416334083288,0.0324475648153158,
402,67,82,3.59675240880412,0.0260216878732961,0.0324475648153158,
403,68,83,3.65006265587692,0.0264073754192003,0.0329284952493876,
404,69,83,3.7041630553205,0.0267987795382872,0.0329284952493876,
406,70,84,3.81478133074034,0.0271959849603058,0.0334165539250927,
407,71,84,3.87132315296103,0.0275990776708502,0.0334165539250927,
408,71,84,3.92870302522519,0.0275990776708502,0.0334165539250927,
410,72,84,4.04602678954029,0.0280081449299734,0.0334165539250927,
411,72,84,4.10599607941567,0.0280081449299734,0.0334165539250927,
413,72,84,4.22861438708795,0.0280081449299734,0.0334165539250927,
415,72,84,4.35489447355534,0.0280081449299734,0.0334165539250927,
416,72,84,4.41944173007289,0.0280081449299734,0.0334165539250927,
418,72,84,4.55142053748444,0.0280081449299734,0.0334165539250927,
419,72,84,4.61888065867365,0.0280081449299734,0.0334165539250927,
421,72,84,4.75681535679625,0.0280081449299734,0.0334165539250927,
423,72,84,4.89886923061361,0.0280081449299734,0.0334165539250927,
424,72,84,4.97147915739702,0.0280081449299734,0.0334165539250927,
425,73,84,5.04516529201928,0.0284232752910771,0.0334165539250927,
426,73,84,5.11994358578848,0.0284232752910771,0.0334165539250927,
427,73,85,5.19583022643937,0.0284232752910771,0.0339118464956092,
428,75,86,5.27284164163764,0.0292720861148788,0.0344144801800826,
429,75,86,5.35099450253609,0.0292720861148788,0.0344144801800826,
430,76,87,5.43030572738357,0.0297059503250759,0.0349245637868361,
430,77,87,5.43030572738357,0.0301462451720288,0.0349245637868361,
432,77,87,5.59247219942989,0.0301462451720288,0.0349245637868361,
433,78,88,5.67536255184046,0.0305930659691746,0.0354422077369252,
435,79,88,5.84484721234027,0.0310465094426644,0.0354422077369252,
437,80,88,6.01939323233603,0.0315066737523024,0.0354422077369252,
439,80,88,6.19915176037341,0.0315066737523024,0.0354422077369252,
440,80,88,6.2910341794074,0.0315066737523024,0.0354422077369252,
443,81,88,6.57493363847122,0.0319736585127952,0.0354422077369252,
446,81,88,6.87164480711382,0.0319736585127952,0.0354422077369252,
449,81,88,7.18174584741719,0.0319736585127952,0.0354422077369252,
451,81,88,7.39621597961178,0.0319736585127952,0.0354422077369252,
455,81,88,7.84456182418393,0.0319736585127952,0.0354422077369252,
458,81,88,8.19856830308185,0.0319736585127952,0.0354422077369252,
461,82,88,8.56855025516878,0.0324475648153158,0.0354422077369252,
462,82,88,8.69555136039931,0.0324475648153158,0.0354422077369252,
464,82,88,8.95522861567845,0.0324475648153158,0.0354422077369252,
466,82,89,9.22266067270787,0.0324475648153158,0.0359675240880412,
468,82,89,9.49807911492033,0.0324475648153158,0.0359675240880412,
470,83,90,9.78172244157804,0.0329284952493876,0.0365006265587691,
472,83,90,10.0738362743017,0.0329284952493876,0.0365006265587691,
474,84,91,10.374673569767,0.0334165539250927,0.037041630553205,
475,84,91,10.5284446244412,0.0334165539250927,0.037041630553205,
475,85,92,10.5284446244412,0.0339118464956092,0.037590653185938,
475,85,92,10.5284446244412,0.0339118464956092,0.037590653185938,
475,86,92,10.5284446244412,0.0344144801800826,0.037590653185938,
474,86,92,10.374673569767,0.0344144801800826,0.037590653185938,
473,86,92,10.2231483869284,0.0344144801800826,0.037590653185938,
471,87,92,9.92670490934023,0.0349245637868361,0.037590653185938,
469,87,93,9.63885748573449,0.0349245637868361,0.0381478133074034,
467,87,93,9.35935685394268,0.0349245637868361,0.0381478133074034,
465,88,93,9.08796097972069,0.0354422077369252,0.0381478133074034,
463,88,93,8.82443484715874,0.0354422077369252,0.0381478133074034,
462,88,93,8.69555136039931,0.0354422077369252,0.0381478133074034,
458,88,92,8.19856830308185,0.0354422077369252,0.037590653185938,
456,88,93,7.96083213737018,0.0354422077369252,0.0381478133074034,
454,88,93,7.72998967338764,0.0354422077369252,0.0381478133074034,
453,88,93,7.6170908828162,0.0354422077369252,0.0381478133074034,
452,88,93,7.50584101254752,0.0354422077369252,0.0381478133074034,
452,88,93,7.50584101254752,0.0354422077369252,0.0381478133074034,
453,88,94,7.6170908828162,0.0354422077369252,0.0387132315296103,
455,88,94,7.84456182418393,0.0354422077369252,0.0387132315296103,
456,88,95,7.96083213737018,0.0354422077369252,0.0392870302522519,
458,88,96,8.19856830308185,0.0354422077369252,0.0398693336892017,
460,88,96,8.44340403872692,0.0354422077369252,0.0398693336892017,
463,88,96,8.82443484715874,0.0354422077369252,0.0398693336892017,
465,91,97,9.08796097972069,0.037041630553205,0.0404602678954029,
466,91,97,9.22266067270787,0.037041630553205,0.0404602678954029,
467,91,97,9.35935685394268,0.037041630553205,0.0404602678954029,
469,91,97,9.63885748573449,0.037041630553205,0.0404602678954029,
471,91,97,9.92670490934023,0.037041630553205,0.0404602678954029,
472,91,97,10.0738362743017,0.037041630553205,0.0404602678954029,
473,91,97,10.2231483869284,0.037041630553205,0.0404602678954029,
474,91,97,10.374673569767,0.037041630553205,0.0404602678954029,
476,91,97,10.6844948387532,0.037041630553205,0.0404602678954029,
476,91,97,10.6844948387532,0.037041630553205,0.0404602678954029,
477,91,97,10.8428579938894,0.037041630553205,0.0404602678954029,
478,91,97,11.0035683717332,0.037041630553205,0.0404602678954029,
479,91,97,11.1666607622863,0.037041630553205,0.0404602678954029,
481,91,97,11.5001333274177,0.037041630553205,0.0404602678954029,
481,91,97,11.5001333274177,0.037041630553205,0.0404602678954029,
479,90,98,11.1666607622863,0.0365006265587691,0.0410599607941567,
478,91,98,11.0035683717332,0.037041630553205,0.0410599607941567,
477,91,98,10.8428579938894,0.037041630553205,0.0410599607941567,
476,90,99,10.6844948387532,0.0365006265587691,0.0416685422048142,
476,91,99,10.6844948387532,0.037041630553205,0.0416685422048142,
475,91,99,10.5284446244412,0.037041630553205,0.0416685422048142,
474,90,100,10.374673569767,0.0365006265587691,0.0422861438708795,
473,90,100,10.2231483869284,0.0365006265587691,0.0422861438708795,
472,89,100,10.0738362743017,0.0359675240880412,0.0422861438708795,
471,89,101,9.92670490934023,0.0359675240880412,0.042912899488529,
470,89,101,9.78172244157804,0.0359675240880412,0.042912899488529,
470,90,101,9.78172244157804,0.0365006265587691,0.042912899488529,
470,90,102,9.78172244157804,0.0365006265587691,0.0435489447355534,
470,92,103,9.78172244157804,0.037590653185938,0.0441944173007289,
470,92,103,9.78172244157804,0.037590653185938,0.0441944173007289,
470,93,104,9.78172244157804,0.0381478133074034,0.0448494569136233,
470,94,104,9.78172244157804,0.0387132315296103,0.0448494569136233,
470,94,104,9.78172244157804,0.0387132315296103,0.0448494569136233,
470,95,105,9.78172244157804,0.0392870302522519,0.0455142053748444,
470,96,105,9.78172244157804,0.0398693336892017,0.0455142053748444,
469,97,106,9.63885748573449,0.0404602678954029,0.0461888065867365,
469,97,106,9.63885748573449,0.0404602678954029,0.0461888065867365,
469,98,106,9.63885748573449,0.0410599607941567,0.0461888065867365,
469,98,107,9.63885748573449,0.0410599607941567,0.0468734065845315,
468,98,107,9.49807911492033,0.0410599607941567,0.0468734065845315,
468,99,107,9.49807911492033,0.0416685422048142,0.0468734065845315,
468,99,108,9.49807911492033,0.0416685422048142,0.0475681535679625,
467,99,108,9.35935685394268,0.0416685422048142,0.0475681535679625,
467,100,109,9.35935685394268,0.0422861438708795,0.0482731979333454,
468,100,109,9.49807911492033,0.0422861438708795,0.0482731979333454,
467,100,109,9.35935685394268,0.0422861438708795,0.0482731979333454,
468,101,110,9.49807911492033,0.042912899488529,0.0489886923061361,
469,101,110,9.63885748573449,0.042912899488529,0.0489886923061361,
471,101,110,9.92670490934023,0.042912899488529,0.0489886923061361,
473,102,111,10.2231483869284,0.0435489447355534,0.0497147915739702,
474,103,111,10.374673569767,0.0441944173007289,0.0497147915739702,
476,103,112,10.6844948387532,0.0441944173007289,0.0504516529201928,
479,104,112,11.1666607622863,0.0448494569136233,0.0504516529201928,
480,105,113,11.3321704711999,0.0455142053748444,0.0511994358578848,
480,105,113,11.3321704711999,0.0455142053748444,0.0511994358578848,
483,107,114,11.843564460653,0.0468734065845315,0.0519583022643937,
485,107,114,12.1972515570078,0.0468734065845315,0.0519583022643937,
485,107,114,12.1972515570078,0.0468734065845315,0.0519583022643937,
485,107,114,12.1972515570078,0.0468734065845315,0.0519583022643937,
485,106,114,12.1972515570078,0.0461888065867365,0.0519583022643937,
484,106,114,12.019107082401,0.0461888065867365,0.0519583022643937,
484,106,114,12.019107082401,0.0461888065867365,0.0519583022643937,
484,106,114,12.019107082401,0.0461888065867365,0.0519583022643937,
483,106,114,11.843564460653,0.0461888065867365,0.0519583022643937,
483,106,114,11.843564460653,0.0461888065867365,0.0519583022643937,
483,105,114,11.843564460653,0.0455142053748444,0.0519583022643937,
482,105,114,11.6705856909315,0.0455142053748444,0.0519583022643937,
482,105,114,11.6705856909315,0.0455142053748444,0.0519583022643937,
483,105,114,11.843564460653,0.0455142053748444,0.0519583022643937,
483,106,115,11.843564460653,0.0461888065867365,0.0527284164163764,
483,106,115,11.843564460653,0.0461888065867365,0.0527284164163764,
484,107,116,12.019107082401,0.0468734065845315,0.0535099450253609,
484,108,116,12.019107082401,0.0475681535679625,0.0535099450253609,
485,109,117,12.1972515570078,0.0482731979333454,0.0543030572738357,
485,110,117,12.1972515570078,0.0489886923061361,0.0543030572738357,
486,110,117,12.3780364485454,0.0489886923061361,0.0543030572738357,
487,112,118,12.5615008926736,0.0504516529201928,0.0551079248518736,
487,113,118,12.5615008926736,0.0511994358578848,0.0551079248518736,
488,114,118,12.7476846051122,0.0519583022643937,0.0551079248518736,
489,115,118,12.9366278902382,0.0527284164163764,0.0551079248518736,
489,116,118,12.9366278902382,0.0535099450253609,0.0551079248518736,
490,117,118,13.1283716498113,0.0543030572738357,0.0551079248518736,
490,118,118,13.1283716498113,0.0551079248518736,0.0551079248518736,
491,124,118,13.3229573918272,0.0601939323233603,0.0551079248518736,
492,124,118,13.5204272395043,0.0601939323233603,0.0551079248518736,
492,124,118,13.5204272395043,0.0601939323233603,0.0551079248518736,
494,124,118,13.9241908756718,0.0601939323233603,0.0551079248518736,
496,124,118,14.3400121984051,0.0601939323233603,0.0551079248518736,
498,125,118,14.7682512891786,0.0610861131130601,0.0551079248518736,
500,125,118,15.2092789826623,0.0610861131130601,0.0551079248518736,
502,125,118,15.6634771878479,0.0610861131130601,0.0551079248518736,
504,125,118,16.1312392187631,0.0610861131130601,0.0551079248518736,
506,126,118,16.6129701350632,0.0619915176037341,0.0551079248518736,
509,126,118,17.3626740947438,0.0619915176037341,0.0551079248518736,
511,126,118,17.8811796346872,0.0619915176037341,0.0551079248518736,
513,126,118,18.4151694251259,0.0619915176037341,0.0551079248518736,
515,127,118,18.9651058758029,0.062910341794074,0.0551079248518736,
516,127,118,19.2462023664943,0.062910341794074,0.0551079248518736,
518,127,118,19.8209561455173,0.062910341794074,0.0551079248518736,
520,128,119,20.4128739291689,0.0638427845878195,0.0559247219942989,
522,128,119,21.0224682900769,0.0638427845878195,0.0559247219942989,
523,129,119,21.3340585390695,0.0647890478368163,0.0559247219942989,
523,129,119,21.3340585390695,0.0647890478368163,0.0559247219942989,
524,131,120,21.6502671079438,0.0667238581113014,0.0567536255184046,
525,131,120,21.971162448388,0.0667238581113014,0.0567536255184046,
525,132,121,21.971162448388,0.0677128239775246,0.0575948148622296,
526,133,121,22.2968140266654,0.0687164480711382,0.0575948148622296,
527,133,121,22.6272923386526,0.0687164480711382,0.0575948148622296,
528,134,122,22.9626689251002,0.0697349476530583,0.0584484721234027,
529,134,122,23.3030163871194,0.0697349476530583,0.0584484721234027,
530,134,122,23.6484084018986,0.0697349476530583,0.0584484721234027,
531,134,122,23.9989197386527,0.0697349476530583,0.0584484721234027,
532,134,122,24.3546262748091,0.0697349476530583,0.0584484721234027,
533,134,122,24.7156050124329,0.0697349476530583,0.0584484721234027,
534,133,122,25.0819340948967,0.0687164480711382,0.0584484721234027,
535,133,122,25.453692823796,0.0687164480711382,0.0584484721234027,
537,133,122,26.2138223216566,0.0687164480711382,0.0584484721234027,
538,132,122,26.6023576407042,0.0677128239775246,0.0584484721234027,
540,132,122,27.3967899808491,0.0677128239775246,0.0584484721234027,
541,132,122,27.8028589777879,0.0677128239775246,0.0584484721234027,
542,131,122,28.2149466371464,0.0667238581113014,0.0584484721234027,
543,131,122,28.6331421661714,0.0667238581113014,0.0584484721234027,
543,131,122,28.6331421661714,0.0667238581113014,0.0584484721234027,
543,131,122,28.6331421661714,0.0667238581113014,0.0584484721234027,
543,132,122,28.6331421661714,0.0677128239775246,0.0584484721234027,
542,132,122,28.2149466371464,0.0677128239775246,0.0584484721234027,
541,133,122,27.8028589777879,0.0687164480711382,0.0584484721234027,
540,133,122,27.3967899808491,0.0687164480711382,0.0584484721234027,
539,134,122,26.996651741981,0.0697349476530583,0.0584484721234027,
538,134,122,26.6023576407042,0.0697349476530583,0.0584484721234027,
537,134,122,26.2138223216566,0.0697349476530583,0.0584484721234027,
536,135,122,25.8309616761168,0.0707685432043933,0.0584484721234027,
535,135,123,25.453692823796,0.0707685432043933,0.0593147820985622,
534,136,123,25.0819340948967,0.0718174584741719,0.0593147820985622,
533,136,123,24.7156050124329,0.0718174584741719,0.0593147820985622,
532,136,124,24.3546262748091,0.0718174584741719,0.0601939323233603,
531,137,124,23.9989197386527,0.0728819205277808,0.0601939323233603,
530,137,124,23.6484084018986,0.0728819205277808,0.0601939323233603,
529,137,125,23.3030163871194,0.0728819205277808,0.0610861131130601,
528,138,125,22.9626689251002,0.0739621597961178,0.0610861131130601,
526,138,125,22.2968140266654,0.0739621597961178,0.0610861131130601,
523,138,126,21.3340585390695,0.0739621597961178,0.0619915176037341,
520,139,126,20.4128739291689,0.0750584101254752,0.0619915176037341,
517,140,126,19.5314652055096,0.076170908828162,0.0619915176037341,
515,141,126,18.9651058758029,0.0772998967338763,0.0619915176037341,
512,141,126,18.1462104168853,0.0772998967338763,0.0619915176037341,
509,142,126,17.3626740947438,0.0784456182418393,0.0619915176037341,
506,143,126,16.6129701350632,0.0796083213737018,0.0619915176037341,
502,144,126,15.6634771878479,0.0807882578272354,0.0619915176037341,
499,145,126,14.9871429546522,0.0819856830308185,0.0619915176037341,
496,146,126,14.3400121984051,0.0832008561987314,0.0619915176037341,
494,146,126,13.9241908756718,0.0832008561987314,0.0619915176037341,
492,146,126,13.5204272395043,0.0832008561987314,0.0619915176037341,
491,147,126,13.3229573918272,0.0844340403872692,0.0619915176037341,
491,147,126,13.3229573918272,0.0844340403872692,0.0619915176037341,
492,147,126,13.5204272395043,0.0844340403872692,0.0619915176037341,
494,147,126,13.9241908756718,0.0844340403872692,0.0619915176037341,
496,147,126,14.3400121984051,0.0844340403872692,0.0619915176037341,
497,147,126,14.552556601365,0.0844340403872692,0.0619915176037341,
499,147,126,14.9871429546522,0.0844340403872692,0.0619915176037341,
501,147,126,15.4347074604136,0.0844340403872692,0.0619915176037341,
503,147,126,15.8956376882091,0.0844340403872692,0.0619915176037341,
503,148,126,15.8956376882091,0.0856855025516878,0.0619915176037341,
505,148,126,16.3703327816777,0.0856855025516878,0.0619915176037341,
505,150,126,16.3703327816777,0.0882443484715874,0.0619915176037341,
507,150,126,16.8592038041768,0.0882443484715874,0.0619915176037341,
507,152,126,16.8592038041768,0.0908796097972069,0.0619915176037341,
509,152,126,17.3626740947438,0.0908796097972069,0.0619915176037341,
509,154,126,17.3626740947438,0.0935935685394267,0.0619915176037341,
510,155,126,17.6200197056259,0.0949807911492033,0.0619915176037341,
510,156,126,17.6200197056259,0.0963885748573449,0.0619915176037341,
511,157,126,17.8811796346872,0.0978172244157804,0.0619915176037341,
512,158,126,18.1462104168853,0.0992670490934023,0.0619915176037341,
513,159,126,18.4151694251259,0.100738362743017,0.0619915176037341,
514,161,127,18.6881148826831,0.10374673569767,0.062910341794074,
515,161,127,18.9651058758029,0.10374673569767,0.062910341794074,
517,162,128,19.5314652055096,0.105284446244412,0.0638427845878195,
518,163,128,19.8209561455173,0.106844948387532,0.0638427845878195,
519,164,128,20.1147378544695,0.108428579938894,0.0638427845878195,
521,164,128,20.7154289090352,0.108428579938894,0.0638427845878195,
522,165,129,21.0224682900769,0.110035683717332,0.0647890478368163,
523,165,129,21.3340585390695,0.110035683717332,0.0647890478368163,
525,166,129,21.971162448388,0.111666607622863,0.0647890478368163,
526,167,130,22.2968140266654,0.113321704711999,0.0657493363847122,
528,167,130,22.9626689251002,0.113321704711999,0.0657493363847122,
530,168,130,23.6484084018986,0.115001333274176,0.0657493363847122,
531,167,130,23.9989197386527,0.113321704711999,0.0657493363847122,
533,167,130,24.7156050124329,0.113321704711999,0.0657493363847122,
535,167,130,25.453692823796,0.113321704711999,0.0657493363847122,
537,166,130,26.2138223216566,0.111666607622863,0.0657493363847122,
539,166,130,26.996651741981,0.111666607622863,0.0657493363847122,
540,165,130,27.3967899808491,0.110035683717332,0.0657493363847122,
541,164,130,27.8028589777879,0.108428579938894,0.0657493363847122,
543,164,130,28.6331421661714,0.108428579938894,0.0657493363847122,
544,164,130,29.0575360943197,0.108428579938894,0.0657493363847122,
545,163,130,29.4882202928548,0.106844948387532,0.0657493363847122,
546,163,130,29.9252879947352,0.106844948387532,0.0657493363847122,
547,163,130,30.3688338147975,0.106844948387532,0.0657493363847122,
548,162,130,30.8189537702375,0.105284446244412,0.0657493363847122,
549,162,130,31.2757453013962,0.105284446244412,0.0657493363847122,
549,162,130,31.2757453013962,0.105284446244412,0.0657493363847122,
550,162,130,31.7393072928532,0.105284446244412,0.0657493363847122,
551,161,130,32.209740094833,0.10374673569767,0.0657493363847122,
551,160,130,32.209740094833,0.102231483869284,0.0657493363847122,
549,160,130,31.2757453013962,0.102231483869284,0.0657493363847122,
548,161,130,30.8189537702375,0.10374673569767,0.0657493363847122,
545,161,130,29.4882202928548,0.10374673569767,0.0657493363847122,
543,162,130,28.6331421661714,0.105284446244412,0.0657493363847122,
540,163,130,27.3967899808491,0.106844948387532,0.0657493363847122,
538,165,130,26.6023576407042,0.110035683717332,0.0657493363847122,
534,166,130,25.0819340948967,0.111666607622863,0.0657493363847122,
531,167,130,23.9989197386527,0.113321704711999,0.0657493363847122,
528,169,130,22.9626689251002,0.116705856909315,0.0657493363847122,
526,170,130,22.2968140266654,0.11843564460653,0.0657493363847122,
523,170,130,21.3340585390695,0.11843564460653,0.0657493363847122,
521,171,130,20.7154289090352,0.12019107082401,0.0657493363847122,
519,172,130,20.1147378544695,0.121972515570078,0.0657493363847122,
519,172,130,20.1147378544695,0.121972515570078,0.0657493363847122,
520,171,130,20.4128739291689,0.12019107082401,0.0657493363847122,
521,171,130,20.7154289090352,0.12019107082401,0.0657493363847122,
522,171,130,21.0224682900769,0.12019107082401,0.0657493363847122,
523,170,130,21.3340585390695,0.11843564460653,0.0657493363847122,
524,170,130,21.6502671079438,0.11843564460653,0.0657493363847122,
525,170,130,21.971162448388,0.11843564460653,0.0657493363847122,
525,169,130,21.971162448388,0.116705856909315,0.0657493363847122,
527,169,130,22.6272923386526,0.116705856909315,0.0657493363847122,
527,169,130,22.6272923386526,0.116705856909315,0.0657493363847122,
528,169,130,22.9626689251002,0.116705856909315,0.0657493363847122,
529,169,130,23.3030163871194,0.116705856909315,0.0657493363847122,
530,169,130,23.6484084018986,0.116705856909315,0.0657493363847122,
531,170,130,23.9989197386527,0.11843564460653,0.0657493363847122,
532,171,130,24.3546262748091,0.12019107082401,0.0657493363847122,
533,172,130,24.7156050124329,0.121972515570078,0.0657493363847122,
534,172,130,25.0819340948967,0.121972515570078,0.0657493363847122,
535,173,130,25.453692823796,0.123780364485454,0.0657493363847122,
536,174,130,25.8309616761168,0.125615008926736,0.0657493363847122,
537,174,130,26.2138223216566,0.125615008926736,0.0657493363847122,
538,176,130,26.6023576407042,0.129366278902382,0.0657493363847122,
539,177,130,26.996651741981,0.131283716498113,0.0657493363847122,
539,178,130,26.996651741981,0.133229573918272,0.0657493363847122,
538,179,130,26.6023576407042,0.135204272395043,0.0657493363847122,
538,180,130,26.6023576407042,0.137208239404013,0.0657493363847122,
536,181,130,25.8309616761168,0.139241908756718,0.0657493363847122,
535,182,130,25.453692823796,0.141305720694547,0.0657493363847122,
534,184,130,25.0819340948967,0.14552556601365,0.0657493363847122,
532,185,130,24.3546262748091,0.147682512891786,0.0657493363847122,
531,186,130,23.9989197386527,0.149871429546522,0.0657493363847122,
530,187,130,23.6484084018986,0.152092789826623,0.0657493363847122,
530,187,130,23.6484084018986,0.152092789826623,0.0657493363847122,
530,189,130,23.6484084018986,0.156634771878479,0.0657493363847122,
532,190,130,24.3546262748091,0.158956376882091,0.0657493363847122,
532,190,130,24.3546262748091,0.158956376882091,0.0657493363847122,
534,191,130,25.0819340948967,0.161312392187631,0.0657493363847122,
535,191,130,25.453692823796,0.161312392187631,0.0657493363847122,
537,191,130,26.2138223216566,0.161312392187631,0.0657493363847122,
538,192,130,26.6023576407042,0.163703327816777,0.0657493363847122,
539,192,130,26.996651741981,0.163703327816777,0.0657493363847122,
541,192,130,27.8028589777879,0.163703327816777,0.0657493363847122,
542,193,130,28.2149466371464,0.166129701350632,0.0657493363847122,
543,193,130,28.6331421661714,0.166129701350632,0.0657493363847122,
545,192,130,29.4882202928548,0.163703327816777,0.0657493363847122,
546,192,130,29.9252879947352,0.163703327816777,0.0657493363847122,
547,191,130,30.3688338147975,0.161312392187631,0.0657493363847122,
549,190,129,31.2757453013962,0.158956376882091,0.0647890478368163,
551,189,129,32.209740094833,0.156634771878479,0.0647890478368163,
552,188,128,32.6871455449282,0.154347074604136,0.0638427845878195,
553,187,128,33.1716269901451,0.152092789826623,0.0638427845878195,
555,187,127,34.1622389356018,0.152092789826623,0.062910341794074,
555,187,127,34.1622389356018,0.152092789826623,0.062910341794074,
557,187,126,35.1824337539991,0.152092789826623,0.0619915176037341,
558,188,126,35.7038997941572,0.154347074604136,0.0619915176037341,
558,188,126,35.7038997941572,0.154347074604136,0.0619915176037341,
558,189,126,35.7038997941572,0.156634771878479,0.0619915176037341,
559,191,126,36.2330948854928,0.161312392187631,0.0619915176037341,
559,192,126,36.2330948854928,0.163703327816777,0.0619915176037341,
559,194,126,36.2330948854928,0.168592038041768,0.0619915176037341,
560,195,126,36.7701335862467,0.171090870927933,0.0619915176037341,
560,196,126,36.7701335862467,0.173626740947438,0.0619915176037341,
560,197,126,36.7701335862467,0.176200197056259,0.0619915176037341,
