-1,473,-1,0,10.260399582247,0,
-1,-1,-1,0,0,0,
-1,-1,316,0,0,1.02227885530198,
-1,-1,315,0,0,1.00737180801057,
-1,-1,316,0,0,1.02227885530198,
-1,-1,316,0,0,1.02227885530198,
-1,-1,316,0,0,1.02227885530198,
-1,-1,316,0,0,1.02227885530198,
-1,-1,316,0,0,1.02227885530198,
-1,-1,316,0,0,1.02227885530198,
-1,-1,317,0,0,1.03740649647658,
-1,-1,317,0,0,1.03740649647658,
-1,-1,317,0,0,1.03740649647658,
-1,-1,318,0,0,1.05275799587374,
-1,-1,318,0,0,1.05275799587374,
-1,-1,318,0,0,1.05275799587374,
-1,-1,319,0,0,1.06833666613839,
-1,-1,319,0,0,1.06833666613839,
-1,-1,319,0,0,1.06833666613839,
-1,-1,319,0,0,1.06833666613839,
-1,-1,320,0,0,1.08414586893583,
314,-1,320,0.992682137864147,0,1.08414586893583,
314,-1,320,0.992682137864147,0,1.08414586893583,
313,326,320,0.978206675031545,1.18403688381012,1.08414586893583,
313,326,320,0.978206675031545,1.18403688381012,1.08414586893583,
313,326,320,0.978206675031545,1.18403688381012,1.08414586893583,
313,326,320,0.978206675031545,1.18403688381012,1.08414586893583,
314,326,320,0.992682137864147,1.18403688381012,1.08414586893583,
314,327,320,0.992682137864147,1.20155821375144,1.08414586893583,
314,327,321,0.992682137864147,1.20155821375144,1.10018901567718,
314,327,321,0.992682137864147,1.20155821375144,1.10018901567718,
314,328,321,0.992682137864147,1.21933882362491,1.10018901567718,
314,328,322,0.992682137864147,1.21933882362491,1.11646956825546,
314,328,322,0.992682137864147,1.21933882362491,1.11646956825546,
314,329,322,0.992682137864147,1.23738255024451,1.11646956825546,
315,329,323,1.00737180801057,1.23738255024451,1.13299103979264,
315,329,323,1.00737180801057,1.23738255024451,1.13299103979264,
315,330,323,1.00737180801057,1.25569328720119,1.13299103979264,
315,330,324,1.00737180801057,1.25569328720119,1.14975699539774,
315,330,324,1.00737180801057,1.25569328720119,1.14975699539774,
315,331,324,1.00737180801057,1.27427498570313,1.14975699539774,
315,331,324,1.00737180801057,1.27427498570313,1.14975699539774,
315,331,324,1.00737180801057,1.27427498570313,1.14975699539774,
315,332,324,1.00737180801057,1.29313165542834,1.14975699539774,
316,332,324,1.02227885530198,1.29313165542834,1.14975699539774,
317,332,324,1.03740649647658,1.29313165542834,1.14975699539774,
317,332,324,1.03740649647658,1.29313165542834,1.14975699539774,
318,333,324,1.05275799587374,1.31226736538984,1.14975699539774,
319,333,324,1.06833666613839,1.31226736538984,1.14975699539774,
320,333,324,1.08414586893583,1.31226736538984,1.14975699539774,
321,333,324,1.10018901567718,1.31226736538984,1.14975699539774,
322,333,324,1.11646956825546,1.31226736538984,1.14975699539774,
323,334,324,1.13299103979264,1.33168624481379,1.14975699539774,
324,334,324,1.14975699539774,1.33168624481379,1.14975699539774,
325,334,324,1.1667710529361,1.33168624481379,1.14975699539774,
326,335,324,1.18403688381012,1.35139248403043,1.14975699539774,
327,335,324,1.20155821375144,1.35139248403043,1.14975699539774,
328,335,324,1.21933882362491,1.35139248403043,1.14975699539774,
329,336,324,1.23738255024451,1.37139033537837,1.14975699539774,
330,336,324,1.25569328720119,1.37139033537837,1.14975699539774,
331,336,324,1.27427498570313,1.37139033537837,1.14975699539774,
343,336,324,1.51991108295293,1.37139033537837,1.14975699539774,
344,337,324,1.54240266571527,1.39168411412213,1.14975699539774,
344,337,325,1.54240266571527,1.39168411412213,1.1667710529361,
345,337,326,1.56522707801009,1.39168411412213,1.18403688381012,
346,337,326,1.58838924503536,1.39168411412213,1.18403688381012,
347,337,327,1.61189416487193,1.39168411412213,1.20155821375144,
347,336,327,1.61189416487193,1.37139033537837,1.20155821375144,
347,337,328,1.61189416487193,1.39168411412213,1.21933882362491,
348,337,328,1.63574690956204,1.39168411412213,1.21933882362491,
348,337,328,1.63574690956204,1.39168411412213,1.21933882362491,
349,337,328,1.65995262620382,1.39168411412213,1.21933882362491,
349,337,328,1.65995262620382,1.39168411412213,1.21933882362491,
349,337,328,1.65995262620382,1.39168411412213,1.21933882362491,
349,337,328,1.65995262620382,1.39168411412213,1.21933882362491,
349,337,328,1.65995262620382,1.39168411412213,1.21933882362491,
349,337,328,1.65995262620382,1.39168411412213,1.21933882362491,
349,337,328,1.65995262620382,1.39168411412213,1.21933882362491,
349,337,328,1.65995262620382,1.39168411412213,1.21933882362491,
349,337,328,1.65995262620382,1.39168411412213,1.21933882362491,
349,337,328,1.65995262620382,1.39168411412213,1.21933882362491,
349,337,328,1.65995262620382,1.39168411412213,1.21933882362491,
349,337,328,1.65995262620382,1.39168411412213,1.21933882362491,
348,337,328,1.63574690956204,1.39168411412213,1.21933882362491,
348,337,328,1.63574690956204,1.39168411412213,1.21933882362491,
347,337,328,1.61189416487193,1.39168411412213,1.21933882362491,
346,337,328,1.58838924503536,1.39168411412213,1.21933882362491,
346,337,328,1.58838924503536,1.39168411412213,1.21933882362491,
345,337,328,1.56522707801009,1.39168411412213,1.21933882362491,
345,337,328,1.56522707801009,1.39168411412213,1.21933882362491,
345,337,328,1.56522707801009,1.39168411412213,1.21933882362491,
344,337,328,1.54240266571527,1.39168411412213,1.21933882362491,
344,337,328,1.54240266571527,1.39168411412213,1.21933882362491,
344,337,328,1.54240266571527,1.39168411412213,1.21933882362491,
343,337,328,1.51991108295293,1.39168411412213,1.21933882362491,
344,337,328,1.54240266571527,1.39168411412213,1.21933882362491,
343,337,328,1.51991108295293,1.39168411412213,1.21933882362491,
342,338,328,1.4977474763452,1.41227819938335,1.21933882362491,
341,339,328,1.47590706328699,1.43317703508574,1.21933882362491,
340,338,328,1.45438513091401,1.41227819938335,1.21933882362491,
339,339,328,1.43317703508574,1.43317703508574,1.21933882362491,
338,340,328,1.41227819938335,1.45438513091401,1.21933882362491,
337,340,329,1.39168411412213,1.45438513091401,1.23738255024451,
335,341,329,1.35139248403043,1.47590706328699,1.23738255024451,
335,341,329,1.35139248403043,1.47590706328699,1.23738255024451,
336,342,329,1.37139033537837,1.4977474763452,1.23738255024451,
336,342,329,1.37139033537837,1.4977474763452,1.23738255024451,
336,342,330,1.37139033537837,1.4977474763452,1.25569328720119,
337,343,330,1.39168411412213,1.51991108295293,1.25569328720119,
337,343,330,1.39168411412213,1.51991108295293,1.25569328720119,
337,343,331,1.39168411412213,1.51991108295293,1.27427498570313,
337,343,331,1.39168411412213,1.51991108295293,1.27427498570313,
337,344,331,1.39168411412213,1.54240266571527,1.27427498570313,
337,344,332,1.39168411412213,1.54240266571527,1.29313165542834,
337,345,332,1.39168411412213,1.56522707801009,1.29313165542834,
337,345,332,1.39168411412213,1.56522707801009,1.29313165542834,
337,345,332,1.39168411412213,1.56522707801009,1.29313165542834,
337,346,332,1.39168411412213,1.58838924503536,1.29313165542834,
337,346,332,1.39168411412213,1.58838924503536,1.29313165542834,
337,347,332,1.39168411412213,1.61189416487193,1.29313165542834,
337,347,332,1.39168411412213,1.61189416487193,1.29313165542834,
337,348,332,1.39168411412213,1.63574690956204,1.29313165542834,
337,348,332,1.39168411412213,1.63574690956204,1.29313165542834,
337,349,332,1.39168411412213,1.65995262620382,1.29313165542834,
337,349,332,1.39168411412213,1.65995262620382,1.29313165542834,
337,349,332,1.39168411412213,1.65995262620382,1.29313165542834,
337,348,332,1.39168411412213,1.63574690956204,1.29313165542834,
337,348,332,1.39168411412213,1.63574690956204,1.29313165542834,
337,348,332,1.39168411412213,1.63574690956204,1.29313165542834,
337,347,332,1.39168411412213,1.61189416487193,1.29313165542834,
337,347,332,1.39168411412213,1.61189416487193,1.29313165542834,
337,347,332,1.39168411412213,1.61189416487193,1.29313165542834,
337,346,332,1.39168411412213,1.58838924503536,1.29313165542834,
337,346,332,1.39168411412213,1.58838924503536,1.29313165542834,
337,346,332,1.39168411412213,1.58838924503536,1.29313165542834,
337,345,332,1.39168411412213,1.56522707801009,1.29313165542834,
337,345,332,1.39168411412213,1.56522707801009,1.29313165542834,
337,345,332,1.39168411412213,1.56522707801009,1.29313165542834,
337,345,332,1.39168411412213,1.56522707801009,1.29313165542834,
337,345,332,1.39168411412213,1.56522707801009,1.29313165542834,
337,345,332,1.39168411412213,1.56522707801009,1.29313165542834,
351,345,332,1.70944394569471,1.56522707801009,1.29313165542834,
351,345,332,1.70944394569471,1.56522707801009,1.29313165542834,
351,345,332,1.70944394569471,1.56522707801009,1.29313165542834,
351,345,332,1.70944394569471,1.56522707801009,1.29313165542834,
352,346,333,1.73474022809794,1.58838924503536,1.31226736538984,
352,346,333,1.73474022809794,1.58838924503536,1.31226736538984,
352,346,333,1.73474022809794,1.58838924503536,1.31226736538984,
352,346,334,1.73474022809794,1.58838924503536,1.33168624481379,
352,347,334,1.73474022809794,1.61189416487193,1.33168624481379,
352,347,334,1.73474022809794,1.61189416487193,1.33168624481379,
352,347,335,1.73474022809794,1.61189416487193,1.35139248403043,
352,348,335,1.73474022809794,1.63574690956204,1.35139248403043,
352,348,335,1.73474022809794,1.63574690956204,1.35139248403043,
352,349,336,1.73474022809794,1.65995262620382,1.37139033537837,
352,349,336,1.73474022809794,1.65995262620382,1.37139033537837,
352,349,336,1.73474022809794,1.65995262620382,1.37139033537837,
352,349,336,1.73474022809794,1.65995262620382,1.37139033537837,
352,348,337,1.73474022809794,1.63574690956204,1.39168411412213,
352,348,337,1.73474022809794,1.63574690956204,1.39168411412213,
352,347,337,1.73474022809794,1.61189416487193,1.39168411412213,
352,347,338,1.73474022809794,1.61189416487193,1.41227819938335,
352,346,337,1.73474022809794,1.58838924503536,1.39168411412213,
352,346,337,1.73474022809794,1.58838924503536,1.39168411412213,
352,346,337,1.73474022809794,1.58838924503536,1.39168411412213,
352,346,337,1.73474022809794,1.58838924503536,1.39168411412213,
352,345,337,1.73474022809794,1.56522707801009,1.39168411412213,
352,345,337,1.73474022809794,1.56522707801009,1.39168411412213,
352,345,337,1.73474022809794,1.56522707801009,1.39168411412213,
352,345,337,1.73474022809794,1.56522707801009,1.39168411412213,
352,345,337,1.73474022809794,1.56522707801009,1.39168411412213,
352,344,337,1.73474022809794,1.54240266571527,1.39168411412213,
352,344,337,1.73474022809794,1.54240266571527,1.39168411412213,
352,344,337,1.73474022809794,1.54240266571527,1.39168411412213,
352,344,337,1.73474022809794,1.54240266571527,1.39168411412213,
352,344,337,1.73474022809794,1.54240266571527,1.39168411412213,
352,344,337,1.73474022809794,1.54240266571527,1.39168411412213,
352,344,337,1.73474022809794,1.54240266571527,1.39168411412213,
347,343,336,1.61189416487193,1.51991108295293,1.37139033537837,
347,343,335,1.61189416487193,1.51991108295293,1.35139248403043,
346,342,335,1.58838924503536,1.4977474763452,1.35139248403043,
346,341,334,1.58838924503536,1.47590706328699,1.33168624481379,
346,341,333,1.58838924503536,1.47590706328699,1.31226736538984,
344,339,332,1.54240266571527,1.43317703508574,1.29313165542834,
344,338,331,1.54240266571527,1.41227819938335,1.27427498570313,
342,337,330,1.4977474763452,1.39168411412213,1.25569328720119,
342,336,329,1.4977474763452,1.37139033537837,1.23738255024451,
342,335,327,1.4977474763452,1.35139248403043,1.20155821375144,
341,334,324,1.47590706328699,1.33168624481379,1.14975699539774,
341,333,322,1.47590706328699,1.31226736538984,1.11646956825546,
340,332,321,1.45438513091401,1.29313165542834,1.10018901567718,
340,331,320,1.45438513091401,1.27427498570313,1.08414586893583,
339,330,318,1.43317703508574,1.25569328720119,1.05275799587374,
338,329,316,1.41227819938335,1.23738255024451,1.02227885530198,
337,328,313,1.39168411412213,1.21933882362491,0.978206675031545,
336,327,311,1.37139033537837,1.20155821375144,0.949885922424221,
336,326,308,1.37139033537837,1.18403688381012,0.908934724625008,
335,319,306,1.35139248403043,1.06833666613839,0.882619513198464,
333,316,303,1.31226736538984,1.02227885530198,0.844568284716005,
333,314,302,1.31226736538984,0.992682137864147,0.832252643738215,
332,311,299,1.29313165542834,0.949885922424221,0.796372816668391,
331,308,297,1.27427498570313,0.908934724625008,0.773316464570469,
330,305,295,1.25569328720119,0.869749002617783,0.750927633212755,
330,303,292,1.25569328720119,0.844568284716005,0.718553865674324,
329,301,291,1.23738255024451,0.820116591569806,0.708075788776345,
328,299,289,1.21933882362491,0.796372816668391,0.687575786319784,
328,298,287,1.21933882362491,0.784759970351461,0.667669293918756,
327,296,286,1.20155821375144,0.762039829972396,0.657933224657568,
326,294,284,1.18403688381012,0.739977476430513,0.638884935003374,
326,293,283,1.18403688381012,0.729186996730657,0.629568604248347,
324,291,281,1.14975699539774,0.708075788776345,0.611341518760833,
324,289,281,1.14975699539774,0.687575786319784,0.611341518760833,
324,287,280,1.14975699539774,0.667669293918756,0.602426830871023,
323,286,279,1.13299103979264,0.657933224657568,0.593642138503738,
323,286,280,1.13299103979264,0.657933224657568,0.602426830871023,
322,286,280,1.11646956825546,0.657933224657568,0.602426830871023,
323,287,281,1.13299103979264,0.667669293918756,0.611341518760833,
322,287,281,1.11646956825546,0.667669293918756,0.611341518760833,
322,288,282,1.11646956825546,0.677549437139287,0.620388125841656,
321,288,281,1.10018901567718,0.677549437139287,0.611341518760833,
320,288,281,1.08414586893583,0.677549437139287,0.611341518760833,
319,288,280,1.06833666613839,0.677549437139287,0.602426830871023,
318,288,279,1.05275799587374,0.677549437139287,0.593642138503738,
317,287,278,1.03740649647658,0.667669293918756,0.584985546041759,
314,285,276,0.992682137864147,0.648339128444297,0.568049216172843,
312,284,275,0.96394229590462,0.638884935003374,0.559765824136102,
310,266,274,0.936034521415991,0.490444774486841,0.551603221956439,
309,264,273,0.922385103935848,0.476245561293628,0.543559648255241,
307,262,271,0.89568048107442,0.462457439554121,0.527822668822889,
306,261,270,0.882619513198464,0.455713805088884,0.520125867265454,
300,260,269,0.808157509415663,0.449068507469184,0.51254130180115,
298,259,267,0.784759970351461,0.44252011273011,0.497702356433211,
295,258,267,0.750927633212755,0.436067207817078,0.497702356433211,
293,257,265,0.729186996730657,0.429708400280907,0.483293023857175,
291,256,264,0.708075788776345,0.423442317977355,0.476245561293628,
288,254,263,0.677549437139287,0.411182940243583,0.469300866049559,
286,254,261,0.657933224657568,0.411182940243583,0.455713805088884,
283,253,261,0.629568604248347,0.405186999406265,0.455713805088884,
281,252,260,0.611341518760833,0.399278492416527,0.449068507469184,
280,251,259,0.602426830871023,0.393456144298863,0.44252011273011,
278,251,258,0.584985546041759,0.393456144298863,0.436067207817078,
277,251,258,0.576455185510082,0.393456144298863,0.436067207817078,
276,251,257,0.568049216172843,0.393456144298863,0.429708400280907,
277,251,257,0.576455185510082,0.393456144298863,0.429708400280907,
278,252,257,0.584985546041759,0.399278492416527,0.429708400280907,
279,257,257,0.593642138503738,0.429708400280907,0.429708400280907,
281,263,257,0.611341518760833,0.469300866049559,0.429708400280907,
282,263,257,0.620388125841656,0.469300866049559,0.429708400280907,
283,264,257,0.629568604248347,0.476245561293628,0.429708400280907,
285,264,257,0.648339128444297,0.476245561293628,0.429708400280907,
286,265,257,0.657933224657568,0.483293023857175,0.429708400280907,
288,265,257,0.677549437139287,0.483293023857175,0.429708400280907,
290,266,257,0.697750505010134,0.490444774486841,0.429708400280907,
292,266,257,0.718553865674324,0.490444774486841,0.429708400280907,
294,267,258,0.739977476430513,0.497702356433211,0.436067207817078,
297,268,258,0.773316464570469,0.505067335783832,0.436067207817078,
300,269,259,0.808157509415663,0.51254130180115,0.44252011273011,
303,270,259,0.844568284716005,0.520125867265454,0.44252011273011,
306,270,260,0.882619513198464,0.520125867265454,0.449068507469184,
307,271,260,0.89568048107442,0.527822668822889,0.449068507469184,
310,272,261,0.936034521415991,0.535633367338623,0.455713805088884,
313,273,261,0.978206675031545,0.543559648255241,0.455713805088884,
316,273,261,1.02227885530198,0.543559648255241,0.455713805088884,
320,274,261,1.08414586893583,0.551603221956439,0.455713805088884,
322,275,261,1.11646956825546,0.559765824136102,0.455713805088884,
325,275,261,1.1667710529361,0.559765824136102,0.455713805088884,
327,275,261,1.20155821375144,0.559765824136102,0.455713805088884,
329,276,261,1.23738255024451,0.568049216172843,0.455713805088884,
334,276,261,1.33168624481379,0.568049216172843,0.455713805088884,
337,276,261,1.39168411412213,0.568049216172843,0.455713805088884,
340,277,261,1.45438513091401,0.576455185510082,0.455713805088884,
343,277,261,1.51991108295293,0.576455185510082,0.455713805088884,
345,277,261,1.56522707801009,0.576455185510082,0.455713805088884,
347,278,261,1.61189416487193,0.584985546041759,0.455713805088884,
348,278,261,1.63574690956204,0.584985546041759,0.455713805088884,
350,277,261,1.68451653806193,0.576455185510082,0.455713805088884,
351,277,260,1.70944394569471,0.576455185510082,0.449068507469184,
351,276,259,1.70944394569471,0.568049216172843,0.44252011273011,
350,275,259,1.68451653806193,0.559765824136102,0.44252011273011,
349,275,258,1.65995262620382,0.559765824136102,0.436067207817078,
348,274,257,1.63574690956204,0.551603221956439,0.429708400280907,
347,273,257,1.61189416487193,0.543559648255241,0.429708400280907,
346,273,256,1.58838924503536,0.543559648255241,0.423442317977355,
345,272,255,1.56522707801009,0.535633367338623,0.417267608771023,
342,272,255,1.4977474763452,0.535633367338623,0.417267608771023,
340,271,254,1.45438513091401,0.527822668822889,0.411182940243583,
337,269,254,1.39168411412213,0.51254130180115,0.411182940243583,
334,269,253,1.33168624481379,0.51254130180115,0.405186999406265,
328,267,253,1.21933882362491,0.497702356433211,0.405186999406265,
328,266,253,1.21933882362491,0.490444774486841,0.405186999406265,
326,265,253,1.18403688381012,0.483293023857175,0.405186999406265,
322,264,253,1.11646956825546,0.476245561293628,0.405186999406265,
319,264,253,1.06833666613839,0.476245561293628,0.405186999406265,
316,263,253,1.02227885530198,0.469300866049559,0.405186999406265,
313,262,253,0.978206675031545,0.462457439554121,0.405186999406265,
311,262,253,0.949885922424221,0.462457439554121,0.405186999406265,
310,261,254,0.936034521415991,0.455713805088884,0.411182940243583,
309,262,254,0.922385103935848,0.462457439554121,0.411182940243583,
310,263,255,0.936034521415991,0.469300866049559,0.417267608771023,
311,264,255,0.949885922424221,0.476245561293628,0.417267608771023,
313,265,256,0.978206675031545,0.483293023857175,0.423442317977355,
315,265,257,1.00737180801057,0.483293023857175,0.429708400280907,
316,266,257,1.02227885530198,0.490444774486841,0.429708400280907,
318,267,258,1.05275799587374,0.497702356433211,0.436067207817078,
320,268,259,1.08414586893583,0.505067335783832,0.44252011273011,
322,269,259,1.11646956825546,0.51254130180115,0.44252011273011,
324,270,260,1.14975699539774,0.520125867265454,0.449068507469184,
325,271,261,1.1667710529361,0.527822668822889,0.455713805088884,
328,272,261,1.21933882362491,0.535633367338623,0.455713805088884,
331,273,262,1.27427498570313,0.543559648255241,0.462457439554121,
334,274,263,1.33168624481379,0.551603221956439,0.469300866049559,
336,275,263,1.37139033537837,0.559765824136102,0.469300866049559,
338,276,264,1.41227819938335,0.568049216172843,0.476245561293628,
340,277,264,1.45438513091401,0.576455185510082,0.476245561293628,
342,278,264,1.4977474763452,0.584985546041759,0.476245561293628,
344,279,265,1.54240266571527,0.593642138503738,0.483293023857175,
345,280,265,1.56522707801009,0.602426830871023,0.483293023857175,
347,281,266,1.61189416487193,0.611341518760833,0.490444774486841,
348,281,266,1.63574690956204,0.611341518760833,0.490444774486841,
347,282,266,1.61189416487193,0.620388125841656,0.490444774486841,
347,282,267,1.61189416487193,0.620388125841656,0.497702356433211,
346,282,267,1.58838924503536,0.620388125841656,0.497702356433211,
345,282,267,1.56522707801009,0.620388125841656,0.497702356433211,
345,282,268,1.56522707801009,0.620388125841656,0.505067335783832,
344,282,268,1.54240266571527,0.620388125841656,0.505067335783832,
343,282,268,1.51991108295293,0.620388125841656,0.505067335783832,
342,282,268,1.4977474763452,0.620388125841656,0.505067335783832,
342,282,269,1.4977474763452,0.620388125841656,0.51254130180115,
341,283,270,1.47590706328699,0.629568604248347,0.520125867265454,
340,283,270,1.45438513091401,0.629568604248347,0.520125867265454,
340,284,270,1.45438513091401,0.638884935003374,0.520125867265454,
339,284,271,1.43317703508574,0.638884935003374,0.527822668822889,
338,285,271,1.41227819938335,0.648339128444297,0.527822668822889,
337,286,272,1.39168411412213,0.657933224657568,0.535633367338623,
336,287,272,1.37139033537837,0.667669293918756,0.535633367338623,
335,288,273,1.35139248403043,0.677549437139287,0.543559648255241,
334,289,273,1.33168624481379,0.687575786319784,0.543559648255241,
333,290,274,1.31226736538984,0.697750505010134,0.551603221956439,
332,291,275,1.29313165542834,0.708075788776345,0.559765824136102,
331,292,275,1.27427498570313,0.718553865674324,0.559765824136102,
330,293,276,1.25569328720119,0.729186996730657,0.568049216172843,
329,294,276,1.23738255024451,0.739977476430513,0.568049216172843,
328,295,277,1.21933882362491,0.750927633212755,0.576455185510082,
327,296,278,1.20155821375144,0.762039829972396,0.584985546041759,
325,297,278,1.1667710529361,0.773316464570469,0.584985546041759,
324,298,279,1.14975699539774,0.784759970351461,0.593642138503738,
323,299,280,1.13299103979264,0.796372816668391,0.602426830871023,
322,300,280,1.11646956825546,0.808157509415663,0.602426830871023,
321,301,281,1.10018901567718,0.820116591569806,0.611341518760833,
320,302,282,1.08414586893583,0.832252643738215,0.620388125841656,
320,303,282,1.08414586893583,0.844568284716005,0.620388125841656,
319,304,283,1.06833666613839,0.857066172051119,0.629568604248347,
319,306,283,1.06833666613839,0.882619513198464,0.629568604248347,
319,307,284,1.06833666613839,0.89568048107442,0.638884935003374,
319,307,284,1.06833666613839,0.89568048107442,0.638884935003374,
319,308,285,1.06833666613839,0.908934724625008,0.648339128444297,
320,310,285,1.08414586893583,0.936034521415991,0.648339128444297,
322,311,286,1.11646956825546,0.949885922424221,0.657933224657568,
323,312,286,1.13299103979264,0.96394229590462,0.657933224657568,
325,313,287,1.1667710529361,0.978206675031545,0.667669293918756,
327,314,287,1.20155821375144,0.992682137864147,0.667669293918756,
328,315,287,1.21933882362491,1.00737180801057,0.667669293918756,
330,317,288,1.25569328720119,1.03740649647658,0.677549437139287,
332,318,288,1.29313165542834,1.05275799587374,0.677549437139287,
333,319,288,1.31226736538984,1.06833666613839,0.677549437139287,
335,321,288,1.35139248403043,1.10018901567718,0.677549437139287,
337,322,289,1.39168411412213,1.11646956825546,0.687575786319784,
338,323,289,1.41227819938335,1.13299103979264,0.687575786319784,
340,325,290,1.45438513091401,1.1667710529361,0.697750505010134,
341,325,290,1.47590706328699,1.1667710529361,0.697750505010134,
342,326,290,1.4977474763452,1.18403688381012,0.697750505010134,
344,327,290,1.54240266571527,1.20155821375144,0.697750505010134,
346,327,291,1.58838924503536,1.20155821375144,0.708075788776345,
347,328,291,1.61189416487193,1.21933882362491,0.708075788776345,
349,328,291,1.65995262620382,1.21933882362491,0.708075788776345,
351,328,292,1.70944394569471,1.21933882362491,0.718553865674324,
352,328,292,1.73474022809794,1.21933882362491,0.718553865674324,
353,328,292,1.76041084386555,1.21933882362491,0.718553865674324,
355,328,293,1.81289731494529,1.21933882362491,0.729186996730657,
356,328,293,1.83972449612453,1.21933882362491,0.729186996730657,
357,328,293,1.86694866484636,1.21933882362491,0.729186996730657,
359,328,294,1.92261155027238,1.21933882362491,0.739977476430513,
360,328,294,1.95106227827073,1.21933882362491,0.739977476430513,
361,327,295,1.97993401899187,1.20155821375144,0.750927633212755,
362,326,295,2.00923300256505,1.18403688381012,0.750927633212755,
363,325,296,2.03896555131271,1.1667710529361,0.762039829972396,
364,324,296,2.06913808111479,1.14975699539774,0.762039829972396,
366,323,297,2.13082922351649,1.13299103979264,0.773316464570469,
367,322,297,2.16236114822621,1.11646956825546,0.773316464570469,
368,320,298,2.19435968108308,1.08414586893583,0.784759970351461,
369,319,298,2.22683172693561,1.06833666613839,0.784759970351461,
369,318,299,2.22683172693561,1.05275799587374,0.796372816668391,
371,317,299,2.29322448942201,1.03740649647658,0.796372816668391,
372,316,298,2.32715953271168,1.02227885530198,0.784759970351461,
373,316,298,2.36159674540011,1.02227885530198,0.784759970351461,
375,317,298,2.43200751326795,1.03740649647658,0.784759970351461,
376,317,297,2.46799626213411,1.03740649647658,0.773316464570469,
377,317,297,2.50451757105114,1.03740649647658,0.773316464570469,
379,318,297,2.57918950886596,1.05275799587374,0.773316464570469,
380,318,296,2.61735625095308,1.05275799587374,0.762039829972396,
382,319,296,2.69539246258499,1.06833666613839,0.762039829972396,
383,319,296,2.73527877128368,1.06833666613839,0.762039829972396,
384,319,295,2.77575531596607,1.06833666613839,0.750927633212755,
384,320,295,2.77575531596607,1.08414586893583,0.750927633212755,
385,320,295,2.81683083092037,1.08414586893583,0.750927633212755,
386,320,294,2.85851417968447,1.08414586893583,0.739977476430513,
386,320,294,2.85851417968447,1.08414586893583,0.739977476430513,
387,320,293,2.90081435695852,1.08414586893583,0.729186996730657,
387,320,293,2.90081435695852,1.08414586893583,0.729186996730657,
387,320,292,2.90081435695852,1.08414586893583,0.718553865674324,
387,320,292,2.90081435695852,1.08414586893583,0.718553865674324,
387,320,291,2.90081435695852,1.08414586893583,0.708075788776345,
387,320,291,2.90081435695852,1.08414586893583,0.708075788776345,
386,320,290,2.85851417968447,1.08414586893583,0.697750505010134,
386,320,290,2.85851417968447,1.08414586893583,0.697750505010134,
386,319,290,2.85851417968447,1.06833666613839,0.697750505010134,
386,319,289,2.85851417968447,1.06833666613839,0.687575786319784,
385,319,289,2.81683083092037,1.06833666613839,0.687575786319784,
385,318,289,2.81683083092037,1.05275799587374,0.687575786319784,
385,318,288,2.81683083092037,1.05275799587374,0.677549437139287,
384,318,288,2.77575531596607,1.05275799587374,0.677549437139287,
384,317,288,2.77575531596607,1.03740649647658,0.677549437139287,
384,317,287,2.77575531596607,1.03740649647658,0.667669293918756,
384,316,287,2.77575531596607,1.02227885530198,0.667669293918756,
385,316,287,2.81683083092037,1.02227885530198,0.667669293918756,
385,316,286,2.81683083092037,1.02227885530198,0.657933224657568,
387,316,286,2.90081435695852,1.02227885530198,0.657933224657568,
388,316,286,2.94374049054585,1.02227885530198,0.657933224657568,
390,315,285,3.03150781523696,1.00737180801057,0.648339128444297,
392,316,285,3.12189191382785,1.02227885530198,0.648339128444297,
394,316,284,3.21497080516744,1.02227885530198,0.638884935003374,
396,316,284,3.31082483422869,1.02227885530198,0.638884935003374,
398,316,283,3.4095367414618,1.02227885530198,0.629568604248347,
399,316,283,3.45999092832965,1.02227885530198,0.629568604248347,
400,316,282,3.51119173421513,1.02227885530198,0.620388125841656,
402,315,281,3.6158775602855,1.00737180801057,0.611341518760833,
403,315,281,3.66938517024886,1.00737180801057,0.611341518760833,
403,315,280,3.66938517024886,1.00737180801057,0.602426830871023,
403,314,279,3.66938517024886,0.992682137864147,0.593642138503738,
403,314,279,3.66938517024886,0.992682137864147,0.593642138503738,
403,314,278,3.66938517024886,0.992682137864147,0.584985546041759,
403,313,277,3.66938517024886,0.978206675031545,0.576455185510082,
403,313,277,3.66938517024886,0.978206675031545,0.576455185510082,
403,313,276,3.66938517024886,0.978206675031545,0.568049216172843,
403,313,275,3.66938517024886,0.978206675031545,0.559765824136102,
404,312,275,3.72368458366139,0.96394229590462,0.559765824136102,
404,311,274,3.72368458366139,0.949885922424221,0.551603221956439,
405,310,274,3.77878751759852,0.936034521415991,0.551603221956439,
406,309,273,3.83470586252449,0.922385103935848,0.543559648255241,
406,309,272,3.83470586252449,0.922385103935848,0.535633367338623,
407,308,272,3.89145168485814,0.908934724625008,0.535633367338623,
408,307,271,3.9490372295767,0.89568048107442,0.527822668822889,
409,306,271,4.00747492285808,0.882619513198464,0.527822668822889,
410,305,271,4.06677737476227,0.869749002617783,0.527822668822889,
410,305,270,4.06677737476227,0.869749002617783,0.520125867265454,
411,304,269,4.12695738195241,0.857066172051119,0.51254130180115,
412,303,269,4.18802793045613,0.844568284716005,0.51254130180115,
413,303,268,4.2500021984678,0.844568284716005,0.505067335783832,
413,302,267,4.2500021984678,0.832252643738215,0.497702356433211,
413,302,267,4.2500021984678,0.832252643738215,0.497702356433211,
414,302,266,4.31289355919217,0.832252643738215,0.490444774486841,
414,301,265,4.31289355919217,0.820116591569806,0.483293023857175,
414,301,265,4.31289355919217,0.820116591569806,0.483293023857175,
415,301,264,4.37671558373012,0.820116591569806,0.476245561293628,
415,299,263,4.37671558373012,0.796372816668391,0.469300866049559,
415,298,262,4.37671558373012,0.784759970351461,0.462457439554121,
416,296,260,4.44148204400715,0.762039829972396,0.449068507469184,
417,294,258,4.50720691574513,0.739977476430513,0.436067207817078,
417,292,257,4.50720691574513,0.718553865674324,0.429708400280907,
418,290,255,4.57390438147814,0.697750505010134,0.417267608771023,
419,288,253,4.64158883361278,0.677549437139287,0.405186999406265,
420,286,252,4.71027487753393,0.657933224657568,0.399278492416527,
421,283,248,4.77997733475636,0.629568604248347,0.376493580679247,
422,279,246,4.850711246123,0.593642138503738,0.365593449010937,
423,277,243,4.92249187505059,0.576455185510082,0.349832093577504,
424,273,241,4.99533471082328,0.543559648255241,0.339703857460129,
425,269,238,5.06925547193504,0.51254130180115,0.325058646354671,
426,264,231,5.14427010948143,0.476245561293628,0.293294976950816,
425,261,224,5.06925547193504,0.455713805088884,0.264635149593041,
423,259,218,4.92249187505059,0.44252011273011,0.242309262599391,
421,255,210,4.77997733475636,0.417267608771023,0.215443469003188,
419,252,203,4.64158883361278,0.399278492416527,0.194391036768636,
416,249,195,4.44148204400715,0.382064917466189,0.172838127834188,
414,246,189,4.31289355919217,0.365593449010937,0.158256676669616,
410,243,182,4.06677737476227,0.349832093577504,0.142792351031584,
404,234,173,3.72368458366139,0.306509105852739,0.125109035565386,
398,224,165,3.4095367414618,0.264635149593041,0.11123769820724,
393,214,158,3.16808954416457,0.228481833207845,0.100367913598449,
386,203,149,2.85851417968447,0.194391036768636,0.0879384139367131,
381,193,142,2.65608778294669,0.167834169075322,0.0793453593002355,
374,184,132,2.39654355856976,0.147049690520797,0.0685055374440314,
369,177,125,2.22683172693561,0.132680474971472,0.0618114000380341,
363,170,117,2.03896555131271,0.119715372241235,0.0549581237847874,
355,164,114,1.81289731494529,0.109615610829454,0.0525887855888484,
345,160,110,1.56522707801009,0.10336037278079,0.0495877954008704,
341,156,106,1.47590706328699,0.0974620912162376,0.0467580573535816,
333,151,102,1.31226736538984,0.0905602888450455,0.0440897989073024,
327,148,99,1.20155821375144,0.0866560807567914,0.0421890126830234,
322,145,96,1.11646956825546,0.0829201897199822,0.0403701725859655,
318,142,94,1.05275799587374,0.0793453593002355,0.0392013871956131,
315,140,92,1.00737180801057,0.0770481757411386,0.0380664401369098,
312,137,89,0.96394229590462,0.0737264978318678,0.0364253311544964,
314,134,87,0.992682137864147,0.0705480231071865,0.0353707556556805,
317,132,84,1.03740649647658,0.0685055374440314,0.0338458622164066,
321,129,82,1.10018901567718,0.0655521472021251,0.0328659667453584,
326,127,81,1.18403688381012,0.0636543006721671,0.0323867095270271,
331,126,80,1.27427498570313,0.0627260826370388,0.0319144409204443,
334,124,78,1.33168624481379,0.0609100554990796,0.0309904633919943,
334,123,77,1.33168624481379,0.0600218545222738,0.0305385550883342,
342,121,75,1.4977474763452,0.0582841194031556,0.0296544118027509,
344,119,73,1.54240266571527,0.0565966946812794,0.0287958659741259,
342,118,72,1.4977474763452,0.0557713918788438,0.0283759596700416,
340,116,70,1.45438513091401,0.0541567149069085,0.0275544272124096,
334,114,68,1.33168624481379,0.0525887855888484,0.0267566795214178,
330,112,66,1.25569328720119,0.0510662505003065,0.0259820279874819,
328,109,63,1.21933882362491,0.0488646975814411,0.0248618985674936,
324,107,61,1.14975699539774,0.047449981196081,0.0241421041757249,
319,105,59,1.06833666613839,0.0460762232643708,0.0234431490599679,
315,103,56,1.00737180801057,0.0447422379691795,0.0224324750289842,
312,101,55,0.96394229590462,0.0434468738248055,0.0221053607935815,
310,99,53,0.936034521415991,0.0421890126830234,0.0214653728745556,
308,98,51,0.908934724625008,0.0415738051943995,0.0208439136979612,
308,97,50,0.908934724625008,0.0409675687679074,0.0205399641389715,
306,96,49,0.882619513198464,0.0403701725859655,0.0202404468250845,
307,95,47,0.89568048107442,0.0397814877385972,0.019654451348028,
306,94,46,0.882619513198464,0.0392013871956131,0.0193678467349988,
308,94,46,0.908934724625008,0.0392013871956131,0.0193678467349988,
310,94,45,0.936034521415991,0.0392013871956131,0.0190854214400669,
311,94,45,0.949885922424221,0.0392013871956131,0.0190854214400669,
312,94,44,0.96394229590462,0.0392013871956131,0.0188071145196919,
313,94,44,0.978206675031545,0.0392013871956131,0.0188071145196919,
314,94,44,0.992682137864147,0.0392013871956131,0.0188071145196919,
315,95,44,1.00737180801057,0.0397814877385972,0.0188071145196919,
316,95,44,1.02227885530198,0.0397814877385972,0.0188071145196919,
316,95,44,1.02227885530198,0.0397814877385972,0.0188071145196919,
317,96,44,1.03740649647658,0.0403701725859655,0.0188071145196919,
317,96,44,1.03740649647658,0.0403701725859655,0.0188071145196919,
317,96,44,1.03740649647658,0.0403701725859655,0.0188071145196919,
317,97,44,1.03740649647658,0.0409675687679074,0.0188071145196919,
318,97,44,1.05275799587374,0.0409675687679074,0.0188071145196919,
318,97,44,1.05275799587374,0.0409675687679074,0.0188071145196919,
319,98,44,1.06833666613839,0.0415738051943995,0.0188071145196919,
320,98,44,1.08414586893583,0.0415738051943995,0.0188071145196919,
320,98,44,1.08414586893583,0.0415738051943995,0.0188071145196919,
321,98,45,1.10018901567718,0.0415738051943995,0.0190854214400669,
322,98,45,1.11646956825546,0.0415738051943995,0.0190854214400669,
323,98,45,1.13299103979264,0.0415738051943995,0.0190854214400669,
324,98,46,1.14975699539774,0.0415738051943995,0.0193678467349988,
325,98,47,1.1667710529361,0.0415738051943995,0.019654451348028,
325,98,47,1.1667710529361,0.0415738051943995,0.019654451348028,
327,98,47,1.20155821375144,0.0415738051943995,0.019654451348028,
327,98,48,1.20155821375144,0.0415738051943995,0.0199452971245347,
328,98,47,1.21933882362491,0.0415738051943995,0.019654451348028,
329,98,46,1.23738255024451,0.0415738051943995,0.0193678467349988,
329,98,46,1.23738255024451,0.0415738051943995,0.0193678467349988,
329,98,45,1.23738255024451,0.0415738051943995,0.0190854214400669,
330,98,44,1.25569328720119,0.0415738051943995,0.0188071145196919,
330,98,44,1.25569328720119,0.0415738051943995,0.0188071145196919,
331,98,43,1.27427498570313,0.0415738051943995,0.018532865919023,
331,98,42,1.27427498570313,0.0415738051943995,0.0182626164589394,
331,98,42,1.27427498570313,0.0415738051943995,0.0182626164589394,
332,98,41,1.29313165542834,0.0415738051943995,0.0179963078232806,
332,98,41,1.29313165542834,0.0415738051943995,0.0179963078232806,
334,98,40,1.33168624481379,0.0415738051943995,0.0177338825462625,
335,98,39,1.35139248403043,0.0415738051943995,0.0174752840000768,
336,98,39,1.37139033537837,0.0415738051943995,0.0174752840000768,
337,98,39,1.39168411412213,0.0415738051943995,0.0174752840000768,
338,98,39,1.41227819938335,0.0415738051943995,0.0174752840000768,
340,98,39,1.45438513091401,0.0415738051943995,0.0174752840000768,
341,98,39,1.47590706328699,0.0415738051943995,0.0174752840000768,
343,98,39,1.51991108295293,0.0415738051943995,0.0174752840000768,
345,98,39,1.56522707801009,0.0415738051943995,0.0174752840000768,
346,98,39,1.58838924503536,0.0415738051943995,0.0174752840000768,
348,98,39,1.63574690956204,0.0415738051943995,0.0174752840000768,
349,98,39,1.65995262620382,0.0415738051943995,0.0174752840000768,
350,98,39,1.68451653806193,0.0415738051943995,0.0174752840000768,
351,98,39,1.70944394569471,0.0415738051943995,0.0174752840000768,
353,98,39,1.76041084386555,0.0415738051943995,0.0174752840000768,
353,98,39,1.76041084386555,0.0415738051943995,0.0174752840000768,
355,98,39,1.81289731494529,0.0415738051943995,0.0174752840000768,
355,98,39,1.81289731494529,0.0415738051943995,0.0174752840000768,
356,98,39,1.83972449612453,0.0415738051943995,0.0174752840000768,
357,98,39,1.86694866484636,0.0415738051943995,0.0174752840000768,
357,98,39,1.86694866484636,0.0415738051943995,0.0174752840000768,
359,98,39,1.92261155027238,0.0415738051943995,0.0174752840000768,
360,98,39,1.95106227827073,0.0415738051943995,0.0174752840000768,
361,99,39,1.97993401899187,0.0421890126830234,0.0174752840000768,
362,99,39,2.00923300256505,0.0421890126830234,0.0174752840000768,
363,99,39,2.03896555131271,0.0421890126830234,0.0174752840000768,
365,100,39,2.09975710279314,0.0428133239871939,0.0174752840000768,
366,100,39,2.13082922351649,0.0428133239871939,0.0174752840000768,
368,100,39,2.19435968108308,0.0428133239871939,0.0174752840000768,
370,101,39,2.25978429280997,0.0434468738248055,0.0174752840000768,
371,101,39,2.29322448942201,0.0434468738248055,0.0174752840000768,
373,101,39,2.36159674540011,0.0434468738248055,0.0174752840000768,
375,102,39,2.43200751326795,0.0440897989073024,0.0174752840000768,
376,102,39,2.46799626213411,0.0440897989073024,0.0174752840000768,
378,102,39,2.54157932082112,0.0440897989073024,0.0174752840000768,
379,102,39,2.57918950886596,0.0440897989073024,0.0174752840000768,
381,102,39,2.65608778294669,0.0440897989073024,0.0174752840000768,
383,102,39,2.73527877128368,0.0440897989073024,0.0174752840000768,
384,102,39,2.77575531596607,0.0440897989073024,0.0174752840000768,
385,102,39,2.81683083092037,0.0440897989073024,0.0174752840000768,
387,102,39,2.90081435695852,0.0440897989073024,0.0174752840000768,
388,102,39,2.94374049054585,0.0440897989073024,0.0174752840000768,
389,102,39,2.98730184332271,0.0440897989073024,0.0174752840000768,
390,102,39,3.03150781523696,0.0440897989073024,0.0174752840000768,
391,102,39,3.07636794533655,0.0440897989073024,0.0174752840000768,
391,102,39,3.07636794533655,0.0440897989073024,0.0174752840000768,
391,102,39,3.07636794533655,0.0440897989073024,0.0174752840000768,
391,102,39,3.07636794533655,0.0440897989073024,0.0174752840000768,
391,102,39,3.07636794533655,0.0440897989073024,0.0174752840000768,
391,102,39,3.07636794533655,0.0440897989073024,0.0174752840000768,
391,102,39,3.07636794533655,0.0440897989073024,0.0174752840000768,
391,102,39,3.07636794533655,0.0440897989073024,0.0174752840000768,
391,102,39,3.07636794533655,0.0440897989073024,0.0174752840000768,
391,102,39,3.07636794533655,0.0440897989073024,0.0174752840000768,
391,102,39,3.07636794533655,0.0440897989073024,0.0174752840000768,
391,102,39,3.07636794533655,0.0440897989073024,0.0174752840000768,
392,102,39,3.12189191382785,0.0440897989073024,0.0174752840000768,
392,102,39,3.12189191382785,0.0440897989073024,0.0174752840000768,
393,102,39,3.16808954416457,0.0440897989073024,0.0174752840000768,
393,102,39,3.16808954416457,0.0440897989073024,0.0174752840000768,
394,102,39,3.21497080516744,0.0440897989073024,0.0174752840000768,
394,102,39,3.21497080516744,0.0440897989073024,0.0174752840000768,
395,102,39,3.26254581317544,0.0440897989073024,0.0174752840000768,
395,102,39,3.26254581317544,0.0440897989073024,0.0174752840000768,
396,103,39,3.31082483422869,0.0447422379691795,0.0174752840000768,
397,103,39,3.35981828628378,0.0447422379691795,0.0174752840000768,
398,103,39,3.4095367414618,0.0447422379691795,0.0174752840000768,
399,104,39,3.45999092832965,0.0454043317979191,0.0174752840000768,
400,104,39,3.51119173421513,0.0454043317979191,0.0174752840000768,
401,104,39,3.56315020755629,0.0454043317979191,0.0174752840000768,
402,104,39,3.6158775602855,0.0454043317979191,0.0174752840000768,
403,105,39,3.66938517024886,0.0460762232643708,0.0174752840000768,
404,105,39,3.72368458366139,0.0460762232643708,0.0174752840000768,
405,106,39,3.77878751759852,0.0467580573535816,0.0174752840000768,
408,106,39,3.9490372295767,0.0467580573535816,0.0174752840000768,
410,106,39,4.06677737476227,0.0467580573535816,0.0174752840000768,
413,106,39,4.2500021984678,0.0467580573535816,0.0174752840000768,
415,107,39,4.37671558373012,0.047449981196081,0.0174752840000768,
418,107,39,4.57390438147814,0.047449981196081,0.0174752840000768,
421,108,39,4.77997733475636,0.0481521440996304,0.0174752840000768,
423,108,39,4.92249187505059,0.0481521440996304,0.0174752840000768,
427,109,39,5.22039481060173,0.0488646975814411,0.0174752840000768,
429,109,39,5.3760403533489,0.0488646975814411,0.0174752840000768,
432,110,39,5.61825278722568,0.0495877954008704,0.0174752840000768,
435,110,39,5.87137787414606,0.0495877954008704,0.0174752840000768,
437,111,39,6.04643241102501,0.0503215935925999,0.0174752840000768,
440,111,39,6.3188487275494,0.0503215935925999,0.0174752840000768,
443,112,39,6.60353850459796,0.0510662505003065,0.0174752840000768,
445,112,39,6.80042233654735,0.0510662505003065,0.0174752840000768,
447,112,39,7.00317624001311,0.0510662505003065,0.0174752840000768,
449,113,39,7.21197523058319,0.0518219268108302,0.0174752840000768,
450,113,39,7.31869774849749,0.0518219268108302,0.0174752840000768,
451,113,39,7.42699954191758,0.0518219268108302,0.0174752840000768,
453,114,39,7.64843478132459,0.0525887855888484,0.0174752840000768,
454,114,39,7.76161601002667,0.0525887855888484,0.0174752840000768,
455,114,39,7.87647208997567,0.0525887855888484,0.0174752840000768,
456,115,39,7.99302780555262,0.0533669923120631,0.0174752840000768,
457,115,39,8.11130830789687,0.0533669923120631,0.0174752840000768,
457,115,39,8.11130830789687,0.0533669923120631,0.0174752840000768,
459,115,39,8.35314614387976,0.0533669923120631,0.0174752840000768,
460,115,39,8.47675566283661,0.0533669923120631,0.0174752840000768,
460,115,39,8.47675566283661,0.0533669923120631,0.0174752840000768,
461,115,39,8.60219435045798,0.0533669923120631,0.0174752840000768,
461,115,39,8.60219435045798,0.0533669923120631,0.0174752840000768,
462,115,39,8.72948927470786,0.0533669923120631,0.0174752840000768,
462,115,39,8.72948927470786,0.0533669923120631,0.0174752840000768,
462,115,39,8.72948927470786,0.0533669923120631,0.0174752840000768,
461,115,39,8.60219435045798,0.0533669923120631,0.0174752840000768,
460,115,39,8.47675566283661,0.0533669923120631,0.0174752840000768,
460,115,39,8.47675566283661,0.0533669923120631,0.0174752840000768,
459,115,39,8.35314614387976,0.0533669923120631,0.0174752840000768,
458,115,39,8.23133912033325,0.0533669923120631,0.0174752840000768,
458,115,39,8.23133912033325,0.0533669923120631,0.0174752840000768,
457,115,39,8.11130830789687,0.0533669923120631,0.0174752840000768,
456,115,39,7.99302780555262,0.0533669923120631,0.0174752840000768,
456,115,39,7.99302780555262,0.0533669923120631,0.0174752840000768,
455,115,39,7.87647208997567,0.0533669923120631,0.0174752840000768,
454,115,39,7.76161601002667,0.0533669923120631,0.0174752840000768,
453,115,39,7.64843478132459,0.0533669923120631,0.0174752840000768,
453,115,39,7.64843478132459,0.0533669923120631,0.0174752840000768,
452,115,39,7.53690398089854,0.0533669923120631,0.0174752840000768,
451,115,38,7.42699954191758,0.0533669923120631,0.017220456382672,
450,115,38,7.31869774849749,0.0533669923120631,0.017220456382672,
449,115,38,7.21197523058319,0.0533669923120631,0.017220456382672,
448,115,37,7.10680895890576,0.0533669923120631,0.0169693447057115,
447,115,37,7.00317624001311,0.0533669923120631,0.0169693447057115,
446,115,37,6.90105471137295,0.0533669923120631,0.0169693447057115,
445,115,36,6.80042233654735,0.0533669923120631,0.0167218947827083,
443,115,36,6.60353850459796,0.0533669923120631,0.0167218947827083,
441,115,36,6.41235479557692,0.0533669923120631,0.0167218947827083,
439,115,35,6.22670618119788,0.0533669923120631,0.0164780532173321,
437,114,35,6.04643241102501,0.0525887855888484,0.0164780532173321,
435,114,35,5.87137787414606,0.0525887855888484,0.0164780532173321,
433,114,35,5.70139146485024,0.0525887855888484,0.0164780532173321,
430,113,35,5.45559478116852,0.0518219268108302,0.0164780532173321,
428,113,35,5.29764600197183,0.0518219268108302,0.0164780532173321,
426,112,35,5.14427010948143,0.0510662505003065,0.0164780532173321,
424,112,35,4.99533471082328,0.0510662505003065,0.0164780532173321,
422,111,35,4.850711246123,0.0503215935925999,0.0164780532173321,
420,111,35,4.71027487753393,0.0503215935925999,0.0164780532173321,
419,111,35,4.64158883361278,0.0503215935925999,0.0164780532173321,
419,112,35,4.64158883361278,0.0510662505003065,0.0164780532173321,
419,112,35,4.64158883361278,0.0510662505003065,0.0164780532173321,
420,112,35,4.71027487753393,0.0510662505003065,0.0164780532173321,
421,112,35,4.77997733475636,0.0510662505003065,0.0164780532173321,
422,113,35,4.850711246123,0.0518219268108302,0.0164780532173321,
423,113,35,4.92249187505059,0.0518219268108302,0.0164780532173321,
424,113,35,4.99533471082328,0.0518219268108302,0.0164780532173321,
425,114,35,5.06925547193504,0.0525887855888484,0.0164780532173321,
426,114,35,5.14427010948143,0.0525887855888484,0.0164780532173321,
427,114,35,5.22039481060173,0.0525887855888484,0.0164780532173321,
427,115,35,5.22039481060173,0.0533669923120631,0.0164780532173321,
428,115,35,5.29764600197183,0.0533669923120631,0.0164780532173321,
429,115,35,5.3760403533489,0.0533669923120631,0.0164780532173321,
430,115,35,5.45559478116852,0.0533669923120631,0.0164780532173321,
431,115,35,5.53632645219498,0.0533669923120631,0.0164780532173321,
431,115,35,5.53632645219498,0.0533669923120631,0.0164780532173321,
432,115,35,5.61825278722568,0.0533669923120631,0.0164780532173321,
432,115,35,5.61825278722568,0.0533669923120631,0.0164780532173321,
432,115,35,5.61825278722568,0.0533669923120631,0.0164780532173321,
433,115,35,5.70139146485024,0.0533669923120631,0.0164780532173321,
433,115,35,5.70139146485024,0.0533669923120631,0.0164780532173321,
433,115,36,5.70139146485024,0.0533669923120631,0.0167218947827083,
433,115,36,5.70139146485024,0.0533669923120631,0.0167218947827083,
433,115,36,5.70139146485024,0.0533669923120631,0.0167218947827083,
433,115,37,5.70139146485024,0.0533669923120631,0.0169693447057115,
433,115,37,5.70139146485024,0.0533669923120631,0.0169693447057115,
433,115,38,5.70139146485024,0.0533669923120631,0.017220456382672,
433,115,38,5.70139146485024,0.0533669923120631,0.017220456382672,
433,115,38,5.70139146485024,0.0533669923120631,0.017220456382672,
433,115,39,5.70139146485024,0.0533669923120631,0.0174752840000768,
433,115,39,5.70139146485024,0.0533669923120631,0.0174752840000768,
433,115,39,5.70139146485024,0.0533669923120631,0.0174752840000768,
433,115,39,5.70139146485024,0.0533669923120631,0.0174752840000768,
433,116,39,5.70139146485024,0.0541567149069085,0.0174752840000768,
433,116,39,5.70139146485024,0.0541567149069085,0.0174752840000768,
433,116,39,5.70139146485024,0.0541567149069085,0.0174752840000768,
433,117,39,5.70139146485024,0.0549581237847874,0.0174752840000768,
433,117,39,5.70139146485024,0.0549581237847874,0.0174752840000768,
433,118,39,5.70139146485024,0.0557713918788438,0.0174752840000768,
433,118,39,5.70139146485024,0.0557713918788438,0.0174752840000768,
433,119,39,5.70139146485024,0.0565966946812794,0.0174752840000768,
434,119,39,5.78576042526536,0.0565966946812794,0.0174752840000768,
434,119,39,5.78576042526536,0.0565966946812794,0.0174752840000768,
435,119,39,5.87137787414606,0.0565966946812794,0.0174752840000768,
435,119,39,5.87137787414606,0.0565966946812794,0.0174752840000768,
436,119,39,5.95826228657415,0.0565966946812794,0.0174752840000768,
437,119,39,6.04643241102501,0.0565966946812794,0.0174752840000768,
437,119,39,6.04643241102501,0.0565966946812794,0.0174752840000768,
438,119,39,6.13590727341318,0.0565966946812794,0.0174752840000768,
439,119,39,6.22670618119788,0.0565966946812794,0.0174752840000768,
439,119,39,6.22670618119788,0.0565966946812794,0.0174752840000768,
440,119,39,6.3188487275494,0.0565966946812794,0.0174752840000768,
440,119,39,6.3188487275494,0.0565966946812794,0.0174752840000768,
439,119,39,6.22670618119788,0.0565966946812794,0.0174752840000768,
438,118,39,6.13590727341318,0.0557713918788438,0.0174752840000768,
437,118,39,6.04643241102501,0.0557713918788438,0.0174752840000768,
436,117,39,5.95826228657415,0.0549581237847874,0.0174752840000768,
434,117,39,5.78576042526536,0.0549581237847874,0.0174752840000768,
433,116,39,5.70139146485024,0.0541567149069085,0.0174752840000768,
432,116,39,5.61825278722568,0.0541567149069085,0.0174752840000768,
431,115,39,5.53632645219498,0.0533669923120631,0.0174752840000768,
430,115,39,5.45559478116852,0.0533669923120631,0.0174752840000768,
428,115,39,5.29764600197183,0.0533669923120631,0.0174752840000768,
427,116,39,5.22039481060173,0.0541567149069085,0.0174752840000768,
426,116,39,5.14427010948143,0.0541567149069085,0.0174752840000768,
425,116,39,5.06925547193504,0.0541567149069085,0.0174752840000768,
424,117,39,4.99533471082328,0.0549581237847874,0.0174752840000768,
423,117,39,4.92249187505059,0.0549581237847874,0.0174752840000768,
422,117,39,4.850711246123,0.0549581237847874,0.0174752840000768,
421,118,39,4.77997733475636,0.0557713918788438,0.0174752840000768,
420,118,39,4.71027487753393,0.0557713918788438,0.0174752840000768,
419,118,39,4.64158883361278,0.0557713918788438,0.0174752840000768,
418,119,39,4.57390438147814,0.0565966946812794,0.0174752840000768,
417,119,39,4.50720691574513,0.0565966946812794,0.0174752840000768,
417,119,39,4.50720691574513,0.0565966946812794,0.0174752840000768,
417,119,39,4.50720691574513,0.0565966946812794,0.0174752840000768,
417,119,39,4.50720691574513,0.0565966946812794,0.0174752840000768,
417,119,39,4.50720691574513,0.0565966946812794,0.0174752840000768,
418,119,39,4.57390438147814,0.0565966946812794,0.0174752840000768,
418,119,39,4.57390438147814,0.0565966946812794,0.0174752840000768,
418,119,39,4.57390438147814,0.0565966946812794,0.0174752840000768,
418,119,39,4.57390438147814,0.0565966946812794,0.0174752840000768,
419,119,39,4.64158883361278,0.0565966946812794,0.0174752840000768,
419,119,39,4.64158883361278,0.0565966946812794,0.0174752840000768,
420,119,39,4.71027487753393,0.0565966946812794,0.0174752840000768,
420,119,39,4.71027487753393,0.0565966946812794,0.0174752840000768,
421,119,39,4.77997733475636,0.0565966946812794,0.0174752840000768,
421,118,39,4.77997733475636,0.0557713918788438,0.0174752840000768,
421,118,39,4.77997733475636,0.0557713918788438,0.0174752840000768,
422,117,38,4.850711246123,0.0549581237847874,0.017220456382672,
423,117,38,4.92249187505059,0.0549581237847874,0.017220456382672,
423,116,37,4.92249187505059,0.0541567149069085,0.0169693447057115,
423,116,36,4.92249187505059,0.0541567149069085,0.0167218947827083,
423,115,36,4.92249187505059,0.0533669923120631,0.0167218947827083,
422,115,35,4.850711246123,0.0533669923120631,0.0164780532173321,
421,114,35,4.77997733475636,0.0525887855888484,0.0164780532173321,
420,113,34,4.71027487753393,0.0518219268108302,0.0162377673918872,
418,112,34,4.57390438147814,0.0510662505003065,0.0162377673918872,
416,111,33,4.44148204400715,0.0503215935925999,0.0160009854559581,
414,110,32,4.31289355919217,0.0495877954008704,0.0157676563152212,
411,109,32,4.12695738195241,0.0488646975814411,0.0157676563152212,
409,108,31,4.00747492285808,0.0481521440996304,0.0155377296204191,
407,107,30,3.89145168485814,0.047449981196081,0.0153111557564959,
404,106,30,3.72368458366139,0.0467580573535816,0.0153111557564959,
402,105,29,3.6158775602855,0.0460762232643708,0.0150878858318913,
400,104,28,3.51119173421513,0.0454043317979191,0.0148678716679899,
397,104,28,3.35981828628378,0.0454043317979191,0.0148678716679899,
395,103,27,3.26254581317544,0.0447422379691795,0.0146510657887253,
393,102,27,3.16808954416457,0.0440897989073024,0.0146510657887253,
390,101,26,3.03150781523696,0.0434468738248055,0.0144374214103354,
388,101,25,2.94374049054585,0.0434468738248055,0.0142268924312671,
385,100,25,2.81683083092037,0.0428133239871939,0.0142268924312671,
383,100,25,2.73527877128368,0.0428133239871939,0.0142268924312671,
381,99,24,2.65608778294669,0.0421890126830234,0.0140194334222279,
379,98,23,2.57918950886596,0.0415738051943995,0.0138149996163832,
378,98,23,2.54157932082112,0.0415738051943995,0.0138149996163832,
376,97,22,2.46799626213411,0.0409675687679074,0.0136135468996963,
374,97,22,2.39654355856976,0.0409675687679074,0.0136135468996963,
372,96,22,2.32715953271168,0.0403701725859655,0.0136135468996963,
371,96,21,2.29322448942201,0.0403701725859655,0.0134150318014087,
370,95,21,2.25978429280997,0.0397814877385972,0.0134150318014087,
369,94,21,2.22683172693561,0.0392013871956131,0.0134150318014087,
368,93,20,2.19435968108308,0.0386297457792001,0.0132194114846603,
367,93,20,2.16236114822621,0.0386297457792001,0.0132194114846603,
366,92,20,2.13082922351649,0.0380664401369098,0.0132194114846603,
364,92,19,2.06913808111479,0.0380664401369098,0.0130266437372454,
361,91,19,1.97993401899187,0.0375113487150405,0.0130266437372454,
359,90,19,1.92261155027238,0.0369643517324076,0.0130266437372454,
356,90,18,1.83972449612453,0.0369643517324076,0.012836686962504,
354,89,18,1.78646133236755,0.0364253311544964,0.012836686962504,
351,88,18,1.70944394569471,0.035894170667992,0.012836686962504,
348,88,18,1.63574690956204,0.035894170667992,0.012836686962504,
345,87,18,1.56522707801009,0.0353707556556805,0.012836686962504,
342,87,18,1.4977474763452,0.0353707556556805,0.012836686962504,
340,87,18,1.45438513091401,0.0353707556556805,0.012836686962504,
337,86,18,1.39168411412213,0.034854973171716,0.012836686962504,
335,86,18,1.35139248403043,0.034854973171716,0.012836686962504,
333,86,18,1.31226736538984,0.034854973171716,0.012836686962504,
331,86,18,1.27427498570313,0.034854973171716,0.012836686962504,
331,86,17,1.27427498570313,0.034854973171716,0.0126495001703459,
332,87,17,1.29313165542834,0.0353707556556805,0.0126495001703459,
333,87,17,1.31226736538984,0.0353707556556805,0.0126495001703459,
334,87,16,1.33168624481379,0.0353707556556805,0.0124650429684053,
335,88,16,1.35139248403043,0.035894170667992,0.0124650429684053,
336,88,16,1.37139033537837,0.035894170667992,0.0124650429684053,
337,88,15,1.39168411412213,0.035894170667992,0.0122832755533251,
338,89,15,1.41227819938335,0.0364253311544964,0.0122832755533251,
339,89,15,1.43317703508574,0.0364253311544964,0.0122832755533251,
341,89,14,1.47590706328699,0.0364253311544964,0.0121041587021673,
343,89,14,1.51991108295293,0.0364253311544964,0.0121041587021673,
344,89,14,1.54240266571527,0.0364253311544964,0.0121041587021673,
346,89,14,1.58838924503536,0.0364253311544964,0.0121041587021673,
347,88,14,1.61189416487193,0.035894170667992,0.0121041587021673,
349,88,14,1.65995262620382,0.035894170667992,0.0121041587021673,
351,87,14,1.70944394569471,0.0353707556556805,0.0121041587021673,
354,87,14,1.78646133236755,0.0353707556556805,0.0121041587021673,
356,86,14,1.83972449612453,0.034854973171716,0.0121041587021673,
359,85,14,1.92261155027238,0.0343467119172483,0.0121041587021673,
362,85,14,2.00923300256505,0.0343467119172483,0.0121041587021673,
364,84,14,2.06913808111479,0.0338458622164066,0.0121041587021673,
367,83,13,2.16236114822621,0.0333523159926324,0.01192765376395,
370,83,13,2.25978429280997,0.0333523159926324,0.01192765376395,
373,82,13,2.36159674540011,0.0328659667453584,0.01192765376395,
376,81,12,2.46799626213411,0.0323867095270271,0.0117537226513064,
379,81,12,2.57918950886596,0.0323867095270271,0.0117537226513064,
383,80,12,2.73527877128368,0.0319144409204443,0.0117537226513064,
386,80,11,2.85851417968447,0.0319144409204443,0.0115823278322661,
389,79,11,2.98730184332271,0.0314490590164633,0.0115823278322661,
391,78,11,3.07636794533655,0.0309904633919943,0.0115823278322661,
393,77,10,3.16808954416457,0.0305385550883342,0.0114134323221568,
394,77,10,3.21497080516744,0.0305385550883342,0.0114134323221568,
396,76,10,3.31082483422869,0.0300932365898129,0.0114134323221568,
397,76,9,3.35981828628378,0.0300932365898129,0.0112469996756228,
397,75,9,3.35981828628378,0.0296544118027509,0.0112469996756228,
397,74,9,3.35981828628378,0.0292219860347231,0.0112469996756228,
396,74,8,3.31082483422869,0.0292219860347231,0.0110829939787609,
396,73,8,3.31082483422869,0.0287958659741259,0.0110829939787609,
395,72,8,3.26254581317544,0.0283759596700416,0.0110829939787609,
394,72,7,3.21497080516744,0.0283759596700416,0.0109213798413708,
393,71,7,3.16808954416457,0.0279621765123968,0.0109213798413708,
392,70,7,3.12189191382785,0.0275544272124096,0.0109213798413708,
391,70,6,3.07636794533655,0.0275544272124096,0.0107621223893181,
390,69,6,3.03150781523696,0.027152623783323,0.0107621223893181,
388,69,6,2.94374049054585,0.027152623783323,0.0107621223893181,
387,69,6,2.90081435695852,0.027152623783323,0.0107621223893181,
386,70,6,2.85851417968447,0.0275544272124096,0.0107621223893181,
384,70,6,2.77575531596607,0.0275544272124096,0.0107621223893181,
382,71,6,2.69539246258499,0.0279621765123968,0.0107621223893181,
380,71,6,2.61735625095308,0.0279621765123968,0.0107621223893181,
379,72,6,2.57918950886596,0.0283759596700416,0.0107621223893181,
378,72,6,2.54157932082112,0.0283759596700416,0.0107621223893181,
377,73,6,2.50451757105114,0.0287958659741259,0.0107621223893181,
375,73,6,2.43200751326795,0.0287958659741259,0.0107621223893181,
374,74,6,2.39654355856976,0.0292219860347231,0.0107621223893181,
373,74,6,2.36159674540011,0.0292219860347231,0.0107621223893181,
373,74,6,2.36159674540011,0.0292219860347231,0.0107621223893181,
373,75,6,2.36159674540011,0.0296544118027509,0.0107621223893181,
372,75,6,2.32715953271168,0.0296544118027509,0.0107621223893181,
372,76,6,2.32715953271168,0.0300932365898129,0.0107621223893181,
371,76,6,2.29322448942201,0.0300932365898129,0.0107621223893181,
371,76,6,2.29322448942201,0.0300932365898129,0.0107621223893181,
371,77,6,2.29322448942201,0.0305385550883342,0.0107621223893181,
371,77,6,2.29322448942201,0.0305385550883342,0.0107621223893181,
371,77,6,2.29322448942201,0.0305385550883342,0.0107621223893181,
372,78,6,2.32715953271168,0.0309904633919943,0.0107621223893181,
373,78,6,2.36159674540011,0.0309904633919943,0.0107621223893181,
374,78,6,2.39654355856976,0.0309904633919943,0.0107621223893181,
375,79,6,2.43200751326795,0.0314490590164633,0.0107621223893181,
377,79,6,2.50451757105114,0.0314490590164633,0.0107621223893181,
379,80,6,2.57918950886596,0.0319144409204443,0.0107621223893181,
381,80,6,2.65608778294669,0.0319144409204443,0.0107621223893181,
384,81,6,2.77575531596607,0.0323867095270271,0.0107621223893181,
386,81,6,2.85851417968447,0.0323867095270271,0.0107621223893181,
389,82,6,2.98730184332271,0.0328659667453584,0.0107621223893181,
391,82,7,3.07636794533655,0.0328659667453584,0.0109213798413708,
394,82,7,3.21497080516744,0.0328659667453584,0.0109213798413708,
397,83,7,3.35981828628378,0.0333523159926324,0.0109213798413708,
400,83,8,3.51119173421513,0.0333523159926324,0.0110829939787609,
403,84,8,3.66938517024886,0.0338458622164066,0.0110829939787609,
407,84,8,3.89145168485814,0.0338458622164066,0.0110829939787609,
410,84,9,4.06677737476227,0.0338458622164066,0.0112469996756228,
413,84,9,4.2500021984678,0.0338458622164066,0.0112469996756228,
416,85,9,4.44148204400715,0.0343467119172483,0.0112469996756228,
419,85,10,4.64158883361278,0.0343467119172483,0.0114134323221568,
421,85,10,4.77997733475636,0.0343467119172483,0.0114134323221568,
423,86,10,4.92249187505059,0.034854973171716,0.0114134323221568,
427,86,10,5.22039481060173,0.034854973171716,0.0114134323221568,
429,87,10,5.3760403533489,0.0353707556556805,0.0114134323221568,
432,87,10,5.61825278722568,0.0353707556556805,0.0114134323221568,
434,88,10,5.78576042526536,0.035894170667992,0.0114134323221568,
435,88,10,5.87137787414606,0.035894170667992,0.0114134323221568,
436,89,10,5.95826228657415,0.0364253311544964,0.0114134323221568,
438,89,10,6.13590727341318,0.0364253311544964,0.0114134323221568,
439,89,10,6.22670618119788,0.0364253311544964,0.0114134323221568,
438,90,11,6.13590727341318,0.0369643517324076,0.0115823278322661,
437,90,11,6.04643241102501,0.0369643517324076,0.0115823278322661,
436,91,11,5.95826228657415,0.0375113487150405,0.0115823278322661,
434,91,11,5.78576042526536,0.0375113487150405,0.0115823278322661,
433,92,12,5.70139146485024,0.0380664401369098,0.0117537226513064,
431,92,12,5.53632645219498,0.0380664401369098,0.0117537226513064,
429,92,12,5.3760403533489,0.0380664401369098,0.0117537226513064,
427,93,13,5.22039481060173,0.0386297457792001,0.01192765376395,
426,93,13,5.14427010948143,0.0386297457792001,0.01192765376395,
425,93,13,5.06925547193504,0.0386297457792001,0.01192765376395,
423,94,14,4.92249187505059,0.0392013871956131,0.0121041587021673,
422,94,14,4.850711246123,0.0392013871956131,0.0121041587021673,
422,94,14,4.850711246123,0.0392013871956131,0.0121041587021673,
424,95,14,4.99533471082328,0.0397814877385972,0.0121041587021673,
424,95,14,4.99533471082328,0.0397814877385972,0.0121041587021673,
426,95,14,5.14427010948143,0.0397814877385972,0.0121041587021673,
427,96,14,5.22039481060173,0.0403701725859655,0.0121041587021673,
429,96,14,5.3760403533489,0.0403701725859655,0.0121041587021673,
430,97,14,5.45559478116852,0.0409675687679074,0.0121041587021673,
431,97,14,5.53632645219498,0.0409675687679074,0.0121041587021673,
433,98,14,5.70139146485024,0.0415738051943995,0.0121041587021673,
434,98,15,5.78576042526536,0.0415738051943995,0.0122832755533251,
436,98,15,5.95826228657415,0.0415738051943995,0.0122832755533251,
437,98,15,6.04643241102501,0.0415738051943995,0.0122832755533251,
439,98,16,6.22670618119788,0.0415738051943995,0.0124650429684053,
440,98,16,6.3188487275494,0.0415738051943995,0.0124650429684053,
441,98,16,6.41235479557692,0.0415738051943995,0.0124650429684053,
443,98,16,6.60353850459796,0.0415738051943995,0.0124650429684053,
444,98,17,6.7012574004375,0.0415738051943995,0.0126495001703459,
445,98,17,6.80042233654735,0.0415738051943995,0.0126495001703459,
447,98,18,7.00317624001311,0.0415738051943995,0.012836686962504,
447,98,18,7.00317624001311,0.0415738051943995,0.012836686962504,
448,99,18,7.10680895890576,0.0421890126830234,0.012836686962504,
448,99,18,7.10680895890576,0.0421890126830234,0.012836686962504,
447,99,18,7.00317624001311,0.0421890126830234,0.012836686962504,
446,100,18,6.90105471137295,0.0428133239871939,0.012836686962504,
445,100,18,6.80042233654735,0.0428133239871939,0.012836686962504,
443,101,18,6.60353850459796,0.0434468738248055,0.012836686962504,
442,102,18,6.50724456261908,0.0440897989073024,0.012836686962504,
441,102,18,6.41235479557692,0.0440897989073024,0.012836686962504,
439,103,18,6.22670618119788,0.0447422379691795,0.012836686962504,
438,104,18,6.13590727341318,0.0454043317979191,0.012836686962504,
437,104,18,6.04643241102501,0.0454043317979191,0.012836686962504,
435,105,18,5.87137787414606,0.0460762232643708,0.012836686962504,
434,106,18,5.78576042526536,0.0467580573535816,0.012836686962504,
433,107,18,5.70139146485024,0.047449981196081,0.012836686962504,
432,107,18,5.61825278722568,0.047449981196081,0.012836686962504,
431,108,18,5.53632645219498,0.0481521440996304,0.012836686962504,
430,109,18,5.45559478116852,0.0488646975814411,0.012836686962504,
429,110,18,5.3760403533489,0.0495877954008704,0.012836686962504,
428,111,18,5.29764600197183,0.0503215935925999,0.012836686962504,
427,112,18,5.22039481060173,0.0510662505003065,0.012836686962504,
425,113,18,5.06925547193504,0.0518219268108302,0.012836686962504,
424,114,18,4.99533471082328,0.0525887855888484,0.012836686962504,
423,114,19,4.92249187505059,0.0525887855888484,0.0130266437372454,
422,115,19,4.850711246123,0.0533669923120631,0.0130266437372454,
421,116,19,4.77997733475636,0.0541567149069085,0.0130266437372454,
420,116,20,4.71027487753393,0.0541567149069085,0.0132194114846603,
418,117,20,4.57390438147814,0.0549581237847874,0.0132194114846603,
417,117,20,4.50720691574513,0.0549581237847874,0.0132194114846603,
415,117,21,4.37671558373012,0.0549581237847874,0.0134150318014087,
414,117,21,4.31289355919217,0.0549581237847874,0.0134150318014087,
413,118,21,4.2500021984678,0.0557713918788438,0.0134150318014087,
412,118,22,4.18802793045613,0.0557713918788438,0.0136135468996963,
411,120,22,4.12695738195241,0.057434210281222,0.0136135468996963,
410,121,22,4.06677737476227,0.0582841194031556,0.0136135468996963,
411,122,23,4.12695738195241,0.0591466054459175,0.0138149996163832,
412,123,23,4.18802793045613,0.0600218545222738,0.0138149996163832,
413,124,24,4.2500021984678,0.0609100554990796,0.0140194334222279,
414,125,25,4.31289355919217,0.0618114000380341,0.0142268924312671,
416,127,25,4.44148204400715,0.0636543006721671,0.0142268924312671,
418,129,25,4.57390438147814,0.0655521472021251,0.0142268924312671,
420,130,26,4.71027487753393,0.0665221852264423,0.0144374214103354,
421,132,26,4.77997733475636,0.0685055374440314,0.0144374214103354,
422,133,27,4.850711246123,0.0695192796177561,0.0146510657887253,
423,134,27,4.92249187505059,0.0705480231071865,0.0146510657887253,
424,135,27,4.99533471082328,0.0715919899011859,0.0146510657887253,
424,134,27,4.99533471082328,0.0705480231071865,0.0146510657887253,
424,133,27,4.99533471082328,0.0695192796177561,0.0146510657887253,
424,133,27,4.99533471082328,0.0695192796177561,0.0146510657887253,
424,132,27,4.99533471082328,0.0685055374440314,0.0146510657887253,
424,131,27,4.99533471082328,0.0675065778342292,0.0146510657887253,
424,131,27,4.99533471082328,0.0675065778342292,0.0146510657887253,
424,130,27,4.99533471082328,0.0665221852264423,0.0146510657887253,
424,129,27,4.99533471082328,0.0655521472021251,0.0146510657887253,
424,129,27,4.99533471082328,0.0655521472021251,0.0146510657887253,
424,128,27,4.99533471082328,0.0645962544402555,0.0146510657887253,
424,128,27,4.99533471082328,0.0645962544402555,0.0146510657887253,
423,129,27,4.92249187505059,0.0655521472021251,0.0146510657887253,
422,129,27,4.850711246123,0.0655521472021251,0.0146510657887253,
421,130,27,4.77997733475636,0.0665221852264423,0.0146510657887253,
420,131,27,4.71027487753393,0.0675065778342292,0.0146510657887253,
419,133,27,4.64158883361278,0.0695192796177561,0.0146510657887253,
418,134,27,4.57390438147814,0.0705480231071865,0.0146510657887253,
418,135,27,4.57390438147814,0.0715919899011859,0.0146510657887253,
417,136,27,4.50720691574513,0.0726514052736001,0.0146510657887253,
417,137,27,4.50720691574513,0.0737264978318678,0.0146510657887253,
417,138,27,4.50720691574513,0.0748174995663516,0.0146510657887253,
418,139,27,4.57390438147814,0.075924645900398,0.0146510657887253,
418,141,27,4.57390438147814,0.0781883315310433,0.0146510657887253,
419,142,27,4.64158883361278,0.0793453593002355,0.0146510657887253,
420,143,27,4.71027487753393,0.0805195087195828,0.0146510657887253,
420,145,27,4.71027487753393,0.0829201897199822,0.0146510657887253,
421,146,27,4.77997733475636,0.0841472393353665,0.0146510657887253,
422,147,27,4.850711246123,0.0853924467813552,0.0146510657887253,
423,149,27,4.92249187505059,0.0879384139367131,0.0146510657887253,
425,150,27,5.06925547193504,0.0892397230311922,0.0146510657887253,
428,152,27,5.29764600197183,0.0919003963384274,0.0146510657887253,
430,153,27,5.45559478116852,0.093260334688322,0.0146510657887253,
431,155,27,5.53632645219498,0.0960408821250538,0.0146510657887253,
434,156,27,5.78576042526536,0.0974620912162376,0.0146510657887253,
436,157,27,5.95826228657415,0.0989043313020995,0.0146510657887253,
439,159,27,6.22670618119788,0.101853153926453,0.0146510657887253,
442,160,27,6.50724456261908,0.10336037278079,0.0146510657887253,
445,162,27,6.80042233654735,0.106442051830686,0.0146510657887253,
448,162,27,7.10680895890576,0.106442051830686,0.0146510657887253,
450,163,27,7.31869774849749,0.108017177010701,0.0146510657887253,
453,165,27,7.64843478132459,0.11123769820724,0.0146510657887253,
456,166,27,7.99302780555262,0.112883789168469,0.0146510657887253,
459,166,27,8.35314614387976,0.112883789168469,0.0146510657887253,
462,167,27,8.72948927470786,0.114554238917198,0.0146510657887253,
464,168,27,8.98975811362943,0.11624940791378,0.0146510657887253,
466,169,27,9.25778684163293,0.117969661952645,0.0146510657887253,
467,169,27,9.39478319706455,0.117969661952645,0.0146510657887253,
469,170,27,9.67488770692452,0.119715372241235,0.0146510657887253,
471,171,27,9.9633435043872,0.121486915480104,0.0146510657887253,
473,171,27,10.260399582247,0.121486915480104,0.0146510657887253,
475,172,27,10.5663123569931,0.123284673944207,0.0146510657887253,
476,172,27,10.7226722201032,0.123284673944207,0.0146510657887253,
477,173,27,10.8813458901467,0.125109035565386,0.0146510657887253,
478,172,27,11.042367606745,0.123284673944207,0.0146510657887253,
479,172,27,11.2057721161961,0.123284673944207,0.0146510657887253,
482,171,27,11.7106376230262,0.121486915480104,0.0146510657887253,
483,170,27,11.8839311651631,0.119715372241235,0.0146510657887253,
484,170,27,12.0597890981311,0.119715372241235,0.0146510657887253,
485,169,27,12.2382493696819,0.117969661952645,0.0146510657887253,
486,168,27,12.4193504891169,0.11624940791378,0.0146510657887253,
487,168,27,12.6031315355961,0.11624940791378,0.0146510657887253,
488,167,27,12.7896321665717,0.114554238917198,0.0146510657887253,
489,166,27,12.978892626345,0.112883789168469,0.0146510657887253,
490,166,27,13.1709537547512,0.112883789168469,0.0146510657887253,
491,165,27,13.3658569959713,0.11123769820724,0.0146510657887253,
491,165,27,13.3658569959713,0.11123769820724,0.0146510657887253,
492,165,28,13.5636444074759,0.11123769820724,0.0148678716679899,
493,166,28,13.7643586691003,0.112883789168469,0.0148678716679899,
493,167,29,13.7643586691003,0.114554238917198,0.0150878858318913,
494,167,29,13.9680430922543,0.114554238917198,0.0150878858318913,
494,168,30,13.9680430922543,0.11624940791378,0.0153111557564959,
495,168,30,14.174741629268,0.11624940791378,0.0153111557564959,
494,169,31,13.9680430922543,0.117969661952645,0.0155377296204191,
493,169,31,13.7643586691003,0.117969661952645,0.0155377296204191,
492,170,31,13.5636444074759,0.119715372241235,0.0155377296204191,
492,170,31,13.5636444074759,0.119715372241235,0.0155377296204191,
490,170,31,13.1709537547512,0.119715372241235,0.0155377296204191,
489,171,31,12.978892626345,0.121486915480104,0.0155377296204191,
487,171,31,12.6031315355961,0.121486915480104,0.0155377296204191,
485,172,31,12.2382493696819,0.123284673944207,0.0155377296204191,
484,172,31,12.0597890981311,0.123284673944207,0.0155377296204191,
481,172,31,11.5398710773292,0.123284673944207,0.0155377296204191,
479,172,31,11.2057721161961,0.123284673944207,0.0155377296204191,
478,173,31,11.042367606745,0.125109035565386,0.0155377296204191,
476,173,31,10.7226722201032,0.125109035565386,0.0155377296204191,
475,174,31,10.5663123569931,0.126960394016084,0.0155377296204191,
473,175,31,10.260399582247,0.128839148794294,0.0155377296204191,
471,175,31,9.9633435043872,0.128839148794294,0.0155377296204191,
469,176,31,9.67488770692452,0.130745705309762,0.0155377296204191,
467,177,31,9.39478319706455,0.132680474971472,0.0155377296204191,
466,178,31,9.25778684163293,0.134643875276423,0.0155377296204191,
465,179,31,9.12278819077926,0.136636329899714,0.0155377296204191,
463,180,31,8.85866790410082,0.138658268785975,0.0155377296204191,
461,181,31,8.60219435045798,0.140710128242137,0.0155377296204191,
460,181,31,8.47675566283661,0.140710128242137,0.0155377296204191,
459,182,31,8.35314614387976,0.142792351031584,0.0155377296204191,
459,182,31,8.35314614387976,0.142792351031584,0.0155377296204191,
460,182,31,8.47675566283661,0.142792351031584,0.0155377296204191,
461,182,31,8.60219435045798,0.142792351031584,0.0155377296204191,
461,182,31,8.60219435045798,0.142792351031584,0.0155377296204191,
462,182,31,8.72948927470786,0.142792351031584,0.0155377296204191,
463,182,31,8.85866790410082,0.142792351031584,0.0155377296204191,
463,182,31,8.85866790410082,0.142792351031584,0.0155377296204191,
464,182,31,8.98975811362943,0.142792351031584,0.0155377296204191,
466,182,31,9.25778684163293,0.142792351031584,0.0155377296204191,
467,182,31,9.39478319706455,0.142792351031584,0.0155377296204191,
468,183,31,9.53380681902569,0.144905386469694,0.0155377296204191,
469,183,31,9.67488770692452,0.144905386469694,0.0155377296204191,
469,183,31,9.67488770692452,0.144905386469694,0.0155377296204191,
470,185,31,9.8180563040992,0.149225725896563,0.0155377296204191,
472,186,31,10.1107806587918,0.151433962155852,0.0155377296204191,
473,187,31,10.260399582247,0.153674875806038,0.0155377296204191,
475,187,31,10.5663123569931,0.153674875806038,0.0155377296204191,
476,188,31,10.7226722201032,0.155948950405828,0.0155377296204191,
477,189,31,10.8813458901467,0.158256676669616,0.0155377296204191,
477,189,31,10.8813458901467,0.158256676669616,0.0155377296204191,
478,190,31,11.042367606745,0.160598552573364,0.0155377296204191,
480,191,31,11.3715946789724,0.162975083462064,0.0155377296204191,
481,191,31,11.5398710773292,0.162975083462064,0.0155377296204191,
482,192,31,11.7106376230262,0.165386782158783,0.0155377296204191,
482,192,31,11.7106376230262,0.165386782158783,0.0155377296204191,
483,193,31,11.8839311651631,0.167834169075322,0.0155377296204191,
484,193,31,12.0597890981311,0.167834169075322,0.0155377296204191,
484,193,31,12.0597890981311,0.167834169075322,0.0155377296204191,
485,193,31,12.2382493696819,0.167834169075322,0.0155377296204191,
486,194,31,12.4193504891169,0.170317772324514,0.0155377296204191,
487,194,31,12.6031315355961,0.170317772324514,0.0155377296204191,
488,194,31,12.7896321665717,0.170317772324514,0.0155377296204191,
489,194,31,12.978892626345,0.170317772324514,0.0155377296204191,
490,194,31,13.1709537547512,0.170317772324514,0.0155377296204191,
492,194,31,13.5636444074759,0.170317772324514,0.0155377296204191,
493,194,31,13.7643586691003,0.170317772324514,0.0155377296204191,
495,194,31,14.174741629268,0.170317772324514,0.0155377296204191,
496,194,31,14.3844988828766,0.170317772324514,0.0155377296204191,
497,194,31,14.5973601158446,0.170317772324514,0.0155377296204191,
498,194,31,14.8133712607329,0.170317772324514,0.0155377296204191,
498,194,31,14.8133712607329,0.170317772324514,0.0155377296204191,
499,194,31,15.032578929811,0.170317772324514,0.0155377296204191,
499,194,31,15.032578929811,0.170317772324514,0.0155377296204191,
499,193,31,15.032578929811,0.167834169075322,0.0155377296204191,
498,193,31,14.8133712607329,0.167834169075322,0.0155377296204191,
498,193,31,14.8133712607329,0.167834169075322,0.0155377296204191,
498,192,31,14.8133712607329,0.165386782158783,0.0155377296204191,
497,192,31,14.5973601158446,0.165386782158783,0.0155377296204191,
497,192,31,14.5973601158446,0.165386782158783,0.0155377296204191,
497,191,31,14.5973601158446,0.162975083462064,0.0155377296204191,
494,191,31,13.9680430922543,0.162975083462064,0.0155377296204191,
491,191,31,13.3658569959713,0.162975083462064,0.0155377296204191,
489,190,31,12.978892626345,0.160598552573364,0.0155377296204191,
485,190,31,12.2382493696819,0.160598552573364,0.0155377296204191,
483,190,32,11.8839311651631,0.160598552573364,0.0157676563152212,
480,190,32,11.3715946789724,0.160598552573364,0.0157676563152212,
477,190,33,10.8813458901467,0.160598552573364,0.0160009854559581,
472,190,34,10.1107806587918,0.160598552573364,0.0162377673918872,
468,190,34,9.53380681902569,0.160598552573364,0.0162377673918872,
466,190,34,9.25778684163293,0.160598552573364,0.0162377673918872,
463,190,35,8.85866790410082,0.160598552573364,0.0164780532173321,
462,191,35,8.72948927470786,0.162975083462064,0.0164780532173321,
458,191,35,8.23133912033325,0.162975083462064,0.0164780532173321,
456,191,35,7.99302780555262,0.162975083462064,0.0164780532173321,
457,191,35,8.11130830789687,0.162975083462064,0.0164780532173321,
458,192,35,8.23133912033325,0.165386782158783,0.0164780532173321,
459,192,35,8.35314614387976,0.165386782158783,0.0164780532173321,
460,193,35,8.47675566283661,0.167834169075322,0.0164780532173321,
461,193,35,8.60219435045798,0.167834169075322,0.0164780532173321,
462,193,35,8.72948927470786,0.167834169075322,0.0164780532173321,
463,193,35,8.85866790410082,0.167834169075322,0.0164780532173321,
464,194,35,8.98975811362943,0.170317772324514,0.0164780532173321,
466,194,35,9.25778684163293,0.170317772324514,0.0164780532173321,
466,194,35,9.25778684163293,0.170317772324514,0.0164780532173321,
467,194,35,9.39478319706455,0.170317772324514,0.0164780532173321,
465,194,35,9.12278819077926,0.170317772324514,0.0164780532173321,
464,194,34,8.98975811362943,0.170317772324514,0.0162377673918872,
464,194,34,8.98975811362943,0.170317772324514,0.0162377673918872,
463,194,33,8.85866790410082,0.170317772324514,0.0160009854559581,
462,194,33,8.72948927470786,0.170317772324514,0.0160009854559581,
462,194,33,8.72948927470786,0.170317772324514,0.0160009854559581,
461,194,33,8.60219435045798,0.170317772324514,0.0160009854559581,
461,194,32,8.60219435045798,0.170317772324514,0.0157676563152212,
459,194,32,8.35314614387976,0.170317772324514,0.0157676563152212,
458,194,32,8.23133912033325,0.170317772324514,0.0157676563152212,
457,193,31,8.11130830789687,0.167834169075322,0.0155377296204191,
455,192,31,7.87647208997567,0.165386782158783,0.0155377296204191,
454,191,31,7.76161601002667,0.162975083462064,0.0155377296204191,
453,191,31,7.64843478132459,0.162975083462064,0.0155377296204191,
451,189,31,7.42699954191758,0.158256676669616,0.0155377296204191,
449,188,31,7.21197523058319,0.155948950405828,0.0155377296204191,
448,186,31,7.10680895890576,0.151433962155852,0.0155377296204191,
446,185,31,6.90105471137295,0.149225725896563,0.0155377296204191,
445,184,31,6.80042233654735,0.147049690520797,0.0155377296204191,
444,183,31,6.7012574004375,0.144905386469694,0.0155377296204191,
443,184,31,6.60353850459796,0.147049690520797,0.0155377296204191,
442,185,31,6.50724456261908,0.149225725896563,0.0155377296204191,
443,186,31,6.60353850459796,0.151433962155852,0.0155377296204191,
444,187,31,6.7012574004375,0.153674875806038,0.0155377296204191,
444,188,31,6.7012574004375,0.155948950405828,0.0155377296204191,
445,190,31,6.80042233654735,0.160598552573364,0.0155377296204191,
446,191,31,6.90105471137295,0.162975083462064,0.0155377296204191,
446,192,31,6.90105471137295,0.165386782158783,0.0155377296204191,
447,194,31,7.00317624001311,0.170317772324514,0.0155377296204191,
448,195,31,7.10680895890576,0.172838127834188,0.0155377296204191,
449,196,31,7.21197523058319,0.175395779462807,0.0155377296204191,
450,197,31,7.31869774849749,0.177991279116831,0.0155377296204191,
451,199,31,7.42699954191758,0.183298071083244,0.0155377296204191,
452,200,31,7.53690398089854,0.186010508529213,0.0155377296204191,
453,201,31,7.64843478132459,0.188763084514857,0.0155377296204191,
455,202,31,7.87647208997567,0.191556393008661,0.0155377296204191,
456,203,31,7.99302780555262,0.194391036768636,0.0155377296204191,
457,204,31,8.11130830789687,0.197267627472379,0.0155377296204191,
459,205,31,8.35314614387976,0.200186785849069,0.0155377296204191,
460,206,31,8.47675566283661,0.203149141813408,0.0155377296204191,
460,207,31,8.47675566283661,0.206155334601552,0.0155377296204191,
461,208,31,8.60219435045798,0.209206012909049,0.0155377296204191,
462,209,31,8.72948927470786,0.212301835030815,0.0155377296204191,
462,211,31,8.72948927470786,0.218631592748083,0.0155377296204191,
462,212,31,8.72948927470786,0.221866894219273,0.0155377296204191,
462,213,31,8.72948927470786,0.225150071550844,0.0155377296204191,
462,215,31,8.72948927470786,0.231862898139157,0.0155377296204191,
462,216,31,8.72948927470786,0.235293995932641,0.0155377296204191,
462,217,31,8.72948927470786,0.23877586697257,0.0155377296204191,
462,218,31,8.72948927470786,0.242309262599391,0.0155377296204191,
462,220,31,8.72948927470786,0.24953368873156,0.0155377296204191,
462,221,31,8.72948927470786,0.253226278169879,0.0155377296204191,
462,222,31,8.72948927470786,0.256973510397433,0.0155377296204191,
462,222,31,8.72948927470786,0.256973510397433,0.0155377296204191,
462,223,31,8.72948927470786,0.260776194016006,0.0155377296204191,
462,223,31,8.72948927470786,0.260776194016006,0.0155377296204191,
