-1,-1,249,0,0,1.0226439967741,
-1,-1,249,0,0,1.0226439967741,
-1,-1,249,0,0,1.0226439967741,
-1,-1,249,0,0,1.0226439967741,
-1,-1,249,0,0,1.0226439967741,
-1,-1,249,0,0,1.0226439967741,
-1,-1,249,0,0,1.0226439967741,
-1,-1,249,0,0,1.0226439967741,
255,-1,249,1.1437914335,0,1.0226439967741,
255,-1,249,1.1437914335,0,1.0226439967741,
255,-1,249,1.1437914335,0,1.0226439967741,
256,-1,249,1.16533440132786,0,1.0226439967741,
256,-1,250,1.16533440132786,0,1.04190518904798,
257,-1,250,1.18728312447898,0,1.04190518904798,
257,-1,251,1.18728312447898,0,1.06152916008846,
257,-1,251,1.18728312447898,0,1.06152916008846,
257,-1,253,1.18728312447898,0,1.10189289847953,
257,-1,253,1.18728312447898,0,1.10189289847953,
257,247,254,1.18728312447898,0.985183246450768,1.12264671999493,
257,247,255,1.18728312447898,0.985183246450768,1.1437914335,
257,247,255,1.18728312447898,0.985183246450768,1.1437914335,
257,248,255,1.18728312447898,1.00373887675296,1.1437914335,
257,248,256,1.18728312447898,1.00373887675296,1.16533440132786,
257,248,256,1.18728312447898,1.00373887675296,1.16533440132786,
257,249,257,1.18728312447898,1.0226439967741,1.18728312447898,
257,249,258,1.18728312447898,1.0226439967741,1.20964524523289,
263,249,257,1.32793452188832,1.0226439967741,1.18728312447898,
264,250,258,1.35294576943282,1.04190518904798,1.20964524523289,
265,250,258,1.37842809630648,1.04190518904798,1.20964524523289,
265,251,257,1.37842809630648,1.06152916008846,1.18728312447898,
266,251,258,1.40439037514685,1.06152916008846,1.20964524523289,
266,252,258,1.40439037514685,1.08152274272454,1.20964524523289,
266,252,257,1.40439037514685,1.08152274272454,1.18728312447898,
267,252,258,1.43084164570496,1.08152274272454,1.20964524523289,
267,252,257,1.43084164570496,1.08152274272454,1.18728312447898,
268,252,257,1.45779111799282,1.08152274272454,1.18728312447898,
268,252,257,1.45779111799282,1.08152274272454,1.18728312447898,
269,252,257,1.48524817549024,1.08152274272454,1.18728312447898,
270,252,257,1.51322237841207,1.08152274272454,1.18728312447898,
270,252,257,1.51322237841207,1.08152274272454,1.18728312447898,
271,252,257,1.54172346703693,1.08152274272454,1.18728312447898,
272,251,257,1.57076136509865,1.06152916008846,1.18728312447898,
272,251,257,1.57076136509865,1.06152916008846,1.18728312447898,
273,251,257,1.60034618324161,1.06152916008846,1.18728312447898,
273,251,257,1.60034618324161,1.06152916008846,1.18728312447898,
274,251,257,1.63048822254114,1.06152916008846,1.18728312447898,
274,251,258,1.63048822254114,1.06152916008846,1.20964524523289,
274,252,258,1.63048822254114,1.08152274272454,1.20964524523289,
275,252,258,1.66119797809022,1.08152274272454,1.20964524523289,
275,252,259,1.66119797809022,1.08152274272454,1.23242854980919,
275,252,259,1.66119797809022,1.08152274272454,1.23242854980919,
276,252,259,1.69248614265376,1.08152274272454,1.23242854980919,
276,252,260,1.69248614265376,1.08152274272454,1.25564097107854,
276,253,260,1.69248614265376,1.10189289847953,1.25564097107854,
277,253,260,1.72436361039167,1.10189289847953,1.25564097107854,
278,253,261,1.75684148065211,1.10189289847953,1.27929059132489,
279,253,261,1.7899310618361,1.10189289847953,1.27929059132489,
279,253,261,1.7899310618361,1.10189289847953,1.27929059132489,
281,253,261,1.85799165954214,1.10189289847953,1.27929059132489,
282,253,261,1.89298637393992,1.10189289847953,1.27929059132489,
283,254,261,1.92864020326402,1.12264671999493,1.27929059132489,
284,254,261,1.96496556174594,1.12264671999493,1.27929059132489,
286,255,261,2.03968169660481,1.1437914335,1.27929059132489,
288,255,261,2.1172388485873,1.1437914335,1.27929059132489,
290,256,261,2.19774504493962,1.16533440132786,1.27929059132489,
291,256,261,2.23913891222197,1.16533440132786,1.27929059132489,
293,256,262,2.3242802542334,1.16533440132786,1.30338564505953,
295,256,262,2.41265902295381,1.16533440132786,1.30338564505953,
297,256,262,2.50439831876482,1.16533440132786,1.30338564505953,
298,256,263,2.55156790828012,1.16533440132786,1.32793452188832,
300,256,263,2.64858909564751,1.16533440132786,1.32793452188832,
302,256,263,2.74929943068273,1.16533440132786,1.32793452188832,
304,256,264,2.85383919007056,1.16533440132786,1.35294576943282,
306,259,264,2.96235398439671,1.23242854980919,1.35294576943282,
308,259,264,3.07499496096487,1.23242854980919,1.35294576943282,
310,259,264,3.19191901432571,1.23242854980919,1.35294576943282,
311,259,265,3.25203784947413,1.23242854980919,1.37842809630648,
312,259,265,3.31328900481095,1.23242854980919,1.37842809630648,
313,259,265,3.37569380724651,1.23242854980919,1.37842809630648,
313,259,265,3.37569380724651,1.23242854980919,1.37842809630648,
312,258,265,3.31328900481095,1.20964524523289,1.37842809630648,
311,258,265,3.25203784947413,1.20964524523289,1.37842809630648,
310,258,265,3.19191901432571,1.20964524523289,1.37842809630648,
309,258,265,3.13291156671546,1.20964524523289,1.37842809630648,
308,257,265,3.07499496096487,1.18728312447898,1.37842809630648,
307,257,265,3.01814903121335,1.18728312447898,1.37842809630648,
306,257,265,2.96235398439671,1.18728312447898,1.37842809630648,
305,257,266,2.90759039335547,1.18728312447898,1.40439037514685,
304,258,266,2.85383919007056,1.20964524523289,1.40439037514685,
303,258,266,2.80108165902407,1.20964524523289,1.40439037514685,
302,259,267,2.74929943068273,1.23242854980919,1.43084164570496,
301,259,267,2.69847447510185,1.23242854980919,1.43084164570496,
300,259,267,2.64858909564751,1.23242854980919,1.43084164570496,
299,259,268,2.59962592283483,1.23242854980919,1.45779111799282,
298,260,268,2.55156790828012,1.25564097107854,1.45779111799282,
297,260,268,2.50439831876482,1.25564097107854,1.45779111799282,
296,260,269,2.45810073040921,1.25564097107854,1.48524817549024,
295,261,269,2.41265902295381,1.27929059132489,1.48524817549024,
296,261,270,2.45810073040921,1.27929059132489,1.51322237841207,
297,262,270,2.50439831876482,1.30338564505953,1.51322237841207,
298,262,271,2.55156790828012,1.30338564505953,1.54172346703693,
299,263,271,2.59962592283483,1.32793452188832,1.54172346703693,
301,263,272,2.69847447510185,1.32793452188832,1.57076136509865,
302,264,272,2.74929943068273,1.35294576943282,1.57076136509865,
304,265,273,2.85383919007056,1.37842809630648,1.60034618324161,
305,266,273,2.90759039335547,1.40439037514685,1.60034618324161,
307,267,273,3.01814903121335,1.43084164570496,1.60034618324161,
309,267,274,3.13291156671546,1.43084164570496,1.63048822254114,
310,268,274,3.19191901432571,1.45779111799282,1.63048822254114,
312,268,274,3.31328900481095,1.45779111799282,1.63048822254114,
313,268,275,3.37569380724651,1.45779111799282,1.66119797809022,
315,269,275,3.50405167705079,1.48524817549024,1.66119797809022,
317,269,276,3.63729024507044,1.48524817549024,1.69248614265376,
318,269,276,3.70579751347197,1.48524817549024,1.69248614265376,
320,270,276,3.84670729436919,1.51322237841207,1.69248614265376,
322,270,277,3.99297504916551,1.51322237841207,1.72436361039167,
323,270,277,4.06818153393383,1.51322237841207,1.72436361039167,
324,271,277,4.14480451023579,1.54172346703693,1.72436361039167,
325,271,277,4.22287065726363,1.54172346703693,1.72436361039167,
326,271,277,4.30240715670417,1.54172346703693,1.72436361039167,
326,271,278,4.30240715670417,1.54172346703693,1.75684148065211,
326,271,278,4.30240715670417,1.54172346703693,1.75684148065211,
325,271,278,4.22287065726363,1.54172346703693,1.75684148065211,
325,270,278,4.22287065726363,1.51322237841207,1.75684148065211,
324,270,278,4.14480451023579,1.51322237841207,1.75684148065211,
324,270,278,4.14480451023579,1.51322237841207,1.75684148065211,
323,270,278,4.06818153393383,1.51322237841207,1.75684148065211,
323,270,278,4.06818153393383,1.51322237841207,1.75684148065211,
322,269,278,3.99297504916551,1.48524817549024,1.75684148065211,
322,269,278,3.99297504916551,1.48524817549024,1.75684148065211,
322,269,278,3.99297504916551,1.48524817549024,1.75684148065211,
321,268,278,3.9191588699438,1.45779111799282,1.75684148065211,
321,268,278,3.9191588699438,1.45779111799282,1.75684148065211,
321,268,278,3.9191588699438,1.45779111799282,1.75684148065211,
320,267,278,3.84670729436919,1.43084164570496,1.75684148065211,
320,267,278,3.84670729436919,1.43084164570496,1.75684148065211,
320,267,278,3.84670729436919,1.43084164570496,1.75684148065211,
319,266,278,3.77559509568066,1.40439037514685,1.75684148065211,
319,266,278,3.77559509568066,1.40439037514685,1.75684148065211,
318,266,278,3.70579751347197,1.40439037514685,1.75684148065211,
318,265,278,3.70579751347197,1.37842809630648,1.75684148065211,
318,265,278,3.70579751347197,1.37842809630648,1.75684148065211,
317,265,278,3.63729024507044,1.37842809630648,1.75684148065211,
317,264,278,3.63729024507044,1.35294576943282,1.75684148065211,
317,264,278,3.63729024507044,1.35294576943282,1.75684148065211,
316,264,278,3.570049437075,1.35294576943282,1.75684148065211,
316,263,278,3.570049437075,1.32793452188832,1.75684148065211,
316,263,278,3.570049437075,1.32793452188832,1.75684148065211,
315,263,278,3.50405167705079,1.32793452188832,1.75684148065211,
315,262,278,3.50405167705079,1.30338564505953,1.75684148065211,
315,262,278,3.50405167705079,1.30338564505953,1.75684148065211,
316,262,279,3.570049437075,1.30338564505953,1.7899310618361,
316,261,279,3.570049437075,1.27929059132489,1.7899310618361,
317,261,280,3.63729024507044,1.27929059132489,1.823643875335,
318,261,281,3.70579751347197,1.27929059132489,1.85799165954214,
319,261,282,3.77559509568066,1.27929059132489,1.89298637393992,
320,261,283,3.84670729436919,1.27929059132489,1.92864020326402,
321,261,284,3.9191588699438,1.27929059132489,1.96496556174594,
323,262,285,4.06818153393383,1.30338564505953,2.00197509743553,
324,262,285,4.14480451023579,1.30338564505953,2.00197509743553,
326,263,286,4.30240715670417,1.32793452188832,2.03968169660481,
328,263,287,4.46600250900766,1.32793452188832,2.07809848823489,
330,264,288,4.6358184346601,1.35294576943282,2.1172388485873,
332,265,289,4.81209146564264,1.37842809630648,2.1571164058614,
334,266,289,4.99506712786274,1.40439037514685,2.1571164058614,
337,267,290,5.28265820486957,1.43084164570496,2.19774504493962,
339,268,291,5.48352676487507,1.45779111799282,2.23913891222197,
341,269,291,5.69203318007278,1.48524817549024,2.23913891222197,
343,270,292,5.90846787337375,1.51322237841207,2.28131242055164,
346,271,293,6.24864801423422,1.54172346703693,2.3242802542334,
347,272,293,6.36633942124746,1.57076136509865,2.3242802542334,
349,273,294,6.60841403263789,1.60034618324161,2.36805737414649,
351,273,294,6.85969332408107,1.60034618324161,2.36805737414649,
353,274,294,7.1205272956633,1.63048822254114,2.36805737414649,
355,274,294,7.39127925592476,1.63048822254114,2.36805737414649,
356,274,294,7.5304917789019,1.63048822254114,2.36805737414649,
358,274,294,7.81683228799767,1.63048822254114,2.36805737414649,
360,274,294,8.11406065004602,1.63048822254114,2.36805737414649,
361,274,294,8.26688654331434,1.63048822254114,2.36805737414649,
362,274,294,8.42259086634312,1.63048822254114,2.36805737414649,
363,273,294,8.58122783349165,1.60034618324161,2.36805737414649,
363,273,293,8.58122783349165,1.60034618324161,2.3242802542334,
363,272,293,8.58122783349165,1.57076136509865,2.3242802542334,
362,272,292,8.42259086634312,1.57076136509865,2.28131242055164,
361,271,292,8.26688654331434,1.54172346703693,2.28131242055164,
361,270,291,8.26688654331434,1.51322237841207,2.23913891222197,
360,269,290,8.11406065004602,1.48524817549024,2.19774504493962,
359,269,289,7.96405997441325,1.48524817549024,2.1571164058614,
358,268,289,7.81683228799767,1.45779111799282,2.1571164058614,
358,267,288,7.81683228799767,1.43084164570496,2.1172388485873,
357,266,287,7.6723263279022,1.40439037514685,2.07809848823489,
356,265,286,7.5304917789019,1.37842809630648,2.03968169660481,
355,264,285,7.39127925592476,1.35294576943282,2.00197509743553,
354,262,284,7.25464028685656,1.30338564505953,1.96496556174594,
353,261,283,7.1205272956633,1.27929059132489,1.92864020326402,
351,259,282,6.85969332408107,1.23242854980919,1.89298637393992,
350,258,280,6.7328815244626,1.20964524523289,1.823643875335,
348,256,279,6.48624751053392,1.16533440132786,1.7899310618361,
347,254,277,6.36633942124746,1.12264671999493,1.72436361039167,
346,253,276,6.24864801423422,1.10189289847953,1.69248614265376,
345,251,275,6.13313231077183,1.06152916008846,1.66119797809022,
344,250,273,6.01975208969155,1.04190518904798,1.60034618324161,
343,248,272,5.90846787337375,1.00373887675296,1.57076136509865,
343,247,271,5.90846787337375,0.985183246450768,1.54172346703693,
343,245,270,5.90846787337375,0.949094731058863,1.51322237841207,
343,244,269,5.90846787337375,0.931549280385219,1.48524817549024,
343,244,268,5.90846787337375,0.931549280385219,1.45779111799282,
343,243,267,5.90846787337375,0.914328183887473,1.43084164570496,
343,242,266,5.90846787337375,0.897425445388417,1.40439037514685,
343,240,265,5.90846787337375,0.864551609870341,1.37842809630648,
343,240,264,5.90846787337375,0.864551609870341,1.35294576943282,
341,239,263,5.69203318007278,0.848569066579982,1.32793452188832,
339,238,262,5.48352676487507,0.832881984760186,1.30338564505953,
337,237,262,5.28265820486957,0.817484902359071,1.30338564505953,
335,237,261,5.08914771570583,0.817484902359071,1.27929059132489,
332,236,261,4.81209146564264,0.802372458299049,1.27929059132489,
330,235,261,4.6358184346601,0.787539390610147,1.27929059132489,
326,235,261,4.30240715670417,0.787539390610147,1.27929059132489,
324,234,261,4.14480451023579,0.772980534597865,1.27929059132489,
320,234,261,3.84670729436919,0.772980534597865,1.27929059132489,
318,233,262,3.70579751347197,0.758690821044885,1.30338564505953,
317,233,262,3.63729024507044,0.758690821044885,1.30338564505953,
315,233,263,3.50405167705079,0.758690821044885,1.32793452188832,
313,234,264,3.37569380724651,0.772980534597865,1.35294576943282,
314,235,265,3.43927398537716,0.787539390610147,1.37842809630648,
315,235,266,3.50405167705079,0.787539390610147,1.40439037514685,
316,236,267,3.570049437075,0.802372458299049,1.43084164570496,
317,237,268,3.63729024507044,0.817484902359071,1.45779111799282,
318,237,269,3.70579751347197,0.817484902359071,1.48524817549024,
319,238,270,3.77559509568066,0.832881984760186,1.51322237841207,
320,239,271,3.84670729436919,0.848569066579982,1.54172346703693,
321,239,272,3.9191588699438,0.848569066579982,1.57076136509865,
321,241,272,3.9191588699438,0.880835179559243,1.57076136509865,
322,241,273,3.99297504916551,0.880835179559243,1.60034618324161,
322,242,274,3.99297504916551,0.897425445388417,1.63048822254114,
323,243,275,4.06818153393383,0.914328183887473,1.66119797809022,
323,243,276,4.06818153393383,0.914328183887473,1.69248614265376,
323,245,276,4.06818153393383,0.949094731058863,1.69248614265376,
323,246,277,4.06818153393383,0.966970645021807,1.72436361039167,
323,247,278,4.06818153393383,0.985183246450768,1.75684148065211,
323,248,279,4.06818153393383,1.00373887675296,1.7899310618361,
323,249,279,4.06818153393383,1.0226439967741,1.7899310618361,
323,250,280,4.06818153393383,1.04190518904798,1.823643875335,
323,251,280,4.06818153393383,1.06152916008846,1.823643875335,
323,251,281,4.06818153393383,1.06152916008846,1.85799165954214,
323,252,281,4.06818153393383,1.08152274272454,1.85799165954214,
323,252,281,4.06818153393383,1.08152274272454,1.85799165954214,
323,253,282,4.06818153393383,1.10189289847953,1.89298637393992,
323,253,282,4.06818153393383,1.10189289847953,1.89298637393992,
323,253,282,4.06818153393383,1.10189289847953,1.89298637393992,
323,253,282,4.06818153393383,1.10189289847953,1.89298637393992,
323,253,282,4.06818153393383,1.10189289847953,1.89298637393992,
323,253,282,4.06818153393383,1.10189289847953,1.89298637393992,
323,253,282,4.06818153393383,1.10189289847953,1.89298637393992,
323,254,282,4.06818153393383,1.12264671999493,1.89298637393992,
324,254,282,4.14480451023579,1.12264671999493,1.89298637393992,
325,254,283,4.22287065726363,1.12264671999493,1.92864020326402,
325,254,283,4.22287065726363,1.12264671999493,1.92864020326402,
326,255,283,4.30240715670417,1.1437914335,1.92864020326402,
327,255,284,4.38344170220312,1.1437914335,1.96496556174594,
327,255,284,4.38344170220312,1.1437914335,1.96496556174594,
328,256,284,4.46600250900766,1.16533440132786,1.96496556174594,
329,256,285,4.55011832379071,1.16533440132786,2.00197509743553,
329,256,285,4.55011832379071,1.16533440132786,2.00197509743553,
330,257,285,4.6358184346601,1.18728312447898,2.00197509743553,
332,257,286,4.81209146564264,1.18728312447898,2.03968169660481,
333,258,287,4.90272576189005,1.20964524523289,2.07809848823489,
334,259,287,4.99506712786274,1.23242854980919,2.07809848823489,
336,260,288,5.18500028314046,1.25564097107854,2.1172388485873,
337,260,289,5.28265820486957,1.25564097107854,2.1571164058614,
339,261,290,5.48352676487507,1.27929059132489,2.19774504493962,
341,262,291,5.69203318007278,1.30338564505953,2.23913891222197,
342,263,292,5.79924091400224,1.32793452188832,2.28131242055164,
344,264,293,6.01975208969155,1.35294576943282,2.3242802542334,
345,265,294,6.13313231077183,1.37842809630648,2.36805737414649,
346,266,295,6.24864801423422,1.40439037514685,2.41265902295381,
348,267,296,6.48624751053392,1.43084164570496,2.45810073040921,
349,267,297,6.60841403263789,1.43084164570496,2.50439831876482,
350,268,298,6.7328815244626,1.45779111799282,2.55156790828012,
351,269,299,6.85969332408107,1.48524817549024,2.59962592283483,
351,269,300,6.85969332408107,1.48524817549024,2.64858909564751,
352,270,301,6.98889358582591,1.51322237841207,2.69847447510185,
353,271,302,7.1205272956633,1.54172346703693,2.74929943068273,
353,271,303,7.1205272956633,1.54172346703693,2.80108165902407,
354,272,304,7.25464028685656,1.57076136509865,2.85383919007056,
355,272,305,7.39127925592476,1.57076136509865,2.90759039335547,
355,273,305,7.39127925592476,1.60034618324161,2.90759039335547,
355,274,306,7.39127925592476,1.63048822254114,2.96235398439671,
356,275,307,7.5304917789019,1.66119797809022,3.01814903121335,
356,275,308,7.5304917789019,1.66119797809022,3.07499496096487,
356,276,308,7.5304917789019,1.69248614265376,3.07499496096487,
356,276,309,7.5304917789019,1.69248614265376,3.13291156671546,
356,277,309,7.5304917789019,1.72436361039167,3.13291156671546,
356,277,309,7.5304917789019,1.72436361039167,3.13291156671546,
356,278,310,7.5304917789019,1.75684148065211,3.19191901432571,
356,278,310,7.5304917789019,1.75684148065211,3.19191901432571,
356,279,310,7.5304917789019,1.7899310618361,3.19191901432571,
356,279,310,7.5304917789019,1.7899310618361,3.19191901432571,
357,279,310,7.6723263279022,1.7899310618361,3.19191901432571,
357,279,310,7.6723263279022,1.7899310618361,3.19191901432571,
357,280,310,7.6723263279022,1.823643875335,3.19191901432571,
358,280,310,7.81683228799767,1.823643875335,3.19191901432571,
358,280,310,7.81683228799767,1.823643875335,3.19191901432571,
358,281,310,7.81683228799767,1.85799165954214,3.19191901432571,
358,281,310,7.81683228799767,1.85799165954214,3.19191901432571,
359,282,310,7.96405997441325,1.89298637393992,3.19191901432571,
359,282,311,7.96405997441325,1.89298637393992,3.25203784947413,
359,283,311,7.96405997441325,1.92864020326402,3.25203784947413,
359,285,312,7.96405997441325,2.00197509743553,3.31328900481095,
359,285,313,7.96405997441325,2.00197509743553,3.37569380724651,
358,287,314,7.81683228799767,2.07809848823489,3.43927398537716,
358,288,315,7.81683228799767,2.1172388485873,3.50405167705079,
357,290,316,7.6723263279022,2.19774504493962,3.570049437075,
357,291,317,7.6723263279022,2.23913891222197,3.63729024507044,
356,292,318,7.5304917789019,2.28131242055164,3.70579751347197,
356,293,319,7.5304917789019,2.3242802542334,3.77559509568066,
356,294,320,7.5304917789019,2.36805737414649,3.84670729436919,
356,295,321,7.5304917789019,2.41265902295381,3.9191588699438,
356,296,323,7.5304917789019,2.45810073040921,4.06818153393383,
357,296,324,7.6723263279022,2.45810073040921,4.14480451023579,
357,297,325,7.6723263279022,2.50439831876482,4.22287065726363,
357,298,326,7.6723263279022,2.55156790828012,4.30240715670417,
358,298,328,7.81683228799767,2.55156790828012,4.46600250900766,
358,299,329,7.81683228799767,2.59962592283483,4.55011832379071,
358,300,331,7.81683228799767,2.64858909564751,4.72313268135637,
359,300,332,7.96405997441325,2.64858909564751,4.81209146564264,
359,301,332,7.96405997441325,2.69847447510185,4.81209146564264,
359,302,334,7.96405997441325,2.74929943068273,4.99506712786274,
360,302,334,8.11406065004602,2.74929943068273,4.99506712786274,
360,302,335,8.11406065004602,2.74929943068273,5.08914771570583,
360,302,336,8.11406065004602,2.74929943068273,5.18500028314046,
361,302,336,8.26688654331434,2.74929943068273,5.18500028314046,
361,302,336,8.26688654331434,2.74929943068273,5.18500028314046,
361,302,337,8.26688654331434,2.74929943068273,5.28265820486957,
362,302,337,8.42259086634312,2.74929943068273,5.28265820486957,
362,302,337,8.42259086634312,2.74929943068273,5.28265820486957,
362,302,338,8.42259086634312,2.74929943068273,5.38215548419861,
366,302,338,9.07529217567214,2.74929943068273,5.38215548419861,
366,302,338,9.07529217567214,2.74929943068273,5.38215548419861,
368,303,339,9.42037239859402,2.80108165902407,5.48352676487507,
370,303,339,9.77857400184689,2.80108165902407,5.48352676487507,
372,304,339,10.1503959146952,2.85383919007056,5.48352676487507,
374,304,338,10.5363560377618,2.85383919007056,5.38215548419861,
377,305,338,11.142986920403,2.90759039335547,5.38215548419861,
380,306,337,11.7845445866927,2.96235398439671,5.28265820486957,
383,307,337,12.4630399468085,3.01814903121335,5.28265820486957,
384,308,337,12.6977775578343,3.07499496096487,5.28265820486957,
388,309,336,13.6817807189857,3.13291156671546,5.18500028314046,
391,310,336,14.4695094825085,3.19191901432571,5.18500028314046,
393,310,335,15.0197002048721,3.19191901432571,5.08914771570583,
395,311,335,15.5908114588779,3.25203784947413,5.08914771570583,
398,312,336,16.4884527005458,3.31328900481095,5.18500028314046,
399,312,336,16.7990077507548,3.31328900481095,5.18500028314046,
400,312,336,17.115412011982,3.31328900481095,5.18500028314046,
401,313,337,17.4377756523587,3.37569380724651,5.28265820486957,
401,313,337,17.4377756523587,3.37569380724651,5.28265820486957,
402,313,338,17.7662109149999,3.37569380724651,5.38215548419861,
403,314,338,18.1008321570858,3.43927398537716,5.38215548419861,
403,314,338,18.1008321570858,3.43927398537716,5.38215548419861,
404,314,338,18.4417558896796,3.43927398537716,5.38215548419861,
404,315,339,18.4417558896796,3.50405167705079,5.48352676487507,
404,315,339,18.4417558896796,3.50405167705079,5.48352676487507,
404,316,339,18.4417558896796,3.570049437075,5.48352676487507,
404,316,339,18.4417558896796,3.570049437075,5.48352676487507,
403,317,339,18.1008321570858,3.63729024507044,5.48352676487507,
403,317,339,18.1008321570858,3.63729024507044,5.48352676487507,
402,318,339,17.7662109149999,3.70579751347197,5.48352676487507,
402,318,339,17.7662109149999,3.70579751347197,5.48352676487507,
401,319,339,17.4377756523587,3.77559509568066,5.48352676487507,
401,319,339,17.4377756523587,3.77559509568066,5.48352676487507,
401,319,339,17.4377756523587,3.77559509568066,5.48352676487507,
401,319,339,17.4377756523587,3.77559509568066,5.48352676487507,
402,319,339,17.7662109149999,3.77559509568066,5.48352676487507,
402,319,339,17.7662109149999,3.77559509568066,5.48352676487507,
402,319,339,17.7662109149999,3.77559509568066,5.48352676487507,
403,319,339,18.1008321570858,3.77559509568066,5.48352676487507,
403,319,339,18.1008321570858,3.77559509568066,5.48352676487507,
403,319,339,18.1008321570858,3.77559509568066,5.48352676487507,
404,319,339,18.4417558896796,3.77559509568066,5.48352676487507,
404,319,339,18.4417558896796,3.77559509568066,5.48352676487507,
404,319,339,18.4417558896796,3.77559509568066,5.48352676487507,
405,320,339,18.7891008182957,3.84670729436919,5.48352676487507,
405,320,339,18.7891008182957,3.84670729436919,5.48352676487507,
406,321,339,19.1429878842308,3.9191588699438,5.48352676487507,
407,322,339,19.5035403066749,3.99297504916551,5.48352676487507,
407,323,339,19.5035403066749,4.06818153393383,5.48352676487507,
408,324,339,19.8708836256142,4.14480451023579,5.48352676487507,
408,324,339,19.8708836256142,4.14480451023579,5.48352676487507,
408,325,339,19.8708836256142,4.22287065726363,5.48352676487507,
409,326,339,20.2451457455428,4.30240715670417,5.48352676487507,
409,326,339,20.2451457455428,4.30240715670417,5.48352676487507,
409,327,338,20.2451457455428,4.38344170220312,5.38215548419861,
409,326,338,20.2451457455428,4.30240715670417,5.38215548419861,
409,326,338,20.2451457455428,4.30240715670417,5.38215548419861,
409,326,337,20.2451457455428,4.30240715670417,5.28265820486957,
409,325,337,20.2451457455428,4.22287065726363,5.28265820486957,
409,325,337,20.2451457455428,4.22287065726363,5.28265820486957,
409,325,336,20.2451457455428,4.22287065726363,5.18500028314046,
409,324,336,20.2451457455428,4.14480451023579,5.18500028314046,
409,324,336,20.2451457455428,4.14480451023579,5.18500028314046,
409,324,335,20.2451457455428,4.14480451023579,5.08914771570583,
408,323,335,19.8708836256142,4.06818153393383,5.08914771570583,
406,323,334,19.1429878842308,4.06818153393383,4.99506712786274,
406,323,333,19.1429878842308,4.06818153393383,4.90272576189005,
405,322,333,18.7891008182957,3.99297504916551,4.90272576189005,
404,321,332,18.4417558896796,3.9191588699438,4.81209146564264,
402,321,331,17.7662109149999,3.9191588699438,4.72313268135637,
401,320,330,17.4377756523587,3.84670729436919,4.6358184346601,
400,319,329,17.115412011982,3.77559509568066,4.55011832379071,
399,319,328,16.7990077507548,3.77559509568066,4.46600250900766,
398,318,327,16.4884527005458,3.70579751347197,4.38344170220312,
398,318,327,16.4884527005458,3.70579751347197,4.38344170220312,
399,318,326,16.7990077507548,3.70579751347197,4.30240715670417,
400,317,326,17.115412011982,3.63729024507044,4.30240715670417,
401,317,325,17.4377756523587,3.63729024507044,4.22287065726363,
402,317,325,17.7662109149999,3.63729024507044,4.22287065726363,
403,316,325,18.1008321570858,3.570049437075,4.22287065726363,
404,316,324,18.4417558896796,3.570049437075,4.14480451023579,
405,316,324,18.7891008182957,3.570049437075,4.14480451023579,
406,315,324,19.1429878842308,3.50405167705079,4.14480451023579,
407,315,323,19.5035403066749,3.50405167705079,4.06818153393383,
408,314,323,19.8708836256142,3.43927398537716,4.06818153393383,
408,314,323,19.8708836256142,3.43927398537716,4.06818153393383,
408,314,322,19.8708836256142,3.43927398537716,3.99297504916551,
407,313,322,19.5035403066749,3.37569380724651,3.99297504916551,
406,313,322,19.1429878842308,3.37569380724651,3.99297504916551,
405,313,321,18.7891008182957,3.37569380724651,3.9191588699438,
404,313,321,18.4417558896796,3.37569380724651,3.9191588699438,
403,312,321,18.1008321570858,3.31328900481095,3.9191588699438,
402,312,320,17.7662109149999,3.31328900481095,3.84670729436919,
401,312,320,17.4377756523587,3.31328900481095,3.84670729436919,
400,311,320,17.115412011982,3.25203784947413,3.84670729436919,
399,311,319,16.7990077507548,3.25203784947413,3.77559509568066,
398,311,319,16.4884527005458,3.25203784947413,3.77559509568066,
398,311,319,16.4884527005458,3.25203784947413,3.77559509568066,
399,311,319,16.7990077507548,3.25203784947413,3.77559509568066,
400,311,320,17.115412011982,3.25203784947413,3.84670729436919,
401,311,320,17.4377756523587,3.25203784947413,3.84670729436919,
402,311,321,17.7662109149999,3.25203784947413,3.9191588699438,
404,311,321,18.4417558896796,3.25203784947413,3.9191588699438,
405,311,322,18.7891008182957,3.25203784947413,3.99297504916551,
406,311,322,19.1429878842308,3.25203784947413,3.99297504916551,
407,311,322,19.5035403066749,3.25203784947413,3.99297504916551,
408,311,323,19.8708836256142,3.25203784947413,4.06818153393383,
409,311,323,20.2451457455428,3.25203784947413,4.06818153393383,
409,312,323,20.2451457455428,3.31328900481095,4.06818153393383,
409,312,323,20.2451457455428,3.31328900481095,4.06818153393383,
409,312,323,20.2451457455428,3.31328900481095,4.06818153393383,
409,313,323,20.2451457455428,3.37569380724651,4.06818153393383,
409,313,323,20.2451457455428,3.37569380724651,4.06818153393383,
409,313,323,20.2451457455428,3.37569380724651,4.06818153393383,
409,314,323,20.2451457455428,3.43927398537716,4.06818153393383,
409,314,323,20.2451457455428,3.43927398537716,4.06818153393383,
409,314,323,20.2451457455428,3.43927398537716,4.06818153393383,
409,315,323,20.2451457455428,3.50405167705079,4.06818153393383,
409,314,322,20.2451457455428,3.43927398537716,3.99297504916551,
408,314,322,19.8708836256142,3.43927398537716,3.99297504916551,
408,313,322,19.8708836256142,3.37569380724651,3.99297504916551,
408,312,321,19.8708836256142,3.31328900481095,3.9191588699438,
407,312,321,19.5035403066749,3.31328900481095,3.9191588699438,
407,311,320,19.5035403066749,3.25203784947413,3.84670729436919,
406,311,320,19.1429878842308,3.25203784947413,3.84670729436919,
406,310,319,19.1429878842308,3.19191901432571,3.77559509568066,
405,310,319,18.7891008182957,3.19191901432571,3.77559509568066,
405,309,318,18.7891008182957,3.13291156671546,3.70579751347197,
404,308,317,18.4417558896796,3.07499496096487,3.63729024507044,
404,308,317,18.4417558896796,3.07499496096487,3.63729024507044,
403,307,316,18.1008321570858,3.01814903121335,3.570049437075,
403,306,315,18.1008321570858,2.96235398439671,3.50405167705079,
403,306,315,18.1008321570858,2.96235398439671,3.50405167705079,
402,305,314,17.7662109149999,2.90759039335547,3.43927398537716,
402,304,313,17.7662109149999,2.85383919007056,3.37569380724651,
402,301,311,17.7662109149999,2.69847447510185,3.25203784947413,
398,295,308,16.4884527005458,2.41265902295381,3.07499496096487,
395,290,305,15.5908114588779,2.19774504493962,2.90759039335547,
392,284,302,14.7420383440972,1.96496556174594,2.74929943068273,
386,278,299,13.1805996891168,1.75684148065211,2.59962592283483,
385,272,295,12.9369363812019,1.57076136509865,2.41265902295381,
382,267,292,12.2326418153318,1.43084164570496,2.28131242055164,
377,261,289,11.142986920403,1.27929059132489,2.1571164058614,
371,254,283,9.962750503746,1.12264671999493,1.92864020326402,
364,248,276,8.74285268023038,1.00373887675296,1.69248614265376,
356,242,270,7.5304917789019,0.897425445388417,1.51322237841207,
349,235,263,6.60841403263789,0.787539390610147,1.32793452188832,
342,228,257,5.79924091400224,0.691108431290538,1.18728312447898,
334,222,251,4.99506712786274,0.617908009869034,1.06152916008846,
327,215,245,4.38344170220312,0.542247715446456,0.949094731058863,
319,208,238,3.77559509568066,0.475851712893674,0.832881984760186,
311,202,232,3.25203784947413,0.425450727547689,0.744665274446035,
303,195,226,2.80108165902407,0.373356035790285,0.665792250417633,
295,189,220,2.41265902295381,0.333811128041038,0.595273253537889,
283,183,212,1.92864020326402,0.298454714862627,0.512727425008966,
277,176,205,1.72436361039167,0.261910162538246,0.449946060606633,
272,169,199,1.57076136509865,0.229840340342368,0.402288935093278,
265,163,192,1.37842809630648,0.205496244667965,0.353030309560079,
259,157,186,1.23242854980919,0.183730612779866,0.315638250276262,
252,151,179,1.08152274272454,0.164270340448355,0.276989644714423,
247,145,173,0.985183246450768,0.146871249938897,0.247651616404413,
241,139,167,0.880835179559243,0.131315026192423,0.221420996337069,
235,133,161,0.787539390610147,0.11740647751749,0.197968655850966,
231,126,155,0.730899011275875,0.10303053722506,0.177000326743073,
225,123,150,0.653484074314323,0.0974214930628177,0.16123355490824,
223,120,146,0.629546121492633,0.0921178086246076,0.149637525782204,
220,117,142,0.595273253537889,0.0871028599441422,0.138875491115748,
219,114,138,0.584268727682355,0.082360928073816,0.128887469448749,
217,111,134,0.562866221044188,0.0778771498149468,0.119617793229309,
215,108,130,0.542247715446456,0.0736374711302918,0.11101479855448,
215,105,126,0.542247715446456,0.0696286030928143,0.10303053722506,
216,102,122,0.552460788167985,0.0658379802326252,0.095620509509596,
217,99,120,0.562866221044188,0.0622537211515434,0.0921178086246076,
218,97,118,0.573467637120756,0.0599732881640006,0.0887434161281921,
219,93,116,0.584268727682355,0.0556599676723096,0.0854926319208782,
220,91,115,0.595273253537889,0.053621072261439,0.0839121713965064,
221,89,112,0.606485046329967,0.0516568641827807,0.0793439425219489,
222,88,111,0.617908009869034,0.0507019089682861,0.0778771498149468,
223,86,110,0.629546121492633,0.0488446335539986,0.0764374729882114,
225,84,108,0.653484074314323,0.0470553925004424,0.0736374711302918,
226,82,107,0.665792250417633,0.0453316936224498,0.0722761711723762,
227,80,106,0.678332247318029,0.0436711360267653,0.0709400369018067,
229,79,105,0.704125250847667,0.0428638090677749,0.0696286030928143,
231,77,105,0.730899011275875,0.0412936532222802,0.0696286030928143,
232,77,105,0.744665274446035,0.0412936532222802,0.0696286030928143,
234,77,105,0.772980534597865,0.0412936532222802,0.0696286030928143,
236,77,105,0.802372458299049,0.0412936532222802,0.0696286030928143,
238,77,105,0.832881984760186,0.0412936532222802,0.0696286030928143,
240,77,105,0.864551609870341,0.0412936532222802,0.0696286030928143,
241,77,105,0.880835179559243,0.0412936532222802,0.0696286030928143,
242,77,105,0.897425445388417,0.0412936532222802,0.0696286030928143,
243,77,105,0.914328183887473,0.0412936532222802,0.0696286030928143,
245,77,106,0.949094731058863,0.0412936532222802,0.0709400369018067,
246,78,106,0.966970645021807,0.0420714067679075,0.0709400369018067,
246,78,107,0.966970645021807,0.0420714067679075,0.0722761711723762,
247,78,107,0.985183246450768,0.0420714067679075,0.0722761711723762,
248,79,108,1.00373887675296,0.0428638090677749,0.0736374711302918,
248,79,108,1.00373887675296,0.0428638090677749,0.0736374711302918,
249,80,109,1.0226439967741,0.0436711360267653,0.07502441076371,
250,80,109,1.04190518904798,0.0436711360267653,0.07502441076371,
250,80,109,1.04190518904798,0.0436711360267653,0.07502441076371,
251,80,109,1.06152916008846,0.0436711360267653,0.07502441076371,
252,80,108,1.08152274272454,0.0436711360267653,0.0736374711302918,
253,79,108,1.10189289847953,0.0428638090677749,0.0736374711302918,
254,78,107,1.12264671999493,0.0420714067679075,0.0722761711723762,
256,78,107,1.16533440132786,0.0420714067679075,0.0722761711723762,
258,77,106,1.20964524523289,0.0412936532222802,0.0709400369018067,
260,76,105,1.25564097107854,0.0405302776265294,0.0696286030928143,
262,76,105,1.30338564505953,0.0405302776265294,0.0696286030928143,
264,75,104,1.35294576943282,0.0397810141825189,0.0683414131200318,
268,74,103,1.45779111799282,0.0390456020057932,0.0670780187995019,
272,74,103,1.57076136509865,0.0390456020057932,0.0670780187995019,
276,73,102,1.69248614265376,0.0383237850347401,0.0658379802326252,
279,73,102,1.7899310618361,0.0383237850347401,0.0658379802326252,
283,74,102,1.92864020326402,0.0390456020057932,0.0658379802326252,
287,74,103,2.07809848823489,0.0390456020057932,0.0670780187995019,
290,75,103,2.19774504493962,0.0397810141825189,0.0670780187995019,
295,75,104,2.41265902295381,0.0397810141825189,0.0683414131200318,
298,75,104,2.55156790828012,0.0397810141825189,0.0683414131200318,
302,75,105,2.74929943068273,0.0397810141825189,0.0696286030928143,
304,73,105,2.85383919007056,0.0383237850347401,0.0696286030928143,
307,72,105,3.01814903121335,0.0376153119414334,0.0696286030928143,
310,70,105,3.19191901432571,0.0362374152213459,0.0696286030928143,
313,68,105,3.37569380724651,0.0349099926106897,0.0696286030928143,
313,66,104,3.37569380724651,0.0336311951786375,0.0683414131200318,
313,64,104,3.37569380724651,0.0323992417230495,0.0683414131200318,
313,61,104,3.37569380724651,0.0306354075963692,0.0683414131200318,
312,58,103,3.31328900481095,0.0289675976560892,0.0670780187995019,
312,55,103,3.31328900481095,0.027390584287983,0.0670780187995019,
312,52,103,3.31328900481095,0.0258994244722739,0.0670780187995019,
311,50,102,3.25203784947413,0.0249506956118549,0.0658379802326252,
311,47,102,3.25203784947413,0.0235923647971774,0.0658379802326252,
311,46,102,3.25203784947413,0.0231562242737107,0.0658379802326252,
310,46,102,3.19191901432571,0.0231562242737107,0.0658379802326252,
310,48,102,3.19191901432571,0.0240367198963004,0.0658379802326252,
309,50,102,3.13291156671546,0.0249506956118549,0.0658379802326252,
309,52,103,3.13291156671546,0.0258994244722739,0.0670780187995019,
308,54,103,3.07499496096487,0.0268842279361666,0.0670780187995019,
308,57,104,3.07499496096487,0.0284320878284855,0.0683414131200318,
307,59,105,3.01814903121335,0.0295131936503223,0.0696286030928143,
308,61,105,3.07499496096487,0.0306354075963692,0.0696286030928143,
308,63,105,3.07499496096487,0.0318002927678898,0.0696286030928143,
309,65,106,3.13291156671546,0.0330094717017363,0.0709400369018067,
310,67,106,3.19191901432571,0.0342646286303368,0.0709400369018067,
312,69,106,3.31328900481095,0.0355675118276171,0.0709400369018067,
313,70,107,3.37569380724651,0.0362374152213459,0.0722761711723762,
315,70,107,3.50405167705079,0.0362374152213459,0.0722761711723762,
317,71,107,3.63729024507044,0.0369199360441235,0.0722761711723762,
318,71,108,3.70579751347197,0.0369199360441235,0.0736374711302918,
320,72,108,3.84670729436919,0.0376153119414334,0.0736374711302918,
322,72,108,3.99297504916551,0.0376153119414334,0.0736374711302918,
323,72,109,4.06818153393383,0.0376153119414334,0.07502441076371,
325,72,109,4.22287065726363,0.0376153119414334,0.07502441076371,
327,73,110,4.38344170220312,0.0383237850347401,0.0764374729882114,
329,73,110,4.55011832379071,0.0383237850347401,0.0764374729882114,
331,74,111,4.72313268135637,0.0390456020057932,0.0778771498149468,
333,74,111,4.90272576189005,0.0390456020057932,0.0778771498149468,
334,75,112,4.99506712786274,0.0397810141825189,0.0793439425219489,
336,75,112,5.18500028314046,0.0397810141825189,0.0793439425219489,
338,76,113,5.38215548419861,0.0405302776265294,0.0808383618286716,
340,75,113,5.58680734315101,0.0397810141825189,0.0808383618286716,
340,74,113,5.58680734315101,0.0390456020057932,0.0808383618286716,
341,73,113,5.69203318007278,0.0383237850347401,0.0808383618286716,
342,72,114,5.79924091400224,0.0376153119414334,0.082360928073816,
342,70,114,5.79924091400224,0.0362374152213459,0.082360928073816,
341,69,114,5.69203318007278,0.0355675118276171,0.082360928073816,
341,66,114,5.69203318007278,0.0336311951786375,0.082360928073816,
340,64,114,5.58680734315101,0.0323992417230495,0.082360928073816,
339,62,114,5.48352676487507,0.0312124162894861,0.082360928073816,
339,59,114,5.48352676487507,0.0295131936503223,0.082360928073816,
338,57,114,5.38215548419861,0.0284320878284855,0.082360928073816,
337,55,114,5.28265820486957,0.027390584287983,0.082360928073816,
337,54,114,5.28265820486957,0.0268842279361666,0.082360928073816,
336,53,114,5.18500028314046,0.0263872323468783,0.082360928073816,
337,51,114,5.28265820486957,0.0254206344635599,0.082360928073816,
338,51,114,5.38215548419861,0.0254206344635599,0.082360928073816,
339,52,114,5.48352676487507,0.0258994244722739,0.082360928073816,
341,53,115,5.69203318007278,0.0263872323468783,0.0839121713965064,
342,55,115,5.79924091400224,0.027390584287983,0.0839121713965064,
344,57,115,6.01975208969155,0.0284320878284855,0.0839121713965064,
345,58,116,6.13313231077183,0.0289675976560892,0.0854926319208782,
347,60,116,6.36633942124746,0.0300690657811013,0.0854926319208782,
349,61,116,6.60841403263789,0.0306354075963692,0.0854926319208782,
350,63,117,6.7328815244626,0.0318002927678898,0.0871028599441422,
352,65,117,6.98889358582591,0.0330094717017363,0.0871028599441422,
354,66,118,7.25464028685656,0.0336311951786375,0.0887434161281921,
356,67,118,7.5304917789019,0.0342646286303368,0.0887434161281921,
358,67,119,7.81683228799767,0.0342646286303368,0.0904148716948197,
361,67,119,8.26688654331434,0.0342646286303368,0.0904148716948197,
362,66,120,8.42259086634312,0.0336311951786375,0.0921178086246076,
363,65,120,8.58122783349165,0.0330094717017363,0.0921178086246076,
365,64,121,8.90752168237321,0.0323992417230495,0.0938528198595675,
367,63,121,9.24622257578078,0.0318002927678898,0.0938528198595675,
369,62,122,9.59780228097076,0.0312124162894861,0.095620509509596,
370,62,122,9.77857400184689,0.0312124162894861,0.095620509509596,
372,61,122,10.1503959146952,0.0306354075963692,0.095620509509596,
374,61,122,10.5363560377618,0.0306354075963692,0.095620509509596,
376,62,122,10.9369919643981,0.0312124162894861,0.095620509509596,
377,62,122,11.142986920403,0.0312124162894861,0.095620509509596,
379,62,122,11.566689467503,0.0312124162894861,0.095620509509596,
381,63,122,12.0065029415654,0.0318002927678898,0.095620509509596,
383,63,122,12.4630399468085,0.0318002927678898,0.095620509509596,
385,63,122,12.9369363812019,0.0318002927678898,0.095620509509596,
386,64,122,13.1805996891168,0.0323992417230495,0.095620509509596,
388,64,122,13.6817807189857,0.0323992417230495,0.095620509509596,
389,63,122,13.9394729461037,0.0318002927678898,0.095620509509596,
390,63,122,14.2020187288574,0.0318002927678898,0.095620509509596,
391,62,122,14.4695094825085,0.0312124162894861,0.095620509509596,
391,61,122,14.4695094825085,0.0306354075963692,0.095620509509596,
390,60,122,14.2020187288574,0.0300690657811013,0.095620509509596,
390,58,122,14.2020187288574,0.0289675976560892,0.095620509509596,
389,56,122,13.9394729461037,0.0279064777094758,0.095620509509596,
388,54,122,13.6817807189857,0.0268842279361666,0.095620509509596,
387,53,122,13.4288523221915,0.0263872323468783,0.095620509509596,
386,52,122,13.1805996891168,0.0258994244722739,0.095620509509596,
385,51,122,12.9369363812019,0.0254206344635599,0.095620509509596,
385,52,122,12.9369363812019,0.0258994244722739,0.095620509509596,
384,53,122,12.6977775578343,0.0263872323468783,0.095620509509596,
384,55,122,12.6977775578343,0.027390584287983,0.095620509509596,
384,56,122,12.6977775578343,0.0279064777094758,0.095620509509596,
384,59,122,12.6977775578343,0.0295131936503223,0.095620509509596,
384,61,122,12.6977775578343,0.0306354075963692,0.095620509509596,
384,63,122,12.6977775578343,0.0318002927678898,0.095620509509596,
384,65,122,12.6977775578343,0.0330094717017363,0.095620509509596,
384,66,122,12.6977775578343,0.0336311951786375,0.095620509509596,
384,67,122,12.6977775578343,0.0342646286303368,0.095620509509596,
384,69,122,12.6977775578343,0.0355675118276171,0.095620509509596,
384,70,122,12.6977775578343,0.0362374152213459,0.095620509509596,
384,72,122,12.6977775578343,0.0376153119414334,0.095620509509596,
384,73,122,12.6977775578343,0.0383237850347401,0.095620509509596,
383,74,122,12.4630399468085,0.0390456020057932,0.095620509509596,
383,75,122,12.4630399468085,0.0397810141825189,0.095620509509596,
382,75,122,12.2326418153318,0.0397810141825189,0.095620509509596,
382,76,122,12.2326418153318,0.0405302776265294,0.095620509509596,
381,76,122,12.0065029415654,0.0405302776265294,0.095620509509596,
381,77,122,12.0065029415654,0.0412936532222802,0.095620509509596,
380,77,122,11.7845445866927,0.0412936532222802,0.095620509509596,
380,77,122,11.7845445866927,0.0412936532222802,0.095620509509596,
380,77,122,11.7845445866927,0.0412936532222802,0.095620509509596,
380,77,122,11.7845445866927,0.0412936532222802,0.095620509509596,
380,77,122,11.7845445866927,0.0412936532222802,0.095620509509596,
380,77,122,11.7845445866927,0.0412936532222802,0.095620509509596,
380,77,122,11.7845445866927,0.0412936532222802,0.095620509509596,
380,77,122,11.7845445866927,0.0412936532222802,0.095620509509596,
380,77,122,11.7845445866927,0.0412936532222802,0.095620509509596,
380,77,122,11.7845445866927,0.0412936532222802,0.095620509509596,
380,78,122,11.7845445866927,0.0420714067679075,0.095620509509596,
381,78,122,12.0065029415654,0.0420714067679075,0.095620509509596,
381,79,122,12.0065029415654,0.0428638090677749,0.095620509509596,
382,80,122,12.2326418153318,0.0436711360267653,0.095620509509596,
383,81,122,12.4630399468085,0.044493668746347,0.095620509509596,
384,82,122,12.6977775578343,0.0453316936224498,0.095620509509596,
385,83,122,12.9369363812019,0.0461855024451849,0.095620509509596,
386,85,122,13.1805996891168,0.047941666673403,0.095620509509596,
387,86,122,13.4288523221915,0.0488446335539986,0.095620509509596,
387,87,122,13.4288523221915,0.0497646075443595,0.095620509509596,
388,88,122,13.6817807189857,0.0507019089682861,0.095620509509596,
389,89,122,13.9394729461037,0.0516568641827807,0.095620509509596,
389,91,122,13.9394729461037,0.053621072261439,0.095620509509596,
389,92,122,13.9394729461037,0.0546310090390638,0.095620509509596,
390,93,122,14.2020187288574,0.0556599676723096,0.095620509509596,
390,94,122,14.2020187288574,0.0567083064321091,0.095620509509596,
390,95,122,14.2020187288574,0.0577763903373201,0.095620509509596,
391,96,122,14.4695094825085,0.0588645912818214,0.095620509509596,
391,97,122,14.4695094825085,0.0599732881640006,0.095620509509596,
391,98,122,14.4695094825085,0.0611028670186829,0.095620509509596,
392,99,122,14.7420383440972,0.0622537211515434,0.095620509509596,
392,100,122,14.7420383440972,0.0634262512760511,0.095620509509596,
392,100,122,14.7420383440972,0.0634262512760511,0.095620509509596,
392,101,122,14.7420383440972,0.064620865652993,0.095620509509596,
392,101,122,14.7420383440972,0.064620865652993,0.095620509509596,
392,101,122,14.7420383440972,0.064620865652993,0.095620509509596,
391,101,122,14.4695094825085,0.064620865652993,0.095620509509596,
391,101,122,14.4695094825085,0.064620865652993,0.095620509509596,
391,101,122,14.4695094825085,0.064620865652993,0.095620509509596,
390,101,122,14.2020187288574,0.064620865652993,0.095620509509596,
390,101,122,14.2020187288574,0.064620865652993,0.095620509509596,
390,101,122,14.2020187288574,0.064620865652993,0.095620509509596,
389,101,122,13.9394729461037,0.064620865652993,0.095620509509596,
389,101,122,13.9394729461037,0.064620865652993,0.095620509509596,
389,101,122,13.9394729461037,0.064620865652993,0.095620509509596,
390,101,122,14.2020187288574,0.064620865652993,0.095620509509596,
391,101,123,14.4695094825085,0.064620865652993,0.0974214930628177,
392,101,123,14.7420383440972,0.064620865652993,0.0974214930628177,
393,101,124,15.0197002048721,0.064620865652993,0.0992563975998911,
395,101,124,15.5908114588779,0.064620865652993,0.0992563975998911,
396,101,125,15.8844597061298,0.064620865652993,0.101125862012351,
398,101,125,16.4884527005458,0.064620865652993,0.101125862012351,
399,101,125,16.7990077507548,0.064620865652993,0.101125862012351,
401,101,126,17.4377756523587,0.064620865652993,0.10303053722506,
402,101,126,17.7662109149999,0.064620865652993,0.10303053722506,
404,101,126,18.4417558896796,0.064620865652993,0.10303053722506,
405,101,126,18.7891008182957,0.064620865652993,0.10303053722506,
406,101,126,19.1429878842308,0.064620865652993,0.10303053722506,
408,101,126,19.8708836256142,0.064620865652993,0.10303053722506,
409,101,126,20.2451457455428,0.064620865652993,0.10303053722506,
410,101,126,20.6264569799975,0.064620865652993,0.10303053722506,
412,101,126,21.4107603649427,0.064620865652993,0.10303053722506,
413,101,126,21.8140256003718,0.064620865652993,0.10303053722506,
414,101,126,22.2248862152891,0.064620865652993,0.10303053722506,
415,101,126,22.6434852663844,0.064620865652993,0.10303053722506,
416,101,126,23.0699685047767,0.064620865652993,0.10303053722506,
415,101,125,22.6434852663844,0.064620865652993,0.101125862012351,
414,101,125,22.2248862152891,0.064620865652993,0.101125862012351,
413,101,125,21.8140256003718,0.064620865652993,0.101125862012351,
411,101,124,21.0149500969316,0.064620865652993,0.0992563975998911,
410,101,124,20.6264569799975,0.064620865652993,0.0992563975998911,
409,101,123,20.2451457455428,0.064620865652993,0.0974214930628177,
408,101,123,19.8708836256142,0.064620865652993,0.0974214930628177,
407,101,122,19.5035403066749,0.064620865652993,0.095620509509596,
407,101,122,19.5035403066749,0.064620865652993,0.095620509509596,
407,101,122,19.5035403066749,0.064620865652993,0.095620509509596,
409,101,122,20.2451457455428,0.064620865652993,0.095620509509596,
410,101,122,20.6264569799975,0.064620865652993,0.095620509509596,
411,101,122,21.0149500969316,0.064620865652993,0.095620509509596,
413,101,122,21.8140256003718,0.064620865652993,0.095620509509596,
414,101,122,22.2248862152891,0.064620865652993,0.095620509509596,
415,101,122,22.6434852663844,0.064620865652993,0.095620509509596,
417,101,122,23.5044844267639,0.064620865652993,0.095620509509596,
419,101,122,24.3982223438079,0.064620865652993,0.095620509509596,
422,101,122,25.8029504207878,0.064620865652993,0.095620509509596,
425,101,122,27.2885557412999,0.064620865652993,0.095620509509596,
428,101,122,28.8596948140514,0.064620865652993,0.095620509509596,
431,101,122,30.5212922463191,0.064620865652993,0.095620509509596,
434,101,122,32.2785561797299,0.064620865652993,0.095620509509596,
437,101,122,34.1369946147558,0.064620865652993,0.095620509509596,
440,101,122,36.1024326750916,0.064620865652993,0.095620509509596,
444,101,122,38.9001591052282,0.064620865652993,0.095620509509596,
446,101,122,40.3793043840671,0.064620865652993,0.095620509509596,
449,101,122,42.7041435382447,0.064620865652993,0.095620509509596,
451,101,122,44.3279320716176,0.064620865652993,0.095620509509596,
454,101,122,46.8801135337749,0.064620865652993,0.095620509509596,
453,100,122,46.0134637751527,0.0634262512760511,0.095620509509596,
452,99,122,45.1628353472721,0.0622537211515434,0.095620509509596,
450,99,121,43.5084632449816,0.0622537211515434,0.0938528198595675,
448,98,121,41.9146928970273,0.0611028670186829,0.0938528198595675,
446,97,121,40.3793043840671,0.0599732881640006,0.0938528198595675,
444,97,120,38.9001591052282,0.0599732881640006,0.0921178086246076,
442,96,120,37.4751967993079,0.0588645912818214,0.0921178086246076,
440,95,120,36.1024326750916,0.0577763903373201,0.0921178086246076,
438,95,119,34.7799546467918,0.0577763903373201,0.0904148716948197,
437,94,119,34.1369946147558,0.0567083064321091,0.0904148716948197,
435,93,118,32.8865130824863,0.0556599676723096,0.0887434161281921,
433,92,117,31.6818382792565,0.0546310090390638,0.0871028599441422,
432,91,116,31.0961516111207,0.053621072261439,0.0854926319208782,
430,90,115,29.9570600257839,0.0526298056916822,0.0839121713965064,
428,90,115,28.8596948140514,0.0526298056916822,0.0839121713965064,
426,88,113,27.8025274857856,0.0507019089682861,0.0808383618286716,
425,87,112,27.2885557412999,0.0497646075443595,0.0793439425219489,
424,87,111,26.7840855413866,0.0497646075443595,0.0778771498149468,
423,86,111,26.2889412356325,0.0488446335539986,0.0778771498149468,
422,86,110,25.8029504207878,0.0488446335539986,0.0764374729882114,
422,86,109,25.8029504207878,0.0488446335539986,0.07502441076371,
422,85,109,25.8029504207878,0.047941666673403,0.07502441076371,
422,85,109,25.8029504207878,0.047941666673403,0.07502441076371,
423,85,109,26.2889412356325,0.047941666673403,0.07502441076371,
423,85,109,26.2889412356325,0.047941666673403,0.07502441076371,
423,85,109,26.2889412356325,0.047941666673403,0.07502441076371,
424,85,109,26.7840855413866,0.047941666673403,0.07502441076371,
424,85,109,26.7840855413866,0.047941666673403,0.07502441076371,
424,85,109,26.7840855413866,0.047941666673403,0.07502441076371,
425,85,109,27.2885557412999,0.047941666673403,0.07502441076371,
425,85,109,27.2885557412999,0.047941666673403,0.07502441076371,
425,85,109,27.2885557412999,0.047941666673403,0.07502441076371,
426,85,109,27.8025274857856,0.047941666673403,0.07502441076371,
426,85,109,27.8025274857856,0.047941666673403,0.07502441076371,
426,85,108,27.8025274857856,0.047941666673403,0.0736374711302918,
427,85,108,28.3261797335795,0.047941666673403,0.0736374711302918,
427,85,108,28.3261797335795,0.047941666673403,0.0736374711302918,
427,85,107,28.3261797335795,0.047941666673403,0.0722761711723762,
428,85,107,28.8596948140514,0.047941666673403,0.0722761711723762,
428,85,107,28.8596948140514,0.047941666673403,0.0722761711723762,
428,85,106,28.8596948140514,0.047941666673403,0.0709400369018067,
429,85,106,29.4032584906901,0.047941666673403,0.0709400369018067,
429,86,106,29.4032584906901,0.0488446335539986,0.0709400369018067,
429,86,105,29.4032584906901,0.0488446335539986,0.0696286030928143,
429,87,105,29.4032584906901,0.0497646075443595,0.0696286030928143,
429,87,105,29.4032584906901,0.0497646075443595,0.0696286030928143,
428,88,105,28.8596948140514,0.0507019089682861,0.0696286030928143,
428,89,105,28.8596948140514,0.0516568641827807,0.0696286030928143,
427,90,105,28.3261797335795,0.0526298056916822,0.0696286030928143,
427,91,105,28.3261797335795,0.053621072261439,0.0696286030928143,
426,92,105,27.8025274857856,0.0546310090390638,0.0696286030928143,
426,92,105,27.8025274857856,0.0546310090390638,0.0696286030928143,
426,93,105,27.8025274857856,0.0556599676723096,0.0696286030928143,
427,93,105,28.3261797335795,0.0556599676723096,0.0696286030928143,
428,93,105,28.8596948140514,0.0556599676723096,0.0696286030928143,
429,93,105,29.4032584906901,0.0556599676723096,0.0696286030928143,
430,93,105,29.9570600257839,0.0556599676723096,0.0696286030928143,
431,93,105,30.5212922463191,0.0556599676723096,0.0696286030928143,
432,93,105,31.0961516111207,0.0556599676723096,0.0696286030928143,
433,93,105,31.6818382792565,0.0556599676723096,0.0696286030928143,
434,93,105,32.2785561797299,0.0556599676723096,0.0696286030928143,
435,93,105,32.8865130824863,0.0556599676723096,0.0696286030928143,
436,93,105,33.505920670755,0.0556599676723096,0.0696286030928143,
436,93,105,33.505920670755,0.0556599676723096,0.0696286030928143,
437,93,105,34.1369946147558,0.0556599676723096,0.0696286030928143,
437,93,105,34.1369946147558,0.0556599676723096,0.0696286030928143,
436,92,105,33.505920670755,0.0546310090390638,0.0696286030928143,
436,92,105,33.505920670755,0.0546310090390638,0.0696286030928143,
436,91,105,33.505920670755,0.053621072261439,0.0696286030928143,
435,91,105,32.8865130824863,0.053621072261439,0.0696286030928143,
435,90,105,32.8865130824863,0.0526298056916822,0.0696286030928143,
434,90,105,32.2785561797299,0.0526298056916822,0.0696286030928143,
434,90,105,32.2785561797299,0.0526298056916822,0.0696286030928143,
434,89,105,32.2785561797299,0.0516568641827807,0.0696286030928143,
434,89,105,32.2785561797299,0.0516568641827807,0.0696286030928143,
435,89,105,32.8865130824863,0.0516568641827807,0.0696286030928143,
435,89,105,32.8865130824863,0.0516568641827807,0.0696286030928143,
435,89,105,32.8865130824863,0.0516568641827807,0.0696286030928143,
436,89,105,33.505920670755,0.0516568641827807,0.0696286030928143,
436,89,105,33.505920670755,0.0516568641827807,0.0696286030928143,
434,89,105,32.2785561797299,0.0516568641827807,0.0696286030928143,
437,89,105,34.1369946147558,0.0516568641827807,0.0696286030928143,
437,89,105,34.1369946147558,0.0516568641827807,0.0696286030928143,
437,89,105,34.1369946147558,0.0516568641827807,0.0696286030928143,
438,90,105,34.7799546467918,0.0526298056916822,0.0696286030928143,
438,90,105,34.7799546467918,0.0526298056916822,0.0696286030928143,
439,90,105,35.4350246377584,0.0526298056916822,0.0696286030928143,
439,91,105,35.4350246377584,0.053621072261439,0.0696286030928143,
440,91,105,36.1024326750916,0.053621072261439,0.0696286030928143,
440,92,105,36.1024326750916,0.0546310090390638,0.0696286030928143,
441,92,105,36.7824111421862,0.0546310090390638,0.0696286030928143,
441,93,105,36.7824111421862,0.0556599676723096,0.0696286030928143,
442,93,105,37.4751967993079,0.0556599676723096,0.0696286030928143,
442,94,106,37.4751967993079,0.0567083064321091,0.0709400369018067,
442,94,106,37.4751967993079,0.0567083064321091,0.0709400369018067,
443,94,106,38.1810308660311,0.0567083064321091,0.0709400369018067,
443,95,107,38.1810308660311,0.0577763903373201,0.0722761711723762,
443,95,107,38.1810308660311,0.0577763903373201,0.0722761711723762,
443,95,107,38.1810308660311,0.0577763903373201,0.0722761711723762,
444,96,108,38.9001591052282,0.0588645912818214,0.0736374711302918,
444,96,108,38.9001591052282,0.0588645912818214,0.0736374711302918,
444,96,108,38.9001591052282,0.0588645912818214,0.0736374711302918,
445,97,109,39.6328319086417,0.0599732881640006,0.07502441076371,
446,97,109,40.3793043840671,0.0599732881640006,0.07502441076371,
447,97,109,41.1398364441785,0.0599732881640006,0.07502441076371,
448,98,109,41.9146928970273,0.0611028670186829,0.07502441076371,
449,98,109,42.7041435382447,0.0611028670186829,0.07502441076371,
450,99,109,43.5084632449816,0.0622537211515434,0.07502441076371,
451,99,109,44.3279320716176,0.0622537211515434,0.07502441076371,
452,100,109,45.1628353472721,0.0634262512760511,0.07502441076371,
453,100,109,46.0134637751527,0.0634262512760511,0.07502441076371,
455,101,109,47.7630863800869,0.064620865652993,0.07502441076371,
456,101,109,48.6626897545388,0.064620865652993,0.07502441076371,
457,101,110,49.579236888129,0.064620865652993,0.0764374729882114,
458,102,110,50.5130469114675,0.0658379802326252,0.0764374729882114,
459,102,110,51.4644449658937,0.0658379802326252,0.0764374729882114,
460,102,110,52.4337623166861,0.0658379802326252,0.0764374729882114,
461,102,111,53.4213364684052,0.0658379802326252,0.0778771498149468,
462,103,111,54.4275112824085,0.0670780187995019,0.0778771498149468,
462,103,112,54.4275112824085,0.0670780187995019,0.0793439425219489,
463,103,112,55.4526370965789,0.0670780187995019,0.0793439425219489,
464,104,112,56.4970708473076,0.0683414131200318,0.0793439425219489,
464,104,112,56.4970708473076,0.0683414131200318,0.0793439425219489,
465,104,113,57.5611761937762,0.0683414131200318,0.0808383618286716,
466,105,113,58.6453236445768,0.0696286030928143,0.0808383618286716,
466,105,113,58.6453236445768,0.0696286030928143,0.0808383618286716,
467,105,113,59.7498906867201,0.0696286030928143,0.0808383618286716,
468,106,114,60.8752619170708,0.0709400369018067,0.082360928073816,
468,106,114,60.8752619170708,0.0709400369018067,0.082360928073816,
469,107,114,62.0218291762602,0.0722761711723762,0.082360928073816,
470,107,114,63.1899916851198,0.0722761711723762,0.082360928073816,
470,107,114,63.1899916851198,0.0722761711723762,0.082360928073816,
471,108,114,64.3801561836859,0.0736374711302918,0.082360928073816,
471,108,114,64.3801561836859,0.0736374711302918,0.082360928073816,
472,108,114,65.5927370728206,0.0736374711302918,0.082360928073816,
473,109,114,66.828156558502,0.07502441076371,0.082360928073816,
475,109,114,69.3692400538066,0.07502441076371,0.082360928073816,
476,-1,114,70.6757888379233,0,0.082360928073816,
478,-1,114,73.3631752597897,0,0.082360928073816,
480,490,115,76.1527472518375,91.7746744278786,0.0839121713965064,
475,-1,115,69.3692400538066,0,0.0839121713965064,
476,-1,116,70.6757888379233,0,0.0854926319208782,
479,-1,116,74.7449486129398,0,0.0854926319208782,
480,-1,117,76.1527472518375,0,0.0871028599441422,
482,-1,117,79.048390332974,0,0.0871028599441422,
483,-1,118,80.5372430030599,0,0.0887434161281921,
484,-1,119,82.0541377656398,0,0.0904148716948197,
485,-1,118,83.5996027850965,0,0.0887434161281921,
486,-1,118,85.1741761736301,0,0.0887434161281921,
487,-1,118,86.778406178622,0,0.0887434161281921,
488,-1,118,88.4128513735286,0,0.0887434161281921,
493,-1,118,97.0586029087275,0,0.0887434161281921,
494,-1,118,98.8866725188328,0,0.0887434161281921,
493,124,118,97.0586029087275,0.0992563975998911,0.0887434161281921,
494,124,118,98.8866725188328,0.0992563975998911,0.0887434161281921,
494,124,118,98.8866725188328,0.0992563975998911,0.0887434161281921,
502,124,118,114.806792870095,0.0992563975998911,0.0887434161281921,
504,124,118,119.172222975228,0.0992563975998911,0.0887434161281921,
505,124,118,121.416795971963,0.0992563975998911,0.0887434161281921,
508,125,118,128.407370117707,0.101125862012351,0.0887434161281921,
509,125,118,130.825884334798,0.101125862012351,0.0887434161281921,
511,125,118,135.800426691817,0.101125862012351,0.0887434161281921,
513,125,118,140.964121767257,0.101125862012351,0.0887434161281921,
505,126,118,121.416795971963,0.10303053722506,0.0887434161281921,
507,126,118,126.033565791537,0.10303053722506,0.0887434161281921,
512,126,118,138.358186907139,0.10303053722506,0.0887434161281921,
513,126,118,140.964121767257,0.10303053722506,0.0887434161281921,
515,126,118,146.324161931455,0.10303053722506,0.0887434161281921,
516,127,119,149.080133536595,0.104971086422859,0.0904148716948197,
517,126,119,151.888013038478,0.10303053722506,0.0904148716948197,
518,126,119,154.748778106733,0.10303053722506,0.0904148716948197,
519,127,120,157.663424825107,0.104971086422859,0.0921178086246076,
520,127,120,160.632968038282,0.104971086422859,0.0921178086246076,
520,126,120,160.632968038282,0.10303053722506,0.0921178086246076,
521,127,121,163.658441705237,0.104971086422859,0.0938528198595675,
522,127,121,166.740899259257,0.104971086422859,0.0938528198595675,
522,127,121,166.740899259257,0.104971086422859,0.0938528198595675,
521,127,122,163.658441705237,0.104971086422859,0.095620509509596,
520,127,122,160.632968038282,0.104971086422859,0.095620509509596,
518,127,122,154.748778106733,0.104971086422859,0.095620509509596,
516,127,122,149.080133536595,0.104971086422859,0.095620509509596,
514,127,122,143.619138627126,0.104971086422859,0.095620509509596,
512,127,122,138.358186907139,0.104971086422859,0.095620509509596,
507,127,122,126.033565791537,0.104971086422859,0.095620509509596,
505,127,122,121.416795971963,0.104971086422859,0.095620509509596,
503,127,122,116.969144303042,0.104971086422859,0.095620509509596,
502,127,122,114.806792870095,0.104971086422859,0.095620509509596,
500,127,122,110.601274022191,0.104971086422859,0.095620509509596,
498,127,122,106.54980867877,0.104971086422859,0.095620509509596,
496,127,123,102.646753664019,0.104971086422859,0.0974214930628177,
495,127,123,100.749173270529,0.104971086422859,0.0974214930628177,
495,127,123,100.749173270529,0.104971086422859,0.0974214930628177,
495,127,124,100.749173270529,0.104971086422859,0.0992563975998911,
495,127,124,100.749173270529,0.104971086422859,0.0992563975998911,
495,127,124,100.749173270529,0.104971086422859,0.0992563975998911,
495,127,125,100.749173270529,0.104971086422859,0.101125862012351,
495,127,125,100.749173270529,0.104971086422859,0.101125862012351,
495,127,125,100.749173270529,0.104971086422859,0.101125862012351,
494,127,126,98.8866725188328,0.104971086422859,0.10303053722506,
493,127,126,97.0586029087275,0.104971086422859,0.10303053722506,
492,127,126,95.2643279285176,0.104971086422859,0.10303053722506,
490,127,126,91.7746744278786,0.104971086422859,0.10303053722506,
489,127,126,90.0780808523695,0.104971086422859,0.10303053722506,
487,127,126,86.778406178622,0.104971086422859,0.10303053722506,
486,132,126,85.1741761736301,0.115236041319039,0.10303053722506,
485,132,126,83.5996027850965,0.115236041319039,0.10303053722506,
483,132,126,80.5372430030599,0.115236041319039,0.10303053722506,
482,133,126,79.048390332974,0.11740647751749,0.10303053722506,
481,133,126,77.5870613549164,0.11740647751749,0.10303053722506,
480,133,126,76.1527472518375,0.11740647751749,0.10303053722506,
480,134,126,76.1527472518375,0.119617793229309,0.10303053722506,
480,134,126,76.1527472518375,0.119617793229309,0.10303053722506,
480,134,126,76.1527472518375,0.119617793229309,0.10303053722506,
481,135,126,77.5870613549164,0.121870758407841,0.10303053722506,
481,135,126,77.5870613549164,0.121870758407841,0.10303053722506,
481,135,126,77.5870613549164,0.121870758407841,0.10303053722506,
482,136,126,79.048390332974,0.124166157508273,0.10303053722506,
482,136,126,79.048390332974,0.124166157508273,0.10303053722506,
482,137,126,79.048390332974,0.126504789760768,0.10303053722506,
483,138,126,80.5372430030599,0.128887469448749,0.10303053722506,
483,138,126,80.5372430030599,0.128887469448749,0.10303053722506,
483,139,126,80.5372430030599,0.131315026192423,0.10303053722506,
484,138,127,82.0541377656398,0.128887469448749,0.104971086422859,
484,138,127,82.0541377656398,0.128887469448749,0.104971086422859,
484,138,127,82.0541377656398,0.128887469448749,0.104971086422859,
485,138,128,83.5996027850965,0.128887469448749,0.106948185281472,
485,138,128,83.5996027850965,0.128887469448749,0.106948185281472,
485,138,128,83.5996027850965,0.128887469448749,0.106948185281472,
485,138,129,83.5996027850965,0.128887469448749,0.108962522202773,
486,138,129,85.1741761736301,0.128887469448749,0.108962522202773,
486,138,129,85.1741761736301,0.128887469448749,0.108962522202773,
487,139,130,86.778406178622,0.131315026192423,0.11101479855448,
488,139,130,88.4128513735286,0.131315026192423,0.11101479855448,
488,140,130,88.4128513735286,0.133788305237644,0.11101479855448,
489,140,130,90.0780808523695,0.133788305237644,0.11101479855448,
490,141,130,91.7746744278786,0.136308167750217,0.11101479855448,
490,143,130,91.7746744278786,0.141491169245134,0.11101479855448,
490,143,130,91.7746744278786,0.141491169245134,0.11101479855448,
490,144,130,91.7746744278786,0.144156112885819,0.11101479855448,
491,145,130,93.5032228333889,0.146871249938897,0.11101479855448,
491,146,130,93.5032228333889,0.149637525782204,0.11101479855448,
491,146,130,93.5032228333889,0.149637525782204,0.11101479855448,
491,147,130,93.5032228333889,0.15245590359948,0.11101479855448,
491,148,130,93.5032228333889,0.155327364715745,0.11101479855448,
490,148,130,91.7746744278786,0.155327364715745,0.11101479855448,
490,149,130,91.7746744278786,0.158252908938977,0.11101479855448,
490,149,130,91.7746744278786,0.158252908938977,0.11101479855448,
489,149,130,90.0780808523695,0.158252908938977,0.11101479855448,
489,149,130,90.0780808523695,0.158252908938977,0.11101479855448,
489,150,130,90.0780808523695,0.16123355490824,0.11101479855448,
489,150,130,90.0780808523695,0.16123355490824,0.11101479855448,
488,151,130,88.4128513735286,0.164270340448355,0.11101479855448,
487,151,130,86.778406178622,0.164270340448355,0.11101479855448,
486,152,130,85.1741761736301,0.167364322931265,0.11101479855448,
484,153,130,82.0541377656398,0.170516579644194,0.11101479855448,
483,153,130,80.5372430030599,0.170516579644194,0.11101479855448,
482,154,130,79.048390332974,0.173728208164747,0.11101479855448,
480,155,130,76.1527472518375,0.177000326743073,0.11101479855448,
479,156,130,74.7449486129398,0.180334074691228,0.11101479855448,
478,157,130,73.3631752597897,0.183730612779866,0.11101479855448,
477,158,130,72.0069460756422,0.18719112364241,0.11101479855448,
476,158,130,70.6757888379233,0.18719112364241,0.11101479855448,
475,159,130,69.3692400538066,0.190716812186824,0.11101479855448,
474,158,130,68.086844798831,0.18719112364241,0.11101479855448,
473,158,130,66.828156558502,0.18719112364241,0.11101479855448,
473,157,130,66.828156558502,0.183730612779866,0.11101479855448,
473,157,130,66.828156558502,0.183730612779866,0.11101479855448,
472,157,130,65.5927370728206,0.183730612779866,0.11101479855448,
472,157,130,65.5927370728206,0.183730612779866,0.11101479855448,
472,156,130,65.5927370728206,0.180334074691228,0.11101479855448,
471,156,130,64.3801561836859,0.180334074691228,0.11101479855448,
472,156,130,65.5927370728206,0.180334074691228,0.11101479855448,
474,156,130,68.086844798831,0.180334074691228,0.11101479855448,
474,156,130,68.086844798831,0.180334074691228,0.11101479855448,
476,156,130,70.6757888379233,0.180334074691228,0.11101479855448,
478,157,130,73.3631752597897,0.183730612779866,0.11101479855448,
482,158,130,79.048390332974,0.18719112364241,0.11101479855448,
483,159,130,80.5372430030599,0.190716812186824,0.11101479855448,
485,160,130,83.5996027850965,0.194308906015156,0.11101479855448,
487,161,130,86.778406178622,0.197968655850966,0.11101479855448,
489,162,130,90.0780808523695,0.201697335974817,0.11101479855448,
491,162,130,93.5032228333889,0.201697335974817,0.11101479855448,
492,163,130,95.2643279285176,0.205496244667965,0.11101479855448,
492,163,130,95.2643279285176,0.205496244667965,0.11101479855448,
492,163,130,95.2643279285176,0.205496244667965,0.11101479855448,
490,163,130,91.7746744278786,0.205496244667965,0.11101479855448,
489,163,130,90.0780808523695,0.205496244667965,0.11101479855448,
488,163,130,88.4128513735286,0.205496244667965,0.11101479855448,
488,163,130,88.4128513735286,0.205496244667965,0.11101479855448,
486,163,130,85.1741761736301,0.205496244667965,0.11101479855448,
484,163,130,82.0541377656398,0.205496244667965,0.11101479855448,
482,163,130,79.048390332974,0.205496244667965,0.11101479855448,
481,163,130,77.5870613549164,0.205496244667965,0.11101479855448,
480,163,130,76.1527472518375,0.205496244667965,0.11101479855448,
479,164,130,74.7449486129398,0.209366704664403,0.11101479855448,
478,164,130,73.3631752597897,0.209366704664403,0.11101479855448,
477,164,130,72.0069460756422,0.209366704664403,0.11101479855448,
475,165,130,69.3692400538066,0.213310063611418,0.11101479855448,
475,165,130,69.3692400538066,0.213310063611418,0.11101479855448,
473,166,130,66.828156558502,0.217327694538832,0.11101479855448,
472,166,130,65.5927370728206,0.217327694538832,0.11101479855448,
471,167,130,64.3801561836859,0.221420996337069,0.11101479855448,
470,167,130,63.1899916851198,0.221420996337069,0.11101479855448,
469,168,130,62.0218291762602,0.225591394244236,0.11101479855448,
468,168,130,60.8752619170708,0.225591394244236,0.11101479855448,
467,168,130,59.7498906867201,0.225591394244236,0.11101479855448,
466,169,130,58.6453236445768,0.229840340342368,0.11101479855448,
465,169,130,57.5611761937762,0.229840340342368,0.11101479855448,
464,169,130,56.4970708473076,0.229840340342368,0.11101479855448,
463,170,130,55.4526370965789,0.234169314063032,0.11101479855448,
462,170,130,54.4275112824085,0.234169314063032,0.11101479855448,
461,171,130,53.4213364684052,0.23857982270244,0.11101479855448,
460,171,130,52.4337623166861,0.23857982270244,0.11101479855448,
459,171,130,51.4644449658937,0.23857982270244,0.11101479855448,
459,171,130,51.4644449658937,0.23857982270244,0.11101479855448,
459,171,130,51.4644449658937,0.23857982270244,0.11101479855448,
460,171,130,52.4337623166861,0.23857982270244,0.11101479855448,
461,171,130,53.4213364684052,0.23857982270244,0.11101479855448,
462,171,130,54.4275112824085,0.23857982270244,0.11101479855448,
463,171,130,55.4526370965789,0.23857982270244,0.11101479855448,
464,171,130,56.4970708473076,0.23857982270244,0.11101479855448,
465,171,130,57.5611761937762,0.23857982270244,0.11101479855448,
466,171,130,58.6453236445768,0.23857982270244,0.11101479855448,
467,171,130,59.7498906867201,0.23857982270244,0.11101479855448,
468,171,130,60.8752619170708,0.23857982270244,0.11101479855448,
469,171,130,62.0218291762602,0.23857982270244,0.11101479855448,
470,171,130,63.1899916851198,0.23857982270244,0.11101479855448,
471,171,130,64.3801561836859,0.23857982270244,0.11101479855448,
472,171,130,65.5927370728206,0.23857982270244,0.11101479855448,
473,171,130,66.828156558502,0.23857982270244,0.11101479855448,
474,171,130,68.086844798831,0.23857982270244,0.11101479855448,
475,171,130,69.3692400538066,0.23857982270244,0.11101479855448,
476,171,130,70.6757888379233,0.23857982270244,0.11101479855448,
477,171,130,72.0069460756422,0.23857982270244,0.11101479855448,
479,171,130,74.7449486129398,0.23857982270244,0.11101479855448,
480,171,130,76.1527472518375,0.23857982270244,0.11101479855448,
482,171,130,79.048390332974,0.23857982270244,0.11101479855448,
483,171,130,80.5372430030599,0.23857982270244,0.11101479855448,
486,171,130,85.1741761736301,0.23857982270244,0.11101479855448,
487,171,130,86.778406178622,0.23857982270244,0.11101479855448,
488,171,130,88.4128513735286,0.23857982270244,0.11101479855448,
489,171,130,90.0780808523695,0.23857982270244,0.11101479855448,
491,171,130,93.5032228333889,0.23857982270244,0.11101479855448,
493,171,130,97.0586029087275,0.23857982270244,0.11101479855448,
494,171,130,98.8866725188328,0.23857982270244,0.11101479855448,
495,171,130,100.749173270529,0.23857982270244,0.11101479855448,
497,171,130,104.58007441381,0.23857982270244,0.11101479855448,
497,172,130,104.58007441381,0.243073401946279,0.11101479855448,
497,172,130,104.58007441381,0.243073401946279,0.11101479855448,
498,172,130,106.54980867877,0.243073401946279,0.11101479855448,
498,173,130,106.54980867877,0.247651616404413,0.11101479855448,
498,173,130,106.54980867877,0.247651616404413,0.11101479855448,
498,174,130,106.54980867877,0.25231606015566,0.11101479855448,
498,174,130,106.54980867877,0.25231606015566,0.11101479855448,
498,175,130,106.54980867877,0.257068357302837,0.11101479855448,
498,175,130,106.54980867877,0.257068357302837,0.11101479855448,
498,175,130,106.54980867877,0.257068357302837,0.11101479855448,
497,175,130,104.58007441381,0.257068357302837,0.11101479855448,
497,175,130,104.58007441381,0.257068357302837,0.11101479855448,
496,175,130,102.646753664019,0.257068357302837,0.11101479855448,
496,175,130,102.646753664019,0.257068357302837,0.11101479855448,
495,175,130,100.749173270529,0.257068357302837,0.11101479855448,
495,175,130,100.749173270529,0.257068357302837,0.11101479855448,
494,175,130,98.8866725188328,0.257068357302837,0.11101479855448,
493,175,130,97.0586029087275,0.257068357302837,0.11101479855448,
491,175,130,93.5032228333889,0.257068357302837,0.11101479855448,
490,175,130,91.7746744278786,0.257068357302837,0.11101479855448,
488,176,130,88.4128513735286,0.261910162538246,0.11101479855448,
486,176,130,85.1741761736301,0.261910162538246,0.11101479855448,
485,176,130,83.5996027850965,0.261910162538246,0.11101479855448,
483,177,130,80.5372430030599,0.266843161719826,0.11101479855448,
482,177,130,79.048390332974,0.266843161719826,0.11101479855448,
478,178,130,73.3631752597897,0.271869072458137,0.11101479855448,
476,178,130,70.6757888379233,0.271869072458137,0.11101479855448,
474,179,130,68.086844798831,0.276989644714423,0.11101479855448,
472,179,130,65.5927370728206,0.276989644714423,0.11101479855448,
470,179,130,63.1899916851198,0.276989644714423,0.11101479855448,
469,179,130,62.0218291762602,0.276989644714423,0.11101479855448,
468,179,131,60.8752619170708,0.276989644714423,0.113105728914361,
467,179,131,59.7498906867201,0.276989644714423,0.113105728914361,
468,179,131,60.8752619170708,0.276989644714423,0.113105728914361,
468,179,132,60.8752619170708,0.276989644714423,0.115236041319039,
468,179,132,60.8752619170708,0.276989644714423,0.115236041319039,
469,180,133,62.0218291762602,0.282206661409919,0.11740647751749,
469,179,133,62.0218291762602,0.276989644714423,0.11740647751749,
469,179,133,62.0218291762602,0.276989644714423,0.11740647751749,
470,179,133,63.1899916851198,0.276989644714423,0.11740647751749,
470,180,134,63.1899916851198,0.282206661409919,0.119617793229309,
470,180,134,63.1899916851198,0.282206661409919,0.119617793229309,
470,180,134,63.1899916851198,0.282206661409919,0.119617793229309,
470,180,134,63.1899916851198,0.282206661409919,0.119617793229309,
470,181,134,63.1899916851198,0.287521939046646,0.119617793229309,
470,182,134,63.1899916851198,0.292937328339897,0.119617793229309,
470,182,134,63.1899916851198,0.292937328339897,0.119617793229309,
470,183,134,63.1899916851198,0.298454714862627,0.119617793229309,
470,183,134,63.1899916851198,0.298454714862627,0.119617793229309,
470,183,134,63.1899916851198,0.298454714862627,0.119617793229309,
470,183,134,63.1899916851198,0.298454714862627,0.119617793229309,
469,183,134,62.0218291762602,0.298454714862627,0.119617793229309,
469,183,134,62.0218291762602,0.298454714862627,0.119617793229309,
468,183,134,60.8752619170708,0.298454714862627,0.119617793229309,
467,183,134,59.7498906867201,0.298454714862627,0.119617793229309,
467,183,134,59.7498906867201,0.298454714862627,0.119617793229309,
466,183,134,58.6453236445768,0.298454714862627,0.119617793229309,
465,183,134,57.5611761937762,0.298454714862627,0.119617793229309,
465,183,134,57.5611761937762,0.298454714862627,0.119617793229309,
464,183,134,56.4970708473076,0.298454714862627,0.119617793229309,
464,183,134,56.4970708473076,0.298454714862627,0.119617793229309,
463,184,134,55.4526370965789,0.304076019701994,0.119617793229309,
463,184,134,55.4526370965789,0.304076019701994,0.119617793229309,
464,184,134,56.4970708473076,0.304076019701994,0.119617793229309,
464,184,134,56.4970708473076,0.304076019701994,0.119617793229309,
465,185,134,57.5611761937762,0.309803200128255,0.119617793229309,
465,185,134,57.5611761937762,0.309803200128255,0.119617793229309,
466,185,134,58.6453236445768,0.309803200128255,0.119617793229309,
467,186,134,59.7498906867201,0.315638250276262,0.119617793229309,
467,186,134,59.7498906867201,0.315638250276262,0.119617793229309,
468,187,134,60.8752619170708,0.321583201839798,0.119617793229309,
469,187,134,62.0218291762602,0.321583201839798,0.119617793229309,
470,187,134,63.1899916851198,0.321583201839798,0.119617793229309,
472,187,134,65.5927370728206,0.321583201839798,0.119617793229309,
474,187,134,68.086844798831,0.321583201839798,0.119617793229309,
475,187,134,69.3692400538066,0.321583201839798,0.119617793229309,
477,187,134,72.0069460756422,0.321583201839798,0.119617793229309,
478,187,134,73.3631752597897,0.321583201839798,0.119617793229309,
483,187,134,80.5372430030599,0.321583201839798,0.119617793229309,
484,187,134,82.0541377656398,0.321583201839798,0.119617793229309,
486,188,134,85.1741761736301,0.32764012477899,0.119617793229309,
487,188,134,86.778406178622,0.32764012477899,0.119617793229309,
488,188,134,88.4128513735286,0.32764012477899,0.119617793229309,
489,188,134,90.0780808523695,0.32764012477899,0.119617793229309,
491,188,133,93.5032228333889,0.32764012477899,0.11740647751749,
492,189,133,95.2643279285176,0.333811128041038,0.11740647751749,
492,189,133,95.2643279285176,0.333811128041038,0.11740647751749,
492,189,132,95.2643279285176,0.333811128041038,0.115236041319039,
493,190,132,97.0586029087275,0.340098360294533,0.115236041319039,
493,190,132,97.0586029087275,0.340098360294533,0.115236041319039,
493,191,131,97.0586029087275,0.346504010677588,0.113105728914361,
494,191,131,98.8866725188328,0.346504010677588,0.113105728914361,
494,191,131,98.8866725188328,0.346504010677588,0.113105728914361,
494,191,130,98.8866725188328,0.346504010677588,0.11101479855448,
495,192,130,100.749173270529,0.353030309560079,0.11101479855448,
495,192,130,100.749173270529,0.353030309560079,0.11101479855448,
495,192,130,100.749173270529,0.353030309560079,0.11101479855448,
495,192,130,100.749173270529,0.353030309560079,0.11101479855448,
