-1,-1,159,0,0,0.992716857619066,
-1,-1,160,0,0,1.00733657570639,
-1,-1,160,0,0,1.00733657570639,
-1,-1,160,0,0,1.00733657570639,
-1,-1,160,0,0,1.00733657570639,
-1,-1,160,0,0,1.00733657570639,
-1,-1,161,0,0,1.02217159804217,
168,-1,160,1.13231759012767,0,1.00733657570639,
168,-1,161,1.13231759012767,0,1.02217159804217,
169,-1,161,1.14899320495775,0,1.02217159804217,
170,-1,162,1.16591440117983,0,1.03722509540706,
170,-1,162,1.16591440117983,0,1.03722509540706,
171,-1,163,1.18308479546535,0,1.05250028527773,
172,-1,163,1.20050805774841,0,1.05250028527773,
172,-1,163,1.20050805774841,0,1.05250028527773,
172,-1,163,1.20050805774841,0,1.05250028527773,
172,-1,162,1.20050805774841,0,1.03722509540706,
172,-1,162,1.20050805774841,0,1.03722509540706,
172,-1,162,1.20050805774841,0,1.03722509540706,
171,-1,161,1.18308479546535,0,1.02217159804217,
171,-1,161,1.18308479546535,0,1.02217159804217,
170,-1,161,1.16591440117983,0,1.02217159804217,
170,167,160,1.16591440117983,1.11588399250775,1.00733657570639,
170,167,160,1.16591440117983,1.11588399250775,1.00733657570639,
170,166,160,1.16591440117983,1.09968889964399,1.00733657570639,
170,167,160,1.16591440117983,1.11588399250775,1.00733657570639,
170,166,160,1.16591440117983,1.09968889964399,1.00733657570639,
170,166,160,1.16591440117983,1.09968889964399,1.00733657570639,
170,166,160,1.16591440117983,1.09968889964399,1.00733657570639,
169,166,160,1.14899320495775,1.09968889964399,1.00733657570639,
168,-1,160,1.13231759012767,0,1.00733657570639,
168,-1,160,1.13231759012767,0,1.00733657570639,
168,-1,160,1.13231759012767,0,1.00733657570639,
168,-1,160,1.13231759012767,0,1.00733657570639,
168,-1,160,1.13231759012767,0,1.00733657570639,
169,-1,160,1.14899320495775,0,1.00733657570639,
169,-1,160,1.14899320495775,0,1.00733657570639,
170,-1,160,1.16591440117983,0,1.00733657570639,
171,-1,161,1.18308479546535,0,1.02217159804217,
171,-1,160,1.18308479546535,0,1.00733657570639,
172,-1,161,1.20050805774841,0,1.02217159804217,
173,-1,162,1.21818791201012,0,1.03722509540706,
174,-1,162,1.23612813707458,0,1.03722509540706,
175,-1,162,1.25433256741657,0,1.03722509540706,
175,-1,163,1.25433256741657,0,1.05250028527773,
176,-1,163,1.27280509398106,0,1.05250028527773,
177,-1,163,1.29154966501488,0,1.05250028527773,
178,-1,163,1.31057028691062,0,1.05250028527773,
179,-1,163,1.3298710250629,0,1.05250028527773,
179,-1,163,1.3298710250629,0,1.05250028527773,
180,-1,163,1.34945600473732,0,1.05250028527773,
180,-1,163,1.34945600473732,0,1.05250028527773,
181,-1,163,1.36932941195217,0,1.05250028527773,
182,-1,163,1.38949549437314,0,1.05250028527773,
183,-1,163,1.40995856222117,0,1.05250028527773,
183,-1,163,1.40995856222117,0,1.05250028527773,
185,-1,163,1.45179321339972,0,1.05250028527773,
185,-1,163,1.45179321339972,0,1.05250028527773,
187,-1,163,1.49486913370923,0,1.05250028527773,
188,-1,163,1.51688403669445,0,1.05250028527773,
189,-1,163,1.53922315264422,0,1.05250028527773,
190,-1,163,1.56189125623532,0,1.05250028527773,
191,-1,163,1.58489319246111,0,1.05250028527773,
193,-1,163,1.63191830060146,0,1.05250028527773,
194,-1,164,1.65595152348192,0,1.06800043251458,
195,-1,164,1.6803386830771,0,1.06800043251458,
196,-1,164,1.70508499180478,0,1.06800043251458,
198,-1,164,1.755676291275,0,1.06800043251458,
198,-1,164,1.755676291275,0,1.06800043251458,
200,-1,165,1.80776867696343,0,1.08372885005949,
200,-1,165,1.80776867696343,0,1.08372885005949,
201,-1,165,1.83439164424908,0,1.08372885005949,
202,-1,166,1.86140668735512,0,1.09968889964399,
202,-1,166,1.86140668735512,0,1.09968889964399,
203,-1,166,1.88881958037304,0,1.09968889964399,
204,-1,167,1.91663618242925,0,1.11588399250775,
204,-1,167,1.91663618242925,0,1.11588399250775,
205,-1,167,1.94486243893736,0,1.11588399250775,
205,-1,167,1.94486243893736,0,1.11588399250775,
206,-1,168,1.97350438286898,0,1.13231759012767,
206,-1,168,1.97350438286898,0,1.13231759012767,
207,-1,168,2.00256813604312,0,1.13231759012767,
207,-1,168,2.00256813604312,0,1.13231759012767,
207,-1,168,2.00256813604312,0,1.13231759012767,
208,-1,168,2.03205991043469,0,1.13231759012767,
208,-1,168,2.03205991043469,0,1.13231759012767,
208,-1,168,2.03205991043469,0,1.13231759012767,
209,-1,168,2.06198600950222,0,1.13231759012767,
209,-1,168,2.06198600950222,0,1.13231759012767,
209,-1,168,2.06198600950222,0,1.13231759012767,
209,-1,168,2.06198600950222,0,1.13231759012767,
210,-1,168,2.09235282953511,0,1.13231759012767,
210,-1,168,2.09235282953511,0,1.13231759012767,
211,-1,169,2.12316686102077,0,1.14899320495775,
212,-1,170,2.15443469003188,0,1.16591440117983,
212,-1,170,2.15443469003188,0,1.16591440117983,
213,-1,171,2.18616299963405,0,1.18308479546535,
213,-1,171,2.18616299963405,0,1.18308479546535,
214,-1,172,2.21835857131422,0,1.20050805774841,
214,-1,172,2.21835857131422,0,1.20050805774841,
215,-1,172,2.25102828643018,0,1.20050805774841,
215,-1,172,2.25102828643018,0,1.20050805774841,
216,-1,172,2.28417912768126,0,1.20050805774841,
216,-1,172,2.28417912768126,0,1.20050805774841,
217,-1,172,2.31781818060089,0,1.20050805774841,
218,-1,172,2.35195263507096,0,1.20050805774841,
219,-1,172,2.38658978685858,0,1.20050805774841,
219,-1,172,2.38658978685858,0,1.20050805774841,
220,-1,172,2.42173703917547,0,1.20050805774841,
221,-1,172,2.45740190426026,0,1.20050805774841,
221,-1,172,2.45740190426026,0,1.20050805774841,
222,-1,172,2.49359200498416,0,1.20050805774841,
223,-1,172,2.53031507648021,0,1.20050805774841,
223,-1,172,2.53031507648021,0,1.20050805774841,
224,-1,172,2.56757896779659,0,1.20050805774841,
224,-1,172,2.56757896779659,0,1.20050805774841,
225,-1,172,2.60539164357422,0,1.20050805774841,
225,-1,172,2.60539164357422,0,1.20050805774841,
226,-1,172,2.6437611857491,0,1.20050805774841,
226,-1,172,2.6437611857491,0,1.20050805774841,
227,-1,172,2.68269579527973,0,1.20050805774841,
227,-1,172,2.68269579527973,0,1.20050805774841,
227,-1,173,2.68269579527973,0,1.21818791201012,
228,-1,173,2.72220379389991,0,1.21818791201012,
228,-1,173,2.72220379389991,0,1.21818791201012,
228,-1,174,2.72220379389991,0,1.23612813707458,
228,-1,174,2.72220379389991,0,1.23612813707458,
229,-1,175,2.76229362589744,0,1.25433256741657,
229,-1,175,2.76229362589744,0,1.25433256741657,
229,-1,175,2.76229362589744,0,1.25433256741657,
230,-1,176,2.80297385991895,0,1.27280509398106,
230,-1,176,2.80297385991895,0,1.27280509398106,
230,-1,176,2.80297385991895,0,1.27280509398106,
231,-1,176,2.84425319080132,0,1.27280509398106,
231,-1,176,2.84425319080132,0,1.27280509398106,
231,-1,176,2.84425319080132,0,1.27280509398106,
231,171,176,2.84425319080132,1.18308479546535,1.27280509398106,
231,171,176,2.84425319080132,1.18308479546535,1.27280509398106,
231,170,176,2.84425319080132,1.16591440117983,1.27280509398106,
231,170,176,2.84425319080132,1.16591440117983,1.27280509398106,
231,170,176,2.84425319080132,1.16591440117983,1.27280509398106,
231,170,176,2.84425319080132,1.16591440117983,1.27280509398106,
232,170,176,2.88614044143009,1.16591440117983,1.27280509398106,
232,170,176,2.88614044143009,1.16591440117983,1.27280509398106,
233,170,176,2.92864456462524,1.16591440117983,1.27280509398106,
234,170,176,2.97177464505471,1.16591440117983,1.27280509398106,
234,170,176,2.97177464505471,1.16591440117983,1.27280509398106,
235,170,176,3.01553990117614,1.16591440117983,1.27280509398106,
236,170,176,3.0599496872072,1.16591440117983,1.27280509398106,
236,170,176,3.0599496872072,1.16591440117983,1.27280509398106,
237,170,176,3.10501349512486,1.16591440117983,1.27280509398106,
237,170,176,3.10501349512486,1.16591440117983,1.27280509398106,
238,170,176,3.15074095669426,1.16591440117983,1.27280509398106,
239,170,176,3.1971418455273,1.16591440117983,1.27280509398106,
239,170,176,3.1971418455273,1.16591440117983,1.27280509398106,
239,170,176,3.1971418455273,1.16591440117983,1.27280509398106,
239,170,176,3.1971418455273,1.16591440117983,1.27280509398106,
239,170,176,3.1971418455273,1.16591440117983,1.27280509398106,
239,170,176,3.1971418455273,1.16591440117983,1.27280509398106,
239,170,176,3.1971418455273,1.16591440117983,1.27280509398106,
239,170,176,3.1971418455273,1.16591440117983,1.27280509398106,
239,170,176,3.1971418455273,1.16591440117983,1.27280509398106,
239,170,176,3.1971418455273,1.16591440117983,1.27280509398106,
239,170,176,3.1971418455273,1.16591440117983,1.27280509398106,
239,170,176,3.1971418455273,1.16591440117983,1.27280509398106,
239,170,176,3.1971418455273,1.16591440117983,1.27280509398106,
239,171,176,3.1971418455273,1.18308479546535,1.27280509398106,
239,171,176,3.1971418455273,1.18308479546535,1.27280509398106,
239,171,176,3.1971418455273,1.18308479546535,1.27280509398106,
239,171,176,3.1971418455273,1.18308479546535,1.27280509398106,
239,171,176,3.1971418455273,1.18308479546535,1.27280509398106,
239,171,176,3.1971418455273,1.18308479546535,1.27280509398106,
239,171,176,3.1971418455273,1.18308479546535,1.27280509398106,
239,171,176,3.1971418455273,1.18308479546535,1.27280509398106,
239,171,176,3.1971418455273,1.18308479546535,1.27280509398106,
240,170,176,3.24422607917163,1.16591440117983,1.27280509398106,
240,169,176,3.24422607917163,1.14899320495775,1.27280509398106,
241,168,176,3.29200372123041,1.13231759012767,1.27280509398106,
241,167,176,3.29200372123041,1.11588399250775,1.27280509398106,
242,166,176,3.34048498351324,1.09968889964399,1.27280509398106,
243,166,176,3.38968022821881,1.09968889964399,1.27280509398106,
243,165,176,3.38968022821881,1.08372885005949,1.27280509398106,
244,164,176,3.43959997014966,1.06800043251458,1.27280509398106,
245,162,176,3.49025487895958,1.03722509540706,1.27280509398106,
245,161,176,3.49025487895958,1.02217159804217,1.27280509398106,
246,160,176,3.54165578143412,1.00733657570639,1.27280509398106,
247,158,176,3.59381366380463,0.978309319017829,1.27280509398106,
247,158,176,3.59381366380463,0.978309319017829,1.27280509398106,
247,157,176,3.59381366380463,0.96411088049075,1.27280509398106,
247,156,176,3.59381366380463,0.950118507318144,1.27280509398106,
247,156,175,3.59381366380463,0.950118507318144,1.25433256741657,
247,156,175,3.59381366380463,0.950118507318144,1.25433256741657,
247,156,174,3.59381366380463,0.950118507318144,1.23612813707458,
247,156,174,3.59381366380463,0.950118507318144,1.23612813707458,
247,156,173,3.59381366380463,0.950118507318144,1.21818791201012,
247,156,173,3.59381366380463,0.950118507318144,1.21818791201012,
248,156,172,3.64673967409644,0.950118507318144,1.20050805774841,
248,156,172,3.64673967409644,0.950118507318144,1.20050805774841,
248,156,171,3.64673967409644,0.950118507318144,1.18308479546535,
249,156,171,3.70044512451161,0.950118507318144,1.18308479546535,
249,156,170,3.70044512451161,0.950118507318144,1.16591440117983,
249,156,170,3.70044512451161,0.950118507318144,1.16591440117983,
250,156,170,3.7549414938467,0.950118507318144,1.16591440117983,
250,156,169,3.7549414938467,0.950118507318144,1.14899320495775,
250,156,169,3.7549414938467,0.950118507318144,1.14899320495775,
251,156,169,3.81024042994628,0.950118507318144,1.14899320495775,
251,156,168,3.81024042994628,0.950118507318144,1.13231759012767,
251,155,168,3.81024042994628,0.936329208823941,1.13231759012767,
252,155,168,3.86635375219241,0.936329208823941,1.13231759012767,
252,154,168,3.86635375219241,0.922740037736476,1.13231759012767,
253,153,168,3.92329345403096,0.909348089558543,1.13231759012767,
253,152,168,3.92329345403096,0.896150501946605,1.13231759012767,
254,152,168,3.98107170553497,0.896150501946605,1.13231759012767,
254,150,168,3.98107170553497,0.870327166153056,1.13231759012767,
255,149,168,4.03970085600588,0.857695898590894,1.13231759012767,
255,149,168,4.03970085600588,0.857695898590894,1.13231759012767,
255,148,167,4.03970085600588,0.845247951653931,1.11588399250775,
255,147,167,4.03970085600588,0.832980664765827,1.11588399250775,
254,146,167,3.98107170553497,0.820891415963826,1.11588399250775,
253,145,167,3.92329345403096,0.808977621338348,1.11588399250775,
252,145,166,3.86635375219241,0.808977621338348,1.09968889964399,
251,144,166,3.81024042994628,0.797236734480717,1.09968889964399,
250,144,166,3.7549414938467,0.797236734480717,1.09968889964399,
249,143,166,3.70044512451161,0.785666245938895,1.09968889964399,
248,142,165,3.64673967409644,0.774263682681127,1.08372885005949,
248,141,165,3.64673967409644,0.763026607567364,1.08372885005949,
246,141,165,3.54165578143412,0.763026607567364,1.08372885005949,
246,140,164,3.54165578143412,0.751952618828355,1.06800043251458,
245,139,164,3.49025487895958,0.741039349552306,1.06800043251458,
244,139,164,3.43959997014966,0.741039349552306,1.06800043251458,
244,140,164,3.43959997014966,0.751952618828355,1.06800043251458,
243,141,163,3.38968022821881,0.763026607567364,1.05250028527773,
243,141,163,3.38968022821881,0.763026607567364,1.05250028527773,
243,142,163,3.38968022821881,0.774263682681127,1.05250028527773,
243,144,163,3.38968022821881,0.797236734480717,1.05250028527773,
243,145,163,3.38968022821881,0.808977621338348,1.05250028527773,
244,146,164,3.43959997014966,0.820891415963826,1.06800043251458,
245,148,164,3.49025487895958,0.845247951653931,1.06800043251458,
246,149,165,3.54165578143412,0.857695898590894,1.08372885005949,
247,150,165,3.59381366380463,0.870327166153056,1.08372885005949,
248,152,166,3.64673967409644,0.896150501946605,1.09968889964399,
250,153,167,3.7549414938467,0.909348089558543,1.11588399250775,
251,154,168,3.81024042994628,0.922740037736476,1.13231759012767,
253,156,169,3.92329345403096,0.950118507318144,1.14899320495775,
254,157,170,3.98107170553497,0.96411088049075,1.16591440117983,
256,158,171,4.09919343661299,0.978309319017829,1.18308479546535,
258,159,172,4.22081993836205,0.992716857619066,1.20050805774841,
259,161,173,4.28297985548506,1.02217159804217,1.21818791201012,
261,162,174,4.41005945417674,1.03722509540706,1.23612813707458,
262,163,175,4.47500629725045,1.05250028527773,1.25433256741657,
263,165,175,4.54090961097248,1.08372885005949,1.25433256741657,
265,166,176,4.67564220148853,1.09968889964399,1.27280509398106,
266,167,177,4.74450027550866,1.11588399250775,1.29154966501488,
267,169,178,4.81437242078435,1.14899320495775,1.31057028691062,
269,170,178,4.95721888185327,1.16591440117983,1.31057028691062,
270,171,179,5.03022372910014,1.18308479546535,1.3298710250629,
270,172,180,5.03022372910014,1.20050805774841,1.34945600473732,
271,172,180,5.10430371703547,1.20050805774841,1.34945600473732,
272,173,180,5.17947467923121,1.21818791201012,1.34945600473732,
272,174,180,5.17947467923121,1.23612813707458,1.34945600473732,
273,174,180,5.25575268243992,1.23612813707458,1.34945600473732,
274,174,180,5.33315403002887,1.23612813707458,1.34945600473732,
275,174,180,5.41169526546464,1.23612813707458,1.34945600473732,
276,174,180,5.49139317584904,1.23612813707458,1.34945600473732,
276,174,180,5.49139317584904,1.23612813707458,1.34945600473732,
277,174,180,5.57226479550717,1.23612813707458,1.34945600473732,
278,174,180,5.65432740962822,1.23612813707458,1.34945600473732,
278,174,180,5.65432740962822,1.23612813707458,1.34945600473732,
279,174,180,5.73759855795995,1.23612813707458,1.34945600473732,
280,174,180,5.8220960385576,1.23612813707458,1.34945600473732,
280,174,180,5.8220960385576,1.23612813707458,1.34945600473732,
281,174,180,5.90783791158794,1.23612813707458,1.34945600473732,
282,174,180,5.99484250318941,1.23612813707458,1.34945600473732,
282,174,180,5.99484250318941,1.23612813707458,1.34945600473732,
283,174,180,6.08312840938905,1.23612813707458,1.34945600473732,
284,174,180,6.17271450007716,1.23612813707458,1.34945600473732,
284,174,180,6.17271450007716,1.23612813707458,1.34945600473732,
285,174,180,6.26361992304048,1.23612813707458,1.34945600473732,
286,174,180,6.35586410805477,1.23612813707458,1.34945600473732,
286,174,180,6.35586410805477,1.23612813707458,1.34945600473732,
287,174,180,6.44946677103762,1.23612813707458,1.34945600473732,
288,174,180,6.54444791826252,1.23612813707458,1.34945600473732,
288,174,180,6.54444791826252,1.23612813707458,1.34945600473732,
289,174,181,6.64082785063484,1.23612813707458,1.36932941195217,
290,174,181,6.73862716803094,1.23612813707458,1.36932941195217,
290,174,181,6.73862716803094,1.23612813707458,1.36932941195217,
291,175,182,6.83786677370108,1.25433256741657,1.38949549437314,
291,175,182,6.83786677370108,1.25433256741657,1.38949549437314,
292,176,183,6.93856787873718,1.27280509398106,1.40995856222117,
292,176,183,6.93856787873718,1.27280509398106,1.40995856222117,
293,177,184,7.04075200660645,1.29154966501488,1.43072298919376,
293,177,184,7.04075200660645,1.29154966501488,1.43072298919376,
293,178,185,7.04075200660645,1.31057028691062,1.45179321339972,
294,178,185,7.14444099775166,1.31057028691062,1.45179321339972,
294,179,185,7.14444099775166,1.3298710250629,1.45179321339972,
294,179,186,7.14444099775166,1.3298710250629,1.4731737383078,
295,179,186,7.24965701425931,1.3298710250629,1.4731737383078,
295,180,186,7.24965701425931,1.34945600473732,1.4731737383078,
296,180,187,7.35642254459641,1.34945600473732,1.49486913370923,
296,180,187,7.35642254459641,1.34945600473732,1.49486913370923,
296,181,187,7.35642254459641,1.36932941195217,1.49486913370923,
297,181,188,7.46476040841712,1.36932941195217,1.51688403669445,
297,181,188,7.46476040841712,1.36932941195217,1.51688403669445,
297,182,188,7.46476040841712,1.38949549437314,1.51688403669445,
298,182,189,7.5746937614401,1.38949549437314,1.53922315264422,
299,182,189,7.68624610039774,1.38949549437314,1.53922315264422,
300,183,189,7.79944126805827,1.40995856222117,1.53922315264422,
301,183,189,7.91430345832182,1.40995856222117,1.53922315264422,
302,184,189,8.03085722139151,1.43072298919376,1.53922315264422,
302,184,189,8.03085722139151,1.43072298919376,1.53922315264422,
304,184,189,8.26913947983772,1.43072298919376,1.53922315264422,
304,184,189,8.26913947983772,1.43072298919376,1.53922315264422,
305,184,189,8.39091890474842,1.43072298919376,1.53922315264422,
306,184,189,8.51449177241913,1.43072298919376,1.53922315264422,
306,184,189,8.51449177241913,1.43072298919376,1.53922315264422,
307,184,190,8.63988449483969,1.43072298919376,1.56189125623532,
308,184,190,8.76712387296868,1.43072298919376,1.56189125623532,
309,184,190,8.89623710246182,1.43072298919376,1.56189125623532,
310,184,191,9.02725177948457,1.43072298919376,1.58489319246111,
311,184,191,9.16019590661052,1.43072298919376,1.58489319246111,
312,184,191,9.29509789880649,1.43072298919376,1.58489319246111,
312,184,192,9.29509789880649,1.43072298919376,1.60823387766704,
313,184,192,9.43198658950585,1.43072298919376,1.60823387766704,
313,184,192,9.43198658950585,1.43072298919376,1.60823387766704,
313,184,193,9.43198658950585,1.43072298919376,1.63191830060146,
314,184,193,9.57089123677128,1.43072298919376,1.63191830060146,
314,184,194,9.57089123677128,1.43072298919376,1.65595152348192,
314,184,194,9.57089123677128,1.43072298919376,1.65595152348192,
313,184,194,9.43198658950585,1.43072298919376,1.65595152348192,
313,184,195,9.43198658950585,1.43072298919376,1.6803386830771,
313,184,196,9.43198658950585,1.43072298919376,1.70508499180478,
313,184,196,9.43198658950585,1.43072298919376,1.70508499180478,
312,184,197,9.29509789880649,1.43072298919376,1.73019573884589,
312,184,197,9.29509789880649,1.43072298919376,1.73019573884589,
312,184,198,9.29509789880649,1.43072298919376,1.755676291275,
312,184,199,9.29509789880649,1.43072298919376,1.78153209520746,
312,184,200,9.29509789880649,1.43072298919376,1.80776867696343,
313,184,200,9.43198658950585,1.43072298919376,1.80776867696343,
313,184,201,9.43198658950585,1.43072298919376,1.83439164424908,
314,184,202,9.57089123677128,1.43072298919376,1.86140668735512,
315,184,203,9.71184152954827,1.43072298919376,1.88881958037304,
315,184,204,9.71184152954827,1.43072298919376,1.91663618242925,
316,184,205,9.85486759401072,1.43072298919376,1.94486243893736,
316,184,206,9.85486759401072,1.43072298919376,1.97350438286898,
317,184,207,10,1.43072298919376,2.00256813604312,
318,201,208,10.1472697675588,1.83439164424908,2.03205991043469,
319,202,210,10.2967083735613,1.86140668735512,2.09235282953511,
320,202,211,10.4483477584408,1.86140668735512,2.12316686102077,
320,203,212,10.4483477584408,1.88881958037304,2.15443469003188,
321,204,214,10.6022203330167,1.91663618242925,2.21835857131422,
321,205,215,10.6022203330167,1.94486243893736,2.25102828643018,
323,207,216,10.9167970881315,2.00256813604312,2.28417912768126,
324,208,218,11.0775685050971,2.03205991043469,2.35195263507096,
326,210,219,11.4062492385132,2.09235282953511,2.38658978685858,
327,211,220,11.5742288059206,2.12316686102077,2.42173703917547,
329,212,220,11.9176458663437,2.15443469003188,2.42173703917547,
330,214,222,12.0931567600021,2.21835857131422,2.49359200498416,
332,216,223,12.4519708473503,2.28417912768126,2.53031507648021,
334,217,224,12.8214312491253,2.31781818060089,2.56757896779659,
336,230,224,13.2018538503909,2.80297385991895,2.56757896779659,
338,230,224,13.5935639087853,2.80297385991895,2.56757896779659,
339,231,225,13.7937560084995,2.84425319080132,2.60539164357422,
341,232,225,14.2030282995578,2.88614044143009,2.60539164357422,
343,233,225,14.6244440421985,2.92864456462524,2.60539164357422,
345,234,226,15.0583635427984,2.97177464505471,2.6437611857491,
347,234,226,15.5051577983263,2.97177464505471,2.6437611857491,
348,235,226,15.7335018968185,3.01553990117614,2.6437611857491,
350,235,226,16.2003280726413,3.01553990117614,2.6437611857491,
351,235,226,16.4389099276047,3.01553990117614,2.6437611857491,
352,235,227,16.6810053720006,3.01553990117614,2.68269579527973,
353,235,227,16.9266661503788,3.01553990117614,2.68269579527973,
354,235,227,17.1759447693299,3.01553990117614,2.68269579527973,
355,235,227,17.4288945087082,3.01553990117614,2.68269579527973,
356,235,227,17.6855694330186,3.01553990117614,2.68269579527973,
357,235,227,17.9460244029732,3.01553990117614,2.68269579527973,
357,235,227,17.9460244029732,3.01553990117614,2.68269579527973,
358,235,227,18.2103150872162,3.01553990117614,2.68269579527973,
359,235,227,18.4784979742229,3.01553990117614,2.68269579527973,
359,235,227,18.4784979742229,3.01553990117614,2.68269579527973,
360,235,227,18.7506303843729,3.01553990117614,2.68269579527973,
360,235,227,18.7506303843729,3.01553990117614,2.68269579527973,
360,235,227,18.7506303843729,3.01553990117614,2.68269579527973,
360,235,227,18.7506303843729,3.01553990117614,2.68269579527973,
360,235,227,18.7506303843729,3.01553990117614,2.68269579527973,
360,235,227,18.7506303843729,3.01553990117614,2.68269579527973,
360,235,227,18.7506303843729,3.01553990117614,2.68269579527973,
360,235,227,18.7506303843729,3.01553990117614,2.68269579527973,
360,235,227,18.7506303843729,3.01553990117614,2.68269579527973,
360,235,227,18.7506303843729,3.01553990117614,2.68269579527973,
360,235,227,18.7506303843729,3.01553990117614,2.68269579527973,
360,235,227,18.7506303843729,3.01553990117614,2.68269579527973,
360,236,228,18.7506303843729,3.0599496872072,2.72220379389991,
360,236,228,18.7506303843729,3.0599496872072,2.72220379389991,
360,236,228,18.7506303843729,3.0599496872072,2.72220379389991,
360,236,229,18.7506303843729,3.0599496872072,2.76229362589744,
360,236,229,18.7506303843729,3.0599496872072,2.76229362589744,
360,236,229,18.7506303843729,3.0599496872072,2.76229362589744,
360,237,230,18.7506303843729,3.10501349512486,2.80297385991895,
360,237,230,18.7506303843729,3.10501349512486,2.80297385991895,
360,237,230,18.7506303843729,3.10501349512486,2.80297385991895,
360,237,231,18.7506303843729,3.10501349512486,2.84425319080132,
360,237,231,18.7506303843729,3.10501349512486,2.84425319080132,
360,237,231,18.7506303843729,3.10501349512486,2.84425319080132,
359,237,230,18.4784979742229,3.10501349512486,2.80297385991895,
359,237,230,18.4784979742229,3.10501349512486,2.80297385991895,
359,236,229,18.4784979742229,3.0599496872072,2.76229362589744,
358,236,229,18.2103150872162,3.0599496872072,2.76229362589744,
358,236,228,18.2103150872162,3.0599496872072,2.72220379389991,
357,236,228,17.9460244029732,3.0599496872072,2.72220379389991,
357,235,227,17.9460244029732,3.01553990117614,2.68269579527973,
356,235,227,17.6855694330186,3.01553990117614,2.68269579527973,
355,235,227,17.4288945087082,3.01553990117614,2.68269579527973,
355,234,227,17.4288945087082,2.97177464505471,2.68269579527973,
354,234,227,17.1759447693299,2.97177464505471,2.68269579527973,
353,234,227,16.9266661503788,2.97177464505471,2.68269579527973,
353,234,227,16.9266661503788,2.97177464505471,2.68269579527973,
352,234,227,16.6810053720006,2.97177464505471,2.68269579527973,
351,234,227,16.4389099276047,2.97177464505471,2.68269579527973,
350,233,227,16.2003280726413,2.92864456462524,2.68269579527973,
350,233,227,16.2003280726413,2.92864456462524,2.68269579527973,
349,233,227,15.9652088135415,2.92864456462524,2.68269579527973,
349,233,227,15.9652088135415,2.92864456462524,2.68269579527973,
349,233,227,15.9652088135415,2.92864456462524,2.68269579527973,
349,233,227,15.9652088135415,2.92864456462524,2.68269579527973,
350,233,227,16.2003280726413,2.92864456462524,2.68269579527973,
351,233,227,16.4389099276047,2.92864456462524,2.68269579527973,
352,233,227,16.6810053720006,2.92864456462524,2.68269579527973,
353,233,227,16.9266661503788,2.92864456462524,2.68269579527973,
354,233,227,17.1759447693299,2.92864456462524,2.68269579527973,
355,233,227,17.4288945087082,2.92864456462524,2.68269579527973,
355,233,226,17.4288945087082,2.92864456462524,2.6437611857491,
356,233,226,17.6855694330186,2.92864456462524,2.6437611857491,
356,233,226,17.6855694330186,2.92864456462524,2.6437611857491,
356,233,226,17.6855694330186,2.92864456462524,2.6437611857491,
356,233,226,17.6855694330186,2.92864456462524,2.6437611857491,
356,233,225,17.6855694330186,2.92864456462524,2.60539164357422,
356,233,225,17.6855694330186,2.92864456462524,2.60539164357422,
356,233,224,17.6855694330186,2.92864456462524,2.56757896779659,
356,233,224,17.6855694330186,2.92864456462524,2.56757896779659,
356,234,223,17.6855694330186,2.97177464505471,2.53031507648021,
356,234,223,17.6855694330186,2.97177464505471,2.53031507648021,
356,235,223,17.6855694330186,3.01553990117614,2.53031507648021,
356,235,223,17.6855694330186,3.01553990117614,2.53031507648021,
356,235,222,17.6855694330186,3.01553990117614,2.49359200498416,
356,235,222,17.6855694330186,3.01553990117614,2.49359200498416,
356,235,222,17.6855694330186,3.01553990117614,2.49359200498416,
356,235,222,17.6855694330186,3.01553990117614,2.49359200498416,
356,235,222,17.6855694330186,3.01553990117614,2.49359200498416,
356,235,222,17.6855694330186,3.01553990117614,2.49359200498416,
356,235,222,17.6855694330186,3.01553990117614,2.49359200498416,
356,235,222,17.6855694330186,3.01553990117614,2.49359200498416,
357,235,222,17.9460244029732,3.01553990117614,2.49359200498416,
357,235,222,17.9460244029732,3.01553990117614,2.49359200498416,
358,235,222,18.2103150872162,3.01553990117614,2.49359200498416,
358,235,222,18.2103150872162,3.01553990117614,2.49359200498416,
359,235,222,18.4784979742229,3.01553990117614,2.49359200498416,
359,235,222,18.4784979742229,3.01553990117614,2.49359200498416,
360,235,222,18.7506303843729,3.01553990117614,2.49359200498416,
361,235,222,19.0267704822016,3.01553990117614,2.49359200498416,
361,235,222,19.0267704822016,3.01553990117614,2.49359200498416,
362,235,222,19.3069772888325,3.01553990117614,2.49359200498416,
363,235,222,19.5913106945914,3.01553990117614,2.49359200498416,
364,235,222,19.8798314718079,3.01553990117614,2.49359200498416,
364,235,222,19.8798314718079,3.01553990117614,2.49359200498416,
365,235,222,20.1726012878041,3.01553990117614,2.49359200498416,
365,235,222,20.1726012878041,3.01553990117614,2.49359200498416,
366,235,222,20.4696827180752,3.01553990117614,2.49359200498416,
367,235,222,20.7711392596646,3.01553990117614,2.49359200498416,
367,235,222,20.7711392596646,3.01553990117614,2.49359200498416,
368,235,222,21.0770353447348,3.01553990117614,2.49359200498416,
369,235,222,21.3874363543396,3.01553990117614,2.49359200498416,
369,235,222,21.3874363543396,3.01553990117614,2.49359200498416,
370,235,222,21.7024086323978,3.01553990117614,2.49359200498416,
371,235,222,22.0220194998738,3.01553990117614,2.49359200498416,
371,235,222,22.0220194998738,3.01553990117614,2.49359200498416,
372,235,222,22.3463372691659,3.01553990117614,2.49359200498416,
373,235,222,22.675431258708,3.01553990117614,2.49359200498416,
374,235,222,23.0093718077846,3.01553990117614,2.49359200498416,
374,236,222,23.0093718077846,3.0599496872072,2.49359200498416,
375,236,222,23.3482302915652,3.0599496872072,2.49359200498416,
375,237,222,23.3482302915652,3.10501349512486,2.49359200498416,
376,237,222,23.6920791363601,3.10501349512486,2.49359200498416,
376,238,222,23.6920791363601,3.15074095669426,2.49359200498416,
377,238,222,24.0409918350997,3.15074095669426,2.49359200498416,
377,239,222,24.0409918350997,3.1971418455273,2.49359200498416,
378,239,222,24.3950429630435,3.1971418455273,2.49359200498416,
378,239,222,24.3950429630435,3.1971418455273,2.49359200498416,
379,239,222,24.754308193719,3.1971418455273,2.49359200498416,
379,239,222,24.754308193719,3.1971418455273,2.49359200498416,
380,239,222,25.1188643150958,3.1971418455273,2.49359200498416,
381,239,222,25.4887892459983,3.1971418455273,2.49359200498416,
381,239,222,25.4887892459983,3.1971418455273,2.49359200498416,
382,239,222,25.8641620527597,3.1971418455273,2.49359200498416,
383,239,222,26.245062966121,3.1971418455273,2.49359200498416,
383,239,222,26.245062966121,3.1971418455273,2.49359200498416,
384,239,222,26.6315733983797,3.1971418455273,2.49359200498416,
385,239,222,27.0237759607902,3.1971418455273,2.49359200498416,
385,239,222,27.0237759607902,3.1971418455273,2.49359200498416,
386,240,222,27.4217544812209,3.24422607917163,2.49359200498416,
387,240,222,27.8255940220713,3.24422607917163,2.49359200498416,
387,240,222,27.8255940220713,3.24422607917163,2.49359200498416,
388,241,222,28.2353808984529,3.29200372123041,2.49359200498416,
388,241,222,28.2353808984529,3.29200372123041,2.49359200498416,
388,242,222,28.2353808984529,3.34048498351324,2.49359200498416,
389,242,222,28.6512026966378,3.34048498351324,2.49359200498416,
389,243,222,28.6512026966378,3.38968022821881,2.49359200498416,
390,243,222,29.0731482927792,3.38968022821881,2.49359200498416,
390,243,222,29.0731482927792,3.38968022821881,2.49359200498416,
390,243,222,29.0731482927792,3.38968022821881,2.49359200498416,
391,243,222,29.5013078719073,3.38968022821881,2.49359200498416,
391,243,222,29.5013078719073,3.38968022821881,2.49359200498416,
391,243,222,29.5013078719073,3.38968022821881,2.49359200498416,
392,243,222,29.9357729472049,3.38968022821881,2.49359200498416,
392,243,222,29.9357729472049,3.38968022821881,2.49359200498416,
393,243,222,30.3766363795677,3.38968022821881,2.49359200498416,
393,243,222,30.3766363795677,3.38968022821881,2.49359200498416,
393,243,222,30.3766363795677,3.38968022821881,2.49359200498416,
393,243,222,30.3766363795677,3.38968022821881,2.49359200498416,
394,243,222,30.8239923974514,3.38968022821881,2.49359200498416,
394,243,222,30.8239923974514,3.38968022821881,2.49359200498416,
393,242,222,30.3766363795677,3.34048498351324,2.49359200498416,
393,242,221,30.3766363795677,3.34048498351324,2.45740190426026,
392,241,221,29.9357729472049,3.29200372123041,2.45740190426026,
392,241,220,29.9357729472049,3.29200372123041,2.42173703917547,
391,240,220,29.5013078719073,3.24422607917163,2.42173703917547,
391,240,219,29.5013078719073,3.24422607917163,2.38658978685858,
390,240,219,29.0731482927792,3.24422607917163,2.38658978685858,
390,239,218,29.0731482927792,3.1971418455273,2.35195263507096,
390,239,218,29.0731482927792,3.1971418455273,2.35195263507096,
390,239,218,29.0731482927792,3.1971418455273,2.35195263507096,
390,239,218,29.0731482927792,3.1971418455273,2.35195263507096,
390,239,218,29.0731482927792,3.1971418455273,2.35195263507096,
390,239,218,29.0731482927792,3.1971418455273,2.35195263507096,
390,239,218,29.0731482927792,3.1971418455273,2.35195263507096,
390,239,218,29.0731482927792,3.1971418455273,2.35195263507096,
390,239,218,29.0731482927792,3.1971418455273,2.35195263507096,
390,239,218,29.0731482927792,3.1971418455273,2.35195263507096,
390,239,218,29.0731482927792,3.1971418455273,2.35195263507096,
391,239,218,29.5013078719073,3.1971418455273,2.35195263507096,
391,239,218,29.5013078719073,3.1971418455273,2.35195263507096,
392,239,218,29.9357729472049,3.1971418455273,2.35195263507096,
393,239,217,30.3766363795677,3.1971418455273,2.31781818060089,
394,239,217,30.8239923974514,3.1971418455273,2.31781818060089,
395,239,217,31.2779366170121,3.1971418455273,2.31781818060089,
397,239,216,32.2059791872108,3.1971418455273,2.28417912768126,
398,239,215,32.6802758941013,3.1971418455273,2.25102828643018,
399,239,215,33.1615575575694,3.1971418455273,2.25102828643018,
400,239,214,33.6499270449086,3.1971418455273,2.21835857131422,
401,239,214,34.145488738336,3.1971418455273,2.21835857131422,
401,238,214,34.145488738336,3.15074095669426,2.21835857131422,
401,237,213,34.145488738336,3.10501349512486,2.18616299963405,
400,237,213,33.6499270449086,3.10501349512486,2.18616299963405,
400,236,213,33.6499270449086,3.0599496872072,2.18616299963405,
399,236,212,33.1615575575694,3.0599496872072,2.15443469003188,
398,235,212,32.6802758941013,3.01553990117614,2.15443469003188,
398,234,212,32.6802758941013,2.97177464505471,2.15443469003188,
397,234,211,32.2059791872108,2.97177464505471,2.12316686102077,
396,233,211,31.7385660625428,2.92864456462524,2.12316686102077,
395,232,211,31.2779366170121,2.88614044143009,2.12316686102077,
394,232,210,30.8239923974514,2.88614044143009,2.09235282953511,
393,231,210,30.3766363795677,2.84425319080132,2.09235282953511,
392,231,209,29.9357729472049,2.84425319080132,2.06198600950222,
391,230,209,29.5013078719073,2.80297385991895,2.06198600950222,
390,230,209,29.0731482927792,2.80297385991895,2.06198600950222,
389,230,208,28.6512026966378,2.80297385991895,2.03205991043469,
388,229,208,28.2353808984529,2.76229362589744,2.03205991043469,
386,229,208,27.4217544812209,2.76229362589744,2.03205991043469,
385,229,208,27.0237759607902,2.76229362589744,2.03205991043469,
383,228,207,26.245062966121,2.72220379389991,2.00256813604312,
382,228,207,25.8641620527597,2.72220379389991,2.00256813604312,
381,228,206,25.4887892459983,2.72220379389991,1.97350438286898,
380,227,206,25.1188643150958,2.68269579527973,1.97350438286898,
379,227,206,24.754308193719,2.68269579527973,1.97350438286898,
379,227,206,24.754308193719,2.68269579527973,1.97350438286898,
379,227,205,24.754308193719,2.68269579527973,1.94486243893736,
380,226,205,25.1188643150958,2.6437611857491,1.94486243893736,
381,226,204,25.4887892459983,2.6437611857491,1.91663618242925,
382,226,204,25.8641620527597,2.6437611857491,1.91663618242925,
383,226,203,26.245062966121,2.6437611857491,1.88881958037304,
384,226,203,26.6315733983797,2.6437611857491,1.88881958037304,
384,226,202,26.6315733983797,2.6437611857491,1.86140668735512,
385,226,202,27.0237759607902,2.6437611857491,1.86140668735512,
386,226,201,27.4217544812209,2.6437611857491,1.83439164424908,
387,226,201,27.8255940220713,2.6437611857491,1.83439164424908,
387,226,201,27.8255940220713,2.6437611857491,1.83439164424908,
388,226,201,28.2353808984529,2.6437611857491,1.83439164424908,
389,226,201,28.6512026966378,2.6437611857491,1.83439164424908,
389,226,201,28.6512026966378,2.6437611857491,1.83439164424908,
390,226,201,29.0731482927792,2.6437611857491,1.83439164424908,
391,226,201,29.5013078719073,2.6437611857491,1.83439164424908,
391,226,201,29.5013078719073,2.6437611857491,1.83439164424908,
392,226,201,29.9357729472049,2.6437611857491,1.83439164424908,
393,226,201,30.3766363795677,2.6437611857491,1.83439164424908,
393,226,201,30.3766363795677,2.6437611857491,1.83439164424908,
394,226,201,30.8239923974514,2.6437611857491,1.83439164424908,
395,226,201,31.2779366170121,2.6437611857491,1.83439164424908,
395,226,201,31.2779366170121,2.6437611857491,1.83439164424908,
396,226,201,31.7385660625428,2.6437611857491,1.83439164424908,
396,226,201,31.7385660625428,2.6437611857491,1.83439164424908,
397,226,201,32.2059791872108,2.6437611857491,1.83439164424908,
397,226,201,32.2059791872108,2.6437611857491,1.83439164424908,
398,226,201,32.6802758941013,2.6437611857491,1.83439164424908,
398,227,201,32.6802758941013,2.68269579527973,1.83439164424908,
399,226,202,33.1615575575694,2.6437611857491,1.86140668735512,
399,226,202,33.1615575575694,2.6437611857491,1.86140668735512,
399,226,202,33.1615575575694,2.6437611857491,1.86140668735512,
399,225,203,33.1615575575694,2.60539164357422,1.88881958037304,
400,225,203,33.6499270449086,2.60539164357422,1.88881958037304,
400,225,203,33.6499270449086,2.60539164357422,1.88881958037304,
400,225,204,33.6499270449086,2.60539164357422,1.91663618242925,
401,224,204,34.145488738336,2.56757896779659,1.91663618242925,
401,224,204,34.145488738336,2.56757896779659,1.91663618242925,
401,224,205,34.145488738336,2.56757896779659,1.94486243893736,
402,223,205,34.6483485573037,2.53031507648021,1.94486243893736,
403,223,205,35.1586139811367,2.53031507648021,1.94486243893736,
403,223,205,35.1586139811367,2.53031507648021,1.94486243893736,
404,222,205,35.6763940720059,2.49359200498416,1.94486243893736,
405,222,205,36.201799498238,2.49359200498416,1.94486243893736,
406,222,205,36.7349425579696,2.49359200498416,1.94486243893736,
407,222,205,37.2759372031494,2.49359200498416,1.94486243893736,
408,222,205,37.8248990638939,2.49359200498416,1.94486243893736,
409,222,205,38.3819454732014,2.49359200498416,1.94486243893736,
409,222,205,38.3819454732014,2.49359200498416,1.94486243893736,
410,222,205,38.9471954920307,2.49359200498416,1.94486243893736,
410,223,205,38.9471954920307,2.53031507648021,1.94486243893736,
410,223,205,38.9471954920307,2.53031507648021,1.94486243893736,
409,224,205,38.3819454732014,2.56757896779659,1.94486243893736,
408,224,205,37.8248990638939,2.56757896779659,1.94486243893736,
408,224,205,37.8248990638939,2.56757896779659,1.94486243893736,
407,225,205,37.2759372031494,2.60539164357422,1.94486243893736,
406,225,205,36.7349425579696,2.60539164357422,1.94486243893736,
406,225,205,36.7349425579696,2.60539164357422,1.94486243893736,
405,226,205,36.201799498238,2.6437611857491,1.94486243893736,
404,226,205,35.6763940720059,2.6437611857491,1.94486243893736,
404,226,205,35.6763940720059,2.6437611857491,1.94486243893736,
405,226,205,36.201799498238,2.6437611857491,1.94486243893736,
406,226,205,36.7349425579696,2.6437611857491,1.94486243893736,
407,226,205,37.2759372031494,2.6437611857491,1.94486243893736,
409,226,205,38.3819454732014,2.6437611857491,1.94486243893736,
411,226,205,39.5207699347485,2.6437611857491,1.94486243893736,
413,226,205,40.6933842716715,2.6437611857491,1.94486243893736,
415,226,205,41.9007910578667,2.6437611857491,1.94486243893736,
417,226,205,43.1440226144378,2.6437611857491,1.94486243893736,
419,227,205,44.42414189232,2.68269579527973,1.94486243893736,
420,227,206,45.0783751973681,2.68269579527973,1.97350438286898,
421,227,206,45.7422433810926,2.68269579527973,1.97350438286898,
423,227,206,47.0994540447575,2.68269579527973,1.97350438286898,
425,228,207,48.496934285282,2.72220379389991,2.00256813604312,
426,228,207,49.2111475092328,2.72220379389991,2.00256813604312,
427,228,207,49.9358789347315,2.72220379389991,2.00256813604312,
427,229,208,49.9358789347315,2.76229362589744,2.03205991043469,
428,229,208,50.6712834630878,2.76229362589744,2.03205991043469,
429,229,208,51.4175182768393,2.76229362589744,2.03205991043469,
429,230,208,51.4175182768393,2.80297385991895,2.03205991043469,
430,230,209,52.1747428733473,2.80297385991895,2.06198600950222,
431,230,209,52.9431190988872,2.80297385991895,2.06198600950222,
431,231,210,52.9431190988872,2.84425319080132,2.09235282953511,
431,231,210,52.9431190988872,2.84425319080132,2.09235282953511,
431,231,210,52.9431190988872,2.84425319080132,2.09235282953511,
430,231,210,52.1747428733473,2.84425319080132,2.09235282953511,
430,231,210,52.1747428733473,2.84425319080132,2.09235282953511,
429,231,210,51.4175182768393,2.84425319080132,2.09235282953511,
429,231,210,51.4175182768393,2.84425319080132,2.09235282953511,
429,231,210,51.4175182768393,2.84425319080132,2.09235282953511,
428,231,210,50.6712834630878,2.84425319080132,2.09235282953511,
428,231,210,50.6712834630878,2.84425319080132,2.09235282953511,
428,231,210,50.6712834630878,2.84425319080132,2.09235282953511,
429,231,210,51.4175182768393,2.84425319080132,2.09235282953511,
429,231,211,51.4175182768393,2.84425319080132,2.12316686102077,
430,231,211,52.1747428733473,2.84425319080132,2.12316686102077,
431,231,211,52.9431190988872,2.84425319080132,2.12316686102077,
431,231,212,52.9431190988872,2.84425319080132,2.15443469003188,
432,231,212,53.7228111832403,2.84425319080132,2.15443469003188,
433,231,212,54.5139857747964,2.84425319080132,2.15443469003188,
433,231,213,54.5139857747964,2.84425319080132,2.18616299963405,
434,231,213,55.3168119761723,2.84425319080132,2.18616299963405,
435,231,213,56.1314613803548,2.84425319080132,2.18616299963405,
436,231,214,56.9581081073769,2.84425319080132,2.21835857131422,
437,231,214,57.7969288415331,2.84425319080132,2.21835857131422,
438,231,214,58.6481028691437,2.84425319080132,2.21835857131422,
438,232,214,58.6481028691437,2.88614044143009,2.21835857131422,
439,232,214,59.511812116874,2.88614044143009,2.21835857131422,
440,233,214,60.3882411906196,2.92864456462524,2.21835857131422,
441,233,214,61.2775774149623,2.92864456462524,2.21835857131422,
442,233,214,62.1800108732091,2.92864456462524,2.21835857131422,
443,234,214,63.0957344480193,2.97177464505471,2.21835857131422,
444,234,214,64.0249438626305,2.97177464505471,2.21835857131422,
445,234,214,64.9678377226921,2.97177464505471,2.21835857131422,
446,235,214,65.924617558714,3.01553990117614,2.21835857131422,
447,235,214,66.8954878691415,3.01553990117614,2.21835857131422,
448,235,214,67.8806561640636,3.01553990117614,2.21835857131422,
449,235,214,68.8803330095657,3.01553990117614,2.21835857131422,
450,235,214,69.8947320727349,3.01553990117614,2.21835857131422,
451,235,214,70.9240701673285,3.01553990117614,2.21835857131422,
452,235,214,71.9685673001152,3.01553990117614,2.21835857131422,
453,235,214,73.028446717898,3.01553990117614,2.21835857131422,
454,235,214,74.1039349552306,3.01553990117614,2.21835857131422,
455,235,214,75.1952618828355,3.01553990117614,2.21835857131422,
455,235,214,75.1952618828355,3.01553990117614,2.21835857131422,
456,235,214,76.3026607567364,3.01553990117614,2.21835857131422,
456,235,214,76.3026607567364,3.01553990117614,2.21835857131422,
455,235,214,75.1952618828355,3.01553990117614,2.21835857131422,
454,235,214,74.1039349552306,3.01553990117614,2.21835857131422,
454,235,214,74.1039349552306,3.01553990117614,2.21835857131422,
453,235,214,73.028446717898,3.01553990117614,2.21835857131422,
452,235,214,71.9685673001152,3.01553990117614,2.21835857131422,
452,235,214,71.9685673001152,3.01553990117614,2.21835857131422,
451,235,214,70.9240701673285,3.01553990117614,2.21835857131422,
450,235,214,69.8947320727349,3.01553990117614,2.21835857131422,
450,235,214,69.8947320727349,3.01553990117614,2.21835857131422,
449,235,214,68.8803330095657,3.01553990117614,2.21835857131422,
449,235,214,68.8803330095657,3.01553990117614,2.21835857131422,
448,235,215,67.8806561640636,3.01553990117614,2.25102828643018,
448,235,215,67.8806561640636,3.01553990117614,2.25102828643018,
448,235,216,67.8806561640636,3.01553990117614,2.28417912768126,
448,235,216,67.8806561640636,3.01553990117614,2.28417912768126,
448,235,216,67.8806561640636,3.01553990117614,2.28417912768126,
448,235,217,67.8806561640636,3.01553990117614,2.31781818060089,
448,235,217,67.8806561640636,3.01553990117614,2.31781818060089,
448,235,218,67.8806561640636,3.01553990117614,2.35195263507096,
448,235,218,67.8806561640636,3.01553990117614,2.35195263507096,
447,235,218,66.8954878691415,3.01553990117614,2.35195263507096,
447,235,218,66.8954878691415,3.01553990117614,2.35195263507096,
446,235,218,65.924617558714,3.01553990117614,2.35195263507096,
445,235,218,64.9678377226921,3.01553990117614,2.35195263507096,
445,235,218,64.9678377226921,3.01553990117614,2.35195263507096,
444,235,218,64.0249438626305,3.01553990117614,2.35195263507096,
444,235,218,64.0249438626305,3.01553990117614,2.35195263507096,
443,235,218,63.0957344480193,3.01553990117614,2.35195263507096,
442,235,218,62.1800108732091,3.01553990117614,2.35195263507096,
442,235,218,62.1800108732091,3.01553990117614,2.35195263507096,
443,235,218,63.0957344480193,3.01553990117614,2.35195263507096,
444,235,218,64.0249438626305,3.01553990117614,2.35195263507096,
446,235,218,65.924617558714,3.01553990117614,2.35195263507096,
447,235,218,66.8954878691415,3.01553990117614,2.35195263507096,
449,235,218,68.8803330095657,3.01553990117614,2.35195263507096,
452,235,218,71.9685673001152,3.01553990117614,2.35195263507096,
455,235,218,75.1952618828355,3.01553990117614,2.35195263507096,
457,235,218,77.4263682681127,3.01553990117614,2.35195263507096,
459,235,218,79.7236734480716,3.01553990117614,2.35195263507096,
460,235,218,80.8977621338348,3.01553990117614,2.35195263507096,
462,235,218,83.2980664765826,3.01553990117614,2.35195263507096,
464,235,218,85.7695898590894,3.01553990117614,2.35195263507096,
466,235,218,88.3144454099004,3.01553990117614,2.35195263507096,
467,235,218,89.6150501946605,3.01553990117614,2.35195263507096,
468,235,218,90.9348089558543,3.01553990117614,2.35195263507096,
470,235,218,93.6329208823942,3.01553990117614,2.35195263507096,
471,235,218,95.0118507318144,3.01553990117614,2.35195263507096,
471,235,218,95.0118507318144,3.01553990117614,2.35195263507096,
472,235,218,96.411088049075,3.01553990117614,2.35195263507096,
472,235,218,96.411088049075,3.01553990117614,2.35195263507096,
472,235,218,96.411088049075,3.01553990117614,2.35195263507096,
473,235,218,97.8309319017829,3.01553990117614,2.35195263507096,
473,235,218,97.8309319017829,3.01553990117614,2.35195263507096,
473,235,218,97.8309319017829,3.01553990117614,2.35195263507096,
473,235,218,97.8309319017829,3.01553990117614,2.35195263507096,
472,235,218,96.411088049075,3.01553990117614,2.35195263507096,
472,235,218,96.411088049075,3.01553990117614,2.35195263507096,
472,235,218,96.411088049075,3.01553990117614,2.35195263507096,
471,235,218,95.0118507318144,3.01553990117614,2.35195263507096,
471,235,218,95.0118507318144,3.01553990117614,2.35195263507096,
470,235,218,93.6329208823942,3.01553990117614,2.35195263507096,
470,235,218,93.6329208823942,3.01553990117614,2.35195263507096,
468,235,218,90.9348089558543,3.01553990117614,2.35195263507096,
468,235,217,90.9348089558543,3.01553990117614,2.31781818060089,
467,235,217,89.6150501946605,3.01553990117614,2.31781818060089,
466,235,217,88.3144454099004,3.01553990117614,2.31781818060089,
466,235,216,88.3144454099004,3.01553990117614,2.28417912768126,
465,235,216,87.0327166153057,3.01553990117614,2.28417912768126,
464,235,216,85.7695898590894,3.01553990117614,2.28417912768126,
464,235,215,85.7695898590894,3.01553990117614,2.25102828643018,
463,235,215,84.5247951653931,3.01553990117614,2.25102828643018,
462,235,215,83.2980664765826,3.01553990117614,2.25102828643018,
462,235,214,83.2980664765826,3.01553990117614,2.21835857131422,
462,235,214,83.2980664765826,3.01553990117614,2.21835857131422,
462,235,214,83.2980664765826,3.01553990117614,2.21835857131422,
463,235,214,84.5247951653931,3.01553990117614,2.21835857131422,
464,235,214,85.7695898590894,3.01553990117614,2.21835857131422,
465,235,214,87.0327166153057,3.01553990117614,2.21835857131422,
466,235,214,88.3144454099004,3.01553990117614,2.21835857131422,
467,235,214,89.6150501946605,3.01553990117614,2.21835857131422,
469,235,214,92.2740037736476,3.01553990117614,2.21835857131422,
470,235,214,93.6329208823942,3.01553990117614,2.21835857131422,
470,235,214,93.6329208823942,3.01553990117614,2.21835857131422,
471,235,214,95.0118507318144,3.01553990117614,2.21835857131422,
472,235,214,96.411088049075,3.01553990117614,2.21835857131422,
473,235,214,97.8309319017829,3.01553990117614,2.21835857131422,
473,235,214,97.8309319017829,3.01553990117614,2.21835857131422,
473,234,213,97.8309319017829,2.97177464505471,2.18616299963405,
473,234,213,97.8309319017829,2.97177464505471,2.18616299963405,
472,233,212,96.411088049075,2.92864456462524,2.15443469003188,
472,233,212,96.411088049075,2.92864456462524,2.15443469003188,
471,232,212,95.0118507318144,2.88614044143009,2.15443469003188,
471,232,211,95.0118507318144,2.88614044143009,2.12316686102077,
470,231,210,93.6329208823942,2.84425319080132,2.09235282953511,
468,231,210,90.9348089558543,2.84425319080132,2.09235282953511,
467,231,209,89.6150501946605,2.84425319080132,2.06198600950222,
465,230,209,87.0327166153057,2.80297385991895,2.06198600950222,
464,230,209,85.7695898590894,2.80297385991895,2.06198600950222,
463,230,208,84.5247951653931,2.80297385991895,2.03205991043469,
461,229,208,82.0891415963825,2.76229362589744,2.03205991043469,
460,229,208,80.8977621338348,2.76229362589744,2.03205991043469,
458,229,207,78.5666245938894,2.76229362589744,2.00256813604312,
456,228,207,76.3026607567364,2.72220379389991,2.00256813604312,
454,228,207,74.1039349552306,2.72220379389991,2.00256813604312,
453,228,207,73.028446717898,2.72220379389991,2.00256813604312,
452,227,206,71.9685673001152,2.68269579527973,1.97350438286898,
451,226,206,70.9240701673285,2.6437611857491,1.97350438286898,
450,226,206,69.8947320727349,2.6437611857491,1.97350438286898,
450,225,205,69.8947320727349,2.60539164357422,1.94486243893736,
450,224,205,69.8947320727349,2.56757896779659,1.94486243893736,
450,223,204,69.8947320727349,2.53031507648021,1.91663618242925,
451,222,204,70.9240701673285,2.49359200498416,1.91663618242925,
451,221,203,70.9240701673285,2.45740190426026,1.88881958037304,
451,220,203,70.9240701673285,2.42173703917547,1.88881958037304,
452,219,202,71.9685673001152,2.38658978685858,1.86140668735512,
452,218,202,71.9685673001152,2.35195263507096,1.86140668735512,
452,217,201,71.9685673001152,2.31781818060089,1.83439164424908,
452,216,200,71.9685673001152,2.28417912768126,1.80776867696343,
451,215,200,70.9240701673285,2.25102828643018,1.80776867696343,
451,214,200,70.9240701673285,2.21835857131422,1.80776867696343,
451,213,200,70.9240701673285,2.18616299963405,1.80776867696343,
450,212,199,69.8947320727349,2.15443469003188,1.78153209520746,
450,211,199,69.8947320727349,2.12316686102077,1.78153209520746,
450,210,199,69.8947320727349,2.09235282953511,1.78153209520746,
450,209,199,69.8947320727349,2.06198600950222,1.78153209520746,
449,208,198,68.8803330095657,2.03205991043469,1.755676291275,
449,208,198,68.8803330095657,2.03205991043469,1.755676291275,
448,207,198,67.8806561640636,2.00256813604312,1.755676291275,
446,206,197,65.924617558714,1.97350438286898,1.73019573884589,
446,206,197,65.924617558714,1.97350438286898,1.73019573884589,
444,205,196,64.0249438626305,1.94486243893736,1.70508499180478,
443,204,196,63.0957344480193,1.91663618242925,1.70508499180478,
442,204,195,62.1800108732091,1.91663618242925,1.6803386830771,
440,203,195,60.3882411906196,1.88881958037304,1.6803386830771,
439,203,194,59.511812116874,1.88881958037304,1.65595152348192,
438,202,194,58.6481028691437,1.86140668735512,1.65595152348192,
438,202,194,58.6481028691437,1.86140668735512,1.65595152348192,
437,202,193,57.7969288415331,1.86140668735512,1.63191830060146,
437,201,193,57.7969288415331,1.83439164424908,1.63191830060146,
438,201,193,58.6481028691437,1.83439164424908,1.63191830060146,
439,201,193,59.511812116874,1.83439164424908,1.63191830060146,
439,201,193,59.511812116874,1.83439164424908,1.63191830060146,
440,201,193,60.3882411906196,1.83439164424908,1.63191830060146,
441,200,193,61.2775774149623,1.80776867696343,1.63191830060146,
441,200,193,61.2775774149623,1.80776867696343,1.63191830060146,
442,200,193,62.1800108732091,1.80776867696343,1.63191830060146,
442,200,193,62.1800108732091,1.80776867696343,1.63191830060146,
443,200,193,63.0957344480193,1.80776867696343,1.63191830060146,
444,200,193,64.0249438626305,1.80776867696343,1.63191830060146,
444,199,193,64.0249438626305,1.78153209520746,1.63191830060146,
445,199,193,64.9678377226921,1.78153209520746,1.63191830060146,
446,199,193,65.924617558714,1.78153209520746,1.63191830060146,
446,199,193,65.924617558714,1.78153209520746,1.63191830060146,
447,188,193,66.8954878691415,1.51688403669445,1.63191830060146,
447,188,193,66.8954878691415,1.51688403669445,1.63191830060146,
448,187,193,67.8806561640636,1.49486913370923,1.63191830060146,
449,187,193,68.8803330095657,1.49486913370923,1.63191830060146,
450,186,193,69.8947320727349,1.4731737383078,1.63191830060146,
451,186,192,70.9240701673285,1.4731737383078,1.60823387766704,
452,186,192,71.9685673001152,1.4731737383078,1.60823387766704,
454,185,192,74.1039349552306,1.45179321339972,1.60823387766704,
455,185,191,75.1952618828355,1.45179321339972,1.58489319246111,
457,185,191,77.4263682681127,1.45179321339972,1.58489319246111,
459,184,191,79.7236734480716,1.43072298919376,1.58489319246111,
460,184,190,80.8977621338348,1.43072298919376,1.56189125623532,
462,184,190,83.2980664765826,1.43072298919376,1.56189125623532,
464,183,190,85.7695898590894,1.40995856222117,1.56189125623532,
465,183,190,87.0327166153057,1.40995856222117,1.56189125623532,
468,183,189,90.9348089558543,1.40995856222117,1.53922315264422,
469,183,189,92.2740037736476,1.40995856222117,1.53922315264422,
470,183,189,93.6329208823942,1.40995856222117,1.53922315264422,
471,183,189,95.0118507318144,1.40995856222117,1.53922315264422,
472,183,189,96.411088049075,1.40995856222117,1.53922315264422,
473,183,189,97.8309319017829,1.40995856222117,1.53922315264422,
474,183,189,99.2716857619066,1.40995856222117,1.53922315264422,
475,184,189,100.733657570639,1.43072298919376,1.53922315264422,
476,184,189,102.217159804217,1.43072298919376,1.53922315264422,
477,184,189,103.722509540706,1.43072298919376,1.53922315264422,
478,184,189,105.250028527773,1.43072298919376,1.53922315264422,
479,184,189,106.800043251458,1.43072298919376,1.53922315264422,
479,184,189,106.800043251458,1.43072298919376,1.53922315264422,
480,184,189,108.372885005949,1.43072298919376,1.53922315264422,
480,184,189,108.372885005949,1.43072298919376,1.53922315264422,
480,184,189,108.372885005949,1.43072298919376,1.53922315264422,
479,184,189,106.800043251458,1.43072298919376,1.53922315264422,
477,184,189,103.722509540706,1.43072298919376,1.53922315264422,
476,184,189,102.217159804217,1.43072298919376,1.53922315264422,
474,184,189,99.2716857619066,1.43072298919376,1.53922315264422,
473,183,189,97.8309319017829,1.40995856222117,1.53922315264422,
472,183,189,96.411088049075,1.40995856222117,1.53922315264422,
474,183,189,99.2716857619066,1.40995856222117,1.53922315264422,
476,183,189,102.217159804217,1.40995856222117,1.53922315264422,
477,183,189,103.722509540706,1.40995856222117,1.53922315264422,
480,183,190,108.372885005949,1.40995856222117,1.56189125623532,
482,184,190,111.588399250775,1.43072298919376,1.56189125623532,
485,185,191,116.591440117983,1.45179321339972,1.58489319246111,
489,188,191,123.612813707458,1.51688403669445,1.58489319246111,
491,191,191,127.280509398106,1.58489319246111,1.58489319246111,
496,194,192,136.932941195217,1.65595152348192,1.60823387766704,
500,198,192,145.179321339972,1.755676291275,1.60823387766704,
504,198,192,153.922315264422,1.755676291275,1.60823387766704,
506,199,193,158.489319246111,1.78153209520746,1.63191830060146,
509,199,193,165.595152348192,1.78153209520746,1.63191830060146,
511,199,193,170.508499180478,1.78153209520746,1.63191830060146,
514,199,193,178.153209520746,1.78153209520746,1.63191830060146,
516,186,193,183.439164424908,1.4731737383078,1.63191830060146,
519,185,193,191.663618242925,1.45179321339972,1.63191830060146,
521,185,193,197.350438286898,1.45179321339972,1.63191830060146,
523,183,193,203.205991043469,1.40995856222117,1.63191830060146,
524,183,193,206.198600950222,1.40995856222117,1.63191830060146,
526,183,193,212.316686102078,1.40995856222117,1.63191830060146,
527,182,193,215.443469003188,1.38949549437314,1.63191830060146,
528,183,194,218.616299963405,1.40995856222117,1.65595152348192,
529,181,194,221.835857131422,1.36932941195217,1.65595152348192,
530,181,195,225.102828643018,1.36932941195217,1.6803386830771,
532,181,195,231.781818060089,1.36932941195217,1.6803386830771,
533,181,196,235.195263507096,1.36932941195217,1.70508499180478,
534,181,197,238.658978685858,1.36932941195217,1.73019573884589,
535,181,198,242.173703917547,1.36932941195217,1.755676291275,
536,181,198,245.740190426026,1.36932941195217,1.755676291275,
537,181,199,249.359200498416,1.36932941195217,1.78153209520746,
539,181,200,256.757896779659,1.36932941195217,1.80776867696343,
542,181,200,268.269579527972,1.36932941195217,1.80776867696343,
545,181,201,280.297385991895,1.36932941195217,1.83439164424908,
548,181,202,292.864456462524,1.36932941195217,1.86140668735512,
551,182,202,305.99496872072,1.38949549437314,1.86140668735512,
554,182,202,319.71418455273,1.38949549437314,1.86140668735512,
557,183,203,334.048498351324,1.40995856222117,1.88881958037304,
561,184,204,354.165578143412,1.43072298919376,1.91663618242925,
565,185,204,375.494149384671,1.45179321339972,1.91663618242925,
568,186,205,392.329345403096,1.4731737383078,1.94486243893736,
571,187,205,409.919343661299,1.49486913370923,1.94486243893736,
573,188,206,422.081993836205,1.51688403669445,1.97350438286898,
574,189,206,428.297985548506,1.53922315264422,1.97350438286898,
572,190,206,415.956216307185,1.56189125623532,1.97350438286898,
569,191,207,398.107170553497,1.58489319246111,2.00256813604312,
567,191,207,386.635375219241,1.58489319246111,2.00256813604312,
562,192,207,359.381366380463,1.60823387766704,2.00256813604312,
558,193,207,338.968022821881,1.63191830060146,2.00256813604312,
554,193,208,319.71418455273,1.63191830060146,2.03205991043469,
549,194,208,297.177464505471,1.65595152348192,2.03205991043469,
545,195,208,280.297385991895,1.6803386830771,2.03205991043469,
542,195,209,268.269579527972,1.6803386830771,2.06198600950222,
539,196,209,256.757896779659,1.70508499180478,2.06198600950222,
536,197,210,245.740190426026,1.73019573884589,2.09235282953511,
533,198,210,235.195263507096,1.755676291275,2.09235282953511,
531,199,211,228.417912768126,1.78153209520746,2.12316686102077,
528,200,212,218.616299963405,1.80776867696343,2.15443469003188,
525,201,213,209.235282953511,1.83439164424908,2.18616299963405,
524,202,214,206.198600950222,1.86140668735512,2.21835857131422,
523,203,215,203.205991043469,1.88881958037304,2.25102828643018,
522,203,216,200.256813604312,1.88881958037304,2.28417912768126,
521,204,216,197.350438286898,1.91663618242925,2.28417912768126,
520,205,217,194.486243893736,1.94486243893736,2.31781818060089,
520,206,218,194.486243893736,1.97350438286898,2.35195263507096,
520,207,219,194.486243893736,2.00256813604312,2.38658978685858,
520,207,219,194.486243893736,2.00256813604312,2.38658978685858,
521,208,219,197.350438286898,2.03205991043469,2.38658978685858,
521,209,220,197.350438286898,2.06198600950222,2.42173703917547,
521,209,220,197.350438286898,2.06198600950222,2.42173703917547,
522,210,220,200.256813604312,2.09235282953511,2.42173703917547,
522,211,221,200.256813604312,2.12316686102077,2.45740190426026,
522,212,221,200.256813604312,2.15443469003188,2.45740190426026,
523,212,221,203.205991043469,2.15443469003188,2.45740190426026,
522,212,222,200.256813604312,2.15443469003188,2.49359200498416,
521,213,222,197.350438286898,2.18616299963405,2.49359200498416,
520,214,222,194.486243893736,2.21835857131422,2.49359200498416,
518,214,223,188.881958037304,2.21835857131422,2.53031507648021,
517,214,223,186.140668735512,2.21835857131422,2.53031507648021,
515,215,223,180.776867696343,2.25102828643018,2.53031507648021,
513,215,224,175.5676291275,2.25102828643018,2.56757896779659,
510,216,224,168.03386830771,2.28417912768126,2.56757896779659,
507,216,224,160.823387766704,2.28417912768126,2.56757896779659,
505,216,225,156.189125623532,2.28417912768126,2.60539164357422,
502,216,225,149.486913370923,2.28417912768126,2.60539164357422,
499,217,225,143.072298919376,2.31781818060089,2.60539164357422,
498,217,226,140.995856222117,2.31781818060089,2.6437611857491,
496,217,226,136.932941195217,2.31781818060089,2.6437611857491,
494,218,227,132.98710250629,2.35195263507096,2.68269579527973,
494,218,227,132.98710250629,2.35195263507096,2.68269579527973,
494,218,228,132.98710250629,2.35195263507096,2.72220379389991,
496,219,229,136.932941195217,2.38658978685858,2.76229362589744,
497,220,230,138.949549437314,2.42173703917547,2.80297385991895,
499,222,231,143.072298919376,2.49359200498416,2.84425319080132,
501,223,232,147.31737383078,2.53031507648021,2.88614044143009,
502,241,232,149.486913370923,3.29200372123041,2.88614044143009,
504,242,234,153.922315264422,3.34048498351324,2.97177464505471,
505,242,234,156.189125623532,3.34048498351324,2.97177464505471,
506,243,235,158.489319246111,3.38968022821881,3.01553990117614,
508,243,236,163.191830060146,3.38968022821881,3.0599496872072,
509,243,236,165.595152348192,3.38968022821881,3.0599496872072,
510,244,237,168.03386830771,3.43959997014966,3.10501349512486,
510,244,237,168.03386830771,3.43959997014966,3.10501349512486,
511,245,237,170.508499180478,3.49025487895958,3.10501349512486,
512,246,238,173.019573884589,3.54165578143412,3.15074095669426,
512,246,238,173.019573884589,3.54165578143412,3.15074095669426,
513,246,238,175.5676291275,3.54165578143412,3.15074095669426,
515,248,239,180.776867696343,3.64673967409644,3.1971418455273,
517,248,239,186.140668735512,3.64673967409644,3.1971418455273,
519,249,239,191.663618242925,3.70044512451161,3.1971418455273,
522,250,239,200.256813604312,3.7549414938467,3.1971418455273,
523,251,239,203.205991043469,3.81024042994628,3.1971418455273,
526,251,239,212.316686102078,3.81024042994628,3.1971418455273,
528,253,239,218.616299963405,3.92329345403096,3.1971418455273,
531,255,239,228.417912768126,4.03970085600588,3.1971418455273,
534,256,239,238.658978685858,4.09919343661299,3.1971418455273,
536,257,239,245.740190426026,4.15956216307185,3.1971418455273,
538,258,239,253.031507648021,4.22081993836205,3.1971418455273,
539,258,239,256.757896779659,4.22081993836205,3.1971418455273,
541,259,239,264.37611857491,4.28297985548506,3.1971418455273,
543,259,240,272.220379389991,4.28297985548506,3.24422607917163,
542,258,240,268.269579527972,4.22081993836205,3.24422607917163,
542,257,240,268.269579527972,4.15956216307185,3.24422607917163,
541,257,241,264.37611857491,4.15956216307185,3.29200372123041,
541,256,241,264.37611857491,4.09919343661299,3.29200372123041,
540,255,241,260.539164357422,4.03970085600588,3.29200372123041,
539,254,242,256.757896779659,3.98107170553497,3.34048498351324,
539,254,242,256.757896779659,3.98107170553497,3.34048498351324,
538,253,242,253.031507648021,3.92329345403096,3.34048498351324,
537,252,243,249.359200498416,3.86635375219241,3.38968022821881,
538,253,244,253.031507648021,3.92329345403096,3.43959997014966,
538,253,244,253.031507648021,3.92329345403096,3.43959997014966,
539,254,244,256.757896779659,3.98107170553497,3.43959997014966,
540,255,245,260.539164357422,4.03970085600588,3.49025487895958,
542,256,246,268.269579527972,4.09919343661299,3.54165578143412,
543,256,246,272.220379389991,4.09919343661299,3.54165578143412,
544,257,246,276.229362589744,4.15956216307185,3.54165578143412,
545,258,247,280.297385991895,4.22081993836205,3.59381366380463,
546,259,247,284.425319080132,4.28297985548506,3.59381366380463,
548,259,248,292.864456462524,4.28297985548506,3.64673967409644,
549,260,248,297.177464505471,4.34605520026269,3.64673967409644,
550,261,248,301.553990117614,4.41005945417674,3.64673967409644,
551,261,248,305.99496872072,4.41005945417674,3.64673967409644,
552,262,249,310.501349512486,4.47500629725045,3.70044512451161,
552,262,249,310.501349512486,4.47500629725045,3.70044512451161,
553,262,249,315.074095669426,4.47500629725045,3.70044512451161,
554,262,250,319.71418455273,4.47500629725045,3.7549414938467,
554,263,250,319.71418455273,4.54090961097248,3.7549414938467,
555,263,250,324.422607917163,4.54090961097248,3.7549414938467,
556,264,251,329.200372123041,4.60778348126382,3.81024042994628,
556,264,251,329.200372123041,4.60778348126382,3.81024042994628,
557,264,252,334.048498351324,4.60778348126382,3.86635375219241,
557,265,252,334.048498351324,4.67564220148853,3.86635375219241,
557,265,253,334.048498351324,4.67564220148853,3.92329345403096,
557,265,253,334.048498351324,4.67564220148853,3.92329345403096,
557,266,254,334.048498351324,4.74450027550866,3.98107170553497,
557,266,254,334.048498351324,4.74450027550866,3.98107170553497,
557,267,255,334.048498351324,4.81437242078435,4.03970085600588,
557,268,255,334.048498351324,4.88527357151939,4.03970085600588,
557,269,256,334.048498351324,4.95721888185327,4.09919343661299,
557,270,256,334.048498351324,5.03022372910014,4.09919343661299,
557,270,256,334.048498351324,5.03022372910014,4.09919343661299,
557,271,257,334.048498351324,5.10430371703547,4.15956216307185,
557,272,257,334.048498351324,5.17947467923121,4.15956216307185,
557,273,257,334.048498351324,5.25575268243992,4.15956216307185,
557,274,258,334.048498351324,5.33315403002887,4.22081993836205,
557,275,258,334.048498351324,5.41169526546464,4.22081993836205,
557,276,258,334.048498351324,5.49139317584904,4.22081993836205,
557,277,258,334.048498351324,5.57226479550717,4.22081993836205,
557,277,259,334.048498351324,5.57226479550717,4.28297985548506,
557,278,259,334.048498351324,5.65432740962822,4.28297985548506,
557,279,259,334.048498351324,5.73759855795995,4.28297985548506,
558,280,260,338.968022821881,5.8220960385576,4.34605520026269,
558,280,260,338.968022821881,5.8220960385576,4.34605520026269,
558,280,260,338.968022821881,5.8220960385576,4.34605520026269,
559,280,261,343.959997014966,5.8220960385576,4.41005945417674,
560,280,261,349.025487895958,5.8220960385576,4.41005945417674,
560,280,261,349.025487895958,5.8220960385576,4.41005945417674,
561,279,262,354.165578143412,5.73759855795995,4.47500629725045,
562,279,262,359.381366380463,5.73759855795995,4.47500629725045,
562,279,262,359.381366380463,5.73759855795995,4.47500629725045,
563,278,263,364.673967409644,5.65432740962822,4.54090961097248,
564,278,263,370.044512451161,5.65432740962822,4.54090961097248,
564,278,263,370.044512451161,5.65432740962822,4.54090961097248,
565,277,264,375.494149384671,5.57226479550717,4.60778348126382,
565,278,264,375.494149384671,5.65432740962822,4.60778348126382,
564,278,264,370.044512451161,5.65432740962822,4.60778348126382,
564,279,264,370.044512451161,5.73759855795995,4.60778348126382,
563,280,264,364.673967409644,5.8220960385576,4.60778348126382,
562,281,264,359.381366380463,5.90783791158794,4.60778348126382,
561,282,264,354.165578143412,5.99484250318941,4.60778348126382,
560,282,264,349.025487895958,5.99484250318941,4.60778348126382,
559,283,264,343.959997014966,6.08312840938905,4.60778348126382,
558,284,264,338.968022821881,6.17271450007716,4.60778348126382,
558,284,264,338.968022821881,6.17271450007716,4.60778348126382,
558,285,265,338.968022821881,6.26361992304048,4.67564220148853,
559,285,265,343.959997014966,6.26361992304048,4.67564220148853,
560,285,265,349.025487895958,6.26361992304048,4.67564220148853,
560,285,266,349.025487895958,6.26361992304048,4.74450027550866,
561,285,266,354.165578143412,6.26361992304048,4.74450027550866,
562,285,266,359.381366380463,6.26361992304048,4.74450027550866,
562,285,267,359.381366380463,6.26361992304048,4.81437242078435,
563,285,267,364.673967409644,6.26361992304048,4.81437242078435,
564,285,267,370.044512451161,6.26361992304048,4.81437242078435,
564,285,268,370.044512451161,6.26361992304048,4.88527357151939,
565,286,268,375.494149384671,6.35586410805477,4.88527357151939,
565,286,268,375.494149384671,6.35586410805477,4.88527357151939,
565,287,269,375.494149384671,6.44946677103762,4.95721888185327,
565,287,270,375.494149384671,6.44946677103762,5.03022372910014,
565,288,270,375.494149384671,6.54444791826252,5.03022372910014,
565,289,271,375.494149384671,6.64082785063484,5.10430371703547,
565,290,271,375.494149384671,6.73862716803094,5.10430371703547,
565,291,272,375.494149384671,6.83786677370108,5.17947467923121,
566,292,272,381.024042994628,6.93856787873718,5.17947467923121,
566,292,272,381.024042994628,6.93856787873718,5.17947467923121,
567,293,272,386.635375219241,7.04075200660645,5.17947467923121,
568,293,272,392.329345403096,7.04075200660645,5.17947467923121,
569,293,272,398.107170553497,7.04075200660645,5.17947467923121,
571,293,272,409.919343661299,7.04075200660645,5.17947467923121,
572,293,272,415.956216307185,7.04075200660645,5.17947467923121,
573,293,272,422.081993836205,7.04075200660645,5.17947467923121,
575,293,272,434.605520026269,7.04075200660645,5.17947467923121,
576,293,272,441.005945417674,7.04075200660645,5.17947467923121,
577,293,272,447.500629725045,7.04075200660645,5.17947467923121,
579,293,272,460.778348126382,7.04075200660645,5.17947467923121,
580,293,272,467.564220148852,7.04075200660645,5.17947467923121,
582,293,272,481.437242078434,7.04075200660645,5.17947467923121,
584,293,273,495.721888185327,7.04075200660645,5.25575268243992,
585,293,273,503.022372910014,7.04075200660645,5.25575268243992,
587,293,274,517.947467923121,7.04075200660645,5.33315403002887,
589,293,274,533.315403002887,7.04075200660645,5.33315403002887,
591,293,275,549.139317584904,7.04075200660645,5.41169526546464,
593,293,275,565.432740962822,7.04075200660645,5.41169526546464,
594,293,276,573.759855795995,7.04075200660645,5.49139317584904,
595,294,276,582.20960385576,7.14444099775166,5.49139317584904,
597,294,276,599.484250318941,7.14444099775166,5.49139317584904,
598,294,276,608.312840938904,7.14444099775166,5.49139317584904,
599,294,276,617.271450007715,7.14444099775166,5.49139317584904,
599,295,276,617.271450007715,7.24965701425931,5.49139317584904,
599,295,276,617.271450007715,7.24965701425931,5.49139317584904,
599,295,276,617.271450007715,7.24965701425931,5.49139317584904,
599,296,276,617.271450007715,7.35642254459641,5.49139317584904,
599,296,276,617.271450007715,7.35642254459641,5.49139317584904,
599,296,276,617.271450007715,7.35642254459641,5.49139317584904,
599,297,276,617.271450007715,7.46476040841712,5.49139317584904,
599,297,276,617.271450007715,7.46476040841712,5.49139317584904,
599,297,276,617.271450007715,7.46476040841712,5.49139317584904,
600,298,277,626.361992304048,7.5746937614401,5.57226479550717,
601,298,277,635.586410805476,7.5746937614401,5.57226479550717,
602,298,278,644.946677103762,7.5746937614401,5.65432740962822,
602,298,278,644.946677103762,7.5746937614401,5.65432740962822,
603,298,279,654.444791826252,7.5746937614401,5.73759855795995,
605,298,279,673.862716803095,7.5746937614401,5.73759855795995,
606,298,280,683.786677370108,7.5746937614401,5.8220960385576,
608,298,280,704.075200660645,7.5746937614401,5.8220960385576,
609,298,280,714.444099775166,7.5746937614401,5.8220960385576,
610,298,281,724.965701425931,7.5746937614401,5.90783791158794,
610,298,281,724.965701425931,7.5746937614401,5.90783791158794,
611,298,281,735.642254459641,7.5746937614401,5.90783791158794,
611,298,282,735.642254459641,7.5746937614401,5.99484250318941,
610,298,282,724.965701425931,7.5746937614401,5.99484250318941,
610,298,283,724.965701425931,7.5746937614401,6.08312840938905,
610,298,283,724.965701425931,7.5746937614401,6.08312840938905,
609,298,283,714.444099775166,7.5746937614401,6.08312840938905,
609,298,284,714.444099775166,7.5746937614401,6.17271450007716,
609,298,284,714.444099775166,7.5746937614401,6.17271450007716,
607,298,284,693.856787873719,7.5746937614401,6.17271450007716,
605,298,285,673.862716803095,7.5746937614401,6.26361992304048,
603,298,285,654.444791826252,7.5746937614401,6.26361992304048,
602,298,285,644.946677103762,7.5746937614401,6.26361992304048,
600,298,285,626.361992304048,7.5746937614401,6.26361992304048,
597,298,285,599.484250318941,7.5746937614401,6.26361992304048,
595,298,285,582.20960385576,7.5746937614401,6.26361992304048,
592,298,285,557.226479550717,7.5746937614401,6.26361992304048,
590,298,285,541.169526546464,7.5746937614401,6.26361992304048,
588,298,285,525.575268243992,7.5746937614401,6.26361992304048,
585,298,285,503.022372910014,7.5746937614401,6.26361992304048,
583,298,285,488.527357151939,7.5746937614401,6.26361992304048,
582,298,285,481.437242078434,7.5746937614401,6.26361992304048,
580,298,285,467.564220148852,7.5746937614401,6.26361992304048,
581,298,285,474.450027550866,7.5746937614401,6.26361992304048,
582,298,285,481.437242078434,7.5746937614401,6.26361992304048,
583,298,285,488.527357151939,7.5746937614401,6.26361992304048,
584,298,285,495.721888185327,7.5746937614401,6.26361992304048,
585,298,285,503.022372910014,7.5746937614401,6.26361992304048,
586,298,285,510.430371703548,7.5746937614401,6.26361992304048,
587,298,285,517.947467923121,7.5746937614401,6.26361992304048,
588,298,285,525.575268243992,7.5746937614401,6.26361992304048,
589,298,285,533.315403002887,7.5746937614401,6.26361992304048,
589,298,285,533.315403002887,7.5746937614401,6.26361992304048,
590,298,285,541.169526546464,7.5746937614401,6.26361992304048,
590,298,285,541.169526546464,7.5746937614401,6.26361992304048,
590,298,285,541.169526546464,7.5746937614401,6.26361992304048,
590,298,285,541.169526546464,7.5746937614401,6.26361992304048,
589,298,285,533.315403002887,7.5746937614401,6.26361992304048,
589,298,285,533.315403002887,7.5746937614401,6.26361992304048,
589,298,285,533.315403002887,7.5746937614401,6.26361992304048,
588,298,285,525.575268243992,7.5746937614401,6.26361992304048,
588,298,285,525.575268243992,7.5746937614401,6.26361992304048,
587,298,285,517.947467923121,7.5746937614401,6.26361992304048,
587,298,285,517.947467923121,7.5746937614401,6.26361992304048,
587,298,285,517.947467923121,7.5746937614401,6.26361992304048,
586,299,285,510.430371703548,7.68624610039774,6.26361992304048,
586,300,285,510.430371703548,7.79944126805827,6.26361992304048,
586,301,285,510.430371703548,7.91430345832182,6.26361992304048,
586,302,285,510.430371703548,8.03085722139151,6.26361992304048,
586,304,285,510.430371703548,8.26913947983772,6.26361992304048,
586,305,285,510.430371703548,8.39091890474842,6.26361992304048,
586,306,285,510.430371703548,8.51449177241913,6.26361992304048,
586,308,285,510.430371703548,8.76712387296868,6.26361992304048,
587,309,285,517.947467923121,8.89623710246182,6.26361992304048,
588,309,285,525.575268243992,8.89623710246182,6.26361992304048,
589,310,286,533.315403002887,9.02725177948457,6.35586410805477,
590,311,286,541.169526546464,9.16019590661052,6.35586410805477,
591,312,286,549.139317584904,9.29509789880649,6.35586410805477,
592,312,287,557.226479550717,9.29509789880649,6.44946677103762,
594,312,287,573.759855795995,9.29509789880649,6.44946677103762,
595,313,287,582.20960385576,9.43198658950585,6.44946677103762,
596,313,288,590.783791158794,9.43198658950585,6.54444791826252,
598,313,288,608.312840938904,9.43198658950585,6.54444791826252,
599,314,288,617.271450007715,9.57089123677128,6.54444791826252,
600,314,289,626.361992304048,9.57089123677128,6.64082785063484,
602,314,289,644.946677103762,9.57089123677128,6.64082785063484,
603,315,289,654.444791826252,9.71184152954827,6.64082785063484,
604,315,289,664.082785063484,9.71184152954827,6.64082785063484,
606,315,289,683.786677370108,9.71184152954827,6.64082785063484,
607,316,289,693.856787873719,9.85486759401072,6.64082785063484,
609,316,289,714.444099775166,9.85486759401072,6.64082785063484,
611,317,289,735.642254459641,10,6.64082785063484,
611,317,289,735.642254459641,10,6.64082785063484,
613,318,289,757.46937614401,10.1472697675588,6.64082785063484,
614,318,289,768.624610039774,10.1472697675588,6.64082785063484,
615,319,289,779.944126805827,10.2967083735613,6.64082785063484,
616,319,289,791.430345832182,10.2967083735613,6.64082785063484,
617,319,289,803.085722139151,10.2967083735613,6.64082785063484,
618,319,289,814.912746902074,10.2967083735613,6.64082785063484,
619,319,289,826.913947983772,10.2967083735613,6.64082785063484,
619,320,289,826.913947983772,10.4483477584408,6.64082785063484,
620,321,289,839.091890474842,10.6022203330167,6.64082785063484,
621,321,289,851.449177241913,10.6022203330167,6.64082785063484,
621,321,289,851.449177241913,10.6022203330167,6.64082785063484,
622,322,289,863.988449483968,10.7583589854218,6.64082785063484,
623,322,289,876.712387296869,10.7583589854218,6.64082785063484,
624,323,289,889.623710246182,10.9167970881315,6.64082785063484,
624,323,289,889.623710246182,10.9167970881315,6.64082785063484,
625,323,289,902.725177948458,10.9167970881315,6.64082785063484,
624,322,290,889.623710246182,10.7583589854218,6.73862716803094,
