-1,-1,161,0,0,1.01104264773227,
-1,-1,161,0,0,1.01104264773227,
-1,-1,161,0,0,1.01104264773227,
-1,-1,161,0,0,1.01104264773227,
-1,-1,161,0,0,1.01104264773227,
-1,-1,161,0,0,1.01104264773227,
-1,-1,162,0,0,1.02595609490239,
-1,-1,163,0,0,1.04108952379831,
-1,-1,163,0,0,1.04108952379831,
-1,-1,164,0,0,1.05644617927408,
-1,-1,165,0,0,1.07202935404719,
-1,-1,165,0,0,1.07202935404719,
-1,-1,166,0,0,1.08784238940457,
160,-1,167,0.996345984601538,0,1.10388867591898,
160,-1,167,0.996345984601538,0,1.10388867591898,
161,-1,168,1.01104264773227,0,1.12017165417608,
161,175,169,1.01104264773227,1.24107972856932,1.13669481551204,
162,176,169,1.02595609490239,1.25938635194218,1.13669481551204,
162,177,170,1.02595609490239,1.27796300829648,1.15346170276227,
163,178,170,1.04108952379831,1.29681368077043,1.15346170276227,
163,179,171,1.04108952379831,1.31594241125578,1.17047591102093,
164,180,171,1.05644617927408,1.33535330126444,1.17047591102093,
164,181,172,1.05644617927408,1.35505051280791,1.18774108841188,
164,181,172,1.05644617927408,1.35505051280791,1.18774108841188,
165,182,173,1.07202935404719,1.37503826928974,1.20526093687084,
166,183,173,1.08784238940457,1.39532085641101,1.20526093687084,
166,183,173,1.08784238940457,1.39532085641101,1.20526093687084,
168,183,174,1.12017165417608,1.39532085641101,1.22303921293917,
168,184,174,1.12017165417608,1.41590262308933,1.22303921293917,
169,185,175,1.13669481551204,1.43678798239128,1.24107972856932,
170,185,175,1.15346170276227,1.43678798239128,1.24107972856932,
171,185,175,1.17047591102093,1.43678798239128,1.24107972856932,
172,187,176,1.18774108841188,1.47948745756863,1.25938635194218,
173,187,176,1.20526093687084,1.47948745756863,1.25938635194218,
174,188,176,1.22303921293917,1.50131072890817,1.25938635194218,
175,188,176,1.24107972856932,1.50131072890817,1.25938635194218,
176,189,177,1.25938635194218,1.52345590576271,1.27796300829648,
177,190,177,1.27796300829648,1.54592773641948,1.27796300829648,
178,190,178,1.29681368077043,1.54592773641948,1.29681368077043,
179,190,178,1.31594241125578,1.54592773641948,1.29681368077043,
180,190,178,1.33535330126444,1.54592773641948,1.29681368077043,
181,190,178,1.35505051280791,1.54592773641948,1.29681368077043,
182,190,178,1.37503826928974,1.54592773641948,1.29681368077043,
183,189,178,1.39532085641101,1.52345590576271,1.29681368077043,
184,190,178,1.41590262308933,1.54592773641948,1.29681368077043,
184,190,178,1.41590262308933,1.54592773641948,1.29681368077043,
184,190,178,1.41590262308933,1.54592773641948,1.29681368077043,
184,189,178,1.41590262308933,1.52345590576271,1.29681368077043,
184,189,178,1.41590262308933,1.52345590576271,1.29681368077043,
184,189,178,1.41590262308933,1.52345590576271,1.29681368077043,
184,188,178,1.41590262308933,1.50131072890817,1.29681368077043,
184,188,178,1.41590262308933,1.50131072890817,1.29681368077043,
184,188,178,1.41590262308933,1.50131072890817,1.29681368077043,
184,187,178,1.41590262308933,1.47948745756863,1.29681368077043,
184,187,178,1.41590262308933,1.47948745756863,1.29681368077043,
184,187,178,1.41590262308933,1.47948745756863,1.29681368077043,
184,186,177,1.41590262308933,1.45798141247865,1.27796300829648,
184,187,178,1.41590262308933,1.47948745756863,1.29681368077043,
184,186,178,1.41590262308933,1.45798141247865,1.29681368077043,
184,186,178,1.41590262308933,1.45798141247865,1.29681368077043,
184,187,179,1.41590262308933,1.47948745756863,1.31594241125578,
184,187,179,1.41590262308933,1.47948745756863,1.31594241125578,
184,187,180,1.41590262308933,1.47948745756863,1.33535330126444,
184,187,180,1.41590262308933,1.47948745756863,1.33535330126444,
184,188,181,1.41590262308933,1.50131072890817,1.35505051280791,
184,188,181,1.41590262308933,1.50131072890817,1.35505051280791,
184,188,182,1.41590262308933,1.50131072890817,1.37503826928974,
184,188,182,1.41590262308933,1.50131072890817,1.37503826928974,
184,188,182,1.41590262308933,1.50131072890817,1.37503826928974,
184,189,183,1.41590262308933,1.52345590576271,1.39532085641101,
184,189,183,1.41590262308933,1.52345590576271,1.39532085641101,
184,189,183,1.41590262308933,1.52345590576271,1.39532085641101,
184,189,184,1.41590262308933,1.52345590576271,1.41590262308933,
184,189,184,1.41590262308933,1.52345590576271,1.41590262308933,
184,189,184,1.41590262308933,1.52345590576271,1.41590262308933,
184,189,185,1.41590262308933,1.52345590576271,1.43678798239128,
184,189,185,1.41590262308933,1.52345590576271,1.43678798239128,
184,189,185,1.41590262308933,1.52345590576271,1.43678798239128,
184,189,186,1.41590262308933,1.52345590576271,1.45798141247865,
184,189,186,1.41590262308933,1.52345590576271,1.45798141247865,
184,189,186,1.41590262308933,1.52345590576271,1.45798141247865,
184,189,186,1.41590262308933,1.52345590576271,1.45798141247865,
184,189,186,1.41590262308933,1.52345590576271,1.45798141247865,
184,189,186,1.41590262308933,1.52345590576271,1.45798141247865,
184,189,187,1.41590262308933,1.52345590576271,1.47948745756863,
184,189,187,1.41590262308933,1.52345590576271,1.47948745756863,
184,189,188,1.41590262308933,1.52345590576271,1.50131072890817,
184,189,188,1.41590262308933,1.52345590576271,1.50131072890817,
183,189,189,1.39532085641101,1.52345590576271,1.52345590576271,
183,189,189,1.39532085641101,1.52345590576271,1.52345590576271,
183,189,189,1.39532085641101,1.52345590576271,1.52345590576271,
183,189,190,1.39532085641101,1.52345590576271,1.54592773641948,
183,189,190,1.39532085641101,1.52345590576271,1.54592773641948,
183,189,191,1.39532085641101,1.52345590576271,1.5687310392056,
183,189,191,1.39532085641101,1.52345590576271,1.5687310392056,
183,189,191,1.39532085641101,1.52345590576271,1.5687310392056,
183,189,192,1.39532085641101,1.52345590576271,1.59187070352125,
183,189,193,1.39532085641101,1.52345590576271,1.61535169088798,
183,189,193,1.39532085641101,1.52345590576271,1.61535169088798,
182,189,194,1.37503826928974,1.52345590576271,1.63917903601261,
182,189,194,1.37503826928974,1.52345590576271,1.63917903601261,
183,189,194,1.39532085641101,1.52345590576271,1.63917903601261,
184,189,195,1.41590262308933,1.52345590576271,1.66335784786667,
184,189,195,1.41590262308933,1.52345590576271,1.66335784786667,
185,189,195,1.43678798239128,1.52345590576271,1.66335784786667,
186,189,196,1.45798141247865,1.52345590576271,1.68789331078192,
186,189,196,1.45798141247865,1.52345590576271,1.68789331078192,
187,189,196,1.47948745756863,1.52345590576271,1.68789331078192,
188,189,197,1.50131072890817,1.52345590576271,1.71279068556191,
189,189,197,1.52345590576271,1.52345590576271,1.71279068556191,
189,189,197,1.52345590576271,1.52345590576271,1.71279068556191,
190,189,198,1.54592773641948,1.52345590576271,1.73805531061003,
191,189,199,1.5687310392056,1.52345590576271,1.76369260307408,
192,189,199,1.59187070352125,1.52345590576271,1.76369260307408,
192,189,200,1.59187070352125,1.52345590576271,1.78970806000785,
192,189,201,1.59187070352125,1.52345590576271,1.81610725954977,
193,189,202,1.61535169088798,1.52345590576271,1.84289586211893,
193,189,203,1.61535169088798,1.52345590576271,1.8700796116288,
193,189,204,1.61535169088798,1.52345590576271,1.89766433671879,
193,189,204,1.61535169088798,1.52345590576271,1.89766433671879,
194,189,205,1.63917903601261,1.52345590576271,1.92565595200403,
194,199,205,1.63917903601261,1.76369260307408,1.92565595200403,
193,199,206,1.61535169088798,1.76369260307408,1.95406045934352,
193,199,206,1.61535169088798,1.76369260307408,1.95406045934352,
193,199,206,1.61535169088798,1.76369260307408,1.95406045934352,
192,199,205,1.59187070352125,1.76369260307408,1.92565595200403,
192,198,205,1.59187070352125,1.73805531061003,1.92565595200403,
192,198,205,1.59187070352125,1.73805531061003,1.92565595200403,
191,198,204,1.5687310392056,1.73805531061003,1.89766433671879,
191,197,204,1.5687310392056,1.71279068556191,1.89766433671879,
191,197,204,1.5687310392056,1.71279068556191,1.89766433671879,
190,197,203,1.54592773641948,1.71279068556191,1.8700796116288,
190,196,203,1.54592773641948,1.68789331078192,1.8700796116288,
190,196,203,1.54592773641948,1.68789331078192,1.8700796116288,
190,196,203,1.54592773641948,1.68789331078192,1.8700796116288,
190,196,204,1.54592773641948,1.68789331078192,1.89766433671879,
190,197,205,1.54592773641948,1.71279068556191,1.92565595200403,
191,198,206,1.5687310392056,1.73805531061003,1.95406045934352,
191,198,207,1.5687310392056,1.73805531061003,1.98288394912707,
192,199,207,1.59187070352125,1.76369260307408,1.98288394912707,
192,199,208,1.59187070352125,1.76369260307408,2.01213260158117,
193,201,209,1.61535169088798,1.81610725954977,2.04181268809411,
193,201,210,1.61535169088798,1.81610725954977,2.07193057256069,
194,202,210,1.63917903601261,1.84289586211893,2.07193057256069,
194,202,211,1.63917903601261,1.84289586211893,2.10249271274672,
194,202,211,1.63917903601261,1.84289586211893,2.10249271274672,
194,203,211,1.63917903601261,1.8700796116288,2.10249271274672,
194,203,211,1.63917903601261,1.8700796116288,2.10249271274672,
194,203,211,1.63917903601261,1.8700796116288,2.10249271274672,
194,203,211,1.63917903601261,1.8700796116288,2.10249271274672,
194,203,211,1.63917903601261,1.8700796116288,2.10249271274672,
194,204,211,1.63917903601261,1.89766433671879,2.10249271274672,
194,204,211,1.63917903601261,1.89766433671879,2.10249271274672,
194,204,211,1.63917903601261,1.89766433671879,2.10249271274672,
194,204,211,1.63917903601261,1.89766433671879,2.10249271274672,
194,205,211,1.63917903601261,1.92565595200403,2.10249271274672,
194,205,212,1.63917903601261,1.92565595200403,2.1335056616737,
194,205,212,1.63917903601261,1.92565595200403,2.1335056616737,
194,206,213,1.63917903601261,1.95406045934352,2.16497606902387,
194,207,213,1.63917903601261,1.98288394912707,2.16497606902387,
194,208,214,1.63917903601261,2.01213260158117,2.19691068256603,
194,208,214,1.63917903601261,2.01213260158117,2.19691068256603,
194,208,214,1.63917903601261,2.01213260158117,2.19691068256603,
194,208,215,1.63917903601261,2.01213260158117,2.22931634960235,
194,208,215,1.63917903601261,2.01213260158117,2.22931634960235,
194,208,215,1.63917903601261,2.01213260158117,2.22931634960235,
194,208,214,1.63917903601261,2.01213260158117,2.19691068256603,
194,208,214,1.63917903601261,2.01213260158117,2.19691068256603,
194,208,214,1.63917903601261,2.01213260158117,2.19691068256603,
194,208,213,1.63917903601261,2.01213260158117,2.16497606902387,
194,208,213,1.63917903601261,2.01213260158117,2.16497606902387,
194,208,213,1.63917903601261,2.01213260158117,2.16497606902387,
194,218,212,1.63917903601261,2.32942966868229,2.1335056616737,
194,218,212,1.63917903601261,2.32942966868229,2.1335056616737,
194,218,212,1.63917903601261,2.32942966868229,2.1335056616737,
194,217,211,1.63917903601261,2.29556873986377,2.10249271274672,
194,217,211,1.63917903601261,2.29556873986377,2.10249271274672,
193,217,210,1.61535169088798,2.29556873986377,2.07193057256069,
193,217,209,1.61535169088798,2.29556873986377,2.04181268809411,
193,216,209,1.61535169088798,2.26220001843656,2.04181268809411,
192,216,208,1.59187070352125,2.26220001843656,2.01213260158117,
192,215,207,1.59187070352125,2.22931634960235,1.98288394912707,
192,215,207,1.59187070352125,2.22931634960235,1.98288394912707,
192,214,206,1.59187070352125,2.19691068256603,1.95406045934352,
191,213,205,1.5687310392056,2.16497606902387,1.92565595200403,
191,213,205,1.5687310392056,2.16497606902387,1.92565595200403,
191,213,204,1.5687310392056,2.16497606902387,1.89766433671879,
191,212,203,1.5687310392056,2.1335056616737,1.8700796116288,
191,212,202,1.5687310392056,2.1335056616737,1.84289586211893,
191,211,201,1.5687310392056,2.10249271274672,1.81610725954977,
190,211,200,1.54592773641948,2.10249271274672,1.78970806000785,
190,210,199,1.54592773641948,2.07193057256069,1.76369260307408,
191,211,198,1.5687310392056,2.10249271274672,1.73805531061003,
191,211,197,1.5687310392056,2.10249271274672,1.71279068556191,
191,209,196,1.5687310392056,2.04181268809411,1.68789331078192,
191,208,194,1.5687310392056,2.01213260158117,1.63917903601261,
191,208,192,1.5687310392056,2.01213260158117,1.59187070352125,
191,208,190,1.5687310392056,2.01213260158117,1.54592773641948,
191,207,188,1.5687310392056,1.98288394912707,1.50131072890817,
191,206,186,1.5687310392056,1.95406045934352,1.45798141247865,
191,205,184,1.5687310392056,1.92565595200403,1.41590262308933,
191,202,181,1.5687310392056,1.84289586211893,1.35505051280791,
191,199,177,1.5687310392056,1.76369260307408,1.27796300829648,
191,196,173,1.5687310392056,1.68789331078192,1.20526093687084,
191,193,170,1.5687310392056,1.61535169088798,1.15346170276227,
199,190,169,1.76369260307408,1.54592773641948,1.13669481551204,
197,186,166,1.71279068556191,1.45798141247865,1.08784238940457,
196,182,165,1.68789331078192,1.37503826928974,1.07202935404719,
195,179,163,1.66335784786667,1.31594241125578,1.04108952379831,
196,176,161,1.68789331078192,1.25938635194218,1.01104264773227,
197,173,159,1.71279068556191,1.20526093687084,0.981862954305846,
197,169,158,1.71279068556191,1.13669481551204,0.967590451447198,
199,168,156,1.76369260307408,1.12017165417608,0.93966483149547,
200,169,155,1.78970806000785,1.13669481551204,0.926005726693851,
201,170,155,1.81610725954977,1.15346170276227,0.926005726693851,
203,170,153,1.8700796116288,1.15346170276227,0.899280283136507,
203,171,151,1.8700796116288,1.17047591102093,0.873326162382843,
202,172,150,1.84289586211893,1.18774108841188,0.860631366134059,
200,173,148,1.78970806000785,1.20526093687084,0.83579269145176,
198,173,147,1.73805531061003,1.20526093687084,0.823643487201135,
196,174,145,1.68789331078192,1.22303921293917,0.799872319384325,
194,175,142,1.63917903601261,1.24107972856932,0.7654957190472,
192,175,139,1.59187070352125,1.24107972856932,0.732596542821523,
190,174,137,1.54592773641948,1.22303921293917,0.711453080107329,
189,176,134,1.52345590576271,1.25938635194218,0.680876527324141,
187,176,132,1.47948745756863,1.25938635194218,0.66122575554599,
164,176,129,1.05644617927408,1.25938635194218,0.632807853113119,
164,176,127,1.05644617927408,1.25938635194218,0.61454439094059,
164,177,124,1.05644617927408,1.27796300829648,0.588132741975106,
164,177,121,1.05644617927408,1.27796300829648,0.562856202549892,
163,178,118,1.04108952379831,1.29681368077043,0.53866598837018,
162,178,115,1.02595609490239,1.29681368077043,0.515515411773583,
159,179,112,0.981862954305846,1.31594241125578,0.493359791621845,
157,180,110,0.953525415768115,1.33535330126444,0.479120938789338,
156,181,107,0.93966483149547,1.35505051280791,0.458529466092062,
155,183,104,0.926005726693851,1.39532085641101,0.438822965671127,
153,185,102,0.899280283136507,1.43678798239128,0.426158099717671,
152,187,100,0.886208214009644,1.47948745756863,0.413858754354902,
153,189,98,0.899280283136507,1.52345590576271,0.4019143802961,
153,192,96,0.899280283136507,1.59187070352125,0.39031473271742,
154,194,95,0.912545172628332,1.63917903601261,0.384641060934559,
155,196,93,0.926005726693851,1.68789331078192,0.373539938481952,
157,198,91,0.953525415768115,1.73805531061003,0.362759205431893,
159,201,91,0.981862954305846,1.81610725954977,0.362759205431893,
161,204,90,1.01104264773227,1.89766433671879,0.357486084805615,
163,208,89,1.04108952379831,2.01213260158117,0.352289615028504,
166,211,89,1.08784238940457,2.10249271274672,0.352289615028504,
168,214,88,1.12017165417608,2.19691068256603,0.347168681892656,
169,217,87,1.13669481551204,2.29556873986377,0.342122187386456,
170,219,85,1.15346170276227,2.36379006522771,0.332248201788811,
171,221,83,1.17047591102093,2.43403883989151,0.322659189207173,
170,224,81,1.15346170276227,2.54334576130465,0.313346925037704,
169,226,79,1.13669481551204,2.61893069835396,0.304303422046787,
169,228,77,1.13669481551204,2.69676192169106,0.295520923520289,
166,230,76,1.08784238940457,2.77690618803078,0.291225188349472,
163,232,73,1.04108952379831,2.85943223801089,0.278709025875316,
160,233,70,0.996345984601538,2.90161047026823,0.266730778146679,
157,233,69,0.953525415768115,2.90161047026823,0.262853540720729,
154,233,66,0.912545172628332,2.90161047026823,0.251556723844369,
152,232,64,0.886208214009644,2.85943223801089,0.244296547334903,
150,230,62,0.860631366134059,2.77690618803078,0.237245906719145,
148,229,60,0.83579269145176,2.73654067537643,0.230398754583411,
143,227,58,0.776787211043678,2.65756139776087,0.223749218048378,
139,225,55,0.732596542821523,2.58086154041808,0.214133011488669,
137,222,54,0.711453080107329,2.46994228049332,0.21102034285686,
135,219,53,0.690919838694241,2.36379006522771,0.207952920429473,
133,216,51,0.670979206990377,2.26220001843656,0.201951192926809,
130,213,50,0.642142124528287,2.16497606902387,0.199015600983234,
128,211,49,0.623609266026271,2.10249271274672,0.196122681231559,
126,208,47,0.60561128419896,2.01213260158117,0.19046238616375,
124,206,47,0.588132741975106,1.95406045934352,0.19046238616375,
123,205,45,0.579583558808257,1.92565595200403,0.184965452824698,
122,203,45,0.571158647812643,1.8700796116288,0.184965452824698,
121,201,44,0.562856202549892,1.81610725954977,0.182276768072295,
120,200,45,0.554674442840278,1.78970806000785,0.184965452824698,
121,200,45,0.562856202549892,1.78970806000785,0.184965452824698,
121,201,46,0.562856202549892,1.81610725954977,0.187693797188001,
122,202,47,0.571158647812643,1.84289586211893,0.19046238616375,
123,202,47,0.579583558808257,1.84289586211893,0.19046238616375,
123,203,48,0.579583558808257,1.8700796116288,0.193271813382591,
124,204,49,0.588132741975106,1.89766433671879,0.196122681231559,
125,204,49,0.596808030397547,1.89766433671879,0.196122681231559,
126,206,50,0.60561128419896,1.95406045934352,0.199015600983234,
128,207,51,0.623609266026271,1.98288394912707,0.201951192926809,
130,209,52,0.642142124528287,2.04181268809411,0.204930086501094,
132,210,53,0.66122575554599,2.07193057256069,0.207952920429473,
134,212,54,0.680876527324141,2.1335056616737,0.21102034285686,
136,214,54,0.701111294550499,2.19691068256603,0.21102034285686,
138,216,55,0.721947412812286,2.26220001843656,0.214133011488669,
140,218,56,0.74340275348226,2.32942966868229,0.21729159373184,
142,220,57,0.7654957190472,2.39865729692966,0.22049676683794,
146,221,58,0.811670885552368,2.43403883989151,0.223749218048378,
149,223,59,0.848121103291853,2.50637531701855,0.227049644741758,
152,224,59,0.886208214009644,2.54334576130465,0.227049644741758,
154,226,60,0.912545172628332,2.61893069835396,0.230398754583411,
156,228,61,0.93966483149547,2.69676192169106,0.233797265677131,
157,229,61,0.953525415768115,2.73654067537643,0.233797265677131,
159,230,61,0.981862954305846,2.77690618803078,0.233797265677131,
161,231,62,1.01104264773227,2.81786711467861,0.237245906719145,
163,232,62,1.04108952379831,2.85943223801089,0.237245906719145,
164,232,63,1.05644617927408,2.85943223801089,0.240745417154358,
165,233,63,1.07202935404719,2.90161047026823,0.240745417154358,
166,234,63,1.08784238940457,2.94441085515178,0.240745417154358,
168,235,64,1.12017165417608,2.98784256976237,0.244296547334903,
171,237,64,1.17047591102093,3.07663737540173,0.244296547334903,
173,238,65,1.20526093687084,3.12201950548556,0.247900058681032,
176,240,65,1.25938635194218,3.21480187561355,0.247900058681032,
178,242,66,1.29681368077043,3.31034161743363,0.251556723844369,
180,243,67,1.33535330126444,3.35917101640844,0.255267326873585,
182,245,68,1.37503826928974,3.45900122183156,0.259032663382512,
185,248,69,1.43678798239128,3.61433677709311,0.262853540720729,
186,250,70,1.45798141247865,3.72175017794799,0.266730778146679,
188,251,71,1.50131072890817,3.77664808436541,0.270665207003324,
190,253,71,1.54592773641948,3.88888516673824,0.270665207003324,
191,254,72,1.5687310392056,3.94624840815533,0.274657670896404,
192,255,72,1.59187070352125,4.00445778961635,0.274657670896404,
192,256,72,1.59187070352125,4.06352579216242,0.274657670896404,
191,257,72,1.5687310392056,4.12346508093701,0.274657670896404,
190,257,72,1.54592773641948,4.12346508093701,0.274657670896404,
189,257,72,1.52345590576271,4.12346508093701,0.274657670896404,
188,257,72,1.50131072890817,4.12346508093701,0.274657670896404,
187,257,72,1.47948745756863,4.12346508093701,0.274657670896404,
186,257,72,1.45798141247865,4.12346508093701,0.274657670896404,
185,257,72,1.43678798239128,4.12346508093701,0.274657670896404,
183,257,72,1.39532085641101,4.12346508093701,0.274657670896404,
182,257,73,1.37503826928974,4.12346508093701,0.278709025875316,
180,257,73,1.33535330126444,4.12346508093701,0.278709025875316,
179,258,74,1.31594241125578,4.18428850790158,0.282820140616669,
177,259,75,1.27796300829648,4.24600911459124,0.286991896610538,
176,259,76,1.25938635194218,4.24600911459124,0.291225188349472,
173,260,76,1.20526093687084,4.30864013491105,0.291225188349472,
171,261,77,1.17047591102093,4.37219499797365,0.295520923520289,
170,262,78,1.15346170276227,4.43668733097861,0.299880023198696,
168,263,79,1.12017165417608,4.50213096213435,0.304303422046787,
166,264,80,1.08784238940457,4.56853992362313,0.308792068513444,
165,265,81,1.07202935404719,4.63592845460981,0.313346925037704,
164,266,82,1.05644617927408,4.7043110042949,0.317968968255122,
162,267,83,1.02595609490239,4.77370223501277,0.322659189207173,
161,268,84,1.01104264773227,4.84411702537542,0.327418593553755,
159,269,86,0.981862954305846,4.91557047346277,0.337149049459144,
158,270,86,0.967590451447198,4.9880779000599,0.337149049459144,
158,271,87,0.967590451447198,5.06165485194206,0.342122187386456,
157,272,89,0.953525415768115,5.13631710520818,0.352289615028504,
155,273,89,0.926005726693851,5.21208066866353,0.352289615028504,
154,275,90,0.912545172628332,5.36697694554048,0.357486084805615,
153,277,91,0.899280283136507,5.52647653885006,0.362759205431893,
152,279,92,0.886208214009644,5.69071625318571,0.368110107550433,
154,281,93,0.912545172628332,5.85983695879589,0.373539938481952,
153,283,95,0.899280283136507,6.03398371241015,0.384641060934559,
155,285,96,0.926005726693851,6.21330588165587,0.39031473271742,
155,287,97,0.926005726693851,6.39795727317259,0.396072094347178,
157,289,98,0.953525415768115,6.58809626453365,0.4019143802961,
160,292,99,0.996345984601538,6.8839520696455,0.407842843245614,
162,294,100,1.02595609490239,7.08853419597333,0.413858754354902,
163,296,100,1.04108952379831,7.29919623773193,0.413858754354902,
165,298,101,1.07202935404719,7.51611888212162,0.41996340353346,
166,300,102,1.08784238940457,7.73948818613196,0.426158099717671,
167,302,102,1.10388867591898,7.96949573612491,0.426158099717671,
167,305,103,1.10388867591898,8.32738692087273,0.432444171151468,
169,307,103,1.13669481551204,8.57486605869806,0.432444171151468,
172,309,103,1.18774108841188,8.82969995549409,0.432444171151468,
173,310,104,1.20526093687084,8.95994299134393,0.438822965671127,
173,311,104,1.20526093687084,9.09210718515756,0.438822965671127,
174,313,104,1.22303921293917,9.36231281731792,0.438822965671127,
175,314,105,1.24107972856932,9.50041219216073,0.445295850994266,
175,315,105,1.24107972856932,9.64054861038205,0.445295850994266,
176,316,105,1.25938635194218,9.78275211951633,0.445295850994266,
177,317,106,1.27796300829648,9.92705321031608,0.451864215013107,
178,318,106,1.29681368077043,10.0734828232895,0.451864215013107,
179,319,106,1.31594241125578,10.2220723553347,0.451864215013107,
180,320,107,1.33535330126444,10.3728536664717,0.458529466092062,
181,320,107,1.35505051280791,10.3728536664717,0.458529466092062,
182,320,107,1.37503826928974,10.3728536664717,0.458529466092062,
183,320,108,1.39532085641101,10.3728536664717,0.465293033369711,
185,322,108,1.43678798239128,10.681121422799,0.465293033369711,
186,322,108,1.45798141247865,10.681121422799,0.465293033369711,
187,322,109,1.47948745756863,10.681121422799,0.472156367065229,
189,323,109,1.52345590576271,10.8386739656258,0.472156367065229,
190,323,109,1.54592773641948,10.8386739656258,0.472156367065229,
192,323,110,1.59187070352125,10.8386739656258,0.479120938789338,
193,324,110,1.61535169088798,10.9985504969899,0.479120938789338,
194,325,110,1.63917903601261,11.160785297028,0.479120938789338,
195,325,110,1.66335784786667,11.160785297028,0.479120938789338,
196,326,110,1.68789331078192,11.3254131515281,0.479120938789338,
197,326,110,1.71279068556191,11.3254131515281,0.479120938789338,
198,328,110,1.73805531061003,11.6619897401853,0.479120938789338,
199,329,110,1.76369260307408,11.8340106418544,0.479120938789338,
200,329,110,1.78970806000785,11.8340106418544,0.479120938789338,
201,330,110,1.81610725954977,12.0085689484835,0.479120938789338,
202,331,110,1.84289586211893,12.1857020882217,0.479120938789338,
203,332,110,1.8700796116288,12.3654480413041,0.479120938789338,
203,332,111,1.8700796116288,12.3654480413041,0.486188241859849,
204,333,111,1.89766433671879,12.5478453481957,0.486188241859849,
205,334,111,1.92565595200403,12.732933117855,0.486188241859849,
206,334,112,1.95406045934352,12.732933117855,0.493359791621845,
206,334,112,1.95406045934352,12.732933117855,0.493359791621845,
207,335,113,1.98288394912707,12.9207510361196,0.500637125772605,
208,335,113,2.01213260158117,12.9207510361196,0.500637125772605,
208,335,113,2.01213260158117,12.9207510361196,0.500637125772605,
209,336,114,2.04181268809411,13.1113393742156,0.508021804691302,
210,336,114,2.07193057256069,13.1113393742156,0.508021804691302,
210,336,114,2.07193057256069,13.1113393742156,0.508021804691302,
211,336,114,2.10249271274672,13.1113393742156,0.508021804691302,
211,336,114,2.10249271274672,13.1113393742156,0.508021804691302,
211,335,114,2.10249271274672,12.9207510361196,0.508021804691302,
211,335,114,2.10249271274672,12.9207510361196,0.508021804691302,
211,334,114,2.10249271274672,12.732933117855,0.508021804691302,
211,334,114,2.10249271274672,12.732933117855,0.508021804691302,
211,333,114,2.10249271274672,12.5478453481957,0.508021804691302,
211,333,114,2.10249271274672,12.5478453481957,0.508021804691302,
211,333,115,2.10249271274672,12.5478453481957,0.515515411773583,
211,333,115,2.10249271274672,12.5478453481957,0.515515411773583,
211,333,115,2.10249271274672,12.5478453481957,0.515515411773583,
211,333,116,2.10249271274672,12.5478453481957,0.523119553771069,
211,334,116,2.10249271274672,12.732933117855,0.523119553771069,
211,334,116,2.10249271274672,12.732933117855,0.523119553771069,
211,334,116,2.10249271274672,12.732933117855,0.523119553771069,
211,335,117,2.10249271274672,12.9207510361196,0.53083586113587,
211,335,117,2.10249271274672,12.9207510361196,0.53083586113587,
211,335,117,2.10249271274672,12.9207510361196,0.53083586113587,
211,336,118,2.10249271274672,13.1113393742156,0.53866598837018,
211,336,118,2.10249271274672,13.1113393742156,0.53866598837018,
211,336,119,2.10249271274672,13.1113393742156,0.546611614381031,
212,336,119,2.1335056616737,13.1113393742156,0.546611614381031,
212,336,120,2.1335056616737,13.1113393742156,0.554674442840278,
213,335,121,2.16497606902387,12.9207510361196,0.562856202549892,
214,335,122,2.19691068256603,12.9207510361196,0.571158647812643,
215,334,123,2.22931634960235,12.732933117855,0.579583558808257,
216,334,124,2.26220001843656,12.732933117855,0.588132741975106,
217,333,125,2.29556873986377,12.5478453481957,0.596808030397547,
218,333,126,2.32942966868229,12.5478453481957,0.60561128419896,
218,332,126,2.32942966868229,12.3654480413041,0.60561128419896,
219,331,127,2.36379006522771,12.1857020882217,0.61454439094059,
218,331,127,2.32942966868229,12.1857020882217,0.61454439094059,
218,330,127,2.32942966868229,12.0085689484835,0.61454439094059,
218,329,127,2.32942966868229,11.8340106418544,0.61454439094059,
218,329,127,2.32942966868229,11.8340106418544,0.61454439094059,
217,328,127,2.29556873986377,11.6619897401853,0.61454439094059,
217,328,127,2.29556873986377,11.6619897401853,0.61454439094059,
217,327,127,2.29556873986377,11.4924693593884,0.61454439094059,
216,326,127,2.26220001843656,11.3254131515281,0.61454439094059,
216,325,127,2.26220001843656,11.160785297028,0.61454439094059,
216,325,127,2.26220001843656,11.160785297028,0.61454439094059,
217,324,127,2.29556873986377,10.9985504969899,0.61454439094059,
218,324,126,2.32942966868229,10.9985504969899,0.60561128419896,
219,324,125,2.36379006522771,10.9985504969899,0.596808030397547,
220,325,125,2.39865729692966,11.160785297028,0.596808030397547,
221,325,124,2.43403883989151,11.160785297028,0.588132741975106,
224,326,123,2.54334576130465,11.3254131515281,0.579583558808257,
226,326,122,2.61893069835396,11.3254131515281,0.571158647812643,
229,327,121,2.73654067537643,11.4924693593884,0.562856202549892,
232,327,120,2.85943223801089,11.4924693593884,0.554674442840278,
234,328,119,2.94441085515178,11.6619897401853,0.546611614381031,
236,328,118,3.03191492656823,11.6619897401853,0.53866598837018,
239,328,118,3.16807104748884,11.6619897401853,0.53866598837018,
242,327,117,3.31034161743363,11.4924693593884,0.53083586113587,
245,327,116,3.45900122183156,11.4924693593884,0.523119553771069,
248,327,116,3.61433677709311,11.4924693593884,0.523119553771069,
251,326,115,3.77664808436541,11.3254131515281,0.515515411773583,
254,326,114,3.94624840815533,11.3254131515281,0.508021804691302,
258,326,114,4.18428850790158,11.3254131515281,0.508021804691302,
261,324,113,4.37219499797365,10.9985504969899,0.500637125772605,
263,324,112,4.50213096213435,10.9985504969899,0.493359791621845,
266,324,112,4.7043110042949,10.9985504969899,0.493359791621845,
267,324,111,4.77370223501277,10.9985504969899,0.486188241859849,
269,323,110,4.91557047346277,10.8386739656258,0.479120938789338,
271,323,110,5.06165485194206,10.8386739656258,0.479120938789338,
271,322,109,5.06165485194206,10.681121422799,0.472156367065229,
270,321,108,4.9880779000599,10.5258590866736,0.465293033369711,
269,321,108,4.91557047346277,10.5258590866736,0.465293033369711,
268,320,107,4.84411702537542,10.3728536664717,0.458529466092062,
268,320,106,4.84411702537542,10.3728536664717,0.451864215013107,
267,319,106,4.77370223501277,10.2220723553347,0.451864215013107,
266,318,105,4.7043110042949,10.0734828232895,0.445295850994266,
265,318,104,4.63592845460981,10.0734828232895,0.438822965671127,
264,317,104,4.56853992362313,9.92705321031608,0.438822965671127,
263,316,103,4.50213096213435,9.78275211951633,0.432444171151468,
262,316,103,4.43668733097861,9.78275211951633,0.432444171151468,
262,316,102,4.43668733097861,9.78275211951633,0.426158099717671,
263,316,102,4.50213096213435,9.78275211951633,0.426158099717671,
264,316,102,4.56853992362313,9.78275211951633,0.426158099717671,
265,316,102,4.63592845460981,9.78275211951633,0.426158099717671,
266,316,102,4.7043110042949,9.78275211951633,0.426158099717671,
267,316,102,4.77370223501277,9.78275211951633,0.426158099717671,
268,316,102,4.84411702537542,9.78275211951633,0.426158099717671,
268,316,102,4.84411702537542,9.78275211951633,0.426158099717671,
269,315,102,4.91557047346277,9.64054861038205,0.426158099717671,
270,315,101,4.9880779000599,9.64054861038205,0.41996340353346,
270,314,101,4.9880779000599,9.50041219216073,0.41996340353346,
270,313,101,4.9880779000599,9.36231281731792,0.41996340353346,
271,313,100,5.06165485194206,9.36231281731792,0.413858754354902,
271,312,100,5.06165485194206,9.22622087509447,0.413858754354902,
271,312,100,5.06165485194206,9.22622087509447,0.413858754354902,
272,311,99,5.13631710520818,9.09210718515756,0.407842843245614,
272,310,99,5.13631710520818,8.95994299134393,0.407842843245614,
272,309,99,5.13631710520818,8.82969995549409,0.407842843245614,
273,308,98,5.21208066866353,8.70135015137617,0.4019143802961,
273,308,98,5.21208066866353,8.70135015137617,0.4019143802961,
273,307,97,5.21208066866353,8.57486605869806,0.396072094347178,
273,306,97,5.21208066866353,8.45022055720664,0.396072094347178,
273,305,96,5.21208066866353,8.32738692087273,0.39031473271742,
273,304,95,5.21208066866353,8.2063388121606,0.384641060934559,
272,303,95,5.13631710520818,8.08705027638077,0.384641060934559,
272,302,94,5.13631710520818,7.96949573612491,0.379049862470794,
271,301,92,5.06165485194206,7.85364998578163,0.368110107550433,
270,300,91,4.9880779000599,7.73948818613196,0.362759205431893,
269,300,90,4.91557047346277,7.73948818613196,0.357486084805615,
268,299,90,4.84411702537542,7.62698585902344,0.357486084805615,
268,298,90,4.84411702537542,7.51611888212162,0.357486084805615,
267,297,89,4.77370223501277,7.40686348373777,0.352289615028504,
266,296,89,4.7043110042949,7.29919623773193,0.352289615028504,
265,296,89,4.63592845460981,7.29919623773193,0.352289615028504,
264,295,89,4.56853992362313,7.1930940584899,0.352289615028504,
263,294,89,4.50213096213435,7.08853419597333,0.352289615028504,
262,294,89,4.43668733097861,7.08853419597333,0.352289615028504,
261,293,89,4.37219499797365,6.98549423084176,0.352289615028504,
260,293,89,4.30864013491105,6.98549423084176,0.352289615028504,
259,292,89,4.24600911459124,6.8839520696455,0.352289615028504,
259,291,90,4.24600911459124,6.78388594008847,0.357486084805615,
258,292,91,4.18428850790158,6.8839520696455,0.362759205431893,
258,293,92,4.18428850790158,6.98549423084176,0.368110107550433,
259,294,94,4.24600911459124,7.08853419597333,0.379049862470794,
260,295,95,4.30864013491105,7.1930940584899,0.384641060934559,
261,296,97,4.37219499797365,7.29919623773193,0.396072094347178,
262,297,99,4.43668733097861,7.40686348373777,0.407842843245614,
263,299,101,4.50213096213435,7.62698585902344,0.41996340353346,
264,300,102,4.56853992362313,7.73948818613196,0.426158099717671,
264,301,103,4.56853992362313,7.85364998578163,0.432444171151468,
264,300,104,4.56853992362313,7.73948818613196,0.438822965671127,
263,299,105,4.50213096213435,7.62698585902344,0.445295850994266,
262,297,105,4.43668733097861,7.40686348373777,0.445295850994266,
261,296,104,4.37219499797365,7.29919623773193,0.438822965671127,
260,294,103,4.30864013491105,7.08853419597333,0.432444171151468,
258,292,103,4.18428850790158,6.8839520696455,0.432444171151468,
257,290,102,4.12346508093701,6.68527438635986,0.426158099717671,
256,288,101,4.06352579216242,6.49233073803501,0.41996340353346,
254,287,101,3.94624840815533,6.39795727317259,0.41996340353346,
253,284,100,3.88888516673824,6.12298836273055,0.413858754354902,
252,283,100,3.83235576575023,6.03398371241015,0.413858754354902,
251,282,99,3.77664808436541,5.94627284664549,0.407842843245614,
250,280,99,3.72175017794799,5.77465751559676,0.407842843245614,
250,279,98,3.72175017794799,5.69071625318571,0.4019143802961,
251,279,98,3.77664808436541,5.69071625318571,0.4019143802961,
251,279,98,3.77664808436541,5.69071625318571,0.4019143802961,
253,280,98,3.88888516673824,5.77465751559676,0.4019143802961,
253,280,98,3.88888516673824,5.77465751559676,0.4019143802961,
254,281,98,3.94624840815533,5.85983695879589,0.4019143802961,
255,281,98,4.00445778961635,5.85983695879589,0.4019143802961,
256,282,98,4.06352579216242,5.94627284664549,0.4019143802961,
257,282,98,4.12346508093701,5.94627284664549,0.4019143802961,
258,283,98,4.18428850790158,6.03398371241015,0.4019143802961,
259,283,98,4.24600911459124,6.03398371241015,0.4019143802961,
261,283,98,4.37219499797365,6.03398371241015,0.4019143802961,
261,283,98,4.37219499797365,6.03398371241015,0.4019143802961,
262,284,98,4.43668733097861,6.12298836273055,0.4019143802961,
263,284,98,4.50213096213435,6.12298836273055,0.4019143802961,
264,284,98,4.56853992362313,6.12298836273055,0.4019143802961,
265,285,98,4.63592845460981,6.21330588165587,0.4019143802961,
266,285,98,4.7043110042949,6.21330588165587,0.4019143802961,
267,286,98,4.77370223501277,6.30495563473576,0.4019143802961,
269,286,98,4.91557047346277,6.30495563473576,0.4019143802961,
269,286,98,4.91557047346277,6.30495563473576,0.4019143802961,
270,286,98,4.9880779000599,6.30495563473576,0.4019143802961,
271,286,98,5.06165485194206,6.30495563473576,0.4019143802961,
272,286,99,5.13631710520818,6.30495563473576,0.407842843245614,
273,286,99,5.21208066866353,6.30495563473576,0.407842843245614,
274,286,99,5.28896178725224,6.30495563473576,0.407842843245614,
275,285,100,5.36697694554048,6.21330588165587,0.413858754354902,
276,286,100,5.44614287125105,6.30495563473576,0.413858754354902,
276,286,100,5.44614287125105,6.30495563473576,0.413858754354902,
277,286,101,5.52647653885006,6.30495563473576,0.41996340353346,
277,286,101,5.52647653885006,6.30495563473576,0.41996340353346,
278,286,101,5.60799517318654,6.30495563473576,0.41996340353346,
278,286,102,5.60799517318654,6.30495563473576,0.426158099717671,
279,287,102,5.69071625318571,6.39795727317259,0.426158099717671,
280,287,102,5.77465751559676,6.39795727317259,0.426158099717671,
280,287,102,5.77465751559676,6.39795727317259,0.426158099717671,
295,288,102,7.1930940584899,6.49233073803501,0.426158099717671,
296,288,102,7.29919623773193,6.49233073803501,0.426158099717671,
297,289,102,7.40686348373777,6.58809626453365,0.426158099717671,
299,289,102,7.62698585902344,6.58809626453365,0.426158099717671,
300,290,102,7.73948818613196,6.68527438635986,0.426158099717671,
302,290,102,7.96949573612491,6.68527438635986,0.426158099717671,
303,291,102,8.08705027638077,6.78388594008847,0.426158099717671,
304,291,102,8.2063388121606,6.78388594008847,0.426158099717671,
307,291,102,8.57486605869806,6.78388594008847,0.426158099717671,
308,290,102,8.70135015137617,6.68527438635986,0.426158099717671,
310,290,102,8.95994299134393,6.68527438635986,0.426158099717671,
312,290,102,9.22622087509447,6.68527438635986,0.426158099717671,
315,290,102,9.64054861038205,6.68527438635986,0.426158099717671,
317,290,102,9.92705321031608,6.68527438635986,0.426158099717671,
319,290,102,10.2220723553347,6.68527438635986,0.426158099717671,
321,290,102,10.5258590866736,6.68527438635986,0.426158099717671,
322,290,102,10.681121422799,6.68527438635986,0.426158099717671,
324,290,102,10.9985504969899,6.68527438635986,0.426158099717671,
325,290,102,11.160785297028,6.68527438635986,0.426158099717671,
326,290,102,11.3254131515281,6.68527438635986,0.426158099717671,
327,290,102,11.4924693593884,6.68527438635986,0.426158099717671,
326,290,102,11.3254131515281,6.68527438635986,0.426158099717671,
326,290,102,11.3254131515281,6.68527438635986,0.426158099717671,
326,290,102,11.3254131515281,6.68527438635986,0.426158099717671,
325,290,102,11.160785297028,6.68527438635986,0.426158099717671,
325,290,102,11.160785297028,6.68527438635986,0.426158099717671,
324,290,102,10.9985504969899,6.68527438635986,0.426158099717671,
323,290,102,10.8386739656258,6.68527438635986,0.426158099717671,
322,290,102,10.681121422799,6.68527438635986,0.426158099717671,
322,290,102,10.681121422799,6.68527438635986,0.426158099717671,
322,290,102,10.681121422799,6.68527438635986,0.426158099717671,
322,290,102,10.681121422799,6.68527438635986,0.426158099717671,
321,290,102,10.5258590866736,6.68527438635986,0.426158099717671,
321,290,102,10.5258590866736,6.68527438635986,0.426158099717671,
321,290,102,10.5258590866736,6.68527438635986,0.426158099717671,
321,290,102,10.5258590866736,6.68527438635986,0.426158099717671,
321,290,102,10.5258590866736,6.68527438635986,0.426158099717671,
320,290,102,10.3728536664717,6.68527438635986,0.426158099717671,
320,290,102,10.3728536664717,6.68527438635986,0.426158099717671,
320,290,102,10.3728536664717,6.68527438635986,0.426158099717671,
319,290,102,10.2220723553347,6.68527438635986,0.426158099717671,
319,290,102,10.2220723553347,6.68527438635986,0.426158099717671,
318,290,102,10.0734828232895,6.68527438635986,0.426158099717671,
318,290,102,10.0734828232895,6.68527438635986,0.426158099717671,
317,290,102,9.92705321031608,6.68527438635986,0.426158099717671,
317,290,102,9.92705321031608,6.68527438635986,0.426158099717671,
316,290,102,9.78275211951633,6.68527438635986,0.426158099717671,
316,290,102,9.78275211951633,6.68527438635986,0.426158099717671,
315,290,102,9.64054861038205,6.68527438635986,0.426158099717671,
315,290,102,9.64054861038205,6.68527438635986,0.426158099717671,
315,290,102,9.64054861038205,6.68527438635986,0.426158099717671,
315,290,102,9.64054861038205,6.68527438635986,0.426158099717671,
315,290,102,9.64054861038205,6.68527438635986,0.426158099717671,
315,290,102,9.64054861038205,6.68527438635986,0.426158099717671,
315,290,102,9.64054861038205,6.68527438635986,0.426158099717671,
315,290,102,9.64054861038205,6.68527438635986,0.426158099717671,
315,290,102,9.64054861038205,6.68527438635986,0.426158099717671,
315,290,102,9.64054861038205,6.68527438635986,0.426158099717671,
315,290,102,9.64054861038205,6.68527438635986,0.426158099717671,
315,290,102,9.64054861038205,6.68527438635986,0.426158099717671,
315,290,102,9.64054861038205,6.68527438635986,0.426158099717671,
315,290,102,9.64054861038205,6.68527438635986,0.426158099717671,
315,289,102,9.64054861038205,6.58809626453365,0.426158099717671,
315,289,102,9.64054861038205,6.58809626453365,0.426158099717671,
315,288,102,9.64054861038205,6.49233073803501,0.426158099717671,
315,288,102,9.64054861038205,6.49233073803501,0.426158099717671,
315,287,102,9.64054861038205,6.39795727317259,0.426158099717671,
315,287,102,9.64054861038205,6.39795727317259,0.426158099717671,
315,286,102,9.64054861038205,6.30495563473576,0.426158099717671,
315,286,102,9.64054861038205,6.30495563473576,0.426158099717671,
315,286,102,9.64054861038205,6.30495563473576,0.426158099717671,
315,285,102,9.64054861038205,6.21330588165587,0.426158099717671,
315,285,102,9.64054861038205,6.21330588165587,0.426158099717671,
315,285,102,9.64054861038205,6.21330588165587,0.426158099717671,
315,284,102,9.64054861038205,6.12298836273055,0.426158099717671,
315,284,102,9.64054861038205,6.12298836273055,0.426158099717671,
315,284,102,9.64054861038205,6.12298836273055,0.426158099717671,
315,283,102,9.64054861038205,6.03398371241015,0.426158099717671,
315,283,102,9.64054861038205,6.03398371241015,0.426158099717671,
315,282,102,9.64054861038205,5.94627284664549,0.426158099717671,
315,282,102,9.64054861038205,5.94627284664549,0.426158099717671,
314,281,102,9.50041219216073,5.85983695879589,0.426158099717671,
314,280,102,9.50041219216073,5.77465751559676,0.426158099717671,
313,279,102,9.36231281731792,5.69071625318571,0.426158099717671,
313,278,102,9.36231281731792,5.60799517318654,0.426158099717671,
312,277,102,9.22622087509447,5.52647653885006,0.426158099717671,
311,277,102,9.09210718515756,5.52647653885006,0.426158099717671,
310,275,102,8.95994299134393,5.36697694554048,0.426158099717671,
309,275,102,8.82969995549409,5.36697694554048,0.426158099717671,
308,275,102,8.70135015137617,5.36697694554048,0.426158099717671,
308,274,102,8.70135015137617,5.28896178725224,0.426158099717671,
306,274,102,8.45022055720664,5.28896178725224,0.426158099717671,
306,274,103,8.45022055720664,5.28896178725224,0.432444171151468,
306,274,103,8.45022055720664,5.28896178725224,0.432444171151468,
305,274,103,8.32738692087273,5.28896178725224,0.432444171151468,
305,274,104,8.32738692087273,5.28896178725224,0.438822965671127,
305,274,104,8.32738692087273,5.28896178725224,0.438822965671127,
304,274,105,8.2063388121606,5.28896178725224,0.445295850994266,
304,274,105,8.2063388121606,5.28896178725224,0.445295850994266,
304,274,105,8.2063388121606,5.28896178725224,0.445295850994266,
303,274,106,8.08705027638077,5.28896178725224,0.451864215013107,
303,274,106,8.08705027638077,5.28896178725224,0.451864215013107,
304,274,106,8.2063388121606,5.28896178725224,0.451864215013107,
304,273,106,8.2063388121606,5.21208066866353,0.451864215013107,
305,273,106,8.32738692087273,5.21208066866353,0.451864215013107,
305,273,106,8.32738692087273,5.21208066866353,0.451864215013107,
306,272,106,8.45022055720664,5.13631710520818,0.451864215013107,
307,272,106,8.57486605869806,5.13631710520818,0.451864215013107,
307,272,106,8.57486605869806,5.13631710520818,0.451864215013107,
308,271,106,8.70135015137617,5.06165485194206,0.451864215013107,
308,271,106,8.70135015137617,5.06165485194206,0.451864215013107,
309,271,106,8.82969995549409,5.06165485194206,0.451864215013107,
312,270,106,9.22622087509447,4.9880779000599,0.451864215013107,
313,270,106,9.36231281731792,4.9880779000599,0.451864215013107,
313,270,106,9.36231281731792,4.9880779000599,0.451864215013107,
314,269,106,9.50041219216073,4.91557047346277,0.451864215013107,
315,269,105,9.64054861038205,4.91557047346277,0.445295850994266,
316,269,105,9.78275211951633,4.91557047346277,0.445295850994266,
317,269,105,9.92705321031608,4.91557047346277,0.445295850994266,
319,269,104,10.2220723553347,4.91557047346277,0.438822965671127,
320,269,103,10.3728536664717,4.91557047346277,0.432444171151468,
321,269,103,10.5258590866736,4.91557047346277,0.432444171151468,
322,270,103,10.681121422799,4.9880779000599,0.432444171151468,
323,270,102,10.8386739656258,4.9880779000599,0.426158099717671,
323,270,102,10.8386739656258,4.9880779000599,0.426158099717671,
325,270,102,11.160785297028,4.9880779000599,0.426158099717671,
326,271,102,11.3254131515281,5.06165485194206,0.426158099717671,
327,271,102,11.4924693593884,5.06165485194206,0.426158099717671,
327,271,102,11.4924693593884,5.06165485194206,0.426158099717671,
328,272,102,11.6619897401853,5.13631710520818,0.426158099717671,
329,272,102,11.8340106418544,5.13631710520818,0.426158099717671,
329,272,102,11.8340106418544,5.13631710520818,0.426158099717671,
330,273,102,12.0085689484835,5.21208066866353,0.426158099717671,
331,273,102,12.1857020882217,5.21208066866353,0.426158099717671,
333,273,102,12.5478453481957,5.21208066866353,0.426158099717671,
333,273,102,12.5478453481957,5.21208066866353,0.426158099717671,
334,272,102,12.732933117855,5.13631710520818,0.426158099717671,
336,271,102,13.1113393742156,5.06165485194206,0.426158099717671,
337,271,102,13.3047389973923,5.06165485194206,0.426158099717671,
338,270,102,13.5009913736842,4.9880779000599,0.426158099717671,
340,269,102,13.9022233251589,4.91557047346277,0.426158099717671,
341,268,102,14.1072889310184,4.84411702537542,0.426158099717671,
342,267,102,14.315379369793,4.77370223501277,0.426158099717671,
343,266,102,14.5265392594678,4.7043110042949,0.426158099717671,
343,265,102,14.5265392594678,4.63592845460981,0.426158099717671,
344,265,102,14.7408138761684,4.63592845460981,0.426158099717671,
344,264,102,14.7408138761684,4.56853992362313,0.426158099717671,
343,263,102,14.5265392594678,4.50213096213435,0.426158099717671,
343,262,102,14.5265392594678,4.43668733097861,0.426158099717671,
343,261,102,14.5265392594678,4.37219499797365,0.426158099717671,
343,261,102,14.5265392594678,4.37219499797365,0.426158099717671,
342,260,102,14.315379369793,4.30864013491105,0.426158099717671,
342,259,102,14.315379369793,4.24600911459124,0.426158099717671,
342,259,102,14.315379369793,4.24600911459124,0.426158099717671,
341,258,102,14.1072889310184,4.18428850790158,0.426158099717671,
341,257,102,14.1072889310184,4.12346508093701,0.426158099717671,
341,257,102,14.1072889310184,4.12346508093701,0.426158099717671,
342,256,102,14.315379369793,4.06352579216242,0.426158099717671,
343,256,102,14.5265392594678,4.06352579216242,0.426158099717671,
344,255,102,14.7408138761684,4.00445778961635,0.426158099717671,
345,255,102,14.9582491638687,4.00445778961635,0.426158099717671,
346,254,102,15.1788917442418,3.94624840815533,0.426158099717671,
347,254,102,15.4027889266569,3.94624840815533,0.426158099717671,
348,253,102,15.629988718323,3.88888516673824,0.426158099717671,
350,253,102,16.0944917093555,3.88888516673824,0.426158099717671,
351,253,102,16.3318945057418,3.88888516673824,0.426158099717671,
352,253,102,16.5727991267741,3.88888516673824,0.426158099717671,
354,252,102,17.0653212202253,3.83235576575023,0.426158099717671,
355,252,102,17.3170442974168,3.83235576575023,0.426158099717671,
356,251,102,17.5724804314429,3.77664808436541,0.426158099717671,
358,251,102,18.0947117565811,3.77664808436541,0.426158099717671,
360,251,102,18.6324631193156,3.77664808436541,0.426158099717671,
361,250,102,18.9073024201131,3.72175017794799,0.426158099717671,
363,250,102,19.4692029233555,3.72175017794799,0.426158099717671,
365,250,102,20.0478023807125,3.72175017794799,0.426158099717671,
366,249,102,20.3435187309104,3.66765027549114,0.426158099717671,
367,249,102,20.6435970634401,3.66765027549114,0.426158099717671,
368,249,102,20.9481017199919,3.66765027549114,0.426158099717671,
368,248,102,20.9481017199919,3.61433677709311,0.426158099717671,
369,247,102,21.2570979913324,3.56179825147,0.426158099717671,
370,247,102,21.5706521313036,3.56179825147,0.426158099717671,
370,246,102,21.5706521313036,3.51002343350472,0.426158099717671,
370,246,102,21.5706521313036,3.51002343350472,0.426158099717671,
370,245,102,21.5706521313036,3.45900122183156,0.426158099717671,
370,245,102,21.5706521313036,3.45900122183156,0.426158099717671,
371,244,102,21.8888313710289,3.4087206764559,0.426158099717671,
371,244,102,21.8888313710289,3.4087206764559,0.426158099717671,
372,243,101,22.2117039333286,3.35917101640844,0.41996340353346,
373,243,101,22.5393390473479,3.35917101640844,0.41996340353346,
374,242,101,22.8718069634008,3.31034161743363,0.41996340353346,
375,241,100,23.2091789680329,3.26222200971167,0.413858754354902,
376,241,100,23.5515273993064,3.26222200971167,0.413858754354902,
377,240,100,23.8989256623105,3.21480187561355,0.413858754354902,
377,239,99,23.8989256623105,3.16807104748884,0.407842843245614,
378,238,99,24.2514482449009,3.12201950548556,0.407842843245614,
379,238,99,24.6091707336708,3.12201950548556,0.407842843245614,
381,237,99,25.3405233672923,3.07663737540173,0.407842843245614,
382,237,98,25.7143103260809,3.07663737540173,0.4019143802961,
383,236,98,26.0936108525467,3.03191492656823,0.4019143802961,
384,236,97,26.478506274911,3.03191492656823,0.396072094347178,
386,236,97,27.2654131361008,3.03191492656823,0.396072094347178,
387,235,97,27.6675933005963,2.98784256976237,0.396072094347178,
389,235,96,28.4898382858234,2.98784256976237,0.39031473271742,
391,235,96,29.3365193254765,2.98784256976237,0.39031473271742,
392,234,96,29.7692494700428,2.94441085515178,0.39031473271742,
394,234,95,30.6539529505653,2.94441085515178,0.384641060934559,
396,234,95,31.564948670979,2.94441085515178,0.384641060934559,
397,233,95,32.0305494005706,2.90161047026823,0.384641060934559,
400,233,94,33.4689655378841,2.90161047026823,0.379049862470794,
402,233,94,34.4636197810369,2.90161047026823,0.379049862470794,
405,232,94,36.0112993485438,2.85943223801089,0.379049862470794,
408,232,93,37.6284815411057,2.85943223801089,0.373539938481952,
411,232,93,39.3182875570577,2.85943223801089,0.373539938481952,
414,232,93,41.0839787603625,2.85943223801089,0.373539938481952,
417,232,93,42.9289629751166,2.85943223801089,0.373539938481952,
420,232,93,44.8568010627282,2.85943223801089,0.373539938481952,
424,232,93,47.5625905353836,2.85943223801089,0.373539938481952,
426,231,93,48.9760890326051,2.81786711467861,0.373539938481952,
428,230,93,50.4315948717136,2.77690618803078,0.373539938481952,
431,228,92,52.6963583943974,2.69676192169106,0.368110107550433,
429,227,91,51.1754892341437,2.65756139776087,0.362759205431893,
428,226,90,50.4315948717136,2.61893069835396,0.357486084805615,
425,225,89,48.2641654717274,2.58086154041808,0.352289615028504,
423,222,87,46.8712137944606,2.46994228049332,0.342122187386456,
419,220,86,44.2047560715305,2.39865729692966,0.337149049459144,
415,217,84,41.689990532621,2.29556873986377,0.327418593553755,
412,215,82,39.898254391906,2.22931634960235,0.317968968255122,
407,213,80,37.0815084548854,2.16497606902387,0.308792068513444,
404,211,79,35.4878338581291,2.10249271274672,0.304303422046787,
402,209,77,34.4636197810369,2.04181268809411,0.295520923520289,
399,207,76,32.9824557818936,1.98288394912707,0.291225188349472,
396,205,75,31.564948670979,1.92565595200403,0.286991896610538,
394,203,74,30.6539529505653,1.8700796116288,0.282820140616669,
391,201,73,29.3365193254765,1.81610725954977,0.278709025875316,
388,199,72,28.0757058485075,1.76369260307408,0.274657670896404,
386,197,71,27.2654131361008,1.71279068556191,0.270665207003324,
384,196,71,26.478506274911,1.68789331078192,0.270665207003324,
382,195,70,25.7143103260809,1.66335784786667,0.266730778146679,
381,193,70,25.3405233672923,1.61535169088798,0.266730778146679,
380,192,69,24.9721698301584,1.59187070352125,0.262853540720729,
379,191,68,24.6091707336708,1.5687310392056,0.259032663382512,
377,190,68,23.8989256623105,1.54592773641948,0.259032663382512,
376,189,67,23.5515273993064,1.52345590576271,0.255267326873585,
375,188,67,23.2091789680329,1.50131072890817,0.255267326873585,
375,187,66,23.2091789680329,1.47948745756863,0.251556723844369,
373,187,65,22.5393390473479,1.47948745756863,0.247900058681032,
373,186,65,22.5393390473479,1.45798141247865,0.247900058681032,
371,185,64,21.8888313710289,1.43678798239128,0.244296547334903,
370,185,63,21.5706521313036,1.43678798239128,0.240745417154358,
369,184,63,21.2570979913324,1.41590262308933,0.240745417154358,
368,181,62,20.9481017199919,1.35505051280791,0.237245906719145,
367,180,61,20.6435970634401,1.33535330126444,0.233797265677131,
365,177,60,20.0478023807125,1.27796300829648,0.230398754583411,
364,175,59,19.756384606436,1.24107972856932,0.227049644741758,
362,173,59,19.1861957550326,1.20526093687084,0.227049644741758,
361,171,58,18.9073024201131,1.17047591102093,0.223749218048378,
359,169,57,18.3616189226099,1.13669481551204,0.22049676683794,
357,166,56,17.8316843919783,1.08784238940457,0.21729159373184,
353,164,55,16.8172572263336,1.05644617927408,0.214133011488669,
347,161,54,15.4027889266569,1.01104264773227,0.21102034285686,
343,159,53,14.5265392594678,0.981862954305846,0.207952920429473,
337,157,53,13.3047389973923,0.953525415768115,0.207952920429473,
332,155,52,12.3654480413041,0.926005726693851,0.204930086501094,
327,153,51,11.4924693593884,0.899280283136507,0.201951192926809,
323,151,51,10.8386739656258,0.873326162382843,0.201951192926809,
316,148,50,9.78275211951633,0.83579269145176,0.199015600983234,
308,147,50,8.70135015137617,0.823643487201135,0.199015600983234,
300,146,50,7.73948818613196,0.811670885552368,0.199015600983234,
293,145,49,6.98549423084176,0.799872319384325,0.196122681231559,
286,144,49,6.30495563473576,0.788245258891918,0.196122681231559,
278,143,49,5.60799517318654,0.776787211043678,0.196122681231559,
273,142,48,5.21208066866353,0.7654957190472,0.193271813382591,
269,141,48,4.91557047346277,0.754368361822373,0.193271813382591,
265,140,48,4.63592845460981,0.74340275348226,0.193271813382591,
260,139,47,4.30864013491105,0.732596542821523,0.19046238616375,
257,138,47,4.12346508093701,0.721947412812286,0.19046238616375,
257,137,46,4.12346508093701,0.711453080107329,0.187693797188001,
260,136,46,4.30864013491105,0.701111294550499,0.187693797188001,
262,135,46,4.43668733097861,0.690919838694241,0.187693797188001,
266,134,45,4.7043110042949,0.680876527324141,0.184965452824698,
270,133,44,4.9880779000599,0.670979206990377,0.182276768072295,
273,133,44,5.21208066866353,0.670979206990377,0.182276768072295,
277,132,44,5.52647653885006,0.66122575554599,0.182276768072295,
281,132,43,5.85983695879589,0.66122575554599,0.179627166432913,
285,131,43,6.21330588165587,0.651614081691858,0.179627166432913,
289,131,43,6.58809626453365,0.651614081691858,0.179627166432913,
293,131,43,6.98549423084176,0.651614081691858,0.179627166432913,
299,131,43,7.62698585902344,0.651614081691858,0.179627166432913,
302,131,43,7.96949573612491,0.651614081691858,0.179627166432913,
307,131,43,8.57486605869806,0.651614081691858,0.179627166432913,
312,131,43,9.22622087509447,0.651614081691858,0.179627166432913,
316,131,43,9.78275211951633,0.651614081691858,0.179627166432913,
318,131,43,10.0734828232895,0.651614081691858,0.179627166432913,
321,131,43,10.5258590866736,0.651614081691858,0.179627166432913,
324,131,43,10.9985504969899,0.651614081691858,0.179627166432913,
326,132,44,11.3254131515281,0.66122575554599,0.182276768072295,
326,132,44,11.3254131515281,0.66122575554599,0.182276768072295,
326,132,44,11.3254131515281,0.66122575554599,0.182276768072295,
325,133,45,11.160785297028,0.670979206990377,0.184965452824698,
324,133,45,10.9985504969899,0.670979206990377,0.184965452824698,
321,133,45,10.5258590866736,0.670979206990377,0.184965452824698,
320,134,46,10.3728536664717,0.680876527324141,0.187693797188001,
317,134,46,9.92705321031608,0.680876527324141,0.187693797188001,
315,135,46,9.64054861038205,0.690919838694241,0.187693797188001,
313,135,46,9.36231281731792,0.690919838694241,0.187693797188001,
311,135,47,9.09210718515756,0.690919838694241,0.19046238616375,
309,135,47,8.82969995549409,0.690919838694241,0.19046238616375,
307,135,48,8.57486605869806,0.690919838694241,0.193271813382591,
303,135,48,8.08705027638077,0.690919838694241,0.193271813382591,
301,135,49,7.85364998578163,0.690919838694241,0.196122681231559,
298,135,49,7.51611888212162,0.690919838694241,0.196122681231559,
296,135,50,7.29919623773193,0.690919838694241,0.199015600983234,
293,135,50,6.98549423084176,0.690919838694241,0.199015600983234,
291,135,51,6.78388594008847,0.690919838694241,0.201951192926809,
289,135,51,6.58809626453365,0.690919838694241,0.201951192926809,
287,135,51,6.39795727317259,0.690919838694241,0.201951192926809,
285,134,51,6.21330588165587,0.680876527324141,0.201951192926809,
283,134,51,6.03398371241015,0.680876527324141,0.201951192926809,
281,133,51,5.85983695879589,0.670979206990377,0.201951192926809,
280,132,50,5.77465751559676,0.66122575554599,0.199015600983234,
279,131,50,5.69071625318571,0.651614081691858,0.199015600983234,
278,130,50,5.60799517318654,0.642142124528287,0.199015600983234,
278,129,49,5.60799517318654,0.632807853113119,0.196122681231559,
277,128,49,5.52647653885006,0.623609266026271,0.196122681231559,
276,127,49,5.44614287125105,0.61454439094059,0.196122681231559,
276,126,48,5.44614287125105,0.60561128419896,0.193271813382591,
275,125,48,5.36697694554048,0.596808030397547,0.193271813382591,
275,123,48,5.36697694554048,0.579583558808257,0.193271813382591,
274,122,48,5.28896178725224,0.571158647812643,0.193271813382591,
273,121,47,5.21208066866353,0.562856202549892,0.19046238616375,
273,120,47,5.21208066866353,0.554674442840278,0.19046238616375,
273,118,46,5.21208066866353,0.53866598837018,0.187693797188001,
273,117,46,5.21208066866353,0.53083586113587,0.187693797188001,
273,115,45,5.21208066866353,0.515515411773583,0.184965452824698,
274,114,45,5.28896178725224,0.508021804691302,0.184965452824698,
276,113,44,5.44614287125105,0.500637125772605,0.182276768072295,
278,112,44,5.60799517318654,0.493359791621845,0.182276768072295,
280,112,44,5.77465751559676,0.493359791621845,0.182276768072295,
282,112,44,5.94627284664549,0.493359791621845,0.182276768072295,
284,112,44,6.12298836273055,0.493359791621845,0.182276768072295,
287,113,45,6.39795727317259,0.500637125772605,0.184965452824698,
290,113,45,6.68527438635986,0.500637125772605,0.184965452824698,
294,114,45,7.08853419597333,0.508021804691302,0.184965452824698,
298,115,46,7.51611888212162,0.515515411773583,0.187693797188001,
303,115,46,8.08705027638077,0.515515411773583,0.187693797188001,
305,116,46,8.32738692087273,0.523119553771069,0.187693797188001,
310,117,46,8.95994299134393,0.53083586113587,0.187693797188001,
316,119,47,9.78275211951633,0.546611614381031,0.19046238616375,
322,120,47,10.681121422799,0.554674442840278,0.19046238616375,
327,122,47,11.4924693593884,0.571158647812643,0.19046238616375,
333,124,47,12.5478453481957,0.588132741975106,0.19046238616375,
338,125,48,13.5009913736842,0.596808030397547,0.193271813382591,
343,127,48,14.5265392594678,0.61454439094059,0.193271813382591,
350,129,48,16.0944917093555,0.632807853113119,0.193271813382591,
357,131,48,17.8316843919783,0.651614081691858,0.193271813382591,
363,133,48,19.4692029233555,0.670979206990377,0.193271813382591,
369,134,48,21.2570979913324,0.680876527324141,0.193271813382591,
376,136,48,23.5515273993064,0.701111294550499,0.193271813382591,
382,137,48,25.7143103260809,0.711453080107329,0.193271813382591,
388,139,48,28.0757058485075,0.732596542821523,0.193271813382591,
395,140,48,31.1061159813821,0.74340275348226,0.193271813382591,
401,141,49,33.9626515861507,0.754368361822373,0.196122681231559,
406,141,49,36.5424862490832,0.754368361822373,0.196122681231559,
411,142,49,39.3182875570577,0.7654957190472,0.196122681231559,
416,142,50,42.3049413190451,0.7654957190472,0.199015600983234,
421,142,50,45.5184640839373,0.7654957190472,0.199015600983234,
426,143,50,48.9760890326051,0.776787211043678,0.199015600983234,
429,143,51,51.1754892341437,0.776787211043678,0.201951192926809,
432,143,51,53.4736592913828,0.776787211043678,0.201951192926809,
435,144,52,55.8750347246922,0.788245258891918,0.204930086501094,
437,144,52,57.5355682811392,0.788245258891918,0.204930086501094,
439,145,52,59.2454507410039,0.799872319384325,0.204930086501094,
437,145,53,57.5355682811392,0.799872319384325,0.207952920429473,
435,145,53,55.8750347246922,0.799872319384325,0.207952920429473,
433,146,54,54.2624258133727,0.811670885552368,0.21102034285686,
430,146,55,51.9303564564221,0.811670885552368,0.214133011488669,
428,147,55,50.4315948717136,0.823643487201135,0.214133011488669,
426,147,55,48.9760890326051,0.823643487201135,0.214133011488669,
425,148,55,48.2641654717274,0.83579269145176,0.214133011488669,
423,148,56,46.8712137944606,0.83579269145176,0.21729159373184,
422,148,56,46.189887006505,0.83579269145176,0.21729159373184,
423,148,56,46.8712137944606,0.83579269145176,0.21729159373184,
424,148,56,47.5625905353836,0.83579269145176,0.21729159373184,
425,148,56,48.2641654717274,0.83579269145176,0.21729159373184,
426,148,56,48.9760890326051,0.83579269145176,0.21729159373184,
427,148,56,49.6985138660435,0.83579269145176,0.21729159373184,
428,148,56,50.4315948717136,0.83579269145176,0.21729159373184,
429,148,56,51.1754892341437,0.83579269145176,0.21729159373184,
430,148,56,51.9303564564221,0.83579269145176,0.21729159373184,
430,148,56,51.9303564564221,0.83579269145176,0.21729159373184,
430,148,56,51.9303564564221,0.83579269145176,0.21729159373184,
428,148,56,50.4315948717136,0.83579269145176,0.21729159373184,
427,148,56,49.6985138660435,0.83579269145176,0.21729159373184,
425,148,56,48.2641654717274,0.83579269145176,0.21729159373184,
423,148,56,46.8712137944606,0.83579269145176,0.21729159373184,
421,148,56,45.5184640839373,0.83579269145176,0.21729159373184,
417,148,56,42.9289629751166,0.83579269145176,0.21729159373184,
414,148,56,41.0839787603625,0.83579269145176,0.21729159373184,
412,148,56,39.898254391906,0.83579269145176,0.21729159373184,
409,148,56,38.183522787698,0.83579269145176,0.21729159373184,
406,148,56,36.5424862490832,0.83579269145176,0.21729159373184,
404,148,56,35.4878338581291,0.83579269145176,0.21729159373184,
402,148,56,34.4636197810369,0.83579269145176,0.21729159373184,
400,148,56,33.4689655378841,0.83579269145176,0.21729159373184,
398,148,56,32.5030180025498,0.83579269145176,0.21729159373184,
396,148,57,31.564948670979,0.83579269145176,0.22049676683794,
394,148,57,30.6539529505653,0.83579269145176,0.22049676683794,
392,148,58,29.7692494700428,0.83579269145176,0.223749218048378,
391,148,58,29.3365193254765,0.83579269145176,0.223749218048378,
390,148,59,28.9100794092953,0.83579269145176,0.227049644741758,
389,148,59,28.4898382858234,0.83579269145176,0.227049644741758,
388,149,60,28.0757058485075,0.848121103291853,0.230398754583411,
387,149,60,27.6675933005963,0.848121103291853,0.230398754583411,
386,149,60,27.2654131361008,0.848121103291853,0.230398754583411,
385,149,60,26.8690791210321,0.848121103291853,0.230398754583411,
384,150,60,26.478506274911,0.860631366134059,0.230398754583411,
383,151,60,26.0936108525467,0.873326162382843,0.230398754583411,
382,151,60,25.7143103260809,0.873326162382843,0.230398754583411,
381,152,60,25.3405233672923,0.886208214009644,0.230398754583411,
380,153,60,24.9721698301584,0.899280283136507,0.230398754583411,
379,153,60,24.6091707336708,0.899280283136507,0.230398754583411,
378,155,60,24.2514482449009,0.926005726693851,0.230398754583411,
377,156,60,23.8989256623105,0.93966483149547,0.230398754583411,
376,158,60,23.5515273993064,0.967590451447198,0.230398754583411,
378,160,60,24.2514482449009,0.996345984601538,0.230398754583411,
379,162,61,24.6091707336708,1.02595609490239,0.233797265677131,
381,163,61,25.3405233672923,1.04108952379831,0.233797265677131,
383,166,62,26.0936108525467,1.08784238940457,0.237245906719145,
385,167,62,26.8690791210321,1.10388867591898,0.237245906719145,
388,170,63,28.0757058485075,1.15346170276227,0.240745417154358,
390,171,63,28.9100794092953,1.17047591102093,0.240745417154358,
392,173,64,29.7692494700428,1.20526093687084,0.244296547334903,
394,175,64,30.6539529505653,1.24107972856932,0.244296547334903,
395,175,64,31.1061159813821,1.24107972856932,0.244296547334903,
397,173,65,32.0305494005706,1.20526093687084,0.247900058681032,
398,171,65,32.5030180025498,1.17047591102093,0.247900058681032,
399,169,65,32.9824557818936,1.13669481551204,0.247900058681032,
399,166,66,32.9824557818936,1.08784238940457,0.251556723844369,
399,163,66,32.9824557818936,1.04108952379831,0.251556723844369,
399,159,66,32.9824557818936,0.981862954305846,0.251556723844369,
399,155,67,32.9824557818936,0.926005726693851,0.255267326873585,
399,152,67,32.9824557818936,0.886208214009644,0.255267326873585,
399,149,67,32.9824557818936,0.848121103291853,0.255267326873585,
399,147,68,32.9824557818936,0.823643487201135,0.259032663382512,
399,144,68,32.9824557818936,0.788245258891918,0.259032663382512,
399,142,68,32.9824557818936,0.7654957190472,0.259032663382512,
399,140,69,32.9824557818936,0.74340275348226,0.262853540720729,
398,139,69,32.5030180025498,0.732596542821523,0.262853540720729,
398,140,70,32.5030180025498,0.74340275348226,0.266730778146679,
398,141,70,32.5030180025498,0.754368361822373,0.266730778146679,
397,142,71,32.0305494005706,0.7654957190472,0.270665207003324,
397,144,71,32.0305494005706,0.788245258891918,0.270665207003324,
396,145,72,31.564948670979,0.799872319384325,0.274657670896404,
396,147,72,31.564948670979,0.823643487201135,0.274657670896404,
397,148,72,32.0305494005706,0.83579269145176,0.274657670896404,
397,150,72,32.0305494005706,0.860631366134059,0.274657670896404,
398,151,72,32.5030180025498,0.873326162382843,0.274657670896404,
400,153,72,33.4689655378841,0.899280283136507,0.274657670896404,
401,154,72,33.9626515861507,0.912545172628332,0.274657670896404,
402,155,72,34.4636197810369,0.926005726693851,0.274657670896404,
404,157,72,35.4878338581291,0.953525415768115,0.274657670896404,
405,158,72,36.0112993485438,0.967590451447198,0.274657670896404,
406,159,72,36.5424862490832,0.981862954305846,0.274657670896404,
408,161,72,37.6284815411057,1.01104264773227,0.274657670896404,
411,162,72,39.3182875570577,1.02595609490239,0.274657670896404,
413,163,72,40.4867760634581,1.04108952379831,0.274657670896404,
416,164,73,42.3049413190451,1.05644617927408,0.278709025875316,
418,165,73,43.5621893012598,1.07202935404719,0.278709025875316,
421,167,74,45.5184640839373,1.10388867591898,0.282820140616669,
423,168,74,46.8712137944606,1.12017165417608,0.282820140616669,
426,169,75,48.9760890326051,1.13669481551204,0.286991896610538,
430,170,75,51.9303564564221,1.15346170276227,0.286991896610538,
433,171,76,54.2624258133727,1.17047591102093,0.291225188349472,
436,172,76,56.6992228836829,1.18774108841188,0.291225188349472,
438,173,76,58.3842502431598,1.20526093687084,0.291225188349472,
441,174,76,61.0061486896853,1.22303921293917,0.291225188349472,
443,175,77,62.8191722975982,1.24107972856932,0.295520923520289,
446,176,77,65.640232593365,1.25938635194218,0.295520923520289,
448,177,77,67.5909751640198,1.27796300829648,0.295520923520289,
449,178,77,68.5879800278074,1.29681368077043,0.295520923520289,
450,179,77,69.5996912735639,1.31594241125578,0.295520923520289,
451,180,77,70.6263258286872,1.33535330126444,0.295520923520289,
452,181,77,71.6681038203759,1.35505051280791,0.295520923520289,
453,182,77,72.7252486228286,1.37503826928974,0.295520923520289,
454,182,77,73.7979869051388,1.37503826928974,0.295520923520289,
456,183,77,75.9911673525072,1.39532085641101,0.295520923520289,
456,184,77,75.9911673525072,1.41590262308933,0.295520923520289,
457,185,77,77.1120797712361,1.43678798239128,0.295520923520289,
458,185,77,78.2495262779945,1.43678798239128,0.295520923520289,
458,184,77,78.2495262779945,1.41590262308933,0.295520923520289,
459,184,77,79.4037507598713,1.41590262308933,0.295520923520289,
460,183,77,80.5750007014273,1.39532085641101,0.295520923520289,
461,183,77,81.7635272377596,1.39532085641101,0.295520923520289,
461,182,77,81.7635272377596,1.37503826928974,0.295520923520289,
462,181,77,82.9695852083491,1.35505051280791,0.295520923520289,
463,180,77,84.1934332117021,1.33535330126444,0.295520923520289,
464,180,77,85.4353336607983,1.33535330126444,0.295520923520289,
464,179,77,85.4353336607983,1.31594241125578,0.295520923520289,
465,178,77,86.6955528393563,1.29681368077043,0.295520923520289,
465,178,77,86.6955528393563,1.29681368077043,0.295520923520289,
465,178,77,86.6955528393563,1.29681368077043,0.295520923520289,
465,178,77,86.6955528393563,1.29681368077043,0.295520923520289,
464,178,77,85.4353336607983,1.29681368077043,0.295520923520289,
463,179,77,84.1934332117021,1.31594241125578,0.295520923520289,
462,179,77,82.9695852083491,1.31594241125578,0.295520923520289,
461,180,77,81.7635272377596,1.33535330126444,0.295520923520289,
460,180,77,80.5750007014273,1.33535330126444,0.295520923520289,
459,181,77,79.4037507598713,1.35505051280791,0.295520923520289,
458,181,77,78.2495262779945,1.35505051280791,0.295520923520289,
456,182,77,75.9911673525072,1.37503826928974,0.295520923520289,
456,182,77,75.9911673525072,1.37503826928974,0.295520923520289,
454,182,77,73.7979869051388,1.37503826928974,0.295520923520289,
453,182,77,72.7252486228286,1.37503826928974,0.295520923520289,
452,182,77,71.6681038203759,1.37503826928974,0.295520923520289,
450,182,77,69.5996912735639,1.37503826928974,0.295520923520289,
449,182,77,68.5879800278074,1.37503826928974,0.295520923520289,
448,182,77,67.5909751640198,1.37503826928974,0.295520923520289,
446,182,77,65.640232593365,1.37503826928974,0.295520923520289,
444,182,77,63.7457903877772,1.37503826928974,0.295520923520289,
443,182,77,62.8191722975982,1.37503826928974,0.295520923520289,
441,182,77,61.0061486896853,1.37503826928974,0.295520923520289,
439,182,77,59.2454507410039,1.37503826928974,0.295520923520289,
437,182,77,57.5355682811392,1.37503826928974,0.295520923520289,
435,183,77,55.8750347246922,1.39532085641101,0.295520923520289,
433,183,77,54.2624258133727,1.39532085641101,0.295520923520289,
431,184,77,52.6963583943974,1.41590262308933,0.295520923520289,
429,184,77,51.1754892341437,1.41590262308933,0.295520923520289,
427,185,77,49.6985138660435,1.43678798239128,0.295520923520289,
425,185,77,48.2641654717274,1.43678798239128,0.295520923520289,
424,186,77,47.5625905353836,1.45798141247865,0.295520923520289,
422,186,77,46.189887006505,1.45798141247865,0.295520923520289,
421,187,77,45.5184640839373,1.47948745756863,0.295520923520289,
422,187,77,46.189887006505,1.47948745756863,0.295520923520289,
422,187,77,46.189887006505,1.47948745756863,0.295520923520289,
423,187,77,46.8712137944606,1.47948745756863,0.295520923520289,
424,188,77,47.5625905353836,1.50131072890817,0.295520923520289,
424,188,77,47.5625905353836,1.50131072890817,0.295520923520289,
425,189,77,48.2641654717274,1.52345590576271,0.295520923520289,
426,189,77,48.9760890326051,1.52345590576271,0.295520923520289,
426,189,77,48.9760890326051,1.52345590576271,0.295520923520289,
427,189,77,49.6985138660435,1.52345590576271,0.295520923520289,
429,190,77,51.1754892341437,1.54592773641948,0.295520923520289,
430,190,77,51.9303564564221,1.54592773641948,0.295520923520289,
431,190,77,52.6963583943974,1.54592773641948,0.295520923520289,
432,190,77,53.4736592913828,1.54592773641948,0.295520923520289,
433,190,77,54.2624258133727,1.54592773641948,0.295520923520289,
435,190,77,55.8750347246922,1.54592773641948,0.295520923520289,
436,190,77,56.6992228836829,1.54592773641948,0.295520923520289,
437,190,77,57.5355682811392,1.54592773641948,0.295520923520289,
439,190,77,59.2454507410039,1.54592773641948,0.295520923520289,
439,190,77,59.2454507410039,1.54592773641948,0.295520923520289,
441,190,77,61.0061486896853,1.54592773641948,0.295520923520289,
442,191,77,61.9060236628895,1.5687310392056,0.295520923520289,
443,191,77,62.8191722975982,1.5687310392056,0.295520923520289,
444,191,77,63.7457903877772,1.5687310392056,0.295520923520289,
444,192,77,63.7457903877772,1.59187070352125,0.295520923520289,
445,192,77,64.6860766154633,1.59187070352125,0.295520923520289,
446,192,77,65.640232593365,1.59187070352125,0.295520923520289,
446,193,77,65.640232593365,1.61535169088798,0.295520923520289,
447,193,77,66.6084629080916,1.61535169088798,0.295520923520289,
447,193,77,66.6084629080916,1.61535169088798,0.295520923520289,
449,194,77,68.5879800278074,1.63917903601261,0.295520923520289,
450,194,77,69.5996912735639,1.63917903601261,0.295520923520289,
451,194,77,70.6263258286872,1.63917903601261,0.295520923520289,
453,193,77,72.7252486228286,1.61535169088798,0.295520923520289,
454,193,77,73.7979869051388,1.61535169088798,0.295520923520289,
456,192,77,75.9911673525072,1.59187070352125,0.295520923520289,
458,192,77,78.2495262779945,1.59187070352125,0.295520923520289,
460,191,77,80.5750007014273,1.5687310392056,0.295520923520289,
461,191,77,81.7635272377596,1.5687310392056,0.295520923520289,
463,191,77,84.1934332117021,1.5687310392056,0.295520923520289,
464,190,77,85.4353336607983,1.54592773641948,0.295520923520289,
465,190,77,86.6955528393563,1.54592773641948,0.295520923520289,
467,190,77,89.2720322168422,1.54592773641948,0.295520923520289,
468,190,77,90.5888448549853,1.54592773641948,0.295520923520289,
469,190,77,91.9250812194726,1.54592773641948,0.295520923520289,
470,190,77,93.2810278211822,1.54592773641948,0.295520923520289,
471,190,77,94.6569753971884,1.54592773641948,0.295520923520289,
472,190,77,96.0532189731009,1.54592773641948,0.295520923520289,
472,190,77,96.0532189731009,1.54592773641948,0.295520923520289,
473,190,77,97.4700579263229,1.54592773641948,0.295520923520289,
473,190,77,97.4700579263229,1.54592773641948,0.295520923520289,
470,190,77,93.2810278211822,1.54592773641948,0.295520923520289,
467,190,77,89.2720322168422,1.54592773641948,0.295520923520289,
465,191,77,86.6955528393563,1.5687310392056,0.295520923520289,
462,191,78,82.9695852083491,1.5687310392056,0.299880023198696,
459,191,78,79.4037507598713,1.5687310392056,0.299880023198696,
456,192,79,75.9911673525072,1.59187070352125,0.304303422046787,
453,192,79,72.7252486228286,1.59187070352125,0.304303422046787,
447,192,80,66.6084629080916,1.59187070352125,0.308792068513444,
444,193,80,63.7457903877772,1.61535169088798,0.308792068513444,
441,194,81,61.0061486896853,1.63917903601261,0.313346925037704,
438,194,81,58.3842502431598,1.63917903601261,0.313346925037704,
436,194,81,56.6992228836829,1.63917903601261,0.313346925037704,
434,194,81,55.0628270847787,1.63917903601261,0.313346925037704,
434,194,81,55.0628270847787,1.63917903601261,0.313346925037704,
436,194,81,56.6992228836829,1.63917903601261,0.313346925037704,
438,194,81,58.3842502431598,1.63917903601261,0.313346925037704,
440,194,81,60.1193544301094,1.63917903601261,0.313346925037704,
442,194,81,61.9060236628895,1.63917903601261,0.313346925037704,
444,194,81,63.7457903877772,1.63917903601261,0.313346925037704,
446,194,81,65.640232593365,1.63917903601261,0.313346925037704,
448,194,81,67.5909751640198,1.63917903601261,0.313346925037704,
449,194,81,68.5879800278074,1.63917903601261,0.313346925037704,
450,193,81,69.5996912735639,1.61535169088798,0.313346925037704,
451,193,81,70.6263258286872,1.61535169088798,0.313346925037704,
452,193,81,71.6681038203759,1.61535169088798,0.313346925037704,
452,192,81,71.6681038203759,1.59187070352125,0.313346925037704,
452,191,81,71.6681038203759,1.5687310392056,0.313346925037704,
451,190,81,70.6263258286872,1.54592773641948,0.313346925037704,
450,189,81,69.5996912735639,1.52345590576271,0.313346925037704,
450,188,81,69.5996912735639,1.50131072890817,0.313346925037704,
449,187,81,68.5879800278074,1.47948745756863,0.313346925037704,
448,186,81,67.5909751640198,1.45798141247865,0.313346925037704,
447,184,81,66.6084629080916,1.41590262308933,0.313346925037704,
446,182,81,65.640232593365,1.37503826928974,0.313346925037704,
445,181,81,64.6860766154633,1.35505051280791,0.313346925037704,
444,178,81,63.7457903877772,1.29681368077043,0.313346925037704,
442,176,81,61.9060236628895,1.25938635194218,0.313346925037704,
441,174,80,61.0061486896853,1.22303921293917,0.308792068513444,
440,172,80,60.1193544301094,1.18774108841188,0.308792068513444,
438,170,80,58.3842502431598,1.15346170276227,0.308792068513444,
436,168,79,56.6992228836829,1.12017165417608,0.304303422046787,
434,166,78,55.0628270847787,1.08784238940457,0.299880023198696,
433,164,78,54.2624258133727,1.05644617927408,0.299880023198696,
432,162,77,53.4736592913828,1.02595609490239,0.295520923520289,
430,161,77,51.9303564564221,1.01104264773227,0.295520923520289,
430,162,77,51.9303564564221,1.02595609490239,0.295520923520289,
429,164,77,51.1754892341437,1.05644617927408,0.295520923520289,
430,166,77,51.9303564564221,1.08784238940457,0.295520923520289,
430,168,77,51.9303564564221,1.12017165417608,0.295520923520289,
430,171,77,51.9303564564221,1.17047591102093,0.295520923520289,
431,174,77,52.6963583943974,1.22303921293917,0.295520923520289,
431,176,77,52.6963583943974,1.25938635194218,0.295520923520289,
431,179,77,52.6963583943974,1.31594241125578,0.295520923520289,
432,181,77,53.4736592913828,1.35505051280791,0.295520923520289,
432,183,77,53.4736592913828,1.39532085641101,0.295520923520289,
433,184,77,54.2624258133727,1.41590262308933,0.295520923520289,
433,186,77,54.2624258133727,1.45798141247865,0.295520923520289,
434,188,77,55.0628270847787,1.50131072890817,0.295520923520289,
435,190,77,55.8750347246922,1.54592773641948,0.295520923520289,
436,191,77,56.6992228836829,1.5687310392056,0.295520923520289,
436,193,77,56.6992228836829,1.61535169088798,0.295520923520289,
437,194,77,57.5355682811392,1.63917903601261,0.295520923520289,
438,196,77,58.3842502431598,1.68789331078192,0.295520923520289,
439,197,77,59.2454507410039,1.71279068556191,0.295520923520289,
440,199,77,60.1193544301094,1.76369260307408,0.295520923520289,
440,200,77,60.1193544301094,1.78970806000785,0.295520923520289,
438,202,77,58.3842502431598,1.84289586211893,0.295520923520289,
438,203,77,58.3842502431598,1.8700796116288,0.295520923520289,
437,205,77,57.5355682811392,1.92565595200403,0.295520923520289,
435,207,77,55.8750347246922,1.98288394912707,0.295520923520289,
434,209,77,55.0628270847787,2.04181268809411,0.295520923520289,
433,211,77,54.2624258133727,2.10249271274672,0.295520923520289,
431,213,77,52.6963583943974,2.16497606902387,0.295520923520289,
430,215,77,51.9303564564221,2.22931634960235,0.295520923520289,
429,217,77,51.1754892341437,2.29556873986377,0.295520923520289,
427,218,77,49.6985138660435,2.32942966868229,0.295520923520289,
426,219,77,48.9760890326051,2.36379006522771,0.295520923520289,
426,220,77,48.9760890326051,2.39865729692966,0.295520923520289,
425,221,77,48.2641654717274,2.43403883989151,0.295520923520289,
424,222,77,47.5625905353836,2.46994228049332,0.295520923520289,
424,223,77,47.5625905353836,2.50637531701855,0.295520923520289,
