Country,Strategy,Eq,Bo,Withdrawal,Rebalance,TrailAver,TrailMax,TrailMin,WDAver,WDMax,WDMin,SuccessRate, 
Australia.JPG,1,55,30,0.00,11,25.79,53.93,10.15,0,0,0,1.00,
Australia.JPG,1,55,30,0.50,11,23.52,62.45,9.00,20,20,20,1.00,
Australia.JPG,1,55,30,1.00,11,21.39,56.23,6.57,40,40,40,1.00,
Australia.JPG,1,55,30,1.50,11,19.13,52.45,6.43,60,60,60,1.00,
Australia.JPG,1,55,30,2.00,11,17.01,49.07,4.66,80,80,80,1.00,
Australia.JPG,1,55,30,2.50,11,14.84,49.43,3.87,100,100,100,1.00,
Australia.JPG,1,55,30,3.00,11,12.58,39.78,2.81,120,120,60,1.00,
Australia.JPG,1,55,30,3.50,11,10.37,44.29,1.09,140,140,70,1.00,
Australia.JPG,1,55,30,4.00,11,8.17,28.96,0.07,159,160,80,1.00,
Australia.JPG,1,55,30,4.50,11,6.05,30.54,0.00,176,180,0,1.00,
Australia.JPG,1,55,30,5.00,11,4.25,23.00,0.00,188,200,0,0.96,
Australia.JPG,1,55,30,5.50,11,2.75,17.61,0.00,193,220,0,0.85,
Australia.JPG,1,55,30,6.00,11,1.48,17.62,0.00,193,240,0,0.61,
Australia.JPG,1,55,30,6.50,11,0.79,14.72,0.00,188,260,0,0.38,
Australia.JPG,1,55,30,7.00,11,0.32,12.94,0.00,180,280,0,0.19,
Australia.JPG,1,55,30,7.50,11,0.12,9.56,0.00,171,300,0,0.08,
Australia.JPG,1,55,30,8.00,11,0.03,7.68,0.00,162,320,0,0.02,
Australia.JPG,1,55,30,8.50,11,0.01,3.49,0.00,156,340,0,0.01,
Australia.JPG,1,55,30,9.00,11,0.00,7.25,0.00,151,360,0,0.00,
Australia.JPG,1,55,30,9.50,11,0.00,5.38,0.00,146,380,0,0.00,
Austria.JPG,1,55,30,0.00,11,10.21,25.33,3.54,0,0,0,1.00,
Austria.JPG,1,55,30,0.50,11,8.84,30.58,2.62,20,20,10,1.00,
Austria.JPG,1,55,30,1.00,11,7.70,21.74,2.12,40,40,20,1.00,
Austria.JPG,1,55,30,1.50,11,6.44,17.87,1.08,59,60,30,1.00,
Austria.JPG,1,55,30,2.00,11,5.36,18.59,0.52,76,80,40,1.00,
Austria.JPG,1,55,30,2.50,11,4.25,14.58,0.34,91,100,50,1.00,
Austria.JPG,1,55,30,3.00,11,3.29,14.91,0.00,104,120,0,1.00,
Austria.JPG,1,55,30,3.50,11,2.36,12.89,0.00,115,140,0,0.98,
Austria.JPG,1,55,30,4.00,11,1.55,10.62,0.00,125,160,0,0.90,
Austria.JPG,1,55,30,4.50,11,0.93,11.00,0.00,131,180,0,0.69,
Austria.JPG,1,55,30,5.00,11,0.41,7.48,0.00,134,200,0,0.40,
Austria.JPG,1,55,30,5.50,11,0.15,7.72,0.00,132,220,0,0.17,
Austria.JPG,1,55,30,6.00,11,0.04,4.77,0.00,129,240,0,0.05,
Austria.JPG,1,55,30,6.50,11,0.01,5.27,0.00,125,260,0,0.01,
Austria.JPG,1,55,30,7.00,11,0.00,1.29,0.00,122,280,0,0.00,
Austria.JPG,1,55,30,7.50,11,0.00,1.14,0.00,120,300,0,0.00,
Austria.JPG,1,55,30,8.00,11,0.00,0.38,0.00,118,320,0,0.00,
Austria.JPG,1,55,30,8.50,11,0.00,0.00,0.00,116,340,0,0.00,
Austria.JPG,1,55,30,9.00,11,0.00,0.00,0.00,115,360,0,0.00,
Austria.JPG,1,55,30,9.50,11,0.00,0.00,0.00,114,380,0,0.00,
Belgium.JPG,1,55,30,0.00,11,12.18,30.22,4.38,0,0,0,1.00,
Belgium.JPG,1,55,30,0.50,11,10.86,27.62,4.22,20,20,20,1.00,
Belgium.JPG,1,55,30,1.00,11,9.54,29.13,3.38,40,40,40,1.00,
Belgium.JPG,1,55,30,1.50,11,8.18,23.54,2.52,60,60,60,1.00,
Belgium.JPG,1,55,30,2.00,11,6.76,19.80,1.30,80,80,40,1.00,
Belgium.JPG,1,55,30,2.50,11,5.43,18.81,0.85,100,100,50,1.00,
Belgium.JPG,1,55,30,3.00,11,4.06,15.75,0.00,119,120,0,1.00,
Belgium.JPG,1,55,30,3.50,11,2.85,13.87,0.00,135,140,0,0.99,
Belgium.JPG,1,55,30,4.00,11,1.80,12.76,0.00,148,160,0,0.93,
Belgium.JPG,1,55,30,4.50,11,0.97,12.78,0.00,155,180,0,0.72,
Belgium.JPG,1,55,30,5.00,11,0.43,6.53,0.00,156,200,0,0.42,
Belgium.JPG,1,55,30,5.50,11,0.15,7.28,0.00,153,220,0,0.18,
Belgium.JPG,1,55,30,6.00,11,0.05,5.75,0.00,148,240,0,0.06,
Belgium.JPG,1,55,30,6.50,11,0.01,2.98,0.00,143,260,0,0.01,
Belgium.JPG,1,55,30,7.00,11,0.01,3.09,0.00,139,280,0,0.01,
Belgium.JPG,1,55,30,7.50,11,0.00,1.52,0.00,136,300,0,0.00,
Belgium.JPG,1,55,30,8.00,11,0.00,0.13,0.00,133,320,0,0.00,
Belgium.JPG,1,55,30,8.50,11,0.00,0.00,0.00,131,340,0,0.00,
Belgium.JPG,1,55,30,9.00,11,0.00,0.00,0.00,129,360,0,0.00,
Belgium.JPG,1,55,30,9.50,11,0.00,0.00,0.00,127,380,0,0.00,
Canada.JPG,1,55,30,0.00,11,19.23,45.96,8.49,0,0,0,1.00,
Canada.JPG,1,55,30,0.50,11,17.53,43.32,8.07,20,20,20,1.00,
Canada.JPG,1,55,30,1.00,11,15.61,34.88,6.71,40,40,40,1.00,
Canada.JPG,1,55,30,1.50,11,13.74,41.57,5.48,60,60,60,1.00,
Canada.JPG,1,55,30,2.00,11,12.03,31.70,3.17,80,80,80,1.00,
Canada.JPG,1,55,30,2.50,11,10.14,31.88,3.31,100,100,100,1.00,
Canada.JPG,1,55,30,3.00,11,8.33,28.69,1.41,120,120,60,1.00,
Canada.JPG,1,55,30,3.50,11,6.51,19.46,0.43,140,140,70,1.00,
Canada.JPG,1,55,30,4.00,11,4.70,23.80,0.00,159,160,0,1.00,
Canada.JPG,1,55,30,4.50,11,3.06,15.22,0.00,175,180,0,0.98,
Canada.JPG,1,55,30,5.00,11,1.66,15.97,0.00,185,200,0,0.83,
Canada.JPG,1,55,30,5.50,11,0.71,15.02,0.00,185,220,0,0.53,
Canada.JPG,1,55,30,6.00,11,0.28,8.76,0.00,179,240,0,0.25,
Canada.JPG,1,55,30,6.50,11,0.09,7.35,0.00,170,260,0,0.08,
Canada.JPG,1,55,30,7.00,11,0.03,9.41,0.00,162,280,0,0.02,
Canada.JPG,1,55,30,7.50,11,0.00,5.10,0.00,155,300,0,0.00,
Canada.JPG,1,55,30,8.00,11,0.00,2.57,0.00,150,320,0,0.00,
Canada.JPG,1,55,30,8.50,11,0.00,0.00,0.00,145,340,0,0.00,
Canada.JPG,1,55,30,9.00,11,0.00,0.00,0.00,142,360,0,0.00,
Canada.JPG,1,55,30,9.50,11,0.00,0.00,0.00,139,380,0,0.00,
China.JPG,1,55,30,0.00,11,9.51,27.67,3.62,0,0,0,1.00,
China.JPG,1,55,30,0.50,11,8.44,37.47,2.27,20,20,20,1.00,
China.JPG,1,55,30,1.00,11,7.20,22.99,2.02,40,40,20,1.00,
China.JPG,1,55,30,1.50,11,6.16,22.93,1.00,60,60,30,1.00,
China.JPG,1,55,30,2.00,11,5.09,18.46,0.98,77,80,40,1.00,
China.JPG,1,55,30,2.50,11,4.12,15.76,0.00,93,100,0,1.00,
China.JPG,1,55,30,3.00,11,3.22,13.15,0.00,105,120,0,1.00,
China.JPG,1,55,30,3.50,11,2.37,13.77,0.00,117,140,0,0.99,
China.JPG,1,55,30,4.00,11,1.54,12.79,0.00,127,160,0,0.90,
China.JPG,1,55,30,4.50,11,0.89,12.19,0.00,135,180,0,0.68,
China.JPG,1,55,30,5.00,11,0.41,8.66,0.00,137,200,0,0.39,
China.JPG,1,55,30,5.50,11,0.14,5.67,0.00,136,220,0,0.16,
China.JPG,1,55,30,6.00,11,0.05,5.54,0.00,133,240,0,0.05,
China.JPG,1,55,30,6.50,11,0.01,4.05,0.00,129,260,0,0.02,
China.JPG,1,55,30,7.00,11,0.00,3.86,0.00,126,280,0,0.00,
China.JPG,1,55,30,7.50,11,0.00,5.54,0.00,124,300,0,0.00,
China.JPG,1,55,30,8.00,11,0.00,0.00,0.00,122,320,0,0.00,
China.JPG,1,55,30,8.50,11,0.00,0.00,0.00,121,340,0,0.00,
China.JPG,1,55,30,9.00,11,0.00,0.00,0.00,119,360,0,0.00,
China.JPG,1,55,30,9.50,11,0.00,0.00,0.00,118,380,0,0.00,
Denmark.JPG,1,55,30,0.00,11,18.25,53.34,8.10,0,0,0,1.00,
Denmark.JPG,1,55,30,0.50,11,16.45,37.08,7.84,20,20,20,1.00,
Denmark.JPG,1,55,30,1.00,11,14.68,33.27,6.21,40,40,40,1.00,
Denmark.JPG,1,55,30,1.50,11,12.98,31.86,4.51,60,60,60,1.00,
Denmark.JPG,1,55,30,2.00,11,11.22,27.87,4.02,80,80,80,1.00,
Denmark.JPG,1,55,30,2.50,11,9.49,27.87,2.56,100,100,100,1.00,
Denmark.JPG,1,55,30,3.00,11,7.75,22.38,1.43,120,120,60,1.00,
Denmark.JPG,1,55,30,3.50,11,6.02,21.21,0.08,140,140,70,1.00,
Denmark.JPG,1,55,30,4.00,11,4.30,20.28,0.00,159,160,0,1.00,
Denmark.JPG,1,55,30,4.50,11,2.69,21.57,0.00,175,180,0,0.97,
Denmark.JPG,1,55,30,5.00,11,1.44,12.49,0.00,184,200,0,0.82,
Denmark.JPG,1,55,30,5.50,11,0.63,12.71,0.00,185,220,0,0.51,
Denmark.JPG,1,55,30,6.00,11,0.20,6.70,0.00,177,240,0,0.20,
Denmark.JPG,1,55,30,6.50,11,0.06,8.71,0.00,170,260,0,0.07,
Denmark.JPG,1,55,30,7.00,11,0.02,5.14,0.00,161,280,0,0.02,
Denmark.JPG,1,55,30,7.50,11,0.00,2.34,0.00,155,300,0,0.00,
Denmark.JPG,1,55,30,8.00,11,0.00,1.60,0.00,150,320,0,0.00,
Denmark.JPG,1,55,30,8.50,11,0.00,0.00,0.00,146,340,0,0.00,
Denmark.JPG,1,55,30,9.00,11,0.00,0.47,0.00,142,360,0,0.00,
Denmark.JPG,1,55,30,9.50,11,0.00,0.00,0.00,139,380,0,0.00,
Europe.JPG,1,55,30,0.00,11,17.26,44.37,6.85,0,0,0,1.00,
Europe.JPG,1,55,30,0.50,11,15.54,48.34,5.67,20,20,20,1.00,
Europe.JPG,1,55,30,1.00,11,13.89,48.03,4.46,40,40,40,1.00,
Europe.JPG,1,55,30,1.50,11,12.15,42.10,3.69,60,60,60,1.00,
Europe.JPG,1,55,30,2.00,11,10.36,35.62,1.29,80,80,80,1.00,
Europe.JPG,1,55,30,2.50,11,8.69,27.45,1.71,100,100,50,1.00,
Europe.JPG,1,55,30,3.00,11,7.01,32.66,0.62,120,120,60,1.00,
Europe.JPG,1,55,30,3.50,11,5.23,24.88,0.00,140,140,0,1.00,
Europe.JPG,1,55,30,4.00,11,3.65,28.47,0.00,158,160,0,0.99,
Europe.JPG,1,55,30,4.50,11,2.22,16.85,0.00,171,180,0,0.90,
Europe.JPG,1,55,30,5.00,11,1.16,19.62,0.00,178,200,0,0.68,
Europe.JPG,1,55,30,5.50,11,0.48,10.82,0.00,175,220,0,0.37,
Europe.JPG,1,55,30,6.00,11,0.20,17.55,0.00,169,240,0,0.17,
Europe.JPG,1,55,30,6.50,11,0.08,9.78,0.00,162,260,0,0.06,
Europe.JPG,1,55,30,7.00,11,0.02,6.57,0.00,155,280,0,0.02,
Europe.JPG,1,55,30,7.50,11,0.01,5.65,0.00,149,300,0,0.01,
Europe.JPG,1,55,30,8.00,11,0.00,5.67,0.00,145,320,0,0.00,
Europe.JPG,1,55,30,8.50,11,0.00,2.48,0.00,141,340,0,0.00,
Europe.JPG,1,55,30,9.00,11,0.00,0.00,0.00,138,360,0,0.00,
Europe.JPG,1,55,30,9.50,11,0.00,0.00,0.00,136,380,0,0.00,
Finland.JPG,1,55,30,0.00,11,16.77,52.14,6.00,0,0,0,1.00,
Finland.JPG,1,55,30,0.50,11,15.02,52.88,4.42,20,20,20,1.00,
Finland.JPG,1,55,30,1.00,11,13.47,48.15,4.06,40,40,40,1.00,
Finland.JPG,1,55,30,1.50,11,11.66,39.88,2.99,60,60,60,1.00,
Finland.JPG,1,55,30,2.00,11,9.95,35.06,2.23,80,80,80,1.00,
Finland.JPG,1,55,30,2.50,11,8.32,27.92,1.51,100,100,50,1.00,
Finland.JPG,1,55,30,3.00,11,6.64,28.40,0.05,120,120,60,1.00,
Finland.JPG,1,55,30,3.50,11,5.03,31.34,0.00,139,140,0,1.00,
Finland.JPG,1,55,30,4.00,11,3.43,25.75,0.00,156,160,0,0.98,
Finland.JPG,1,55,30,4.50,11,2.08,22.90,0.00,168,180,0,0.86,
Finland.JPG,1,55,30,5.00,11,1.07,18.44,0.00,173,200,0,0.62,
Finland.JPG,1,55,30,5.50,11,0.49,14.60,0.00,171,220,0,0.34,
Finland.JPG,1,55,30,6.00,11,0.21,15.15,0.00,165,240,0,0.17,
Finland.JPG,1,55,30,6.50,11,0.08,8.13,0.00,158,260,0,0.07,
Finland.JPG,1,55,30,7.00,11,0.03,5.28,0.00,152,280,0,0.03,
Finland.JPG,1,55,30,7.50,11,0.01,12.76,0.00,147,300,0,0.01,
Finland.JPG,1,55,30,8.00,11,0.00,6.64,0.00,143,320,0,0.00,
Finland.JPG,1,55,30,8.50,11,0.00,1.16,0.00,139,340,0,0.00,
Finland.JPG,1,55,30,9.00,11,0.00,0.00,0.00,137,360,0,0.00,
Finland.JPG,1,55,30,9.50,11,0.00,3.21,0.00,134,380,0,0.00,
France.JPG,1,55,30,0.00,11,12.38,31.53,4.77,0,0,0,1.00,
France.JPG,1,55,30,0.50,11,10.95,40.12,3.43,20,20,20,1.00,
France.JPG,1,55,30,1.00,11,9.53,27.29,3.30,40,40,40,1.00,
France.JPG,1,55,30,1.50,11,8.25,29.46,1.95,60,60,30,1.00,
France.JPG,1,55,30,2.00,11,6.79,20.56,1.76,80,80,40,1.00,
France.JPG,1,55,30,2.50,11,5.45,20.37,0.08,100,100,50,1.00,
France.JPG,1,55,30,3.00,11,4.06,20.17,0.10,119,120,60,1.00,
France.JPG,1,55,30,3.50,11,2.84,16.05,0.00,135,140,0,0.99,
France.JPG,1,55,30,4.00,11,1.80,13.54,0.00,147,160,0,0.93,
France.JPG,1,55,30,4.50,11,0.98,10.77,0.00,154,180,0,0.71,
France.JPG,1,55,30,5.00,11,0.43,8.19,0.00,155,200,0,0.42,
France.JPG,1,55,30,5.50,11,0.15,7.76,0.00,152,220,0,0.17,
France.JPG,1,55,30,6.00,11,0.04,4.24,0.00,147,240,0,0.05,
France.JPG,1,55,30,6.50,11,0.01,5.50,0.00,142,260,0,0.01,
France.JPG,1,55,30,7.00,11,0.00,3.39,0.00,138,280,0,0.00,
France.JPG,1,55,30,7.50,11,0.00,1.34,0.00,135,300,0,0.00,
France.JPG,1,55,30,8.00,11,0.00,0.36,0.00,132,320,0,0.00,
France.JPG,1,55,30,8.50,11,0.00,0.00,0.00,130,340,0,0.00,
France.JPG,1,55,30,9.00,11,0.00,0.00,0.00,128,360,0,0.00,
France.JPG,1,55,30,9.50,11,0.00,0.00,0.00,127,380,0,0.00,
Germany.JPG,1,55,30,0.00,11,12.98,43.57,4.59,0,0,0,1.00,
Germany.JPG,1,55,30,0.50,11,11.64,32.32,2.75,20,20,20,1.00,
Germany.JPG,1,55,30,1.00,11,10.22,27.91,3.42,40,40,20,1.00,
Germany.JPG,1,55,30,1.50,11,8.72,26.75,2.21,60,60,30,1.00,
Germany.JPG,1,55,30,2.00,11,7.39,25.55,1.44,80,80,40,1.00,
Germany.JPG,1,55,30,2.50,11,5.88,21.61,0.66,99,100,50,1.00,
Germany.JPG,1,55,30,3.00,11,4.60,18.59,0.00,118,120,0,1.00,
Germany.JPG,1,55,30,3.50,11,3.22,18.54,0.00,134,140,0,0.99,
Germany.JPG,1,55,30,4.00,11,2.12,16.73,0.00,148,160,0,0.94,
Germany.JPG,1,55,30,4.50,11,1.23,14.85,0.00,156,180,0,0.76,
Germany.JPG,1,55,30,5.00,11,0.57,10.30,0.00,159,200,0,0.48,
Germany.JPG,1,55,30,5.50,11,0.20,7.60,0.00,156,220,0,0.22,
Germany.JPG,1,55,30,6.00,11,0.08,7.03,0.00,151,240,0,0.08,
Germany.JPG,1,55,30,6.50,11,0.02,4.95,0.00,145,260,0,0.02,
Germany.JPG,1,55,30,7.00,11,0.01,4.09,0.00,141,280,0,0.01,
Germany.JPG,1,55,30,7.50,11,0.00,4.17,0.00,137,300,0,0.00,
Germany.JPG,1,55,30,8.00,11,0.00,0.74,0.00,134,320,0,0.00,
Germany.JPG,1,55,30,8.50,11,0.00,0.32,0.00,132,340,0,0.00,
Germany.JPG,1,55,30,9.00,11,0.00,0.00,0.00,130,360,0,0.00,
Germany.JPG,1,55,30,9.50,11,0.00,0.00,0.00,128,380,0,0.00,
Ireland.JPG,1,55,30,0.00,11,15.61,39.99,6.52,0,0,0,1.00,
Ireland.JPG,1,55,30,0.50,11,13.90,40.38,5.69,20,20,20,1.00,
Ireland.JPG,1,55,30,1.00,11,12.28,33.74,4.29,40,40,40,1.00,
Ireland.JPG,1,55,30,1.50,11,10.68,29.36,3.33,60,60,60,1.00,
Ireland.JPG,1,55,30,2.00,11,9.15,28.51,2.24,80,80,80,1.00,
Ireland.JPG,1,55,30,2.50,11,7.47,27.05,1.38,100,100,50,1.00,
Ireland.JPG,1,55,30,3.00,11,6.00,19.87,0.50,120,120,60,1.00,
Ireland.JPG,1,55,30,3.50,11,4.32,19.00,0.00,139,140,0,1.00,
Ireland.JPG,1,55,30,4.00,11,2.88,22.11,0.00,157,160,0,0.98,
Ireland.JPG,1,55,30,4.50,11,1.65,15.95,0.00,168,180,0,0.85,
Ireland.JPG,1,55,30,5.00,11,0.77,11.15,0.00,172,200,0,0.57,
Ireland.JPG,1,55,30,5.50,11,0.33,11.97,0.00,169,220,0,0.29,
Ireland.JPG,1,55,30,6.00,11,0.12,15.46,0.00,162,240,0,0.11,
Ireland.JPG,1,55,30,6.50,11,0.04,7.35,0.00,156,260,0,0.04,
Ireland.JPG,1,55,30,7.00,11,0.02,6.12,0.00,150,280,0,0.01,
Ireland.JPG,1,55,30,7.50,11,0.00,3.00,0.00,145,300,0,0.00,
Ireland.JPG,1,55,30,8.00,11,0.00,1.10,0.00,141,320,0,0.00,
Ireland.JPG,1,55,30,8.50,11,0.00,1.25,0.00,138,340,0,0.00,
Ireland.JPG,1,55,30,9.00,11,0.00,0.00,0.00,135,360,0,0.00,
Ireland.JPG,1,55,30,9.50,11,0.00,0.00,0.00,133,380,0,0.00,
Italy.JPG,1,55,30,0.00,11,10.77,34.58,3.87,0,0,0,1.00,
Italy.JPG,1,55,30,0.50,11,9.47,26.84,3.40,20,20,20,1.00,
Italy.JPG,1,55,30,1.00,11,8.20,22.80,2.59,40,40,40,1.00,
Italy.JPG,1,55,30,1.50,11,6.97,26.92,1.86,60,60,30,1.00,
Italy.JPG,1,55,30,2.00,11,5.67,20.51,0.95,80,80,40,1.00,
Italy.JPG,1,55,30,2.50,11,4.52,16.24,0.25,98,100,50,1.00,
Italy.JPG,1,55,30,3.00,11,3.36,12.71,0.00,114,120,0,1.00,
Italy.JPG,1,55,30,3.50,11,2.49,15.47,0.00,127,140,0,0.99,
Italy.JPG,1,55,30,4.00,11,1.58,16.04,0.00,136,160,0,0.90,
Italy.JPG,1,55,30,4.50,11,0.90,9.76,0.00,143,180,0,0.68,
Italy.JPG,1,55,30,5.00,11,0.42,7.41,0.00,145,200,0,0.40,
Italy.JPG,1,55,30,5.50,11,0.15,7.40,0.00,143,220,0,0.17,
Italy.JPG,1,55,30,6.00,11,0.05,4.71,0.00,139,240,0,0.06,
Italy.JPG,1,55,30,6.50,11,0.02,5.98,0.00,135,260,0,0.02,
Italy.JPG,1,55,30,7.00,11,0.00,2.77,0.00,132,280,0,0.00,
Italy.JPG,1,55,30,7.50,11,0.00,2.13,0.00,129,300,0,0.00,
Italy.JPG,1,55,30,8.00,11,0.00,0.00,0.00,127,320,0,0.00,
Italy.JPG,1,55,30,8.50,11,0.00,0.00,0.00,125,340,0,0.00,
Italy.JPG,1,55,30,9.00,11,0.00,0.00,0.00,123,360,0,0.00,
Italy.JPG,1,55,30,9.50,11,0.00,0.00,0.00,122,380,0,0.00,
Japan.JPG,1,55,30,0.00,11,13.87,48.06,4.54,0,0,0,1.00,
Japan.JPG,1,55,30,0.50,11,12.24,43.91,4.24,20,20,20,1.00,
Japan.JPG,1,55,30,1.00,11,10.86,38.69,3.62,40,40,40,1.00,
Japan.JPG,1,55,30,1.50,11,9.29,31.20,2.36,60,60,30,1.00,
Japan.JPG,1,55,30,2.00,11,7.86,35.33,1.06,80,80,40,1.00,
Japan.JPG,1,55,30,2.50,11,6.36,41.09,0.11,99,100,50,1.00,
Japan.JPG,1,55,30,3.00,11,4.92,21.64,0.12,118,120,60,1.00,
Japan.JPG,1,55,30,3.50,11,3.58,24.11,0.00,135,140,0,0.99,
Japan.JPG,1,55,30,4.00,11,2.39,21.33,0.00,148,160,0,0.94,
Japan.JPG,1,55,30,4.50,11,1.40,23.38,0.00,157,180,0,0.77,
Japan.JPG,1,55,30,5.00,11,0.65,13.19,0.00,160,200,0,0.49,
Japan.JPG,1,55,30,5.50,11,0.31,22.13,0.00,158,220,0,0.25,
Japan.JPG,1,55,30,6.00,11,0.12,11.20,0.00,153,240,0,0.10,
Japan.JPG,1,55,30,6.50,11,0.04,8.68,0.00,147,260,0,0.03,
Japan.JPG,1,55,30,7.00,11,0.02,6.39,0.00,143,280,0,0.02,
Japan.JPG,1,55,30,7.50,11,0.00,5.13,0.00,139,300,0,0.00,
Japan.JPG,1,55,30,8.00,11,0.00,4.26,0.00,135,320,0,0.00,
Japan.JPG,1,55,30,8.50,11,0.00,2.02,0.00,133,340,0,0.00,
Japan.JPG,1,55,30,9.00,11,0.00,1.72,0.00,131,360,0,0.00,
Japan.JPG,1,55,30,9.50,11,0.00,0.40,0.00,129,380,0,0.00,
Netherlands.JPG,1,55,30,0.00,11,17.54,52.80,6.82,0,0,0,1.00,
Netherlands.JPG,1,55,30,0.50,11,15.77,44.60,6.28,20,20,20,1.00,
Netherlands.JPG,1,55,30,1.00,11,14.08,62.94,5.07,40,40,40,1.00,
Netherlands.JPG,1,55,30,1.50,11,12.31,33.10,4.11,60,60,60,1.00,
Netherlands.JPG,1,55,30,2.00,11,10.58,35.80,3.12,80,80,80,1.00,
Netherlands.JPG,1,55,30,2.50,11,8.97,32.85,1.88,100,100,100,1.00,
Netherlands.JPG,1,55,30,3.00,11,7.14,26.12,1.00,120,120,60,1.00,
Netherlands.JPG,1,55,30,3.50,11,5.46,26.38,0.05,140,140,70,1.00,
Netherlands.JPG,1,55,30,4.00,11,3.74,24.50,0.00,158,160,0,0.99,
Netherlands.JPG,1,55,30,4.50,11,2.37,22.06,0.00,172,180,0,0.92,
Netherlands.JPG,1,55,30,5.00,11,1.22,12.18,0.00,179,200,0,0.70,
Netherlands.JPG,1,55,30,5.50,11,0.56,16.22,0.00,177,220,0,0.40,
Netherlands.JPG,1,55,30,6.00,11,0.25,12.26,0.00,171,240,0,0.18,
Netherlands.JPG,1,55,30,6.50,11,0.10,14.98,0.00,164,260,0,0.08,
Netherlands.JPG,1,55,30,7.00,11,0.04,6.63,0.00,156,280,0,0.03,
Netherlands.JPG,1,55,30,7.50,11,0.01,5.31,0.00,151,300,0,0.01,
Netherlands.JPG,1,55,30,8.00,11,0.01,8.44,0.00,146,320,0,0.00,
Netherlands.JPG,1,55,30,8.50,11,0.00,5.42,0.00,143,340,0,0.00,
Netherlands.JPG,1,55,30,9.00,11,0.00,10.69,0.00,140,360,0,0.00,
Netherlands.JPG,1,55,30,9.50,11,0.00,0.00,0.00,137,380,0,0.00,
NewZealand.JPG,1,55,30,0.00,11,21.27,45.36,9.85,0,0,0,1.00,
NewZealand.JPG,1,55,30,0.50,11,19.37,44.91,8.04,20,20,20,1.00,
NewZealand.JPG,1,55,30,1.00,11,17.33,38.46,6.75,40,40,40,1.00,
NewZealand.JPG,1,55,30,1.50,11,15.58,37.69,6.13,60,60,60,1.00,
NewZealand.JPG,1,55,30,2.00,11,13.65,36.82,4.14,80,80,80,1.00,
NewZealand.JPG,1,55,30,2.50,11,11.65,38.40,3.50,100,100,100,1.00,
NewZealand.JPG,1,55,30,3.00,11,9.74,24.95,2.38,120,120,60,1.00,
NewZealand.JPG,1,55,30,3.50,11,7.81,25.01,0.57,140,140,70,1.00,
NewZealand.JPG,1,55,30,4.00,11,5.88,22.53,0.00,159,160,0,1.00,
NewZealand.JPG,1,55,30,4.50,11,4.08,18.88,0.00,175,180,0,0.99,
NewZealand.JPG,1,55,30,5.00,11,2.47,15.63,0.00,187,200,0,0.93,
NewZealand.JPG,1,55,30,5.50,11,1.37,14.55,0.00,191,220,0,0.73,
NewZealand.JPG,1,55,30,6.00,11,0.60,9.88,0.00,187,240,0,0.43,
NewZealand.JPG,1,55,30,6.50,11,0.23,8.47,0.00,179,260,0,0.19,
NewZealand.JPG,1,55,30,7.00,11,0.06,6.08,0.00,170,280,0,0.06,
NewZealand.JPG,1,55,30,7.50,11,0.01,3.51,0.00,162,300,0,0.02,
NewZealand.JPG,1,55,30,8.00,11,0.00,3.15,0.00,156,320,0,0.00,
NewZealand.JPG,1,55,30,8.50,11,0.00,0.00,0.00,150,340,0,0.00,
NewZealand.JPG,1,55,30,9.00,11,0.00,0.00,0.00,147,360,0,0.00,
NewZealand.JPG,1,55,30,9.50,11,0.00,0.00,0.00,143,380,0,0.00,
Norway.JPG,1,55,30,0.00,11,15.72,35.97,6.67,0,0,0,1.00,
Norway.JPG,1,55,30,0.50,11,14.24,44.95,5.24,20,20,20,1.00,
Norway.JPG,1,55,30,1.00,11,12.62,31.26,4.27,40,40,40,1.00,
Norway.JPG,1,55,30,1.50,11,11.06,33.59,3.61,60,60,60,1.00,
Norway.JPG,1,55,30,2.00,11,9.39,30.12,2.95,80,80,80,1.00,
Norway.JPG,1,55,30,2.50,11,7.73,23.84,2.00,100,100,50,1.00,
Norway.JPG,1,55,30,3.00,11,6.19,22.22,0.30,120,120,60,1.00,
Norway.JPG,1,55,30,3.50,11,4.56,19.87,0.00,140,140,0,1.00,
Norway.JPG,1,55,30,4.00,11,3.04,15.06,0.00,158,160,0,0.98,
Norway.JPG,1,55,30,4.50,11,1.77,17.89,0.00,170,180,0,0.87,
Norway.JPG,1,55,30,5.00,11,0.83,17.17,0.00,176,200,0,0.62,
Norway.JPG,1,55,30,5.50,11,0.37,10.02,0.00,172,220,0,0.33,
Norway.JPG,1,55,30,6.00,11,0.12,7.72,0.00,165,240,0,0.12,
Norway.JPG,1,55,30,6.50,11,0.04,5.94,0.00,159,260,0,0.04,
Norway.JPG,1,55,30,7.00,11,0.01,4.63,0.00,152,280,0,0.01,
Norway.JPG,1,55,30,7.50,11,0.00,2.41,0.00,147,300,0,0.00,
Norway.JPG,1,55,30,8.00,11,0.00,4.13,0.00,143,320,0,0.00,
Norway.JPG,1,55,30,8.50,11,0.00,0.50,0.00,140,340,0,0.00,
Norway.JPG,1,55,30,9.00,11,0.00,0.00,0.00,137,360,0,0.00,
Norway.JPG,1,55,30,9.50,11,0.00,0.00,0.00,135,380,0,0.00,
Portugal.JPG,1,55,30,0.00,11,13.12,35.46,5.03,0,0,0,1.00,
Portugal.JPG,1,55,30,0.50,11,11.71,40.92,4.28,20,20,20,1.00,
Portugal.JPG,1,55,30,1.00,11,10.28,33.12,3.06,40,40,40,1.00,
Portugal.JPG,1,55,30,1.50,11,8.75,27.52,2.38,60,60,30,1.00,
Portugal.JPG,1,55,30,2.00,11,7.34,29.02,1.52,80,80,40,1.00,
Portugal.JPG,1,55,30,2.50,11,5.88,34.13,0.89,100,100,50,1.00,
Portugal.JPG,1,55,30,3.00,11,4.48,21.08,0.23,119,120,60,1.00,
Portugal.JPG,1,55,30,3.50,11,3.26,19.57,0.00,136,140,0,0.99,
Portugal.JPG,1,55,30,4.00,11,2.09,17.32,0.00,148,160,0,0.94,
Portugal.JPG,1,55,30,4.50,11,1.15,12.53,0.00,157,180,0,0.76,
Portugal.JPG,1,55,30,5.00,11,0.53,7.68,0.00,159,200,0,0.47,
Portugal.JPG,1,55,30,5.50,11,0.22,9.76,0.00,157,220,0,0.21,
Portugal.JPG,1,55,30,6.00,11,0.07,11.94,0.00,151,240,0,0.08,
Portugal.JPG,1,55,30,6.50,11,0.03,9.72,0.00,146,260,0,0.03,
Portugal.JPG,1,55,30,7.00,11,0.01,5.54,0.00,141,280,0,0.01,
Portugal.JPG,1,55,30,7.50,11,0.00,2.23,0.00,138,300,0,0.00,
Portugal.JPG,1,55,30,8.00,11,0.00,0.05,0.00,135,320,0,0.00,
Portugal.JPG,1,55,30,8.50,11,0.00,0.80,0.00,132,340,0,0.00,
Portugal.JPG,1,55,30,9.00,11,0.00,0.37,0.00,130,360,0,0.00,
Portugal.JPG,1,55,30,9.50,11,0.00,0.00,0.00,129,380,0,0.00,
Russia.JPG,1,55,30,0.00,11,12.82,185.32,3.27,0,0,0,1.00,
Russia.JPG,1,55,30,0.50,11,11.26,132.52,2.78,20,20,10,1.00,
Russia.JPG,1,55,30,1.00,11,9.72,111.02,2.21,40,40,20,1.00,
Russia.JPG,1,55,30,1.50,11,8.50,297.28,1.24,58,60,30,1.00,
Russia.JPG,1,55,30,2.00,11,6.94,258.77,0.81,75,80,40,1.00,
Russia.JPG,1,55,30,2.50,11,5.86,202.69,0.33,92,100,50,1.00,
Russia.JPG,1,55,30,3.00,11,4.57,84.45,0.00,106,120,0,1.00,
Russia.JPG,1,55,30,3.50,11,3.34,62.67,0.00,119,140,0,0.99,
Russia.JPG,1,55,30,4.00,11,2.37,76.98,0.00,130,160,0,0.91,
Russia.JPG,1,55,30,4.50,11,1.54,88.66,0.00,138,180,0,0.72,
Russia.JPG,1,55,30,5.00,11,0.93,189.11,0.00,142,200,0,0.45,
Russia.JPG,1,55,30,5.50,11,0.51,70.06,0.00,141,220,0,0.23,
Russia.JPG,1,55,30,6.00,11,0.35,117.01,0.00,138,240,0,0.12,
Russia.JPG,1,55,30,6.50,11,0.18,75.62,0.00,133,260,0,0.05,
Russia.JPG,1,55,30,7.00,11,0.18,140.32,0.00,131,280,0,0.03,
Russia.JPG,1,55,30,7.50,11,0.15,131.61,0.00,128,300,0,0.02,
Russia.JPG,1,55,30,8.00,11,0.06,38.39,0.00,126,320,0,0.01,
Russia.JPG,1,55,30,8.50,11,0.06,55.41,0.00,123,340,0,0.01,
Russia.JPG,1,55,30,9.00,11,0.08,88.42,0.00,122,360,0,0.01,
Russia.JPG,1,55,30,9.50,11,0.02,20.39,0.00,121,380,0,0.00,
SouthAfrica.JPG,1,55,30,0.00,11,24.70,70.60,8.64,0,0,0,1.00,
SouthAfrica.JPG,1,55,30,0.50,11,22.67,80.40,7.81,20,20,20,1.00,
SouthAfrica.JPG,1,55,30,1.00,11,20.48,70.03,7.27,40,40,40,1.00,
SouthAfrica.JPG,1,55,30,1.50,11,18.32,51.13,5.22,60,60,60,1.00,
SouthAfrica.JPG,1,55,30,2.00,11,16.14,54.42,4.17,80,80,80,1.00,
SouthAfrica.JPG,1,55,30,2.50,11,14.07,47.90,3.21,100,100,100,1.00,
SouthAfrica.JPG,1,55,30,3.00,11,11.78,50.92,1.84,120,120,60,1.00,
SouthAfrica.JPG,1,55,30,3.50,11,9.69,41.01,0.00,140,140,0,1.00,
SouthAfrica.JPG,1,55,30,4.00,11,7.56,47.11,0.00,159,160,0,1.00,
SouthAfrica.JPG,1,55,30,4.50,11,5.47,36.05,0.00,175,180,0,0.98,
SouthAfrica.JPG,1,55,30,5.00,11,3.74,29.69,0.00,186,200,0,0.92,
SouthAfrica.JPG,1,55,30,5.50,11,2.36,21.87,0.00,191,220,0,0.76,
SouthAfrica.JPG,1,55,30,6.00,11,1.31,21.58,0.00,188,240,0,0.51,
SouthAfrica.JPG,1,55,30,6.50,11,0.73,17.67,0.00,183,260,0,0.32,
SouthAfrica.JPG,1,55,30,7.00,11,0.32,20.31,0.00,174,280,0,0.16,
SouthAfrica.JPG,1,55,30,7.50,11,0.14,17.14,0.00,167,300,0,0.07,
SouthAfrica.JPG,1,55,30,8.00,11,0.05,13.67,0.00,159,320,0,0.03,
SouthAfrica.JPG,1,55,30,8.50,11,0.01,6.27,0.00,153,340,0,0.01,
SouthAfrica.JPG,1,55,30,9.00,11,0.00,6.02,0.00,149,360,0,0.00,
SouthAfrica.JPG,1,55,30,9.50,11,0.00,2.58,0.00,144,380,0,0.00,
Spain.JPG,1,55,30,0.00,11,13.84,43.51,5.90,0,0,0,1.00,
Spain.JPG,1,55,30,0.50,11,12.39,27.94,5.08,20,20,20,1.00,
Spain.JPG,1,55,30,1.00,11,10.93,25.67,3.93,40,40,40,1.00,
Spain.JPG,1,55,30,1.50,11,9.34,24.41,3.55,60,60,60,1.00,
Spain.JPG,1,55,30,2.00,11,7.91,24.18,2.17,80,80,80,1.00,
Spain.JPG,1,55,30,2.50,11,6.39,25.35,1.54,100,100,50,1.00,
Spain.JPG,1,55,30,3.00,11,4.99,22.27,0.10,120,120,60,1.00,
Spain.JPG,1,55,30,3.50,11,3.53,15.95,0.00,139,140,0,1.00,
Spain.JPG,1,55,30,4.00,11,2.16,12.67,0.00,155,160,0,0.96,
Spain.JPG,1,55,30,4.50,11,1.13,10.11,0.00,164,180,0,0.78,
Spain.JPG,1,55,30,5.00,11,0.48,6.97,0.00,167,200,0,0.47,
Spain.JPG,1,55,30,5.50,11,0.19,9.18,0.00,162,220,0,0.20,
Spain.JPG,1,55,30,6.00,11,0.05,4.90,0.00,156,240,0,0.06,
Spain.JPG,1,55,30,6.50,11,0.01,3.25,0.00,150,260,0,0.02,
Spain.JPG,1,55,30,7.00,11,0.00,1.71,0.00,145,280,0,0.00,
Spain.JPG,1,55,30,7.50,11,0.00,1.24,0.00,141,300,0,0.00,
Spain.JPG,1,55,30,8.00,11,0.00,0.62,0.00,138,320,0,0.00,
Spain.JPG,1,55,30,8.50,11,0.00,0.00,0.00,135,340,0,0.00,
Spain.JPG,1,55,30,9.00,11,0.00,0.00,0.00,133,360,0,0.00,
Spain.JPG,1,55,30,9.50,11,0.00,0.00,0.00,131,380,0,0.00,
Sweden.JPG,1,55,30,0.00,11,19.87,50.69,6.86,0,0,0,1.00,
Sweden.JPG,1,55,30,0.50,11,17.92,45.74,5.68,20,20,20,1.00,
Sweden.JPG,1,55,30,1.00,11,16.03,40.28,5.70,40,40,40,1.00,
Sweden.JPG,1,55,30,1.50,11,14.34,43.19,4.40,60,60,60,1.00,
Sweden.JPG,1,55,30,2.00,11,12.27,37.57,3.22,80,80,80,1.00,
Sweden.JPG,1,55,30,2.50,11,10.67,46.70,2.49,100,100,50,1.00,
Sweden.JPG,1,55,30,3.00,11,8.71,35.81,0.34,120,120,60,1.00,
Sweden.JPG,1,55,30,3.50,11,6.89,29.76,0.00,140,140,0,1.00,
Sweden.JPG,1,55,30,4.00,11,5.06,29.38,0.00,159,160,0,1.00,
Sweden.JPG,1,55,30,4.50,11,3.38,21.69,0.00,174,180,0,0.96,
Sweden.JPG,1,55,30,5.00,11,2.04,21.20,0.00,183,200,0,0.82,
Sweden.JPG,1,55,30,5.50,11,1.14,15.60,0.00,185,220,0,0.59,
Sweden.JPG,1,55,30,6.00,11,0.52,14.57,0.00,179,240,0,0.32,
Sweden.JPG,1,55,30,6.50,11,0.23,15.02,0.00,173,260,0,0.16,
Sweden.JPG,1,55,30,7.00,11,0.09,8.58,0.00,165,280,0,0.06,
Sweden.JPG,1,55,30,7.50,11,0.03,5.23,0.00,159,300,0,0.03,
Sweden.JPG,1,55,30,8.00,11,0.01,6.44,0.00,152,320,0,0.01,
Sweden.JPG,1,55,30,8.50,11,0.00,3.62,0.00,148,340,0,0.00,
Sweden.JPG,1,55,30,9.00,11,0.00,0.50,0.00,144,360,0,0.00,
Sweden.JPG,1,55,30,9.50,11,0.00,0.00,0.00,141,380,0,0.00,
Switzerland.JPG,1,55,30,0.00,11,15.41,32.29,7.36,0,0,0,1.00,
Switzerland.JPG,1,55,30,0.50,11,13.88,38.16,5.82,20,20,20,1.00,
Switzerland.JPG,1,55,30,1.00,11,12.32,30.75,3.73,40,40,40,1.00,
Switzerland.JPG,1,55,30,1.50,11,10.75,24.74,3.17,60,60,60,1.00,
Switzerland.JPG,1,55,30,2.00,11,9.16,25.17,2.65,80,80,80,1.00,
Switzerland.JPG,1,55,30,2.50,11,7.56,22.57,1.11,100,100,100,1.00,
Switzerland.JPG,1,55,30,3.00,11,5.92,17.47,1.04,120,120,60,1.00,
Switzerland.JPG,1,55,30,3.50,11,4.35,16.23,0.00,140,140,0,1.00,
Switzerland.JPG,1,55,30,4.00,11,2.87,14.45,0.00,158,160,0,0.99,
Switzerland.JPG,1,55,30,4.50,11,1.60,11.50,0.00,170,180,0,0.87,
Switzerland.JPG,1,55,30,5.00,11,0.71,9.78,0.00,175,200,0,0.58,
Switzerland.JPG,1,55,30,5.50,11,0.23,6.39,0.00,171,220,0,0.26,
Switzerland.JPG,1,55,30,6.00,11,0.08,7.54,0.00,165,240,0,0.10,
Switzerland.JPG,1,55,30,6.50,11,0.02,4.22,0.00,157,260,0,0.03,
Switzerland.JPG,1,55,30,7.00,11,0.01,2.56,0.00,150,280,0,0.01,
Switzerland.JPG,1,55,30,7.50,11,0.00,4.87,0.00,147,300,0,0.00,
Switzerland.JPG,1,55,30,8.00,11,0.00,0.00,0.00,142,320,0,0.00,
Switzerland.JPG,1,55,30,8.50,11,0.00,0.00,0.00,139,340,0,0.00,
Switzerland.JPG,1,55,30,9.00,11,0.00,0.00,0.00,136,360,0,0.00,
Switzerland.JPG,1,55,30,9.50,11,0.00,0.00,0.00,134,380,0,0.00,
UK.JPG,1,55,30,0.00,11,17.58,38.51,7.51,0,0,0,1.00,
UK.JPG,1,55,30,0.50,11,15.87,39.99,6.42,20,20,20,1.00,
UK.JPG,1,55,30,1.00,11,14.12,32.20,5.06,40,40,40,1.00,
UK.JPG,1,55,30,1.50,11,12.32,33.10,4.68,60,60,60,1.00,
UK.JPG,1,55,30,2.00,11,10.61,34.63,2.37,80,80,80,1.00,
UK.JPG,1,55,30,2.50,11,8.90,25.80,2.24,100,100,100,1.00,
UK.JPG,1,55,30,3.00,11,7.21,23.18,0.93,120,120,60,1.00,
UK.JPG,1,55,30,3.50,11,5.43,19.69,0.13,140,140,70,1.00,
UK.JPG,1,55,30,4.00,11,3.81,16.48,0.00,159,160,0,0.99,
UK.JPG,1,55,30,4.50,11,2.31,17.29,0.00,173,180,0,0.94,
UK.JPG,1,55,30,5.00,11,1.16,14.87,0.00,180,200,0,0.72,
UK.JPG,1,55,30,5.50,11,0.47,9.51,0.00,179,220,0,0.39,
UK.JPG,1,55,30,6.00,11,0.17,16.50,0.00,171,240,0,0.17,
UK.JPG,1,55,30,6.50,11,0.06,10.00,0.00,163,260,0,0.06,
UK.JPG,1,55,30,7.00,11,0.01,5.30,0.00,156,280,0,0.01,
UK.JPG,1,55,30,7.50,11,0.01,6.11,0.00,151,300,0,0.01,
UK.JPG,1,55,30,8.00,11,0.00,2.46,0.00,146,320,0,0.00,
UK.JPG,1,55,30,8.50,11,0.00,1.95,0.00,142,340,0,0.00,
UK.JPG,1,55,30,9.00,11,0.00,1.46,0.00,139,360,0,0.00,
UK.JPG,1,55,30,9.50,11,0.00,0.00,0.00,137,380,0,0.00,
US.JPG,1,55,30,0.00,11,20.98,49.12,8.66,0,0,0,1.00,
US.JPG,1,55,30,0.50,11,19.29,45.99,7.69,20,20,20,1.00,
US.JPG,1,55,30,1.00,11,17.23,46.62,5.66,40,40,40,1.00,
US.JPG,1,55,30,1.50,11,15.24,47.27,5.22,60,60,60,1.00,
US.JPG,1,55,30,2.00,11,13.46,41.74,3.97,80,80,80,1.00,
US.JPG,1,55,30,2.50,11,11.29,36.24,2.82,100,100,100,1.00,
US.JPG,1,55,30,3.00,11,9.51,31.78,1.51,120,120,60,1.00,
US.JPG,1,55,30,3.50,11,7.49,26.70,0.50,140,140,70,1.00,
US.JPG,1,55,30,4.00,11,5.61,22.64,0.00,159,160,0,1.00,
US.JPG,1,55,30,4.50,11,3.87,18.43,0.00,175,180,0,0.98,
US.JPG,1,55,30,5.00,11,2.38,19.16,0.00,186,200,0,0.89,
US.JPG,1,55,30,5.50,11,1.30,16.42,0.00,188,220,0,0.66,
US.JPG,1,55,30,6.00,11,0.60,13.13,0.00,184,240,0,0.38,
US.JPG,1,55,30,6.50,11,0.25,9.16,0.00,176,260,0,0.18,
US.JPG,1,55,30,7.00,11,0.08,9.90,0.00,168,280,0,0.07,
US.JPG,1,55,30,7.50,11,0.02,4.59,0.00,160,300,0,0.02,
US.JPG,1,55,30,8.00,11,0.01,4.27,0.00,154,320,0,0.01,
US.JPG,1,55,30,8.50,11,0.00,1.81,0.00,149,340,0,0.00,
US.JPG,1,55,30,9.00,11,0.00,0.00,0.00,145,360,0,0.00,
US.JPG,1,55,30,9.50,11,0.00,0.17,0.00,142,380,0,0.00,
World.JPG,1,55,30,0.00,11,16.01,38.46,6.94,0,0,0,1.00,
World.JPG,1,55,30,0.50,11,14.40,31.08,5.07,20,20,20,1.00,
World.JPG,1,55,30,1.00,11,12.80,33.06,3.91,40,40,40,1.00,
World.JPG,1,55,30,1.50,11,11.25,27.77,3.43,60,60,60,1.00,
World.JPG,1,55,30,2.00,11,9.60,26.48,2.38,80,80,80,1.00,
World.JPG,1,55,30,2.50,11,8.01,26.77,1.98,100,100,100,1.00,
World.JPG,1,55,30,3.00,11,6.27,17.87,0.67,120,120,60,1.00,
World.JPG,1,55,30,3.50,11,4.70,19.33,0.02,140,140,70,1.00,
World.JPG,1,55,30,4.00,11,3.13,19.54,0.00,158,160,0,0.99,
World.JPG,1,55,30,4.50,11,1.74,11.29,0.00,171,180,0,0.89,
World.JPG,1,55,30,5.00,11,0.79,10.30,0.00,177,200,0,0.62,
World.JPG,1,55,30,5.50,11,0.28,7.83,0.00,173,220,0,0.30,
World.JPG,1,55,30,6.00,11,0.10,5.78,0.00,167,240,0,0.12,
World.JPG,1,55,30,6.50,11,0.03,5.85,0.00,159,260,0,0.03,
World.JPG,1,55,30,7.00,11,0.00,2.67,0.00,152,280,0,0.01,
World.JPG,1,55,30,7.50,11,0.00,3.78,0.00,147,300,0,0.00,
World.JPG,1,55,30,8.00,11,0.00,0.81,0.00,143,320,0,0.00,
World.JPG,1,55,30,8.50,11,0.00,0.00,0.00,140,340,0,0.00,
World.JPG,1,55,30,9.00,11,0.00,0.00,0.00,137,360,0,0.00,
World.JPG,1,55,30,9.50,11,0.00,0.00,0.00,134,380,0,0.00,
WorldMinusUS.JPG,1,55,30,0.00,11,17.41,45.18,7.05,0,0,0,1.00,
WorldMinusUS.JPG,1,55,30,0.50,11,15.74,45.53,5.78,20,20,20,1.00,
WorldMinusUS.JPG,1,55,30,1.00,11,13.84,49.31,4.60,40,40,40,1.00,
WorldMinusUS.JPG,1,55,30,1.50,11,12.21,36.99,3.57,60,60,60,1.00,
WorldMinusUS.JPG,1,55,30,2.00,11,10.52,33.29,2.24,80,80,80,1.00,
WorldMinusUS.JPG,1,55,30,2.50,11,8.83,32.61,1.69,100,100,50,1.00,
WorldMinusUS.JPG,1,55,30,3.00,11,7.03,29.32,0.79,120,120,60,1.00,
WorldMinusUS.JPG,1,55,30,3.50,11,5.34,23.56,0.00,140,140,0,1.00,
WorldMinusUS.JPG,1,55,30,4.00,11,3.73,26.23,0.00,158,160,0,0.99,
WorldMinusUS.JPG,1,55,30,4.50,11,2.28,17.44,0.00,171,180,0,0.90,
WorldMinusUS.JPG,1,55,30,5.00,11,1.18,18.43,0.00,178,200,0,0.67,
WorldMinusUS.JPG,1,55,30,5.50,11,0.51,17.71,0.00,176,220,0,0.37,
WorldMinusUS.JPG,1,55,30,6.00,11,0.21,12.52,0.00,169,240,0,0.17,
WorldMinusUS.JPG,1,55,30,6.50,11,0.09,14.08,0.00,162,260,0,0.07,
WorldMinusUS.JPG,1,55,30,7.00,11,0.03,5.86,0.00,155,280,0,0.03,
WorldMinusUS.JPG,1,55,30,7.50,11,0.01,10.12,0.00,150,300,0,0.01,
WorldMinusUS.JPG,1,55,30,8.00,11,0.00,2.61,0.00,145,320,0,0.00,
WorldMinusUS.JPG,1,55,30,8.50,11,0.00,6.28,0.00,141,340,0,0.00,
WorldMinusUS.JPG,1,55,30,9.00,11,0.00,1.05,0.00,138,360,0,0.00,
WorldMinusUS.JPG,1,55,30,9.50,11,0.00,2.07,0.00,136,380,0,0.00,
