-1,-1,127,0,0,1.01107806587918,
-1,-1,127,0,0,1.01107806587918,
-1,-1,127,0,0,1.01107806587918,
-1,-1,127,0,0,1.01107806587918,
-1,-1,127,0,0,1.01107806587918,
-1,-1,127,0,0,1.01107806587918,
-1,133,127,0,1.12883789168469,1.01107806587918,
-1,133,127,0,1.12883789168469,1.01107806587918,
-1,133,127,0,1.12883789168469,1.01107806587918,
-1,134,127,0,1.14975699539774,1.01107806587918,
-1,134,127,0,1.14975699539774,1.01107806587918,
-1,134,127,0,1.14975699539774,1.01107806587918,
-1,135,127,0,1.17106376230262,1.01107806587918,
-1,135,127,0,1.17106376230262,1.01107806587918,
-1,135,127,0,1.17106376230262,1.01107806587918,
-1,136,127,0,1.192765376395,1.01107806587918,
-1,136,127,0,1.192765376395,1.01107806587918,
-1,136,127,0,1.192765376395,1.01107806587918,
-1,136,127,0,1.192765376395,1.01107806587918,
141,135,127,1.30745705309762,1.17106376230262,1.01107806587918,
142,135,126,1.33168624481379,1.17106376230262,0.992682137864147,
142,134,126,1.33168624481379,1.14975699539774,0.992682137864147,
142,134,125,1.33168624481379,1.14975699539774,0.974620912162375,
142,133,125,1.33168624481379,1.12883789168469,0.974620912162375,
143,133,124,1.35636444074759,1.12883789168469,0.956888299076272,
143,132,124,1.35636444074759,1.10829939787609,0.956888299076272,
144,132,123,1.38149996163832,1.10829939787609,0.939478319706455,
144,131,123,1.38149996163832,1.08813458901467,0.939478319706455,
144,132,123,1.38149996163832,1.10829939787609,0.939478319706455,
144,131,123,1.38149996163832,1.08813458901467,0.939478319706455,
144,131,123,1.38149996163832,1.08813458901467,0.939478319706455,
144,131,123,1.38149996163832,1.08813458901467,0.939478319706455,
144,131,123,1.38149996163832,1.08813458901467,0.939478319706455,
144,131,123,1.38149996163832,1.08813458901467,0.939478319706455,
144,131,123,1.38149996163832,1.08813458901467,0.939478319706455,
144,131,123,1.38149996163832,1.08813458901467,0.939478319706455,
144,131,123,1.38149996163832,1.08813458901467,0.939478319706455,
144,133,124,1.38149996163832,1.12883789168469,0.956888299076272,
144,133,124,1.38149996163832,1.12883789168469,0.956888299076272,
143,134,125,1.35636444074759,1.14975699539774,0.974620912162375,
143,135,126,1.35636444074759,1.17106376230262,0.992682137864147,
143,135,127,1.35636444074759,1.17106376230262,1.01107806587918,
142,136,128,1.33168624481379,1.192765376395,1.02981489875652,
143,137,128,1.35636444074759,1.21486915480104,1.02981489875652,
142,137,129,1.33168624481379,1.21486915480104,1.04889895398803,
143,138,130,1.35636444074759,1.23738255024451,1.06833666613839,
143,138,130,1.35636444074759,1.23738255024451,1.06833666613839,
143,138,131,1.35636444074759,1.23738255024451,1.08813458901467,
144,139,132,1.38149996163832,1.26031315355961,1.10829939787609,
145,139,132,1.40710128242137,1.26031315355961,1.10829939787609,
145,139,133,1.40710128242137,1.26031315355961,1.12883789168469,
146,140,133,1.43317703508574,1.2836686962504,1.12883789168469,
147,140,133,1.45973601158446,1.2836686962504,1.12883789168469,
147,140,133,1.45973601158446,1.2836686962504,1.12883789168469,
148,141,134,1.48678716679898,1.30745705309762,1.14975699539774,
149,141,134,1.51433962155852,1.30745705309762,1.14975699539774,
150,142,134,1.54240266571527,1.33168624481379,1.14975699539774,
151,142,135,1.57098576127669,1.33168624481379,1.17106376230262,
151,142,135,1.57098576127669,1.33168624481379,1.17106376230262,
151,143,136,1.57098576127669,1.35636444074759,1.192765376395,
151,143,136,1.57098576127669,1.35636444074759,1.192765376395,
151,144,136,1.57098576127669,1.38149996163832,1.192765376395,
151,144,136,1.57098576127669,1.38149996163832,1.192765376395,
151,145,137,1.57098576127669,1.40710128242137,1.21486915480104,
151,146,138,1.57098576127669,1.43317703508574,1.23738255024451,
151,146,138,1.57098576127669,1.43317703508574,1.23738255024451,
151,146,138,1.57098576127669,1.43317703508574,1.23738255024451,
151,147,139,1.57098576127669,1.45973601158446,1.26031315355961,
151,147,139,1.57098576127669,1.45973601158446,1.26031315355961,
151,148,139,1.57098576127669,1.48678716679898,1.26031315355961,
151,148,140,1.57098576127669,1.48678716679898,1.2836686962504,
151,149,140,1.57098576127669,1.51433962155852,1.2836686962504,
151,149,141,1.57098576127669,1.51433962155852,1.30745705309762,
151,150,141,1.57098576127669,1.54240266571527,1.30745705309762,
151,150,141,1.57098576127669,1.54240266571527,1.30745705309762,
151,150,142,1.57098576127669,1.54240266571527,1.33168624481379,
151,151,143,1.57098576127669,1.57098576127669,1.35636444074759,
151,152,143,1.57098576127669,1.60009854559581,1.35636444074759,
151,152,144,1.57098576127669,1.60009854559581,1.38149996163832,
151,152,144,1.57098576127669,1.60009854559581,1.38149996163832,
151,153,145,1.57098576127669,1.62975083462064,1.40710128242137,
151,153,145,1.57098576127669,1.62975083462064,1.40710128242137,
151,154,145,1.57098576127669,1.65995262620382,1.40710128242137,
151,154,145,1.57098576127669,1.65995262620382,1.40710128242137,
151,154,145,1.57098576127669,1.65995262620382,1.40710128242137,
151,155,146,1.57098576127669,1.69071410347358,1.43317703508574,
141,155,146,1.30745705309762,1.69071410347358,1.43317703508574,
140,155,147,1.2836686962504,1.69071410347358,1.45973601158446,
140,155,147,1.2836686962504,1.69071410347358,1.45973601158446,
140,156,147,1.2836686962504,1.7220456382672,1.45973601158446,
140,156,147,1.2836686962504,1.7220456382672,1.45973601158446,
140,157,148,1.2836686962504,1.75395779462807,1.48678716679898,
140,157,148,1.2836686962504,1.75395779462807,1.48678716679898,
140,157,148,1.2836686962504,1.75395779462807,1.48678716679898,
140,157,148,1.2836686962504,1.75395779462807,1.48678716679898,
141,158,149,1.30745705309762,1.78646133236755,1.51433962155852,
141,158,148,1.30745705309762,1.78646133236755,1.48678716679898,
142,159,148,1.33168624481379,1.81956721069289,1.48678716679898,
146,159,148,1.43317703508574,1.81956721069289,1.48678716679898,
150,160,148,1.54240266571527,1.8532865919023,1.48678716679898,
154,160,149,1.65995262620382,1.8532865919023,1.51433962155852,
158,160,149,1.78646133236755,1.8532865919023,1.51433962155852,
162,160,148,1.92261155027238,1.8532865919023,1.48678716679898,
167,160,148,2.10748239470871,1.8532865919023,1.48678716679898,
167,160,148,2.10748239470871,1.8532865919023,1.48678716679898,
167,159,148,2.10748239470871,1.81956721069289,1.48678716679898,
168,159,148,2.14653728745556,1.81956721069289,1.48678716679898,
168,159,148,2.14653728745556,1.81956721069289,1.48678716679898,
169,158,148,2.18631592748083,1.78646133236755,1.48678716679898,
170,159,148,2.22683172693561,1.81956721069289,1.48678716679898,
170,158,148,2.22683172693561,1.78646133236755,1.48678716679898,
171,157,148,2.26809834651882,1.75395779462807,1.48678716679898,
172,157,148,2.31012970008316,1.75395779462807,1.48678716679898,
172,157,148,2.31012970008316,1.75395779462807,1.48678716679898,
172,157,148,2.31012970008316,1.75395779462807,1.48678716679898,
172,156,148,2.31012970008316,1.7220456382672,1.48678716679898,
171,156,147,2.26809834651882,1.7220456382672,1.45973601158446,
170,155,147,2.22683172693561,1.69071410347358,1.45973601158446,
169,155,146,2.18631592748083,1.69071410347358,1.43317703508574,
168,154,146,2.14653728745556,1.65995262620382,1.43317703508574,
167,154,145,2.10748239470871,1.65995262620382,1.40710128242137,
166,153,145,2.06913808111479,1.62975083462064,1.40710128242137,
165,153,144,2.03149141813408,1.62975083462064,1.38149996163832,
164,152,144,1.99452971245347,1.60009854559581,1.38149996163832,
163,152,144,1.95824050170669,1.60009854559581,1.38149996163832,
163,152,144,1.95824050170669,1.60009854559581,1.38149996163832,
162,153,144,1.92261155027238,1.62975083462064,1.38149996163832,
162,153,144,1.92261155027238,1.62975083462064,1.38149996163832,
161,153,144,1.88763084514856,1.62975083462064,1.38149996163832,
161,153,144,1.88763084514856,1.62975083462064,1.38149996163832,
161,153,144,1.88763084514856,1.62975083462064,1.38149996163832,
160,153,144,1.8532865919023,1.62975083462064,1.38149996163832,
160,153,144,1.8532865919023,1.62975083462064,1.38149996163832,
160,153,144,1.8532865919023,1.62975083462064,1.38149996163832,
159,153,144,1.81956721069289,1.62975083462064,1.38149996163832,
159,153,144,1.81956721069289,1.62975083462064,1.38149996163832,
160,153,144,1.8532865919023,1.62975083462064,1.38149996163832,
160,153,144,1.8532865919023,1.62975083462064,1.38149996163832,
160,153,144,1.8532865919023,1.62975083462064,1.38149996163832,
160,153,144,1.8532865919023,1.62975083462064,1.38149996163832,
161,153,144,1.88763084514856,1.62975083462064,1.38149996163832,
161,153,144,1.88763084514856,1.62975083462064,1.38149996163832,
161,153,144,1.88763084514856,1.62975083462064,1.38149996163832,
161,153,144,1.88763084514856,1.62975083462064,1.38149996163832,
161,153,144,1.88763084514856,1.62975083462064,1.38149996163832,
161,153,144,1.88763084514856,1.62975083462064,1.38149996163832,
161,153,144,1.88763084514856,1.62975083462064,1.38149996163832,
160,153,144,1.8532865919023,1.62975083462064,1.38149996163832,
160,153,144,1.8532865919023,1.62975083462064,1.38149996163832,
160,153,144,1.8532865919023,1.62975083462064,1.38149996163832,
160,153,144,1.8532865919023,1.62975083462064,1.38149996163832,
160,153,144,1.8532865919023,1.62975083462064,1.38149996163832,
160,153,144,1.8532865919023,1.62975083462064,1.38149996163832,
159,153,144,1.81956721069289,1.62975083462064,1.38149996163832,
159,153,144,1.81956721069289,1.62975083462064,1.38149996163832,
159,153,144,1.81956721069289,1.62975083462064,1.38149996163832,
159,153,144,1.81956721069289,1.62975083462064,1.38149996163832,
158,153,144,1.78646133236755,1.62975083462064,1.38149996163832,
157,153,144,1.75395779462807,1.62975083462064,1.38149996163832,
156,153,144,1.7220456382672,1.62975083462064,1.38149996163832,
155,154,144,1.69071410347358,1.65995262620382,1.38149996163832,
154,154,144,1.65995262620382,1.65995262620382,1.38149996163832,
153,155,144,1.62975083462064,1.69071410347358,1.38149996163832,
152,155,144,1.60009854559581,1.69071410347358,1.38149996163832,
151,155,144,1.57098576127669,1.69071410347358,1.38149996163832,
150,156,144,1.54240266571527,1.7220456382672,1.38149996163832,
150,156,144,1.54240266571527,1.7220456382672,1.38149996163832,
150,155,144,1.54240266571527,1.69071410347358,1.38149996163832,
150,155,144,1.54240266571527,1.69071410347358,1.38149996163832,
150,155,144,1.54240266571527,1.69071410347358,1.38149996163832,
150,154,144,1.54240266571527,1.65995262620382,1.38149996163832,
150,154,144,1.54240266571527,1.65995262620382,1.38149996163832,
150,153,144,1.54240266571527,1.62975083462064,1.38149996163832,
150,152,144,1.54240266571527,1.60009854559581,1.38149996163832,
150,152,144,1.54240266571527,1.60009854559581,1.38149996163832,
150,151,144,1.54240266571527,1.57098576127669,1.38149996163832,
155,150,144,1.69071410347358,1.54240266571527,1.38149996163832,
154,150,144,1.65995262620382,1.54240266571527,1.38149996163832,
154,150,144,1.65995262620382,1.54240266571527,1.38149996163832,
154,150,144,1.65995262620382,1.54240266571527,1.38149996163832,
155,150,144,1.69071410347358,1.54240266571527,1.38149996163832,
156,150,144,1.7220456382672,1.54240266571527,1.38149996163832,
156,150,144,1.7220456382672,1.54240266571527,1.38149996163832,
157,150,144,1.75395779462807,1.54240266571527,1.38149996163832,
158,150,144,1.78646133236755,1.54240266571527,1.38149996163832,
158,150,144,1.78646133236755,1.54240266571527,1.38149996163832,
159,150,144,1.81956721069289,1.54240266571527,1.38149996163832,
160,150,144,1.8532865919023,1.54240266571527,1.38149996163832,
160,150,144,1.8532865919023,1.54240266571527,1.38149996163832,
160,150,144,1.8532865919023,1.54240266571527,1.38149996163832,
161,150,143,1.88763084514856,1.54240266571527,1.35636444074759,
161,150,143,1.88763084514856,1.54240266571527,1.35636444074759,
161,150,142,1.88763084514856,1.54240266571527,1.33168624481379,
161,150,142,1.88763084514856,1.54240266571527,1.33168624481379,
161,150,142,1.88763084514856,1.54240266571527,1.33168624481379,
161,150,141,1.88763084514856,1.54240266571527,1.30745705309762,
161,150,141,1.88763084514856,1.54240266571527,1.30745705309762,
161,150,140,1.88763084514856,1.54240266571527,1.2836686962504,
161,150,140,1.88763084514856,1.54240266571527,1.2836686962504,
161,150,140,1.88763084514856,1.54240266571527,1.2836686962504,
161,150,140,1.88763084514856,1.54240266571527,1.2836686962504,
161,150,140,1.88763084514856,1.54240266571527,1.2836686962504,
161,150,140,1.88763084514856,1.54240266571527,1.2836686962504,
161,150,140,1.88763084514856,1.54240266571527,1.2836686962504,
161,150,140,1.88763084514856,1.54240266571527,1.2836686962504,
161,150,140,1.88763084514856,1.54240266571527,1.2836686962504,
161,150,140,1.88763084514856,1.54240266571527,1.2836686962504,
161,150,140,1.88763084514856,1.54240266571527,1.2836686962504,
162,150,140,1.92261155027238,1.54240266571527,1.2836686962504,
163,150,140,1.95824050170669,1.54240266571527,1.2836686962504,
164,150,140,1.99452971245347,1.54240266571527,1.2836686962504,
165,150,139,2.03149141813408,1.54240266571527,1.26031315355961,
166,150,139,2.06913808111479,1.54240266571527,1.26031315355961,
168,150,138,2.14653728745556,1.54240266571527,1.23738255024451,
170,150,138,2.22683172693561,1.54240266571527,1.23738255024451,
172,150,137,2.31012970008316,1.54240266571527,1.21486915480104,
173,150,135,2.35293995932641,1.54240266571527,1.17106376230262,
174,150,135,2.39654355856976,1.54240266571527,1.17106376230262,
172,150,134,2.31012970008316,1.54240266571527,1.14975699539774,
171,150,133,2.26809834651882,1.54240266571527,1.12883789168469,
169,150,132,2.18631592748083,1.54240266571527,1.10829939787609,
167,150,131,2.10748239470871,1.54240266571527,1.08813458901467,
164,150,130,1.99452971245347,1.54240266571527,1.06833666613839,
161,121,129,1.88763084514856,0.905602888450454,1.04889895398803,
157,119,127,1.75395779462807,0.872948927470786,1.01107806587918,
154,118,126,1.65995262620382,0.857066172051118,0.992682137864147,
151,116,125,1.57098576127669,0.826162333629139,0.974620912162375,
148,115,124,1.48678716679898,0.811130830789687,0.956888299076272,
145,113,123,1.40710128242137,0.781883315310433,0.939478319706455,
143,113,122,1.35636444074759,0.781883315310433,0.922385103935848,
141,113,122,1.30745705309762,0.781883315310433,0.922385103935848,
140,112,121,1.2836686962504,0.767657441295357,0.905602888450454,
138,113,122,1.23738255024451,0.781883315310433,0.922385103935848,
138,113,123,1.23738255024451,0.781883315310433,0.939478319706455,
139,114,124,1.26031315355961,0.796372816668391,0.956888299076272,
140,115,125,1.2836686962504,0.811130830789687,0.974620912162375,
141,118,127,1.30745705309762,0.857066172051118,1.01107806587918,
143,123,128,1.35636444074759,0.939478319706455,1.02981489875652,
144,128,129,1.38149996163832,1.02981489875652,1.04889895398803,
146,133,130,1.43317703508574,1.12883789168469,1.06833666613839,
148,139,131,1.48678716679898,1.26031315355961,1.08813458901467,
149,139,132,1.51433962155852,1.26031315355961,1.10829939787609,
151,140,132,1.57098576127669,1.2836686962504,1.10829939787609,
153,141,134,1.62975083462064,1.30745705309762,1.14975699539774,
155,142,135,1.69071410347358,1.33168624481379,1.17106376230262,
158,142,135,1.78646133236755,1.33168624481379,1.17106376230262,
160,143,135,1.8532865919023,1.35636444074759,1.17106376230262,
162,144,137,1.92261155027238,1.38149996163832,1.21486915480104,
165,145,138,2.03149141813408,1.40710128242137,1.23738255024451,
167,145,138,2.10748239470871,1.40710128242137,1.23738255024451,
168,146,139,2.14653728745556,1.43317703508574,1.26031315355961,
170,146,139,2.22683172693561,1.43317703508574,1.26031315355961,
171,146,140,2.26809834651882,1.43317703508574,1.2836686962504,
172,147,140,2.31012970008316,1.45973601158446,1.2836686962504,
174,147,141,2.39654355856976,1.45973601158446,1.30745705309762,
174,147,141,2.39654355856976,1.45973601158446,1.30745705309762,
175,148,142,2.44095519962455,1.48678716679898,1.33168624481379,
175,148,142,2.44095519962455,1.48678716679898,1.33168624481379,
175,149,142,2.44095519962455,1.51433962155852,1.33168624481379,
176,149,143,2.48618985674936,1.51433962155852,1.35636444074759,
176,149,143,2.48618985674936,1.51433962155852,1.35636444074759,
176,149,143,2.48618985674936,1.51433962155852,1.35636444074759,
177,150,144,2.53226278169879,1.54240266571527,1.38149996163832,
178,150,144,2.57918950886596,1.54240266571527,1.38149996163832,
179,151,144,2.62698586052018,1.57098576127669,1.38149996163832,
180,151,145,2.67566795214178,1.57098576127669,1.40710128242137,
181,152,145,2.72525219785575,1.60009854559581,1.40710128242137,
182,152,146,2.77575531596606,1.60009854559581,1.43317703508574,
184,153,146,2.87958659741259,1.62975083462064,1.43317703508574,
185,153,147,2.93294976950816,1.62975083462064,1.45973601158446,
186,154,147,2.9873018433227,1.65995262620382,1.45973601158446,
188,154,148,3.09904633919943,1.65995262620382,1.48678716679898,
188,154,148,3.09904633919943,1.65995262620382,1.48678716679898,
189,154,148,3.15647643811691,1.65995262620382,1.48678716679898,
191,154,148,3.27454916287773,1.65995262620382,1.48678716679898,
191,154,148,3.27454916287773,1.65995262620382,1.48678716679898,
192,154,148,3.33523159926324,1.65995262620382,1.48678716679898,
193,154,148,3.39703857460129,1.65995262620382,1.48678716679898,
194,154,148,3.45999092832965,1.65995262620382,1.48678716679898,
194,154,148,3.45999092832965,1.65995262620382,1.48678716679898,
195,154,148,3.52410988607292,1.65995262620382,1.48678716679898,
196,154,148,3.5894170667992,1.65995262620382,1.48678716679898,
196,154,148,3.5894170667992,1.65995262620382,1.48678716679898,
198,154,148,3.72368458366139,1.65995262620382,1.48678716679898,
199,155,148,3.79269019073225,1.69071410347358,1.48678716679898,
200,155,149,3.86297457792001,1.69071410347358,1.51433962155852,
201,156,149,3.93456144298863,1.7220456382672,1.51433962155852,
202,156,149,4.00747492285809,1.7220456382672,1.51433962155852,
203,157,150,4.08173960174266,1.75395779462807,1.54240266571527,
205,157,151,4.23442317977355,1.75395779462807,1.57098576127669,
206,158,151,4.31289355919217,1.78646133236755,1.57098576127669,
207,158,152,4.39281811552809,1.78646133236755,1.60009854559581,
208,158,152,4.47422379691795,1.78646133236755,1.60009854559581,
209,159,152,4.55713805088884,1.81956721069289,1.60009854559581,
210,159,152,4.64158883361278,1.81956721069289,1.60009854559581,
211,159,152,4.72760461933269,1.81956721069289,1.60009854559581,
211,159,152,4.72760461933269,1.81956721069289,1.60009854559581,
211,159,152,4.72760461933269,1.81956721069289,1.60009854559581,
211,160,152,4.72760461933269,1.8532865919023,1.60009854559581,
211,160,152,4.72760461933269,1.8532865919023,1.60009854559581,
211,160,152,4.72760461933269,1.8532865919023,1.60009854559581,
211,160,152,4.72760461933269,1.8532865919023,1.60009854559581,
211,160,152,4.72760461933269,1.8532865919023,1.60009854559581,
211,160,152,4.72760461933269,1.8532865919023,1.60009854559581,
211,161,152,4.72760461933269,1.88763084514856,1.60009854559581,
211,161,152,4.72760461933269,1.88763084514856,1.60009854559581,
211,161,152,4.72760461933269,1.88763084514856,1.60009854559581,
212,161,152,4.81521440996304,1.88763084514856,1.60009854559581,
212,161,152,4.81521440996304,1.88763084514856,1.60009854559581,
213,161,152,4.90444774486841,1.88763084514856,1.60009854559581,
213,161,152,4.90444774486841,1.88763084514856,1.60009854559581,
214,161,152,4.99533471082328,1.88763084514856,1.60009854559581,
214,161,152,4.99533471082328,1.88763084514856,1.60009854559581,
214,161,152,4.99533471082328,1.88763084514856,1.60009854559581,
215,161,153,5.08790595215639,1.88763084514856,1.62975083462064,
215,161,153,5.08790595215639,1.88763084514856,1.62975083462064,
215,162,153,5.08790595215639,1.92261155027238,1.62975083462064,
214,162,154,4.99533471082328,1.92261155027238,1.65995262620382,
214,162,154,4.99533471082328,1.92261155027238,1.65995262620382,
214,163,154,4.99533471082328,1.95824050170669,1.65995262620382,
213,163,155,4.90444774486841,1.95824050170669,1.69071410347358,
213,163,155,4.90444774486841,1.95824050170669,1.69071410347358,
213,164,155,4.90444774486841,1.99452971245347,1.69071410347358,
212,164,156,4.81521440996304,1.99452971245347,1.7220456382672,
212,164,156,4.81521440996304,1.99452971245347,1.7220456382672,
212,164,156,4.81521440996304,1.99452971245347,1.7220456382672,
211,165,157,4.72760461933269,2.03149141813408,1.75395779462807,
211,165,157,4.72760461933269,2.03149141813408,1.75395779462807,
211,166,157,4.72760461933269,2.06913808111479,1.75395779462807,
211,167,158,4.72760461933269,2.10748239470871,1.78646133236755,
211,167,158,4.72760461933269,2.10748239470871,1.78646133236755,
211,168,159,4.72760461933269,2.14653728745556,1.81956721069289,
211,168,159,4.72760461933269,2.14653728745556,1.81956721069289,
211,169,160,4.72760461933269,2.18631592748083,1.8532865919023,
211,169,160,4.72760461933269,2.18631592748083,1.8532865919023,
211,169,161,4.72760461933269,2.18631592748083,1.88763084514856,
211,170,161,4.72760461933269,2.22683172693561,1.88763084514856,
211,170,162,4.72760461933269,2.22683172693561,1.92261155027238,
210,170,162,4.64158883361278,2.22683172693561,1.92261155027238,
210,171,162,4.64158883361278,2.26809834651882,1.92261155027238,
209,171,163,4.55713805088884,2.26809834651882,1.95824050170669,
209,171,163,4.55713805088884,2.26809834651882,1.95824050170669,
209,172,163,4.55713805088884,2.31012970008316,1.95824050170669,
209,172,164,4.55713805088884,2.31012970008316,1.99452971245347,
208,172,164,4.47422379691795,2.31012970008316,1.99452971245347,
208,173,164,4.47422379691795,2.35293995932641,1.99452971245347,
208,173,165,4.47422379691795,2.35293995932641,2.03149141813408,
208,173,165,4.47422379691795,2.35293995932641,2.03149141813408,
208,174,165,4.47422379691795,2.39654355856976,2.03149141813408,
209,174,166,4.55713805088884,2.39654355856976,2.06913808111479,
210,174,166,4.64158883361278,2.39654355856976,2.06913808111479,
211,175,166,4.72760461933269,2.44095519962455,2.06913808111479,
212,175,167,4.81521440996304,2.44095519962455,2.10748239470871,
213,175,167,4.90444774486841,2.44095519962455,2.10748239470871,
215,176,167,5.08790595215639,2.48618985674936,2.10748239470871,
216,176,168,5.18219268108302,2.48618985674936,2.14653728745556,
217,176,168,5.27822668822889,2.48618985674936,2.14653728745556,
219,177,168,5.4756666562447,2.53226278169879,2.14653728745556,
221,177,168,5.68049216172843,2.53226278169879,2.14653728745556,
224,178,169,6.00218545222738,2.57918950886596,2.18631592748083,
227,179,169,6.34209663128346,2.62698586052018,2.18631592748083,
230,180,169,6.7012574004375,2.67566795214178,2.18631592748083,
233,180,169,7.08075788776345,2.67566795214178,2.18631592748083,
237,181,169,7.62039829972396,2.72525219785575,2.18631592748083,
239,183,169,7.9054507018727,2.82719433459262,2.18631592748083,
243,184,169,8.50794279962745,2.87958659741259,2.18631592748083,
246,186,169,8.98975811362943,2.9873018433227,2.18631592748083,
249,186,169,9.4988592242422,2.9873018433227,2.18631592748083,
252,188,169,10.0367913598449,3.09904633919943,2.18631592748083,
255,188,169,10.6051872570091,3.09904633919943,2.18631592748083,
259,190,169,11.4134323221568,3.21497080516744,2.18631592748083,
260,190,169,11.624940791378,3.21497080516744,2.18631592748083,
264,191,169,12.5109035565386,3.27454916287773,2.18631592748083,
267,192,169,13.2194114846603,3.33523159926324,2.18631592748083,
268,192,169,13.4643875276423,3.33523159926324,2.18631592748083,
269,192,169,13.7139033537837,3.33523159926324,2.18631592748083,
271,193,169,14.2268924312671,3.39703857460129,2.18631592748083,
272,193,169,14.4905386469694,3.39703857460129,2.18631592748083,
273,193,169,14.7590706328699,3.39703857460129,2.18631592748083,
275,194,169,15.3111557564959,3.45999092832965,2.18631592748083,
276,194,169,15.5948950405828,3.45999092832965,2.18631592748083,
277,194,169,15.8838924503536,3.45999092832965,2.18631592748083,
278,195,169,16.178245426971,3.52410988607292,2.18631592748083,
279,195,169,16.4780532173321,3.52410988607292,2.18631592748083,
280,196,169,16.7834169075322,3.5894170667992,2.18631592748083,
281,196,169,17.0944394569471,3.5894170667992,2.18631592748083,
282,196,169,17.4112257329487,3.5894170667992,2.18631592748083,
283,197,169,17.7338825462625,3.65593449010938,2.18631592748083,
284,197,169,18.0625186869812,3.65593449010938,2.18631592748083,
285,198,169,18.3972449612453,3.72368458366139,2.18631592748083,
286,198,169,18.7381742286038,3.72368458366139,2.18631592748083,
287,199,169,19.0854214400669,3.79269019073225,2.18631592748083,
289,199,169,19.7993401899187,3.79269019073225,2.18631592748083,
289,200,169,19.7993401899187,3.86297457792001,2.18631592748083,
290,200,169,20.16625244006,3.86297457792001,2.18631592748083,
291,200,169,20.5399641389715,3.86297457792001,2.18631592748083,
292,201,169,20.9206012909049,3.93456144298863,2.18631592748083,
293,201,169,21.3082922351649,3.93456144298863,2.18631592748083,
294,201,169,21.703167689381,3.93456144298863,2.18631592748083,
295,202,169,22.1053607935815,4.00747492285809,2.18631592748083,
296,202,169,22.5150071550844,4.00747492285809,2.18631592748083,
297,202,169,22.9322448942201,4.00747492285809,2.18631592748083,
298,203,169,23.3572146909012,4.08173960174266,2.18631592748083,
297,202,169,22.9322448942201,4.00747492285809,2.18631592748083,
296,202,169,22.5150071550844,4.00747492285809,2.18631592748083,
295,201,168,22.1053607935815,3.93456144298863,2.14653728745556,
294,201,167,21.703167689381,3.93456144298863,2.10748239470871,
292,200,167,20.9206012909049,3.86297457792001,2.10748239470871,
291,200,167,20.5399641389715,3.86297457792001,2.10748239470871,
290,199,166,20.16625244006,3.79269019073225,2.06913808111479,
289,199,166,19.7993401899187,3.79269019073225,2.06913808111479,
288,199,165,19.4391036768636,3.79269019073225,2.03149141813408,
287,199,165,19.0854214400669,3.79269019073225,2.03149141813408,
287,199,165,19.0854214400669,3.79269019073225,2.03149141813408,
287,198,165,19.0854214400669,3.72368458366139,2.03149141813408,
288,198,165,19.4391036768636,3.72368458366139,2.03149141813408,
288,198,165,19.4391036768636,3.72368458366139,2.03149141813408,
288,198,165,19.4391036768636,3.72368458366139,2.03149141813408,
289,198,165,19.7993401899187,3.72368458366139,2.03149141813408,
289,198,165,19.7993401899187,3.72368458366139,2.03149141813408,
289,198,165,19.7993401899187,3.72368458366139,2.03149141813408,
289,198,165,19.7993401899187,3.72368458366139,2.03149141813408,
290,198,165,20.16625244006,3.72368458366139,2.03149141813408,
290,198,165,20.16625244006,3.72368458366139,2.03149141813408,
290,198,165,20.16625244006,3.72368458366139,2.03149141813408,
290,198,165,20.16625244006,3.72368458366139,2.03149141813408,
289,198,165,19.7993401899187,3.72368458366139,2.03149141813408,
289,198,165,19.7993401899187,3.72368458366139,2.03149141813408,
288,198,165,19.4391036768636,3.72368458366139,2.03149141813408,
288,198,165,19.4391036768636,3.72368458366139,2.03149141813408,
287,198,165,19.0854214400669,3.72368458366139,2.03149141813408,
287,198,165,19.0854214400669,3.72368458366139,2.03149141813408,
286,198,165,18.7381742286038,3.72368458366139,2.03149141813408,
286,198,164,18.7381742286038,3.72368458366139,1.99452971245347,
286,198,164,18.7381742286038,3.72368458366139,1.99452971245347,
285,198,164,18.3972449612453,3.72368458366139,1.99452971245347,
285,198,164,18.3972449612453,3.72368458366139,1.99452971245347,
285,198,163,18.3972449612453,3.72368458366139,1.95824050170669,
284,198,163,18.0625186869812,3.72368458366139,1.95824050170669,
284,198,163,18.0625186869812,3.72368458366139,1.95824050170669,
284,198,162,18.0625186869812,3.72368458366139,1.92261155027238,
283,198,162,17.7338825462625,3.72368458366139,1.92261155027238,
283,198,162,17.7338825462625,3.72368458366139,1.92261155027238,
283,199,161,17.7338825462625,3.79269019073225,1.88763084514856,
283,199,161,17.7338825462625,3.79269019073225,1.88763084514856,
283,199,161,17.7338825462625,3.79269019073225,1.88763084514856,
283,199,161,17.7338825462625,3.79269019073225,1.88763084514856,
284,200,161,18.0625186869812,3.86297457792001,1.88763084514856,
284,200,161,18.0625186869812,3.86297457792001,1.88763084514856,
285,200,161,18.3972449612453,3.86297457792001,1.88763084514856,
286,201,161,18.7381742286038,3.93456144298863,1.88763084514856,
286,201,161,18.7381742286038,3.93456144298863,1.88763084514856,
287,201,161,19.0854214400669,3.93456144298863,1.88763084514856,
288,202,161,19.4391036768636,4.00747492285809,1.88763084514856,
289,202,161,19.7993401899187,4.00747492285809,1.88763084514856,
289,202,161,19.7993401899187,4.00747492285809,1.88763084514856,
290,203,160,20.16625244006,4.08173960174266,1.8532865919023,
290,203,160,20.16625244006,4.08173960174266,1.8532865919023,
290,202,160,20.16625244006,4.00747492285809,1.8532865919023,
290,202,160,20.16625244006,4.00747492285809,1.8532865919023,
290,201,159,20.16625244006,3.93456144298863,1.81956721069289,
290,201,159,20.16625244006,3.93456144298863,1.81956721069289,
290,200,158,20.16625244006,3.86297457792001,1.78646133236755,
290,200,158,20.16625244006,3.86297457792001,1.78646133236755,
290,199,158,20.16625244006,3.79269019073225,1.78646133236755,
291,199,157,20.5399641389715,3.79269019073225,1.75395779462807,
291,199,157,20.5399641389715,3.79269019073225,1.75395779462807,
292,199,156,20.9206012909049,3.79269019073225,1.7220456382672,
292,198,156,20.9206012909049,3.72368458366139,1.7220456382672,
293,198,155,21.3082922351649,3.72368458366139,1.69071410347358,
294,198,155,21.703167689381,3.72368458366139,1.69071410347358,
294,198,155,21.703167689381,3.72368458366139,1.69071410347358,
295,198,154,22.1053607935815,3.72368458366139,1.65995262620382,
296,198,154,22.5150071550844,3.72368458366139,1.65995262620382,
296,198,154,22.5150071550844,3.72368458366139,1.65995262620382,
297,198,153,22.9322448942201,3.72368458366139,1.62975083462064,
298,198,153,23.3572146909012,3.72368458366139,1.62975083462064,
298,198,153,23.3572146909012,3.72368458366139,1.62975083462064,
299,198,152,23.7900598320558,3.72368458366139,1.60009854559581,
300,198,152,24.2309262599391,3.72368458366139,1.60009854559581,
300,198,152,24.2309262599391,3.72368458366139,1.60009854559581,
301,198,151,24.6799626213411,3.72368458366139,1.57098576127669,
301,198,151,24.6799626213411,3.72368458366139,1.57098576127669,
302,198,150,25.1373203177057,3.72368458366139,1.54240266571527,
302,198,150,25.1373203177057,3.72368458366139,1.54240266571527,
303,198,149,25.6031535561784,3.72368458366139,1.51433962155852,
304,198,149,26.0776194016006,3.72368458366139,1.51433962155852,
304,198,148,26.0776194016006,3.72368458366139,1.48678716679898,
305,198,148,26.5608778294669,3.72368458366139,1.48678716679898,
306,198,148,27.0530917798641,3.72368458366139,1.48678716679898,
307,198,148,27.5544272124096,3.72368458366139,1.48678716679898,
308,198,148,28.0650531622081,3.72368458366139,1.48678716679898,
309,198,148,28.5851417968447,3.72368458366139,1.48678716679898,
310,198,148,29.1148684744352,3.72368458366139,1.48678716679898,
311,198,148,29.6544118027509,3.72368458366139,1.48678716679898,
312,198,148,30.2039536994402,3.72368458366139,1.48678716679898,
313,198,148,30.7636794533655,3.72368458366139,1.48678716679898,
314,199,148,31.333777787077,3.79269019073225,1.48678716679898,
314,199,148,31.333777787077,3.79269019073225,1.48678716679898,
315,199,148,31.9144409204444,3.79269019073225,1.48678716679898,
315,199,148,31.9144409204444,3.79269019073225,1.48678716679898,
315,199,148,31.9144409204444,3.79269019073225,1.48678716679898,
314,200,148,31.333777787077,3.86297457792001,1.48678716679898,
314,200,148,31.333777787077,3.86297457792001,1.48678716679898,
313,201,148,30.7636794533655,3.93456144298863,1.48678716679898,
313,201,148,30.7636794533655,3.93456144298863,1.48678716679898,
312,202,148,30.2039536994402,4.00747492285809,1.48678716679898,
312,202,148,30.2039536994402,4.00747492285809,1.48678716679898,
311,202,148,29.6544118027509,4.00747492285809,1.48678716679898,
310,202,148,29.1148684744352,4.00747492285809,1.48678716679898,
310,202,147,29.1148684744352,4.00747492285809,1.45973601158446,
309,202,147,28.5851417968447,4.00747492285809,1.45973601158446,
308,202,147,28.0650531622081,4.00747492285809,1.45973601158446,
308,202,146,28.0650531622081,4.00747492285809,1.43317703508574,
307,202,146,27.5544272124096,4.00747492285809,1.43317703508574,
306,202,146,27.0530917798641,4.00747492285809,1.43317703508574,
306,202,145,27.0530917798641,4.00747492285809,1.40710128242137,
305,202,145,26.5608778294669,4.00747492285809,1.40710128242137,
304,202,145,26.0776194016006,4.00747492285809,1.40710128242137,
304,202,144,26.0776194016006,4.00747492285809,1.38149996163832,
303,201,144,25.6031535561784,3.93456144298863,1.38149996163832,
303,201,144,25.6031535561784,3.93456144298863,1.38149996163832,
302,200,144,25.1373203177057,3.86297457792001,1.38149996163832,
302,199,144,25.1373203177057,3.79269019073225,1.38149996163832,
301,198,144,24.6799626213411,3.72368458366139,1.38149996163832,
301,197,144,24.6799626213411,3.65593449010938,1.38149996163832,
300,196,144,24.2309262599391,3.5894170667992,1.38149996163832,
300,196,144,24.2309262599391,3.5894170667992,1.38149996163832,
300,195,144,24.2309262599391,3.52410988607292,1.38149996163832,
300,195,144,24.2309262599391,3.52410988607292,1.38149996163832,
301,194,143,24.6799626213411,3.45999092832965,1.35636444074759,
302,194,143,25.1373203177057,3.45999092832965,1.35636444074759,
303,194,143,25.6031535561784,3.45999092832965,1.35636444074759,
304,194,142,26.0776194016006,3.45999092832965,1.33168624481379,
305,194,142,26.5608778294669,3.45999092832965,1.33168624481379,
306,194,142,27.0530917798641,3.45999092832965,1.33168624481379,
307,194,141,27.5544272124096,3.45999092832965,1.30745705309762,
308,194,141,28.0650531622081,3.45999092832965,1.30745705309762,
309,194,141,28.5851417968447,3.45999092832965,1.30745705309762,
310,194,140,29.1148684744352,3.45999092832965,1.2836686962504,
310,194,140,29.1148684744352,3.45999092832965,1.2836686962504,
311,194,140,29.6544118027509,3.45999092832965,1.2836686962504,
311,194,139,29.6544118027509,3.45999092832965,1.26031315355961,
311,194,139,29.6544118027509,3.45999092832965,1.26031315355961,
310,193,139,29.1148684744352,3.39703857460129,1.26031315355961,
310,193,138,29.1148684744352,3.39703857460129,1.23738255024451,
309,193,138,28.5851417968447,3.39703857460129,1.23738255024451,
309,192,138,28.5851417968447,3.33523159926324,1.23738255024451,
309,192,137,28.5851417968447,3.33523159926324,1.21486915480104,
309,192,137,28.5851417968447,3.33523159926324,1.21486915480104,
308,191,137,28.0650531622081,3.27454916287773,1.21486915480104,
308,191,136,28.0650531622081,3.27454916287773,1.192765376395,
308,191,136,28.0650531622081,3.27454916287773,1.192765376395,
307,190,135,27.5544272124096,3.21497080516744,1.17106376230262,
307,190,135,27.5544272124096,3.21497080516744,1.17106376230262,
307,189,134,27.5544272124096,3.15647643811691,1.14975699539774,
307,189,134,27.5544272124096,3.15647643811691,1.14975699539774,
307,188,133,27.5544272124096,3.09904633919943,1.12883789168469,
307,188,133,27.5544272124096,3.09904633919943,1.12883789168469,
307,187,133,27.5544272124096,3.04266114472725,1.12883789168469,
307,187,132,27.5544272124096,3.04266114472725,1.10829939787609,
307,186,131,27.5544272124096,2.9873018433227,1.08813458901467,
307,186,131,27.5544272124096,2.9873018433227,1.08813458901467,
307,186,131,27.5544272124096,2.9873018433227,1.08813458901467,
306,185,131,27.0530917798641,2.93294976950816,1.08813458901467,
306,185,131,27.0530917798641,2.93294976950816,1.08813458901467,
306,185,131,27.0530917798641,2.93294976950816,1.08813458901467,
306,184,131,27.0530917798641,2.87958659741259,1.08813458901467,
305,184,131,26.5608778294669,2.87958659741259,1.08813458901467,
305,184,131,26.5608778294669,2.87958659741259,1.08813458901467,
305,183,131,26.5608778294669,2.82719433459262,1.08813458901467,
304,183,131,26.0776194016006,2.82719433459262,1.08813458901467,
304,183,131,26.0776194016006,2.82719433459262,1.08813458901467,
304,182,131,26.0776194016006,2.77575531596606,1.08813458901467,
303,182,131,25.6031535561784,2.77575531596606,1.08813458901467,
303,182,131,25.6031535561784,2.77575531596606,1.08813458901467,
303,182,131,25.6031535561784,2.77575531596606,1.08813458901467,
303,182,131,25.6031535561784,2.77575531596606,1.08813458901467,
303,182,131,25.6031535561784,2.77575531596606,1.08813458901467,
303,182,131,25.6031535561784,2.77575531596606,1.08813458901467,
303,182,131,25.6031535561784,2.77575531596606,1.08813458901467,
303,182,131,25.6031535561784,2.77575531596606,1.08813458901467,
303,182,131,25.6031535561784,2.77575531596606,1.08813458901467,
304,182,131,26.0776194016006,2.77575531596606,1.08813458901467,
304,182,131,26.0776194016006,2.77575531596606,1.08813458901467,
305,183,131,26.5608778294669,2.82719433459262,1.08813458901467,
305,183,131,26.5608778294669,2.82719433459262,1.08813458901467,
306,183,131,27.0530917798641,2.82719433459262,1.08813458901467,
307,184,131,27.5544272124096,2.87958659741259,1.08813458901467,
307,184,131,27.5544272124096,2.87958659741259,1.08813458901467,
308,184,131,28.0650531622081,2.87958659741259,1.08813458901467,
309,185,131,28.5851417968447,2.93294976950816,1.08813458901467,
309,185,131,28.5851417968447,2.93294976950816,1.08813458901467,
310,185,131,29.1148684744352,2.93294976950816,1.08813458901467,
311,186,131,29.6544118027509,2.9873018433227,1.08813458901467,
311,186,131,29.6544118027509,2.9873018433227,1.08813458901467,
311,186,131,29.6544118027509,2.9873018433227,1.08813458901467,
311,185,131,29.6544118027509,2.93294976950816,1.08813458901467,
310,185,131,29.1148684744352,2.93294976950816,1.08813458901467,
310,184,131,29.1148684744352,2.87958659741259,1.08813458901467,
309,184,131,28.5851417968447,2.87958659741259,1.08813458901467,
309,183,131,28.5851417968447,2.82719433459262,1.08813458901467,
308,183,131,28.0650531622081,2.82719433459262,1.08813458901467,
308,182,131,28.0650531622081,2.77575531596606,1.08813458901467,
307,182,131,27.5544272124096,2.77575531596606,1.08813458901467,
307,182,131,27.5544272124096,2.77575531596606,1.08813458901467,
306,183,131,27.0530917798641,2.82719433459262,1.08813458901467,
306,183,131,27.0530917798641,2.82719433459262,1.08813458901467,
306,183,131,27.0530917798641,2.82719433459262,1.08813458901467,
306,184,131,27.0530917798641,2.87958659741259,1.08813458901467,
305,184,131,26.5608778294669,2.87958659741259,1.08813458901467,
305,184,131,26.5608778294669,2.87958659741259,1.08813458901467,
305,185,131,26.5608778294669,2.93294976950816,1.08813458901467,
304,185,131,26.0776194016006,2.93294976950816,1.08813458901467,
304,185,131,26.0776194016006,2.93294976950816,1.08813458901467,
304,186,131,26.0776194016006,2.9873018433227,1.08813458901467,
303,186,131,25.6031535561784,2.9873018433227,1.08813458901467,
303,186,131,25.6031535561784,2.9873018433227,1.08813458901467,
302,186,131,25.1373203177057,2.9873018433227,1.08813458901467,
302,186,131,25.1373203177057,2.9873018433227,1.08813458901467,
301,186,131,24.6799626213411,2.9873018433227,1.08813458901467,
301,186,131,24.6799626213411,2.9873018433227,1.08813458901467,
300,186,131,24.2309262599391,2.9873018433227,1.08813458901467,
300,186,131,24.2309262599391,2.9873018433227,1.08813458901467,
300,186,131,24.2309262599391,2.9873018433227,1.08813458901467,
300,186,131,24.2309262599391,2.9873018433227,1.08813458901467,
301,186,131,24.6799626213411,2.9873018433227,1.08813458901467,
301,185,131,24.6799626213411,2.93294976950816,1.08813458901467,
302,185,131,25.1373203177057,2.93294976950816,1.08813458901467,
303,185,131,25.6031535561784,2.93294976950816,1.08813458901467,
304,184,131,26.0776194016006,2.87958659741259,1.08813458901467,
305,184,131,26.5608778294669,2.87958659741259,1.08813458901467,
306,184,131,27.0530917798641,2.87958659741259,1.08813458901467,
307,183,131,27.5544272124096,2.82719433459262,1.08813458901467,
308,183,131,28.0650531622081,2.82719433459262,1.08813458901467,
309,183,131,28.5851417968447,2.82719433459262,1.08813458901467,
310,182,131,29.1148684744352,2.77575531596606,1.08813458901467,
311,182,131,29.6544118027509,2.77575531596606,1.08813458901467,
313,182,131,30.7636794533655,2.77575531596606,1.08813458901467,
314,183,131,31.333777787077,2.82719433459262,1.08813458901467,
315,183,131,31.9144409204444,2.82719433459262,1.08813458901467,
316,183,131,32.5058646354671,2.82719433459262,1.08813458901467,
318,184,131,33.7217951464219,2.87958659741259,1.08813458901467,
319,184,131,34.3467119172483,2.87958659741259,1.08813458901467,
320,184,131,34.9832093577504,2.87958659741259,1.08813458901467,
322,184,131,36.2918086553304,2.87958659741259,1.08813458901467,
323,185,131,36.9643517324076,2.93294976950816,1.08813458901467,
324,185,131,37.6493580679247,2.93294976950816,1.08813458901467,
326,186,131,39.0576886478379,2.9873018433227,1.08813458901467,
326,186,131,39.0576886478379,2.9873018433227,1.08813458901467,
327,186,131,39.7814877385972,2.9873018433227,1.08813458901467,
328,186,131,40.5186999406265,2.9873018433227,1.08813458901467,
327,186,131,39.7814877385972,2.9873018433227,1.08813458901467,
327,186,131,39.7814877385972,2.9873018433227,1.08813458901467,
326,186,131,39.0576886478379,2.9873018433227,1.08813458901467,
326,186,131,39.0576886478379,2.9873018433227,1.08813458901467,
325,186,131,38.3470586252449,2.9873018433227,1.08813458901467,
325,186,131,38.3470586252449,2.9873018433227,1.08813458901467,
325,186,131,38.3470586252449,2.9873018433227,1.08813458901467,
325,186,131,38.3470586252449,2.9873018433227,1.08813458901467,
325,186,132,38.3470586252449,2.9873018433227,1.10829939787609,
326,186,132,39.0576886478379,2.9873018433227,1.10829939787609,
326,186,132,39.0576886478379,2.9873018433227,1.10829939787609,
327,186,133,39.7814877385972,2.9873018433227,1.12883789168469,
328,186,133,40.5186999406265,2.9873018433227,1.12883789168469,
329,186,133,41.269573819524,2.9873018433227,1.12883789168469,
329,186,134,41.269573819524,2.9873018433227,1.14975699539774,
330,186,134,42.0343625471911,2.9873018433227,1.14975699539774,
331,186,134,42.8133239871939,2.9873018433227,1.14975699539774,
332,186,135,43.6067207817078,2.9873018433227,1.17106376230262,
333,187,135,44.4148204400715,3.04266114472725,1.17106376230262,
334,187,135,45.2378954289838,3.04266114472725,1.17106376230262,
335,188,136,46.0762232643709,3.09904633919943,1.192765376395,
336,188,136,46.9300866049559,3.09904633919943,1.192765376395,
337,189,136,47.7997733475636,3.15647643811691,1.192765376395,
339,190,136,49.5877954008704,3.21497080516744,1.192765376395,
340,191,136,50.5067335783833,3.27454916287773,1.192765376395,
341,192,136,51.4427010948143,3.33523159926324,1.192765376395,
342,193,136,52.3960135300264,3.39703857460129,1.192765376395,
343,194,136,53.3669923120631,3.45999092832965,1.192765376395,
345,194,136,55.3632645219499,3.45999092832965,1.192765376395,
346,195,136,56.389231032251,3.52410988607292,1.192765376395,
347,195,136,57.434210281222,3.52410988607292,1.192765376395,
347,196,136,57.434210281222,3.5894170667992,1.192765376395,
348,196,136,58.4985546041758,3.5894170667992,1.192765376395,
349,196,136,59.5826228657415,3.5894170667992,1.192765376395,
349,197,136,59.5826228657415,3.65593449010938,1.192765376395,
350,197,136,60.6867805808619,3.65593449010938,1.192765376395,
351,198,136,61.8114000380341,3.72368458366139,1.192765376395,
351,198,136,61.8114000380341,3.72368458366139,1.192765376395,
352,198,136,62.9568604248347,3.72368458366139,1.192765376395,
353,198,136,64.1235479557692,3.72368458366139,1.192765376395,
354,198,136,65.3118560024927,3.72368458366139,1.192765376395,
355,198,136,66.5221852264423,3.72368458366139,1.192765376395,
356,197,136,67.7549437139287,3.65593449010938,1.192765376395,
357,197,136,69.0105471137295,3.65593449010938,1.192765376395,
358,196,136,70.2894187772344,3.5894170667992,1.192765376395,
359,196,136,71.591989901186,3.5894170667992,1.192765376395,
360,195,136,72.9186996730657,3.52410988607292,1.192765376395,
360,195,136,72.9186996730657,3.52410988607292,1.192765376395,
361,194,136,74.2699954191758,3.45999092832965,1.192765376395,
362,194,136,75.6463327554629,3.45999092832965,1.192765376395,
362,194,136,75.6463327554629,3.45999092832965,1.192765376395,
363,194,136,77.0481757411386,3.45999092832965,1.192765376395,
363,193,136,77.0481757411386,3.39703857460129,1.192765376395,
363,193,136,77.0481757411386,3.39703857460129,1.192765376395,
364,193,136,78.4759970351462,3.39703857460129,1.192765376395,
364,192,136,78.4759970351462,3.33523159926324,1.192765376395,
364,192,136,78.4759970351462,3.33523159926324,1.192765376395,
365,192,136,79.9302780555262,3.33523159926324,1.192765376395,
365,191,136,79.9302780555262,3.27454916287773,1.192765376395,
366,191,136,81.4115091417373,3.27454916287773,1.192765376395,
366,190,136,81.4115091417373,3.21497080516744,1.192765376395,
367,190,136,82.9201897199822,3.21497080516744,1.192765376395,
367,190,136,82.9201897199822,3.21497080516744,1.192765376395,
370,190,136,87.6160625282463,3.21497080516744,1.192765376395,
370,190,136,87.6160625282463,3.21497080516744,1.192765376395,
371,190,136,89.2397230311922,3.21497080516744,1.192765376395,
372,190,136,90.8934724625008,3.21497080516744,1.192765376395,
372,190,136,90.8934724625008,3.21497080516744,1.192765376395,
373,190,136,92.5778684163293,3.21497080516744,1.192765376395,
373,190,136,92.5778684163293,3.21497080516744,1.192765376395,
374,190,136,94.2934788199133,3.21497080516744,1.192765376395,
375,190,136,96.0408821250538,3.21497080516744,1.192765376395,
376,190,136,97.8206675031546,3.21497080516744,1.192765376395,
377,190,137,99.633435043872,3.21497080516744,1.21486915480104,
377,190,137,99.633435043872,3.21497080516744,1.21486915480104,
378,190,137,101.479795957448,3.21497080516744,1.21486915480104,
379,190,138,103.36037278079,3.21497080516744,1.23738255024451,
379,190,138,103.36037278079,3.21497080516744,1.23738255024451,
380,190,138,105.275799587374,3.21497080516744,1.23738255024451,
381,190,139,107.226722201032,3.21497080516744,1.26031315355961,
381,190,139,107.226722201032,3.21497080516744,1.26031315355961,
383,190,139,111.23769820724,3.21497080516744,1.26031315355961,
384,190,140,113.299103979264,3.21497080516744,1.2836686962504,
384,191,140,113.299103979264,3.27454916287773,1.2836686962504,
387,191,140,119.715372241235,3.27454916287773,1.2836686962504,
388,191,140,121.933882362491,3.27454916287773,1.2836686962504,
390,192,140,126.495001703459,3.33523159926324,1.2836686962504,
392,192,140,131.226736538984,3.33523159926324,1.2836686962504,
393,192,140,133.658569959713,3.33523159926324,1.2836686962504,
395,193,140,138.658268785975,3.39703857460129,1.2836686962504,
396,193,140,141.227819938335,3.39703857460129,1.2836686962504,
398,193,140,146.510657887253,3.39703857460129,1.2836686962504,
400,194,140,151.991108295293,3.45999092832965,1.2836686962504,
400,194,140,151.991108295293,3.45999092832965,1.2836686962504,
401,194,140,154.807737486527,3.45999092832965,1.2836686962504,
402,194,140,157.676563152212,3.45999092832965,1.2836686962504,
402,194,141,157.676563152212,3.45999092832965,1.30745705309762,
401,194,141,154.807737486527,3.45999092832965,1.30745705309762,
400,194,142,151.991108295293,3.45999092832965,1.33168624481379,
399,194,142,149.225725896563,3.45999092832965,1.33168624481379,
398,194,143,146.510657887253,3.45999092832965,1.35636444074759,
396,194,143,141.227819938335,3.45999092832965,1.35636444074759,
395,194,143,138.658268785975,3.45999092832965,1.35636444074759,
394,194,144,136.135468996963,3.45999092832965,1.38149996163832,
392,194,144,131.226736538984,3.45999092832965,1.38149996163832,
391,194,144,128.839148794294,3.45999092832965,1.38149996163832,
390,193,144,126.495001703459,3.39703857460129,1.38149996163832,
388,193,144,121.933882362491,3.39703857460129,1.38149996163832,
385,193,144,115.398710773292,3.39703857460129,1.38149996163832,
383,192,144,111.23769820724,3.33523159926324,1.38149996163832,
382,192,144,109.213798413708,3.33523159926324,1.38149996163832,
382,192,144,109.213798413708,3.33523159926324,1.38149996163832,
380,191,144,105.275799587374,3.27454916287773,1.38149996163832,
378,191,144,101.479795957448,3.27454916287773,1.38149996163832,
377,191,144,99.633435043872,3.27454916287773,1.38149996163832,
376,190,144,97.8206675031546,3.21497080516744,1.38149996163832,
376,190,144,97.8206675031546,3.21497080516744,1.38149996163832,
375,189,144,96.0408821250538,3.15647643811691,1.38149996163832,
374,189,144,94.2934788199133,3.15647643811691,1.38149996163832,
374,188,144,94.2934788199133,3.09904633919943,1.38149996163832,
374,188,144,94.2934788199133,3.09904633919943,1.38149996163832,
374,187,144,94.2934788199133,3.04266114472725,1.38149996163832,
375,187,144,96.0408821250538,3.04266114472725,1.38149996163832,
376,187,144,97.8206675031546,3.04266114472725,1.38149996163832,
377,186,144,99.633435043872,2.9873018433227,1.38149996163832,
378,186,144,101.479795957448,2.9873018433227,1.38149996163832,
380,186,144,105.275799587374,2.9873018433227,1.38149996163832,
381,186,144,107.226722201032,2.9873018433227,1.38149996163832,
383,186,144,111.23769820724,2.9873018433227,1.38149996163832,
384,186,144,113.299103979264,2.9873018433227,1.38149996163832,
386,186,144,117.537226513064,2.9873018433227,1.38149996163832,
389,186,144,124.193504891169,2.9873018433227,1.38149996163832,
391,186,144,128.839148794294,2.9873018433227,1.38149996163832,
393,186,144,133.658569959713,2.9873018433227,1.38149996163832,
394,186,144,136.135468996963,2.9873018433227,1.38149996163832,
396,186,144,141.227819938335,2.9873018433227,1.38149996163832,
397,186,144,143.844988828766,2.9873018433227,1.38149996163832,
398,186,143,146.510657887253,2.9873018433227,1.35636444074759,
398,186,143,146.510657887253,2.9873018433227,1.35636444074759,
398,186,143,146.510657887253,2.9873018433227,1.35636444074759,
398,186,142,146.510657887253,2.9873018433227,1.33168624481379,
397,186,142,143.844988828766,2.9873018433227,1.33168624481379,
397,186,141,143.844988828766,2.9873018433227,1.30745705309762,
396,186,141,141.227819938335,2.9873018433227,1.30745705309762,
396,186,140,141.227819938335,2.9873018433227,1.2836686962504,
395,185,140,138.658268785975,2.93294976950816,1.2836686962504,
395,185,140,138.658268785975,2.93294976950816,1.2836686962504,
395,184,140,138.658268785975,2.87958659741259,1.2836686962504,
395,184,140,138.658268785975,2.87958659741259,1.2836686962504,
395,183,140,138.658268785975,2.82719433459262,1.2836686962504,
395,182,140,138.658268785975,2.77575531596606,1.2836686962504,
395,182,140,138.658268785975,2.77575531596606,1.2836686962504,
395,181,140,138.658268785975,2.72525219785575,1.2836686962504,
395,180,140,138.658268785975,2.67566795214178,1.2836686962504,
395,180,140,138.658268785975,2.67566795214178,1.2836686962504,
395,179,140,138.658268785975,2.62698586052018,1.2836686962504,
395,178,140,138.658268785975,2.57918950886596,1.2836686962504,
394,178,140,136.135468996963,2.57918950886596,1.2836686962504,
393,177,140,133.658569959713,2.53226278169879,1.2836686962504,
392,177,140,131.226736538984,2.53226278169879,1.2836686962504,
391,176,140,128.839148794294,2.48618985674936,1.2836686962504,
389,176,140,124.193504891169,2.48618985674936,1.2836686962504,
388,175,140,121.933882362491,2.44095519962455,1.2836686962504,
386,175,140,117.537226513064,2.44095519962455,1.2836686962504,
386,174,140,117.537226513064,2.39654355856976,1.2836686962504,
385,174,140,115.398710773292,2.39654355856976,1.2836686962504,
383,173,140,111.23769820724,2.35293995932641,1.2836686962504,
382,173,140,109.213798413708,2.35293995932641,1.2836686962504,
381,173,140,107.226722201032,2.35293995932641,1.2836686962504,
381,173,140,107.226722201032,2.35293995932641,1.2836686962504,
381,172,140,107.226722201032,2.31012970008316,1.2836686962504,
381,172,140,107.226722201032,2.31012970008316,1.2836686962504,
379,171,140,103.36037278079,2.26809834651882,1.2836686962504,
379,171,140,103.36037278079,2.26809834651882,1.2836686962504,
379,171,140,103.36037278079,2.26809834651882,1.2836686962504,
379,171,140,103.36037278079,2.26809834651882,1.2836686962504,
379,170,140,103.36037278079,2.22683172693561,1.2836686962504,
379,170,140,103.36037278079,2.22683172693561,1.2836686962504,
379,169,140,103.36037278079,2.18631592748083,1.2836686962504,
379,169,140,103.36037278079,2.18631592748083,1.2836686962504,
379,169,140,103.36037278079,2.18631592748083,1.2836686962504,
380,169,140,105.275799587374,2.18631592748083,1.2836686962504,
381,169,140,107.226722201032,2.18631592748083,1.2836686962504,
381,169,140,107.226722201032,2.18631592748083,1.2836686962504,
381,169,140,107.226722201032,2.18631592748083,1.2836686962504,
382,169,140,109.213798413708,2.18631592748083,1.2836686962504,
384,169,140,113.299103979264,2.18631592748083,1.2836686962504,
384,169,140,113.299103979264,2.18631592748083,1.2836686962504,
385,169,140,115.398710773292,2.18631592748083,1.2836686962504,
386,169,140,117.537226513064,2.18631592748083,1.2836686962504,
386,170,140,117.537226513064,2.22683172693561,1.2836686962504,
387,170,140,119.715372241235,2.22683172693561,1.2836686962504,
388,171,140,121.933882362491,2.26809834651882,1.2836686962504,
389,171,140,124.193504891169,2.26809834651882,1.2836686962504,
390,172,140,126.495001703459,2.31012970008316,1.2836686962504,
391,173,140,128.839148794294,2.35293995932641,1.2836686962504,
392,174,140,131.226736538984,2.39654355856976,1.2836686962504,
394,175,140,136.135468996963,2.44095519962455,1.2836686962504,
395,176,140,138.658268785975,2.48618985674936,1.2836686962504,
397,176,140,143.844988828766,2.48618985674936,1.2836686962504,
399,177,139,149.225725896563,2.53226278169879,1.26031315355961,
400,177,139,151.991108295293,2.53226278169879,1.26031315355961,
402,177,139,157.676563152212,2.53226278169879,1.26031315355961,
404,176,138,163.574690956204,2.48618985674936,1.23738255024451,
407,176,138,172.838127834188,2.48618985674936,1.23738255024451,
409,176,138,179.303396654035,2.48618985674936,1.23738255024451,
411,175,137,186.010508529213,2.44095519962455,1.21486915480104,
414,175,137,196.54451348028,2.44095519962455,1.21486915480104,
416,175,137,203.896555131271,2.44095519962455,1.21486915480104,
418,174,136,211.523610902376,2.39654355856976,1.192765376395,
420,174,136,219.435968108308,2.39654355856976,1.192765376395,
422,173,135,227.644298876186,2.35293995932641,1.17106376230262,
424,173,134,236.159674540011,2.35293995932641,1.14975699539774,
425,172,133,240.536076821448,2.31012970008316,1.12883789168469,
428,171,133,254.157932082112,2.26809834651882,1.12883789168469,
429,170,132,258.867869779884,2.22683172693561,1.10829939787609,
431,169,131,268.551209838704,2.18631592748083,1.08813458901467,
432,168,130,273.527877128368,2.14653728745556,1.06833666613839,
434,167,129,283.759596700416,2.10748239470871,1.04889895398803,
435,166,128,289.018098808358,2.06913808111479,1.02981489875652,
436,166,127,294.374049054585,2.06913808111479,1.01107806587918,
436,165,127,294.374049054585,2.03149141813408,1.01107806587918,
436,164,127,294.374049054585,1.99452971245347,1.01107806587918,
435,163,127,289.018098808358,1.95824050170669,1.01107806587918,
434,162,127,283.759596700416,1.92261155027238,1.01107806587918,
434,162,127,283.759596700416,1.92261155027238,1.01107806587918,
433,161,127,278.596769723317,1.88763084514856,1.01107806587918,
433,160,127,278.596769723317,1.8532865919023,1.01107806587918,
432,160,127,273.527877128368,1.8532865919023,1.01107806587918,
431,159,127,268.551209838704,1.81956721069289,1.01107806587918,
431,159,127,268.551209838704,1.81956721069289,1.01107806587918,
430,158,127,263.665089873036,1.78646133236755,1.01107806587918,
430,157,127,263.665089873036,1.75395779462807,1.01107806587918,
431,158,127,268.551209838704,1.78646133236755,1.01107806587918,
432,158,128,273.527877128368,1.78646133236755,1.02981489875652,
432,159,128,273.527877128368,1.81956721069289,1.02981489875652,
434,160,129,283.759596700416,1.8532865919023,1.04889895398803,
435,161,129,289.018098808358,1.88763084514856,1.04889895398803,
437,162,129,299.8292533031,1.92261155027238,1.04889895398803,
438,163,130,305.385550883342,1.95824050170669,1.06833666613839,
439,164,130,311.044815210357,1.99452971245347,1.06833666613839,
440,164,131,316.808954416457,1.99452971245347,1.08813458901467,
440,164,131,316.808954416457,1.99452971245347,1.08813458901467,
441,164,131,322.679911994581,1.99452971245347,1.08813458901467,
441,163,131,322.679911994581,1.95824050170669,1.08813458901467,
441,162,131,322.679911994581,1.92261155027238,1.08813458901467,
441,162,131,322.679911994581,1.92261155027238,1.08813458901467,
441,161,131,322.679911994581,1.88763084514856,1.08813458901467,
441,160,131,322.679911994581,1.8532865919023,1.08813458901467,
441,160,131,322.679911994581,1.8532865919023,1.08813458901467,
441,159,131,322.679911994581,1.81956721069289,1.08813458901467,
441,158,131,322.679911994581,1.78646133236755,1.08813458901467,
441,158,131,322.679911994581,1.78646133236755,1.08813458901467,
441,157,131,322.679911994581,1.75395779462807,1.08813458901467,
441,157,132,322.679911994581,1.75395779462807,1.10829939787609,
441,156,132,322.679911994581,1.7220456382672,1.10829939787609,
441,155,132,322.679911994581,1.69071410347358,1.10829939787609,
441,155,132,322.679911994581,1.69071410347358,1.10829939787609,
441,154,133,322.679911994581,1.65995262620382,1.12883789168469,
441,154,133,322.679911994581,1.65995262620382,1.12883789168469,
441,153,134,322.679911994581,1.62975083462064,1.14975699539774,
441,153,135,322.679911994581,1.62975083462064,1.17106376230262,
442,153,135,328.659667453584,1.62975083462064,1.17106376230262,
442,152,135,328.659667453584,1.60009854559581,1.17106376230262,
443,152,135,334.750236985669,1.60009854559581,1.17106376230262,
443,152,136,334.750236985669,1.60009854559581,1.192765376395,
444,151,136,340.95367414618,1.57098576127669,1.192765376395,
445,151,136,347.272070546007,1.57098576127669,1.192765376395,
445,151,136,347.272070546007,1.57098576127669,1.192765376395,
446,150,136,353.707556556805,1.54240266571527,1.192765376395,
447,150,136,360.262302029299,1.54240266571527,1.192765376395,
447,150,136,360.262302029299,1.54240266571527,1.192765376395,
448,149,136,366.938517024886,1.51433962155852,1.192765376395,
449,149,136,373.738452560802,1.51433962155852,1.192765376395,
450,149,136,380.664401369098,1.51433962155852,1.192765376395,
451,149,136,387.718698669679,1.51433962155852,1.192765376395,
452,149,136,394.90372295767,1.51433962155852,1.192765376395,
453,150,136,402.22189680537,1.54240266571527,1.192765376395,
454,151,136,409.675687679074,1.57098576127669,1.192765376395,
455,151,136,417.267608771023,1.57098576127669,1.192765376395,
457,152,136,432.876128108306,1.60009854559581,1.192765376395,
458,153,136,440.897989073023,1.62975083462064,1.192765376395,
459,153,136,449.068507469184,1.62975083462064,1.192765376395,
461,154,136,465.866587011572,1.65995262620382,1.192765376395,
462,155,136,474.49981196081,1.69071410347358,1.192765376395,
463,155,136,483.293023857175,1.69071410347358,1.192765376395,
464,156,135,492.249187505059,1.7220456382672,1.17106376230262,
465,156,135,501.371322651244,1.7220456382672,1.17106376230262,
463,157,134,483.293023857175,1.75395779462807,1.14975699539774,
463,157,134,483.293023857175,1.75395779462807,1.14975699539774,
462,157,134,474.49981196081,1.75395779462807,1.14975699539774,
460,157,133,457.390438147814,1.75395779462807,1.12883789168469,
459,157,132,449.068507469184,1.75395779462807,1.10829939787609,
457,157,132,432.876128108306,1.75395779462807,1.10829939787609,
457,157,132,432.876128108306,1.75395779462807,1.10829939787609,
456,157,131,425.00021984678,1.75395779462807,1.08813458901467,
455,156,131,417.267608771023,1.7220456382672,1.08813458901467,
454,156,131,409.675687679074,1.7220456382672,1.08813458901467,
453,156,131,402.22189680537,1.7220456382672,1.08813458901467,
453,156,131,402.22189680537,1.7220456382672,1.08813458901467,
453,155,131,402.22189680537,1.69071410347358,1.08813458901467,
453,155,131,402.22189680537,1.69071410347358,1.08813458901467,
453,154,131,402.22189680537,1.65995262620382,1.08813458901467,
453,154,131,402.22189680537,1.65995262620382,1.08813458901467,
453,154,131,402.22189680537,1.65995262620382,1.08813458901467,
453,154,131,402.22189680537,1.65995262620382,1.08813458901467,
454,153,131,409.675687679074,1.62975083462064,1.08813458901467,
455,153,131,417.267608771023,1.62975083462064,1.08813458901467,
456,153,131,425.00021984678,1.62975083462064,1.08813458901467,
457,153,132,432.876128108306,1.62975083462064,1.10829939787609,
458,153,132,440.897989073023,1.62975083462064,1.10829939787609,
460,154,133,457.390438147814,1.65995262620382,1.12883789168469,
461,154,133,465.866587011572,1.65995262620382,1.12883789168469,
464,155,133,492.249187505059,1.69071410347358,1.12883789168469,
465,155,134,501.371322651244,1.69071410347358,1.14975699539774,
467,156,134,520.125867265454,1.7220456382672,1.14975699539774,
468,156,135,529.764600197182,1.7220456382672,1.17106376230262,
468,157,135,529.764600197182,1.75395779462807,1.17106376230262,
469,157,136,539.581953686696,1.75395779462807,1.192765376395,
469,157,136,539.581953686696,1.75395779462807,1.192765376395,
468,157,136,529.764600197182,1.75395779462807,1.192765376395,
467,157,136,520.125867265454,1.75395779462807,1.192765376395,
467,157,136,520.125867265454,1.75395779462807,1.192765376395,
466,157,136,510.662505003065,1.75395779462807,1.192765376395,
466,157,136,510.662505003065,1.75395779462807,1.192765376395,
465,157,136,501.371322651244,1.75395779462807,1.192765376395,
464,157,136,492.249187505059,1.75395779462807,1.192765376395,
464,157,136,492.249187505059,1.75395779462807,1.192765376395,
463,157,136,483.293023857175,1.75395779462807,1.192765376395,
463,157,136,483.293023857175,1.75395779462807,1.192765376395,
463,157,136,483.293023857175,1.75395779462807,1.192765376395,
463,157,136,483.293023857175,1.75395779462807,1.192765376395,
464,157,137,492.249187505059,1.75395779462807,1.21486915480104,
464,157,138,492.249187505059,1.75395779462807,1.23738255024451,
465,157,138,501.371322651244,1.75395779462807,1.23738255024451,
465,157,139,501.371322651244,1.75395779462807,1.26031315355961,
466,157,139,510.662505003065,1.75395779462807,1.26031315355961,
466,157,139,510.662505003065,1.75395779462807,1.26031315355961,
466,157,140,510.662505003065,1.75395779462807,1.2836686962504,
466,158,140,510.662505003065,1.78646133236755,1.2836686962504,
465,158,140,501.371322651244,1.78646133236755,1.2836686962504,
465,159,140,501.371322651244,1.81956721069289,1.2836686962504,
465,160,140,501.371322651244,1.8532865919023,1.2836686962504,
464,160,140,492.249187505059,1.8532865919023,1.2836686962504,
464,161,140,492.249187505059,1.88763084514856,1.2836686962504,
464,162,140,492.249187505059,1.92261155027238,1.2836686962504,
463,162,140,483.293023857175,1.92261155027238,1.2836686962504,
463,163,140,483.293023857175,1.95824050170669,1.2836686962504,
463,164,140,483.293023857175,1.99452971245347,1.2836686962504,
464,165,140,492.249187505059,2.03149141813408,1.2836686962504,
465,166,140,501.371322651244,2.06913808111479,1.2836686962504,
466,167,141,510.662505003065,2.10748239470871,1.30745705309762,
467,168,141,520.125867265454,2.14653728745556,1.30745705309762,
468,170,142,529.764600197182,2.22683172693561,1.33168624481379,
470,171,142,549.581237847874,2.26809834651882,1.33168624481379,
472,172,142,570.139146485024,2.31012970008316,1.33168624481379,
473,174,143,580.704702464358,2.39654355856976,1.35636444074759,
475,174,143,602.426830871023,2.39654355856976,1.35636444074759,
476,176,144,613.590727341318,2.48618985674936,1.38149996163832,
478,176,144,636.543006721671,2.48618985674936,1.38149996163832,
479,176,144,648.339128444297,2.48618985674936,1.38149996163832,
480,175,144,660.353850459795,2.44095519962455,1.38149996163832,
481,174,144,672.591223768076,2.39654355856976,1.38149996163832,
482,173,144,685.055374440314,2.35293995932641,1.38149996163832,
483,172,144,697.750505010134,2.31012970008316,1.38149996163832,
483,171,144,697.750505010134,2.26809834651882,1.38149996163832,
484,170,144,710.680895890577,2.22683172693561,1.38149996163832,
485,169,144,723.850906817325,2.18631592748083,1.38149996163832,
485,168,144,723.850906817325,2.14653728745556,1.38149996163832,
486,167,144,737.264978318678,2.10748239470871,1.38149996163832,
487,167,144,750.927633212755,2.10748239470871,1.38149996163832,
487,166,144,750.927633212755,2.06913808111479,1.38149996163832,
487,167,144,750.927633212755,2.10748239470871,1.38149996163832,
487,167,145,750.927633212755,2.10748239470871,1.40710128242137,
487,168,145,750.927633212755,2.14653728745556,1.40710128242137,
487,169,145,750.927633212755,2.18631592748083,1.40710128242137,
487,170,146,750.927633212755,2.22683172693561,1.43317703508574,
487,171,146,750.927633212755,2.26809834651882,1.43317703508574,
487,172,146,750.927633212755,2.31012970008316,1.43317703508574,
487,173,147,750.927633212755,2.35293995932641,1.45973601158446,
487,174,147,750.927633212755,2.39654355856976,1.45973601158446,
487,175,147,750.927633212755,2.44095519962455,1.45973601158446,
487,176,148,750.927633212755,2.48618985674936,1.48678716679898,
487,177,148,750.927633212755,2.53226278169879,1.48678716679898,
487,177,149,750.927633212755,2.53226278169879,1.51433962155852,
487,177,149,750.927633212755,2.53226278169879,1.51433962155852,
487,176,150,750.927633212755,2.48618985674936,1.54240266571527,
487,176,150,750.927633212755,2.48618985674936,1.54240266571527,
487,175,151,750.927633212755,2.44095519962455,1.57098576127669,
487,175,151,750.927633212755,2.44095519962455,1.57098576127669,
487,174,152,750.927633212755,2.39654355856976,1.60009854559581,
487,174,152,750.927633212755,2.39654355856976,1.60009854559581,
487,174,152,750.927633212755,2.39654355856976,1.60009854559581,
487,175,153,750.927633212755,2.44095519962455,1.62975083462064,
486,175,153,737.264978318678,2.44095519962455,1.62975083462064,
486,176,153,737.264978318678,2.48618985674936,1.62975083462064,
486,177,154,737.264978318678,2.53226278169879,1.65995262620382,
485,178,154,723.850906817325,2.57918950886596,1.65995262620382,
485,179,154,723.850906817325,2.62698586052018,1.65995262620382,
485,180,155,723.850906817325,2.67566795214178,1.69071410347358,
484,181,155,710.680895890577,2.72525219785575,1.69071410347358,
484,182,155,710.680895890577,2.77575531596606,1.69071410347358,
484,183,156,710.680895890577,2.82719433459262,1.7220456382672,
483,184,156,697.750505010134,2.87958659741259,1.7220456382672,
482,185,157,685.055374440314,2.93294976950816,1.75395779462807,
481,185,157,672.591223768076,2.93294976950816,1.75395779462807,
480,185,158,660.353850459795,2.93294976950816,1.78646133236755,
479,185,158,648.339128444297,2.93294976950816,1.78646133236755,
478,184,158,636.543006721671,2.87958659741259,1.78646133236755,
476,184,159,613.590727341318,2.87958659741259,1.81956721069289,
475,183,160,602.426830871023,2.82719433459262,1.8532865919023,
474,183,160,591.466054459175,2.82719433459262,1.8532865919023,
473,182,161,580.704702464358,2.77575531596606,1.88763084514856,
473,183,161,580.704702464358,2.82719433459262,1.88763084514856,
474,183,161,591.466054459175,2.82719433459262,1.88763084514856,
475,184,162,602.426830871023,2.87958659741259,1.92261155027238,
477,185,163,624.961507997396,2.93294976950816,1.95824050170669,
479,186,164,648.339128444297,2.9873018433227,1.99452971245347,
481,187,164,672.591223768076,3.04266114472725,1.99452971245347,
483,188,165,697.750505010134,3.09904633919943,2.03149141813408,
485,189,165,723.850906817325,3.15647643811691,2.03149141813408,
487,190,166,750.927633212755,3.21497080516744,2.06913808111479,
489,191,167,779.017205078693,3.27454916287773,2.10748239470871,
491,192,167,808.157509415663,3.33523159926324,2.10748239470871,
492,193,168,823.133912033326,3.39703857460129,2.14653728745556,
493,194,169,838.387850444139,3.45999092832965,2.18631592748083,
494,195,169,853.924467813552,3.52410988607292,2.18631592748083,
495,196,169,869.749002617783,3.5894170667992,2.18631592748083,
495,197,169,869.749002617783,3.65593449010938,2.18631592748083,
494,198,169,853.924467813552,3.72368458366139,2.18631592748083,
494,199,169,853.924467813552,3.79269019073225,2.18631592748083,
493,200,169,838.387850444139,3.86297457792001,2.18631592748083,
493,200,169,838.387850444139,3.86297457792001,2.18631592748083,
492,201,169,823.133912033326,3.93456144298863,2.18631592748083,
492,202,169,823.133912033326,4.00747492285809,2.18631592748083,
493,203,169,838.387850444139,4.08173960174266,2.18631592748083,
494,204,170,853.924467813552,4.15738051943995,2.22683172693561,
496,205,170,885.866790410083,4.23442317977355,2.22683172693561,
496,205,170,885.866790410083,4.23442317977355,2.22683172693561,
497,206,171,902.283265619712,4.31289355919217,2.26809834651882,
498,207,171,919.003963384274,4.39281811552809,2.26809834651882,
499,207,171,936.034521415991,4.39281811552809,2.26809834651882,
500,208,172,953.380681902569,4.47422379691795,2.31012970008316,
501,208,172,971.048293443293,4.47422379691795,2.31012970008316,
502,209,172,989.043313020995,4.55713805088884,2.31012970008316,
502,210,173,989.043313020995,4.64158883361278,2.35293995932641,
503,210,173,1007.37180801057,4.64158883361278,2.35293995932641,
503,211,173,1007.37180801057,4.72760461933269,2.35293995932641,
502,211,173,989.043313020995,4.72760461933269,2.35293995932641,
502,212,173,989.043313020995,4.81521440996304,2.35293995932641,
501,213,173,971.048293443293,4.90444774486841,2.35293995932641,
500,213,173,953.380681902569,4.90444774486841,2.35293995932641,
499,214,173,936.034521415991,4.99533471082328,2.35293995932641,
498,214,173,919.003963384274,4.99533471082328,2.35293995932641,
498,215,173,919.003963384274,5.08790595215639,2.35293995932641,
498,215,173,919.003963384274,5.08790595215639,2.35293995932641,
498,216,174,919.003963384274,5.18219268108302,2.39654355856976,
498,216,174,919.003963384274,5.18219268108302,2.39654355856976,
499,217,174,936.034521415991,5.27822668822889,2.39654355856976,
499,218,175,936.034521415991,5.3760403533489,2.44095519962455,
499,218,175,936.034521415991,5.3760403533489,2.44095519962455,
500,219,175,953.380681902569,5.4756666562447,2.44095519962455,
500,220,176,953.380681902569,5.57713918788438,2.48618985674936,
501,220,176,971.048293443293,5.57713918788438,2.48618985674936,
502,221,176,989.043313020995,5.68049216172843,2.48618985674936,
502,222,177,989.043313020995,5.78576042526537,2.53226278169879,
503,222,177,1007.37180801057,5.78576042526537,2.53226278169879,
504,223,177,1026.0399582247,5.89297947176135,2.53226278169879,
504,224,178,1026.0399582247,6.00218545222738,2.57918950886596,
505,225,178,1045.05405799752,6.11341518760833,2.57918950886596,
505,225,178,1045.05405799752,6.11341518760833,2.57918950886596,
506,226,179,1064.42051830686,6.22670618119788,2.62698586052018,
506,227,179,1064.42051830686,6.34209663128346,2.62698586052018,
507,227,179,1084.14586893584,6.34209663128346,2.62698586052018,
508,228,180,1104.2367606745,6.45962544402555,2.67566795214178,
508,229,180,1104.2367606745,6.57933224657568,2.67566795214178,
510,229,180,1145.54238917198,6.57933224657568,2.67566795214178,
510,230,181,1145.54238917198,6.7012574004375,2.72525219785575,
512,230,181,1188.39311651631,6.7012574004375,2.72525219785575,
514,231,181,1232.84673944207,6.82544201507545,2.72525219785575,
515,231,181,1255.69328720119,6.82544201507545,2.72525219785575,
517,232,181,1302.66437372454,6.95192796177561,2.72525219785575,
519,233,181,1351.39248403043,7.08075788776345,2.72525219785575,
520,233,181,1376.43586691004,7.08075788776345,2.72525219785575,
523,234,181,1454.38513091401,7.21197523058319,2.72525219785575,
525,234,181,1508.78858318913,7.21197523058319,2.72525219785575,
527,235,181,1565.22707801009,7.34562423274357,2.72525219785575,
529,235,181,1623.77673918872,7.34562423274357,2.72525219785575,
531,236,181,1684.51653806193,7.48174995663516,2.72525219785575,
533,236,181,1747.52840000768,7.48174995663516,2.72525219785575,
535,236,181,1812.89731494529,7.48174995663516,2.72525219785575,
536,236,181,1846.49309271977,7.48174995663516,2.72525219785575,
538,236,181,1915.56393008661,7.48174995663516,2.72525219785575,
540,236,181,1987.21846548805,7.48174995663516,2.72525219785575,
541,236,181,2024.04468250845,7.48174995663516,2.72525219785575,
542,236,181,2061.55334601552,7.48174995663516,2.72525219785575,
543,236,181,2099.75710279314,7.48174995663516,2.72525219785575,
545,236,181,2178.30165946044,7.48174995663516,2.72525219785575,
546,236,181,2218.66894219273,7.48174995663516,2.72525219785575,
547,236,181,2259.78429280997,7.48174995663516,2.72525219785575,
548,236,181,2301.66157416155,7.48174995663516,2.72525219785575,
549,236,181,2344.31490599679,7.48174995663516,2.72525219785575,
550,236,181,2387.7586697257,7.48174995663516,2.72525219785575,
551,235,181,2432.00751326794,7.34562423274357,2.72525219785575,
552,235,181,2477.07635599171,7.34562423274357,2.72525219785575,
552,234,181,2477.07635599171,7.21197523058319,2.72525219785575,
553,234,181,2522.98039374402,7.21197523058319,2.72525219785575,
553,233,181,2522.98039374402,7.08075788776345,2.72525219785575,
553,233,181,2522.98039374402,7.08075788776345,2.72525219785575,
553,233,182,2522.98039374402,7.08075788776345,2.77575531596606,
552,233,182,2477.07635599171,7.08075788776345,2.77575531596606,
551,233,182,2432.00751326794,7.08075788776345,2.77575531596606,
550,233,183,2387.7586697257,7.08075788776345,2.82719433459262,
548,233,183,2301.66157416155,7.08075788776345,2.82719433459262,
547,234,183,2259.78429280997,7.21197523058319,2.82719433459262,
545,234,184,2178.30165946044,7.21197523058319,2.87958659741259,
543,234,184,2099.75710279314,7.21197523058319,2.87958659741259,
541,235,184,2024.04468250845,7.34562423274357,2.87958659741259,
540,235,185,1987.21846548805,7.34562423274357,2.93294976950816,
538,235,185,1915.56393008661,7.34562423274357,2.93294976950816,
537,236,185,1880.71145196919,7.48174995663516,2.93294976950816,
536,236,185,1846.49309271977,7.48174995663516,2.93294976950816,
535,236,186,1812.89731494529,7.48174995663516,2.9873018433227,
536,236,186,1846.49309271977,7.48174995663516,2.9873018433227,
537,235,186,1880.71145196919,7.34562423274357,2.9873018433227,
538,235,186,1915.56393008661,7.34562423274357,2.9873018433227,
540,234,186,1987.21846548805,7.21197523058319,2.9873018433227,
541,234,186,2024.04468250845,7.21197523058319,2.9873018433227,
542,233,186,2061.55334601552,7.08075788776345,2.9873018433227,
543,233,186,2099.75710279314,7.08075788776345,2.9873018433227,
544,233,186,2138.66883398953,7.08075788776345,2.9873018433227,
545,233,186,2178.30165946044,7.08075788776345,2.9873018433227,
546,233,186,2218.66894219273,7.08075788776345,2.9873018433227,
547,233,186,2259.78429280997,7.08075788776345,2.9873018433227,
548,233,186,2301.66157416155,7.08075788776345,2.9873018433227,
549,234,186,2344.31490599679,7.21197523058319,2.9873018433227,
549,234,186,2344.31490599679,7.21197523058319,2.9873018433227,
550,234,186,2387.7586697257,7.21197523058319,2.9873018433227,
551,235,186,2432.00751326794,7.34562423274357,2.9873018433227,
551,235,186,2432.00751326794,7.34562423274357,2.9873018433227,
552,235,186,2477.07635599171,7.34562423274357,2.9873018433227,
553,236,186,2522.98039374402,7.48174995663516,2.9873018433227,
554,236,186,2569.73510397433,7.48174995663516,2.9873018433227,
554,236,186,2569.73510397433,7.48174995663516,2.9873018433227,
554,236,186,2569.73510397433,7.48174995663516,2.9873018433227,
553,236,186,2522.98039374402,7.48174995663516,2.9873018433227,
553,236,186,2522.98039374402,7.48174995663516,2.9873018433227,
552,236,186,2477.07635599171,7.48174995663516,2.9873018433227,
552,236,186,2477.07635599171,7.48174995663516,2.9873018433227,
551,236,186,2432.00751326794,7.48174995663516,2.9873018433227,
551,236,186,2432.00751326794,7.48174995663516,2.9873018433227,
551,237,186,2432.00751326794,7.62039829972396,2.9873018433227,
551,237,186,2432.00751326794,7.62039829972396,2.9873018433227,
552,237,186,2477.07635599171,7.62039829972396,2.9873018433227,
553,238,186,2522.98039374402,7.76161601002667,2.9873018433227,
554,238,186,2569.73510397433,7.76161601002667,2.9873018433227,
555,239,186,2617.35625095308,7.9054507018727,2.9873018433227,
556,240,186,2665.85989108688,8.05195087195828,2.9873018433227,
557,240,186,2715.2623783323,8.05195087195828,2.9873018433227,
558,241,186,2765.58036970987,8.20116591569806,2.9873018433227,
559,242,186,2816.83083092037,8.35314614387976,2.9873018433227,
560,242,186,2869.03104206512,8.35314614387976,2.9873018433227,
561,244,186,2922.19860347231,8.66560807567914,2.9873018433227,
562,244,186,2976.35144163132,8.66560807567914,2.9873018433227,
563,244,186,3031.50781523696,8.66560807567914,2.9873018433227,
564,244,186,3087.68632134575,8.66560807567914,2.9873018433227,
565,244,186,3144.90590164633,8.66560807567914,2.9873018433227,
566,243,186,3203.18584884595,8.50794279962745,2.9873018433227,
567,242,186,3262.54581317544,8.35314614387976,2.9873018433227,
568,242,186,3323.00580901463,8.35314614387976,2.9873018433227,
569,241,186,3384.58622164066,8.20116591569806,2.9873018433227,
570,241,186,3447.30781410119,8.20116591569806,2.9873018433227,
570,241,186,3447.30781410119,8.20116591569806,2.9873018433227,
571,241,186,3511.19173421513,8.20116591569806,2.9873018433227,
571,241,186,3511.19173421513,8.20116591569806,2.9873018433227,
571,241,186,3511.19173421513,8.20116591569806,2.9873018433227,
571,242,186,3511.19173421513,8.35314614387976,2.9873018433227,
571,242,186,3511.19173421513,8.35314614387976,2.9873018433227,
571,242,186,3511.19173421513,8.35314614387976,2.9873018433227,
571,243,186,3511.19173421513,8.50794279962745,2.9873018433227,
571,243,186,3511.19173421513,8.50794279962745,2.9873018433227,
571,244,186,3511.19173421513,8.66560807567914,2.9873018433227,
571,244,186,3511.19173421513,8.66560807567914,2.9873018433227,
571,244,186,3511.19173421513,8.66560807567914,2.9873018433227,
571,244,186,3511.19173421513,8.66560807567914,2.9873018433227,
571,245,186,3511.19173421513,8.82619513198464,2.9873018433227,
571,245,186,3511.19173421513,8.82619513198464,2.9873018433227,
