-1,-1,213,0,0,1.02217159804217,
-1,-1,213,0,0,1.02217159804217,
-1,-1,212,0,0,1.01102502345005,
219,-1,213,1.09167970881315,0,1.02217159804217,
221,-1,213,1.11588399250775,0,1.02217159804217,
221,-1,212,1.11588399250775,0,1.01102502345005,
223,-1,212,1.14062492385132,0,1.01102502345005,
224,-1,212,1.15320034038449,0,1.01102502345005,
225,-1,212,1.16591440117983,0,1.01102502345005,
227,-1,212,1.19176458663437,0,1.01102502345005,
228,217,211,1.20490381914895,1.06800043251458,1,
230,217,211,1.23161846230659,1.06800043251458,1,
232,217,211,1.25892541179417,1.06800043251458,1,
235,216,210,1.30102521691083,1.05635410374919,0.9890952022014,
236,216,210,1.31536905043638,1.05635410374919,0.9890952022014,
238,217,210,1.34453288429976,1.06800043251458,0.9890952022014,
239,217,209,1.35935639087853,1.06800043251458,0.978309319017829,
240,218,210,1.37434332696493,1.07977516232771,0.9890952022014,
242,219,210,1.40481471478234,1.09167970881315,0.9890952022014,
242,220,211,1.40481471478234,1.10371550320276,1,
242,221,211,1.40481471478234,1.11588399250775,1,
242,222,212,1.40481471478234,1.12818663969268,1.01102502345005,
242,223,212,1.40481471478234,1.14062492385132,1.01102502345005,
242,224,212,1.40481471478234,1.15320034038449,1.01102502345005,
242,225,213,1.40481471478234,1.16591440117983,1.02217159804217,
242,227,213,1.40481471478234,1.19176458663437,1.02217159804217,
242,228,213,1.40481471478234,1.20490381914895,1.02217159804217,
242,230,213,1.40481471478234,1.23161846230659,1.02217159804217,
243,232,214,1.42030282995578,1.25892541179417,1.03344106388056,
244,233,214,1.43596170196222,1.27280509398106,1.03344106388056,
245,235,215,1.45179321339972,1.30102521691083,1.04483477584408,
245,237,215,1.45179321339972,1.3298710250629,1.04483477584408,
245,239,215,1.45179321339972,1.35935639087853,1.04483477584408,
245,240,215,1.45179321339972,1.37434332696493,1.04483477584408,
245,241,216,1.45179321339972,1.38949549437314,1.05635410374919,
245,242,216,1.45179321339972,1.40481471478234,1.05635410374919,
245,243,216,1.45179321339972,1.42030282995578,1.05635410374919,
245,244,217,1.45179321339972,1.43596170196222,1.06800043251458,
245,245,217,1.45179321339972,1.45179321339972,1.06800043251458,
240,246,217,1.37434332696493,1.46779926762207,1.06800043251458,
240,246,218,1.37434332696493,1.46779926762207,1.07977516232771,
240,246,218,1.37434332696493,1.46779926762207,1.07977516232771,
240,246,219,1.37434332696493,1.46779926762207,1.09167970881315,
240,247,219,1.37434332696493,1.48398178896757,1.09167970881315,
240,247,220,1.37434332696493,1.48398178896757,1.10371550320276,
240,247,221,1.37434332696493,1.48398178896757,1.11588399250775,
240,247,221,1.37434332696493,1.48398178896757,1.11588399250775,
240,247,221,1.37434332696493,1.48398178896757,1.11588399250775,
240,247,221,1.37434332696493,1.48398178896757,1.11588399250775,
241,248,221,1.38949549437314,1.50034272299038,1.11588399250775,
241,248,221,1.38949549437314,1.50034272299038,1.11588399250775,
241,248,221,1.38949549437314,1.50034272299038,1.11588399250775,
241,249,221,1.38949549437314,1.51688403669445,1.11588399250775,
241,249,221,1.38949549437314,1.51688403669445,1.11588399250775,
241,249,221,1.38949549437314,1.51688403669445,1.11588399250775,
242,250,221,1.40481471478234,1.53360771877001,1.11588399250775,
242,250,221,1.40481471478234,1.53360771877001,1.11588399250775,
242,251,221,1.40481471478234,1.55051577983262,1.11588399250775,
242,251,221,1.40481471478234,1.55051577983262,1.11588399250775,
242,252,222,1.40481471478234,1.56761025266495,1.12818663969268,
242,253,223,1.40481471478234,1.58489319246111,1.14062492385132,
241,253,223,1.38949549437314,1.58489319246111,1.14062492385132,
241,254,223,1.38949549437314,1.60236667707382,1.14062492385132,
240,255,224,1.37434332696493,1.62003280726413,1.15320034038449,
239,256,224,1.35935639087853,1.63789370695406,1.15320034038449,
239,257,225,1.35935639087853,1.65595152348192,1.16591440117983,
239,258,226,1.35935639087853,1.67420842786045,1.17876863479359,
239,259,226,1.35935639087853,1.69266661503788,1.17876863479359,
239,260,227,1.35935639087853,1.71132830416178,1.19176458663437,
240,261,228,1.37434332696493,1.73019573884589,1.20490381914895,
241,261,228,1.38949549437314,1.73019573884589,1.20490381914895,
241,262,229,1.38949549437314,1.74927118743984,1.21818791201012,
242,263,229,1.40481471478234,1.76855694330186,1.21818791201012,
243,263,230,1.42030282995578,1.76855694330186,1.23161846230659,
243,264,231,1.42030282995578,1.78805532507451,1.24519708473503,
244,265,231,1.43596170196222,1.80776867696343,1.24519708473503,
244,266,232,1.43596170196222,1.82769936901922,1.25892541179417,
245,266,233,1.45179321339972,1.82769936901922,1.27280509398106,
246,266,233,1.46779926762207,1.82769936901922,1.27280509398106,
246,267,234,1.46779926762207,1.84784979742229,1.28683779998954,
247,267,234,1.48398178896757,1.84784979742229,1.28683779998954,
248,267,234,1.50034272299038,1.84784979742229,1.28683779998954,
248,267,234,1.50034272299038,1.84784979742229,1.28683779998954,
249,266,234,1.51688403669445,1.82769936901922,1.28683779998954,
250,266,234,1.53360771877001,1.82769936901922,1.28683779998954,
250,266,234,1.53360771877001,1.82769936901922,1.28683779998954,
251,265,234,1.55051577983262,1.80776867696343,1.28683779998954,
252,265,234,1.56761025266495,1.80776867696343,1.28683779998954,
252,265,234,1.56761025266495,1.80776867696343,1.28683779998954,
253,264,234,1.58489319246111,1.78805532507451,1.28683779998954,
254,264,234,1.60236667707382,1.78805532507451,1.28683779998954,
254,265,234,1.60236667707382,1.80776867696343,1.28683779998954,
255,265,234,1.62003280726413,1.80776867696343,1.28683779998954,
255,266,235,1.62003280726413,1.82769936901922,1.30102521691083,
255,267,235,1.62003280726413,1.84784979742229,1.30102521691083,
256,268,236,1.63789370695406,1.86822238477104,1.31536905043638,
257,269,236,1.65595152348192,1.88881958037304,1.31536905043638,
258,271,237,1.67420842786045,1.93069772888325,1.3298710250629,
258,272,237,1.67420842786045,1.95198371661914,1.3298710250629,
259,273,238,1.69266661503788,1.97350438286898,1.34453288429976,
259,274,238,1.69266661503788,1.99526231496888,1.34453288429976,
260,275,239,1.71132830416178,2.01726012878041,1.35935639087853,
260,276,240,1.71132830416178,2.03950046900506,1.37434332696493,
261,277,240,1.73019573884589,2.06198600950222,1.37434332696493,
262,277,241,1.74927118743984,2.06198600950222,1.38949549437314,
262,278,242,1.74927118743984,2.08471945361065,1.40481471478234,
263,278,242,1.76855694330186,2.08471945361065,1.40481471478234,
264,278,243,1.78805532507451,2.08471945361065,1.42030282995578,
264,279,243,1.78805532507451,2.10770353447348,1.42030282995578,
265,279,244,1.80776867696343,2.10770353447348,1.43596170196222,
266,279,245,1.82769936901922,2.10770353447348,1.45179321339972,
266,280,245,1.82769936901922,2.1309410153668,1.45179321339972,
267,280,246,1.84784979742229,2.1309410153668,1.46779926762207,
267,280,246,1.84784979742229,2.1309410153668,1.46779926762207,
267,280,246,1.84784979742229,2.1309410153668,1.46779926762207,
267,280,246,1.84784979742229,2.1309410153668,1.46779926762207,
267,280,246,1.84784979742229,2.1309410153668,1.46779926762207,
267,280,246,1.84784979742229,2.1309410153668,1.46779926762207,
267,280,246,1.84784979742229,2.1309410153668,1.46779926762207,
267,280,246,1.84784979742229,2.1309410153668,1.46779926762207,
267,280,246,1.84784979742229,2.1309410153668,1.46779926762207,
267,280,247,1.84784979742229,2.1309410153668,1.48398178896757,
268,281,248,1.86822238477104,2.15443469003188,1.50034272299038,
268,281,248,1.86822238477104,2.15443469003188,1.50034272299038,
268,282,248,1.86822238477104,2.17818738301108,1.50034272299038,
269,283,249,1.88881958037304,2.20220194998738,1.51688403669445,
269,283,250,1.88881958037304,2.20220194998738,1.53360771877001,
269,284,250,1.88881958037304,2.22648127812773,1.53360771877001,
270,285,251,1.90964386053956,2.25102828643018,1.55051577983262,
270,285,252,1.90964386053956,2.25102828643018,1.56761025266495,
270,286,253,1.90964386053956,2.27584592607479,1.58489319246111,
271,287,253,1.93069772888325,2.30093718077846,1.58489319246111,
271,287,254,1.93069772888325,2.30093718077846,1.60236667707382,
271,288,254,1.93069772888325,2.32630506715363,1.60236667707382,
271,288,254,1.93069772888325,2.32630506715363,1.60236667707382,
271,288,255,1.93069772888325,2.32630506715363,1.62003280726413,
271,287,255,1.93069772888325,2.30093718077846,1.62003280726413,
270,287,255,1.90964386053956,2.30093718077846,1.62003280726413,
270,286,255,1.90964386053956,2.27584592607479,1.62003280726413,
269,286,255,1.88881958037304,2.27584592607479,1.62003280726413,
269,285,255,1.88881958037304,2.25102828643018,1.62003280726413,
268,285,255,1.86822238477104,2.25102828643018,1.62003280726413,
268,285,255,1.86822238477104,2.25102828643018,1.62003280726413,
268,284,255,1.86822238477104,2.22648127812773,1.62003280726413,
268,284,256,1.86822238477104,2.22648127812773,1.63789370695406,
268,284,256,1.86822238477104,2.22648127812773,1.63789370695406,
269,284,256,1.88881958037304,2.22648127812773,1.63789370695406,
269,284,256,1.88881958037304,2.22648127812773,1.63789370695406,
269,284,257,1.88881958037304,2.22648127812773,1.65595152348192,
270,284,257,1.90964386053956,2.22648127812773,1.65595152348192,
270,284,257,1.90964386053956,2.22648127812773,1.65595152348192,
270,284,258,1.90964386053956,2.22648127812773,1.67420842786045,
271,284,258,1.93069772888325,2.22648127812773,1.67420842786045,
271,284,258,1.93069772888325,2.22648127812773,1.67420842786045,
271,284,259,1.93069772888325,2.22648127812773,1.69266661503788,
271,284,259,1.93069772888325,2.22648127812773,1.69266661503788,
271,283,260,1.93069772888325,2.20220194998738,1.71132830416178,
271,283,260,1.93069772888325,2.20220194998738,1.71132830416178,
270,282,261,1.90964386053956,2.17818738301108,1.73019573884589,
270,282,262,1.90964386053956,2.17818738301108,1.74927118743984,
270,281,262,1.90964386053956,2.15443469003188,1.74927118743984,
270,281,263,1.90964386053956,2.15443469003188,1.76855694330186,
270,280,263,1.90964386053956,2.1309410153668,1.76855694330186,
269,280,263,1.88881958037304,2.1309410153668,1.76855694330186,
269,279,263,1.88881958037304,2.10770353447348,1.76855694330186,
269,279,262,1.88881958037304,2.10770353447348,1.74927118743984,
268,278,262,1.86822238477104,2.08471945361065,1.74927118743984,
268,277,262,1.86822238477104,2.06198600950222,1.74927118743984,
268,276,262,1.86822238477104,2.03950046900506,1.74927118743984,
268,275,262,1.86822238477104,2.01726012878041,1.74927118743984,
267,275,261,1.84784979742229,2.01726012878041,1.73019573884589,
267,275,261,1.84784979742229,2.01726012878041,1.73019573884589,
266,274,260,1.82769936901922,1.99526231496888,1.71132830416178,
266,273,260,1.82769936901922,1.97350438286898,1.71132830416178,
266,273,260,1.82769936901922,1.97350438286898,1.71132830416178,
266,273,260,1.82769936901922,1.97350438286898,1.71132830416178,
266,273,259,1.82769936901922,1.97350438286898,1.69266661503788,
265,274,259,1.80776867696343,1.99526231496888,1.69266661503788,
266,275,259,1.82769936901922,2.01726012878041,1.69266661503788,
266,276,258,1.82769936901922,2.03950046900506,1.67420842786045,
266,278,258,1.82769936901922,2.08471945361065,1.67420842786045,
267,279,257,1.84784979742229,2.10770353447348,1.65595152348192,
268,280,257,1.86822238477104,2.1309410153668,1.65595152348192,
268,281,257,1.86822238477104,2.15443469003188,1.65595152348192,
269,283,256,1.88881958037304,2.20220194998738,1.63789370695406,
270,284,256,1.90964386053956,2.22648127812773,1.63789370695406,
270,285,256,1.90964386053956,2.25102828643018,1.63789370695406,
271,286,255,1.93069772888325,2.27584592607479,1.62003280726413,
272,288,255,1.95198371661914,2.32630506715363,1.62003280726413,
272,289,254,1.95198371661914,2.35195263507096,1.60236667707382,
273,290,254,1.97350438286898,2.37788296802602,1.60236667707382,
273,291,254,1.97350438286898,2.40409918350997,1.60236667707382,
274,292,253,1.99526231496888,2.43060443338441,1.58489319246111,
274,293,253,1.99526231496888,2.45740190426026,1.58489319246111,
275,294,252,2.01726012878041,2.48449481788092,1.56761025266495,
275,294,251,2.01726012878041,2.48449481788092,1.55051577983262,
276,294,250,2.03950046900506,2.48449481788092,1.53360771877001,
276,293,250,2.03950046900506,2.45740190426026,1.53360771877001,
276,291,249,2.03950046900506,2.40409918350997,1.51688403669445,
276,290,248,2.03950046900506,2.37788296802602,1.50034272299038,
275,288,247,2.01726012878041,2.32630506715363,1.48398178896757,
276,285,246,2.03950046900506,2.25102828643018,1.46779926762207,
277,283,245,2.06198600950222,2.20220194998738,1.45179321339972,
278,281,244,2.08471945361065,2.15443469003188,1.43596170196222,
279,279,243,2.10770353447348,2.10770353447348,1.42030282995578,
280,277,242,2.1309410153668,2.06198600950222,1.40481471478234,
281,275,241,2.15443469003188,2.01726012878041,1.38949549437314,
282,274,240,2.17818738301108,1.99526231496888,1.37434332696493,
283,272,239,2.20220194998738,1.95198371661914,1.35935639087853,
282,271,238,2.17818738301108,1.93069772888325,1.34453288429976,
280,270,238,2.1309410153668,1.90964386053956,1.34453288429976,
279,269,236,2.10770353447348,1.88881958037304,1.31536905043638,
279,269,235,2.10770353447348,1.88881958037304,1.30102521691083,
278,269,234,2.08471945361065,1.88881958037304,1.28683779998954,
278,270,233,2.08471945361065,1.90964386053956,1.27280509398106,
277,270,233,2.06198600950222,1.90964386053956,1.27280509398106,
277,270,232,2.06198600950222,1.90964386053956,1.25892541179417,
277,268,231,2.06198600950222,1.86822238477104,1.24519708473503,
277,267,230,2.06198600950222,1.84784979742229,1.23161846230659,
277,266,230,2.06198600950222,1.82769936901922,1.23161846230659,
277,265,229,2.06198600950222,1.80776867696343,1.21818791201012,
277,263,228,2.06198600950222,1.76855694330186,1.20490381914895,
277,261,228,2.06198600950222,1.73019573884589,1.20490381914895,
277,259,228,2.06198600950222,1.69266661503788,1.20490381914895,
277,256,227,2.06198600950222,1.63789370695406,1.19176458663437,
277,254,227,2.06198600950222,1.60236667707382,1.19176458663437,
277,252,227,2.06198600950222,1.56761025266495,1.19176458663437,
277,250,227,2.06198600950222,1.53360771877001,1.19176458663437,
277,248,226,2.06198600950222,1.50034272299038,1.17876863479359,
277,248,226,2.06198600950222,1.50034272299038,1.17876863479359,
277,247,226,2.06198600950222,1.48398178896757,1.17876863479359,
277,245,227,2.06198600950222,1.45179321339972,1.19176458663437,
277,244,228,2.06198600950222,1.43596170196222,1.20490381914895,
277,243,229,2.06198600950222,1.42030282995578,1.21818791201012,
277,243,230,2.06198600950222,1.42030282995578,1.23161846230659,
277,243,231,2.06198600950222,1.42030282995578,1.24519708473503,
277,243,232,2.06198600950222,1.42030282995578,1.25892541179417,
277,243,233,2.06198600950222,1.42030282995578,1.27280509398106,
277,244,234,2.06198600950222,1.43596170196222,1.28683779998954,
277,244,234,2.06198600950222,1.43596170196222,1.28683779998954,
277,245,235,2.06198600950222,1.45179321339972,1.30102521691083,
277,246,236,2.06198600950222,1.46779926762207,1.31536905043638,
277,247,236,2.06198600950222,1.48398178896757,1.31536905043638,
277,248,237,2.06198600950222,1.50034272299038,1.3298710250629,
277,249,238,2.06198600950222,1.51688403669445,1.34453288429976,
277,249,238,2.06198600950222,1.51688403669445,1.34453288429976,
277,250,239,2.06198600950222,1.53360771877001,1.35935639087853,
277,251,240,2.06198600950222,1.55051577983262,1.37434332696493,
277,252,240,2.06198600950222,1.56761025266495,1.37434332696493,
261,253,241,1.73019573884589,1.58489319246111,1.38949549437314,
263,253,242,1.76855694330186,1.58489319246111,1.40481471478234,
264,254,243,1.78805532507451,1.60236667707382,1.42030282995578,
266,254,244,1.82769936901922,1.60236667707382,1.43596170196222,
267,254,245,1.84784979742229,1.60236667707382,1.45179321339972,
269,255,246,1.88881958037304,1.62003280726413,1.46779926762207,
270,255,246,1.90964386053956,1.62003280726413,1.46779926762207,
272,255,247,1.95198371661914,1.62003280726413,1.48398178896757,
275,253,249,2.01726012878041,1.58489319246111,1.51688403669445,
277,251,249,2.06198600950222,1.55051577983262,1.51688403669445,
278,249,249,2.08471945361065,1.51688403669445,1.51688403669445,
280,244,250,2.1309410153668,1.43596170196222,1.53360771877001,
282,244,250,2.17818738301108,1.43596170196222,1.53360771877001,
282,245,250,2.17818738301108,1.45179321339972,1.53360771877001,
282,245,250,2.17818738301108,1.45179321339972,1.53360771877001,
281,245,250,2.15443469003188,1.45179321339972,1.53360771877001,
280,245,250,2.1309410153668,1.45179321339972,1.53360771877001,
280,245,250,2.1309410153668,1.45179321339972,1.53360771877001,
279,245,250,2.10770353447348,1.45179321339972,1.53360771877001,
278,245,250,2.08471945361065,1.45179321339972,1.53360771877001,
278,245,250,2.08471945361065,1.45179321339972,1.53360771877001,
277,245,250,2.06198600950222,1.45179321339972,1.53360771877001,
277,245,250,2.06198600950222,1.45179321339972,1.53360771877001,
278,245,251,2.08471945361065,1.45179321339972,1.55051577983262,
279,245,251,2.10770353447348,1.45179321339972,1.55051577983262,
280,245,251,2.1309410153668,1.45179321339972,1.55051577983262,
281,245,251,2.15443469003188,1.45179321339972,1.55051577983262,
283,245,251,2.20220194998738,1.45179321339972,1.55051577983262,
284,245,251,2.22648127812773,1.45179321339972,1.55051577983262,
286,245,251,2.27584592607479,1.45179321339972,1.55051577983262,
288,245,251,2.32630506715363,1.45179321339972,1.55051577983262,
289,257,251,2.35195263507096,1.65595152348192,1.55051577983262,
291,257,251,2.40409918350997,1.65595152348192,1.55051577983262,
293,257,251,2.45740190426026,1.65595152348192,1.55051577983262,
294,258,251,2.48449481788092,1.67420842786045,1.55051577983262,
296,259,252,2.53958003832083,1.69266661503788,1.56761025266495,
297,260,252,2.56757896779659,1.71132830416178,1.56761025266495,
299,261,253,2.6245062966121,1.73019573884589,1.58489319246111,
300,263,253,2.65344154007705,1.76855694330186,1.58489319246111,
302,264,254,2.71227257933203,1.78805532507451,1.60236667707382,
304,265,255,2.77240799674177,1.80776867696343,1.62003280726413,
305,266,256,2.80297385991895,1.82769936901922,1.63789370695406,
306,267,257,2.83387671245443,1.84784979742229,1.65595152348192,
308,267,258,2.89670828782403,1.84784979742229,1.67420842786045,
309,268,258,2.92864456462524,1.86822238477104,1.67420842786045,
311,268,259,2.99357729472049,1.86822238477104,1.69266661503788,
312,268,260,3.02658155459431,1.86822238477104,1.71132830416178,
314,269,260,3.09368570426462,1.88881958037304,1.71132830416178,
315,269,261,3.12779366170121,1.88881958037304,1.73019573884589,
316,269,261,3.16227766016838,1.88881958037304,1.73019573884589,
318,270,261,3.23239040934736,1.90964386053956,1.73019573884589,
319,270,261,3.26802758941013,1.90964386053956,1.73019573884589,
320,270,262,3.30405767021877,1.90964386053956,1.74927118743984,
322,271,262,3.37731390879101,1.93069772888325,1.74927118743984,
324,271,262,3.45219435523895,1.93069772888325,1.74927118743984,
326,273,263,3.52873502084675,1.97350438286898,1.76855694330186,
328,274,264,3.60697271532629,1.99526231496888,1.78805532507451,
330,275,264,3.68694506451958,2.01726012878041,1.78805532507451,
332,276,266,3.76869052849366,2.03950046900506,1.82769936901922,
334,278,266,3.85224842003675,2.08471945361065,1.82769936901922,
337,278,267,3.98107170553497,2.08471945361065,1.84784979742229,
339,280,268,4.06933842716715,2.1309410153668,1.86822238477104,
341,281,269,4.15956216307185,2.15443469003188,1.88881958037304,
344,282,270,4.29866234708228,2.17818738301108,1.90964386053956,
346,282,270,4.39397056076079,2.17818738301108,1.90964386053956,
348,282,271,4.4913919098431,2.17818738301108,1.93069772888325,
350,283,272,4.59097324591799,2.20220194998738,1.95198371661914,
352,284,272,4.69276245934884,2.22648127812773,1.95198371661914,
355,284,272,4.8496934285282,2.22648127812773,1.95198371661914,
357,284,273,4.95721888185327,2.22648127812773,1.97350438286898,
358,284,273,5.01187233627272,2.22648127812773,1.97350438286898,
359,284,274,5.06712834630877,2.22648127812773,1.99526231496888,
361,284,274,5.17947467923121,2.22648127812773,1.99526231496888,
362,284,274,5.23657850902866,2.22648127812773,1.99526231496888,
363,284,275,5.29431190988872,2.22648127812773,2.01726012878041,
365,284,275,5.41169526546464,2.22648127812773,2.01726012878041,
365,284,275,5.41169526546464,2.22648127812773,2.01726012878041,
366,284,275,5.47135933267089,2.22648127812773,2.01726012878041,
367,284,275,5.53168119761723,2.22648127812773,2.01726012878041,
367,284,275,5.53168119761723,2.22648127812773,2.01726012878041,
368,286,275,5.59266811253914,2.27584592607479,2.01726012878041,
368,286,275,5.59266811253914,2.27584592607479,2.01726012878041,
368,287,275,5.59266811253914,2.30093718077846,2.01726012878041,
368,287,275,5.59266811253914,2.30093718077846,2.01726012878041,
367,288,275,5.53168119761723,2.32630506715363,2.01726012878041,
366,288,276,5.47135933267089,2.32630506715363,2.03950046900506,
365,288,276,5.41169526546464,2.32630506715363,2.03950046900506,
365,288,276,5.41169526546464,2.32630506715363,2.03950046900506,
364,288,276,5.3526818228471,2.32630506715363,2.03950046900506,
363,288,277,5.29431190988872,2.32630506715363,2.06198600950222,
361,288,277,5.17947467923121,2.32630506715363,2.06198600950222,
359,288,277,5.06712834630877,2.32630506715363,2.06198600950222,
358,288,278,5.01187233627272,2.32630506715363,2.08471945361065,
356,288,278,4.90316141230326,2.32630506715363,2.08471945361065,
354,288,278,4.7968085023049,2.32630506715363,2.08471945361065,
352,288,279,4.69276245934884,2.32630506715363,2.10770353447348,
349,288,279,4.54090961097248,2.32630506715363,2.10770353447348,
347,289,280,4.442414189232,2.35195263507096,2.1309410153668,
344,290,280,4.29866234708228,2.37788296802602,2.1309410153668,
342,291,281,4.20542143346164,2.40409918350997,2.15443469003188,
340,292,282,4.11420297875284,2.43060443338441,2.17818738301108,
337,293,283,3.98107170553497,2.45740190426026,2.20220194998738,
334,294,284,3.85224842003675,2.48449481788092,2.22648127812773,
331,295,285,3.72759372031494,2.51188643150958,2.25102828643018,
328,296,286,3.60697271532629,2.53958003832083,2.27584592607479,
326,296,287,3.52873502084675,2.53958003832083,2.30093718077846,
324,297,288,3.45219435523895,2.56757896779659,2.32630506715363,
323,298,288,3.4145488738336,2.59588658612639,2.32630506715363,
321,298,289,3.34048498351324,2.59588658612639,2.35195263507096,
319,299,290,3.26802758941013,2.6245062966121,2.37788296802602,
318,300,291,3.23239040934736,2.65344154007705,2.40409918350997,
318,300,291,3.23239040934736,2.65344154007705,2.40409918350997,
318,301,292,3.23239040934736,2.68269579527972,2.43060443338441,
318,302,293,3.23239040934736,2.71227257933203,2.45740190426026,
318,302,293,3.23239040934736,2.71227257933203,2.45740190426026,
318,303,294,3.23239040934736,2.74217544812208,2.48449481788092,
318,304,295,3.23239040934736,2.77240799674177,2.51188643150958,
318,304,295,3.23239040934736,2.77240799674177,2.51188643150958,
319,305,296,3.26802758941013,2.80297385991895,2.53958003832083,
321,305,296,3.34048498351324,2.80297385991895,2.53958003832083,
322,306,297,3.37731390879101,2.83387671245443,2.56757896779659,
323,306,298,3.4145488738336,2.83387671245443,2.59588658612639,
325,306,298,3.49025487895958,2.83387671245443,2.59588658612639,
326,307,298,3.52873502084675,2.86512026966378,2.59588658612639,
328,307,298,3.60697271532629,2.86512026966378,2.59588658612639,
331,307,299,3.72759372031494,2.86512026966378,2.6245062966121,
333,308,299,3.81024042994628,2.89670828782403,2.6245062966121,
335,308,299,3.89471954920307,2.89670828782403,2.6245062966121,
338,308,300,4.02496311444482,2.89670828782403,2.65344154007705,
340,309,300,4.11420297875284,2.92864456462524,2.65344154007705,
342,309,301,4.20542143346164,2.92864456462524,2.68269579527972,
344,310,301,4.29866234708228,2.96093293962708,2.68269579527972,
347,311,302,4.442414189232,2.99357729472049,2.71227257933203,
349,311,302,4.54090961097248,2.99357729472049,2.71227257933203,
351,312,302,4.64158883361278,3.02658155459431,2.71227257933203,
353,313,303,4.74450027550866,3.0599496872072,2.74217544812208,
355,314,303,4.8496934285282,3.09368570426462,2.74217544812208,
357,314,304,4.95721888185327,3.09368570426462,2.77240799674177,
359,315,304,5.06712834630877,3.12779366170121,2.77240799674177,
360,316,305,5.12299355515123,3.16227766016838,2.80297385991895,
361,317,305,5.17947467923121,3.1971418455273,2.80297385991895,
362,317,305,5.23657850902866,3.1971418455273,2.80297385991895,
362,318,306,5.23657850902866,3.23239040934736,2.83387671245443,
361,319,306,5.17947467923121,3.26802758941013,2.83387671245443,
360,319,306,5.12299355515123,3.26802758941013,2.83387671245443,
359,319,307,5.06712834630877,3.26802758941013,2.86512026966378,
358,320,307,5.01187233627272,3.30405767021877,2.86512026966378,
357,320,307,4.95721888185327,3.30405767021877,2.86512026966378,
356,320,308,4.90316141230326,3.30405767021877,2.89670828782403,
355,321,308,4.8496934285282,3.34048498351324,2.89670828782403,
354,321,308,4.7968085023049,3.34048498351324,2.89670828782403,
353,321,309,4.74450027550866,3.34048498351324,2.92864456462524,
352,321,309,4.69276245934884,3.34048498351324,2.92864456462524,
351,321,309,4.64158883361278,3.34048498351324,2.92864456462524,
350,320,309,4.59097324591799,3.30405767021877,2.92864456462524,
349,320,308,4.54090961097248,3.30405767021877,2.89670828782403,
348,319,308,4.4913919098431,3.26802758941013,2.89670828782403,
347,318,307,4.442414189232,3.23239040934736,2.86512026966378,
346,317,307,4.39397056076079,3.1971418455273,2.86512026966378,
345,317,307,4.34605520026269,3.1971418455273,2.86512026966378,
344,316,306,4.29866234708228,3.16227766016838,2.83387671245443,
343,315,306,4.25178630338289,3.12779366170121,2.83387671245443,
342,314,305,4.20542143346164,3.09368570426462,2.80297385991895,
341,314,304,4.15956216307185,3.09368570426462,2.77240799674177,
340,313,304,4.11420297875284,3.0599496872072,2.77240799674177,
339,312,303,4.06933842716715,3.02658155459431,2.74217544812208,
338,312,302,4.02496311444482,3.02658155459431,2.71227257933203,
337,312,301,3.98107170553497,3.02658155459431,2.68269579527972,
336,310,301,3.93765892356439,2.96093293962708,2.68269579527972,
335,311,300,3.89471954920307,2.99357729472049,2.65344154007705,
334,311,299,3.85224842003675,2.99357729472049,2.6245062966121,
333,310,299,3.81024042994628,2.96093293962708,2.6245062966121,
331,310,298,3.72759372031494,2.96093293962708,2.59588658612639,
330,309,297,3.68694506451958,2.92864456462524,2.56757896779659,
329,309,296,3.64673967409645,2.92864456462524,2.53958003832083,
328,308,295,3.60697271532629,2.89670828782403,2.51188643150958,
326,307,295,3.52873502084675,2.86512026966378,2.51188643150958,
325,306,294,3.49025487895958,2.83387671245443,2.48449481788092,
324,305,293,3.45219435523895,2.80297385991895,2.45740190426026,
323,304,292,3.4145488738336,2.77240799674177,2.43060443338441,
321,303,291,3.34048498351324,2.74217544812208,2.40409918350997,
320,302,290,3.30405767021877,2.71227257933203,2.37788296802602,
319,301,289,3.26802758941013,2.68269579527972,2.35195263507096,
317,300,288,3.1971418455273,2.65344154007705,2.32630506715363,
316,299,287,3.16227766016838,2.6245062966121,2.30093718077846,
315,298,286,3.12779366170121,2.59588658612639,2.27584592607479,
314,297,285,3.09368570426462,2.56757896779659,2.25102828643018,
313,296,284,3.0599496872072,2.53958003832083,2.22648127812773,
312,295,283,3.02658155459431,2.51188643150958,2.20220194998738,
311,294,282,2.99357729472049,2.48449481788092,2.17818738301108,
310,293,281,2.96093293962708,2.45740190426026,2.15443469003188,
309,292,280,2.92864456462524,2.43060443338441,2.1309410153668,
308,291,279,2.89670828782403,2.40409918350997,2.10770353447348,
307,290,277,2.86512026966378,2.37788296802602,2.06198600950222,
307,289,276,2.86512026966378,2.35195263507096,2.03950046900506,
307,288,275,2.86512026966378,2.32630506715363,2.01726012878041,
307,287,274,2.86512026966378,2.30093718077846,1.99526231496888,
309,286,272,2.92864456462524,2.27584592607479,1.95198371661914,
309,285,271,2.92864456462524,2.25102828643018,1.93069772888325,
311,283,270,2.99357729472049,2.20220194998738,1.90964386053956,
312,281,268,3.02658155459431,2.15443469003188,1.86822238477104,
314,279,267,3.09368570426462,2.10770353447348,1.84784979742229,
315,276,266,3.12779366170121,2.03950046900506,1.82769936901922,
316,275,265,3.16227766016838,2.01726012878041,1.80776867696343,
317,276,265,3.1971418455273,2.03950046900506,1.80776867696343,
318,277,264,3.23239040934736,2.06198600950222,1.78805532507451,
319,278,264,3.26802758941013,2.08471945361065,1.78805532507451,
320,280,265,3.30405767021877,2.1309410153668,1.80776867696343,
321,282,265,3.34048498351324,2.17818738301108,1.80776867696343,
322,284,265,3.37731390879101,2.22648127812773,1.80776867696343,
322,286,265,3.37731390879101,2.27584592607479,1.80776867696343,
323,289,266,3.4145488738336,2.35195263507096,1.82769936901922,
324,293,266,3.45219435523895,2.45740190426026,1.82769936901922,
324,295,266,3.45219435523895,2.51188643150958,1.82769936901922,
325,297,267,3.49025487895958,2.56757896779659,1.84784979742229,
325,299,267,3.49025487895958,2.6245062966121,1.84784979742229,
325,301,267,3.49025487895958,2.68269579527972,1.84784979742229,
324,303,267,3.45219435523895,2.74217544812208,1.84784979742229,
323,305,267,3.4145488738336,2.80297385991895,1.84784979742229,
322,307,267,3.37731390879101,2.86512026966378,1.84784979742229,
321,309,267,3.34048498351324,2.92864456462524,1.84784979742229,
320,309,267,3.30405767021877,2.92864456462524,1.84784979742229,
319,309,267,3.26802758941013,2.92864456462524,1.84784979742229,
319,310,267,3.26802758941013,2.96093293962708,1.84784979742229,
319,311,267,3.26802758941013,2.99357729472049,1.84784979742229,
318,311,267,3.23239040934736,2.99357729472049,1.84784979742229,
316,311,267,3.16227766016838,2.99357729472049,1.84784979742229,
314,313,267,3.09368570426462,3.0599496872072,1.84784979742229,
312,313,267,3.02658155459431,3.0599496872072,1.84784979742229,
307,313,267,2.86512026966378,3.0599496872072,1.84784979742229,
307,315,267,2.86512026966378,3.12779366170121,1.84784979742229,
308,316,267,2.89670828782403,3.16227766016838,1.84784979742229,
309,315,267,2.92864456462524,3.12779366170121,1.84784979742229,
316,316,267,3.16227766016838,3.16227766016838,1.84784979742229,
323,316,267,3.4145488738336,3.16227766016838,1.84784979742229,
324,317,267,3.45219435523895,3.1971418455273,1.84784979742229,
324,317,267,3.45219435523895,3.1971418455273,1.84784979742229,
324,317,267,3.45219435523895,3.1971418455273,1.84784979742229,
324,317,267,3.45219435523895,3.1971418455273,1.84784979742229,
323,317,266,3.4145488738336,3.1971418455273,1.82769936901922,
323,317,265,3.4145488738336,3.1971418455273,1.80776867696343,
323,316,265,3.4145488738336,3.16227766016838,1.80776867696343,
322,316,264,3.37731390879101,3.16227766016838,1.78805532507451,
322,316,263,3.37731390879101,3.16227766016838,1.76855694330186,
322,316,263,3.37731390879101,3.16227766016838,1.76855694330186,
321,315,262,3.34048498351324,3.12779366170121,1.74927118743984,
321,315,261,3.34048498351324,3.12779366170121,1.73019573884589,
321,313,259,3.34048498351324,3.0599496872072,1.69266661503788,
321,312,257,3.34048498351324,3.02658155459431,1.65595152348192,
322,310,256,3.37731390879101,2.96093293962708,1.63789370695406,
323,309,254,3.4145488738336,2.92864456462524,1.60236667707382,
324,307,253,3.45219435523895,2.86512026966378,1.58489319246111,
325,306,250,3.49025487895958,2.83387671245443,1.53360771877001,
325,304,248,3.49025487895958,2.77240799674177,1.50034272299038,
327,302,245,3.56763940720059,2.71227257933203,1.45179321339972,
329,300,243,3.64673967409645,2.65344154007705,1.42030282995578,
330,298,241,3.68694506451958,2.59588658612639,1.38949549437314,
331,297,240,3.72759372031494,2.56757896779659,1.37434332696493,
332,296,238,3.76869052849366,2.53958003832083,1.34453288429976,
333,294,236,3.81024042994628,2.48449481788092,1.31536905043638,
334,293,235,3.85224842003675,2.45740190426026,1.30102521691083,
334,292,233,3.85224842003675,2.43060443338441,1.27280509398106,
334,291,232,3.85224842003675,2.40409918350997,1.25892541179417,
334,291,232,3.85224842003675,2.40409918350997,1.25892541179417,
334,291,232,3.85224842003675,2.40409918350997,1.25892541179417,
334,290,231,3.85224842003675,2.37788296802602,1.24519708473503,
334,290,231,3.85224842003675,2.37788296802602,1.24519708473503,
334,290,231,3.85224842003675,2.37788296802602,1.24519708473503,
333,289,230,3.81024042994628,2.35195263507096,1.23161846230659,
331,289,230,3.72759372031494,2.35195263507096,1.23161846230659,
329,289,230,3.64673967409645,2.35195263507096,1.23161846230659,
327,288,230,3.56763940720059,2.32630506715363,1.23161846230659,
325,288,230,3.49025487895958,2.32630506715363,1.23161846230659,
323,288,230,3.4145488738336,2.32630506715363,1.23161846230659,
320,288,230,3.30405767021877,2.32630506715363,1.23161846230659,
316,288,230,3.16227766016838,2.32630506715363,1.23161846230659,
313,288,230,3.0599496872072,2.32630506715363,1.23161846230659,
311,288,230,2.99357729472049,2.32630506715363,1.23161846230659,
308,288,230,2.89670828782403,2.32630506715363,1.23161846230659,
306,288,229,2.83387671245443,2.32630506715363,1.21818791201012,
303,288,229,2.74217544812208,2.32630506715363,1.21818791201012,
301,288,229,2.68269579527972,2.32630506715363,1.21818791201012,
298,287,229,2.59588658612639,2.30093718077846,1.21818791201012,
297,287,228,2.56757896779659,2.30093718077846,1.20490381914895,
296,287,228,2.53958003832083,2.30093718077846,1.20490381914895,
296,286,228,2.53958003832083,2.27584592607479,1.20490381914895,
295,286,227,2.51188643150958,2.27584592607479,1.19176458663437,
294,286,227,2.48449481788092,2.27584592607479,1.19176458663437,
294,286,227,2.48449481788092,2.27584592607479,1.19176458663437,
293,285,226,2.45740190426026,2.25102828643018,1.17876863479359,
292,284,226,2.43060443338441,2.22648127812773,1.17876863479359,
292,284,226,2.43060443338441,2.22648127812773,1.17876863479359,
291,283,225,2.40409918350997,2.20220194998738,1.16591440117983,
290,282,225,2.37788296802602,2.17818738301108,1.16591440117983,
290,282,224,2.37788296802602,2.17818738301108,1.15320034038449,
289,280,224,2.35195263507096,2.1309410153668,1.15320034038449,
289,279,223,2.35195263507096,2.10770353447348,1.14062492385132,
289,279,223,2.35195263507096,2.10770353447348,1.14062492385132,
288,278,222,2.32630506715363,2.08471945361065,1.12818663969268,
289,277,222,2.35195263507096,2.06198600950222,1.12818663969268,
289,276,221,2.35195263507096,2.03950046900506,1.11588399250775,
290,276,221,2.37788296802602,2.03950046900506,1.11588399250775,
291,275,221,2.40409918350997,2.01726012878041,1.11588399250775,
292,275,221,2.43060443338441,2.01726012878041,1.11588399250775,
293,275,221,2.45740190426026,2.01726012878041,1.11588399250775,
294,274,221,2.48449481788092,1.99526231496888,1.11588399250775,
295,274,221,2.51188643150958,1.99526231496888,1.11588399250775,
296,274,221,2.53958003832083,1.99526231496888,1.11588399250775,
297,273,221,2.56757896779659,1.97350438286898,1.11588399250775,
298,273,221,2.59588658612639,1.97350438286898,1.11588399250775,
299,273,221,2.6245062966121,1.97350438286898,1.11588399250775,
300,272,221,2.65344154007705,1.95198371661914,1.11588399250775,
300,272,221,2.65344154007705,1.95198371661914,1.11588399250775,
301,272,221,2.68269579527972,1.95198371661914,1.11588399250775,
302,273,222,2.71227257933203,1.97350438286898,1.12818663969268,
303,273,222,2.74217544812208,1.97350438286898,1.12818663969268,
303,274,222,2.74217544812208,1.99526231496888,1.12818663969268,
304,275,223,2.77240799674177,2.01726012878041,1.14062492385132,
305,275,223,2.80297385991895,2.01726012878041,1.14062492385132,
305,276,224,2.80297385991895,2.03950046900506,1.15320034038449,
306,277,224,2.83387671245443,2.06198600950222,1.15320034038449,
307,278,224,2.86512026966378,2.08471945361065,1.15320034038449,
307,279,225,2.86512026966378,2.10770353447348,1.16591440117983,
308,280,225,2.89670828782403,2.1309410153668,1.16591440117983,
309,281,225,2.92864456462524,2.15443469003188,1.16591440117983,
310,283,226,2.96093293962708,2.20220194998738,1.17876863479359,
311,284,226,2.99357729472049,2.22648127812773,1.17876863479359,
312,285,227,3.02658155459431,2.25102828643018,1.19176458663437,
312,287,227,3.02658155459431,2.30093718077846,1.19176458663437,
313,288,228,3.0599496872072,2.32630506715363,1.20490381914895,
314,290,228,3.09368570426462,2.37788296802602,1.20490381914895,
315,291,229,3.12779366170121,2.40409918350997,1.21818791201012,
317,292,229,3.1971418455273,2.43060443338441,1.21818791201012,
318,294,229,3.23239040934736,2.48449481788092,1.21818791201012,
319,295,230,3.26802758941013,2.51188643150958,1.23161846230659,
321,296,230,3.34048498351324,2.53958003832083,1.23161846230659,
323,297,230,3.4145488738336,2.56757896779659,1.23161846230659,
324,297,230,3.45219435523895,2.56757896779659,1.23161846230659,
326,297,230,3.52873502084675,2.56757896779659,1.23161846230659,
327,297,230,3.56763940720059,2.56757896779659,1.23161846230659,
329,297,230,3.64673967409645,2.56757896779659,1.23161846230659,
331,297,230,3.72759372031494,2.56757896779659,1.23161846230659,
332,297,230,3.76869052849366,2.56757896779659,1.23161846230659,
335,297,230,3.89471954920307,2.56757896779659,1.23161846230659,
338,297,230,4.02496311444482,2.56757896779659,1.23161846230659,
340,297,230,4.11420297875284,2.56757896779659,1.23161846230659,
343,297,230,4.25178630338289,2.56757896779659,1.23161846230659,
346,297,230,4.39397056076079,2.56757896779659,1.23161846230659,
349,297,230,4.54090961097248,2.56757896779659,1.23161846230659,
352,297,230,4.69276245934884,2.56757896779659,1.23161846230659,
355,297,230,4.8496934285282,2.56757896779659,1.23161846230659,
359,297,230,5.06712834630877,2.56757896779659,1.23161846230659,
362,297,230,5.23657850902866,2.56757896779659,1.23161846230659,
365,297,230,5.41169526546464,2.56757896779659,1.23161846230659,
368,297,230,5.59266811253914,2.56757896779659,1.23161846230659,
371,297,229,5.77969288415331,2.56757896779659,1.21818791201012,
374,296,229,5.97297196310228,2.53958003832083,1.21818791201012,
377,296,229,6.17271450007715,2.53958003832083,1.21818791201012,
379,296,228,6.30957344480193,2.53958003832083,1.20490381914895,
382,295,228,6.52057229342861,2.51188643150958,1.20490381914895,
384,295,228,6.66514380132341,2.51188643150958,1.20490381914895,
386,295,227,6.81292069057961,2.51188643150958,1.19176458663437,
388,294,227,6.96397402962432,2.48449481788092,1.19176458663437,
390,294,227,7.11837646258525,2.48449481788092,1.19176458663437,
392,294,226,7.27620224422653,2.48449481788092,1.17876863479359,
392,293,226,7.27620224422653,2.45740190426026,1.17876863479359,
394,292,225,7.43752727565905,2.43060443338441,1.16591440117983,
393,292,224,7.35642254459641,2.43060443338441,1.15320034038449,
391,291,224,7.19685673001152,2.40409918350997,1.15320034038449,
389,290,224,7.04075200660645,2.37788296802602,1.15320034038449,
387,289,222,6.88803330095657,2.35195263507096,1.12818663969268,
385,288,221,6.73862716803095,2.32630506715363,1.11588399250775,
382,287,220,6.52057229342861,2.30093718077846,1.10371550320276,
380,286,219,6.37913663999067,2.27584592607479,1.09167970881315,
378,286,218,6.24076882219095,2.27584592607479,1.07977516232771,
376,285,217,6.10540229658533,2.25102828643018,1.06800043251458,
374,284,217,5.97297196310228,2.22648127812773,1.06800043251458,
372,283,216,5.84341413373518,2.20220194998738,1.05635410374919,
370,282,216,5.71666650191362,2.17818738301108,1.05635410374919,
368,282,216,5.59266811253914,2.17818738301108,1.05635410374919,
367,281,215,5.53168119761723,2.15443469003188,1.04483477584408,
366,280,215,5.47135933267089,2.1309410153668,1.04483477584408,
365,279,215,5.41169526546464,2.10770353447348,1.04483477584408,
364,279,214,5.3526818228471,2.10770353447348,1.03344106388056,
363,278,214,5.29431190988872,2.08471945361065,1.03344106388056,
362,277,214,5.23657850902866,2.06198600950222,1.03344106388056,
361,277,213,5.17947467923121,2.06198600950222,1.02217159804217,
359,276,213,5.06712834630877,2.03950046900506,1.02217159804217,
358,276,213,5.01187233627272,2.03950046900506,1.02217159804217,
357,277,213,4.95721888185327,2.06198600950222,1.02217159804217,
356,277,213,4.90316141230326,2.06198600950222,1.02217159804217,
355,278,213,4.8496934285282,2.08471945361065,1.02217159804217,
353,278,213,4.74450027550866,2.08471945361065,1.02217159804217,
352,279,213,4.69276245934884,2.10770353447348,1.02217159804217,
350,279,213,4.59097324591799,2.10770353447348,1.02217159804217,
350,279,213,4.59097324591799,2.10770353447348,1.02217159804217,
349,280,213,4.54090961097248,2.1309410153668,1.02217159804217,
348,280,213,4.4913919098431,2.1309410153668,1.02217159804217,
348,281,213,4.4913919098431,2.15443469003188,1.02217159804217,
348,281,214,4.4913919098431,2.15443469003188,1.03344106388056,
348,281,214,4.4913919098431,2.15443469003188,1.03344106388056,
349,282,215,4.54090961097248,2.17818738301108,1.04483477584408,
349,282,215,4.54090961097248,2.17818738301108,1.04483477584408,
349,282,215,4.54090961097248,2.17818738301108,1.04483477584408,
350,283,215,4.59097324591799,2.20220194998738,1.04483477584408,
350,283,215,4.59097324591799,2.20220194998738,1.04483477584408,
351,283,216,4.64158883361278,2.20220194998738,1.05635410374919,
353,284,217,4.74450027550866,2.22648127812773,1.06800043251458,
355,284,217,4.8496934285282,2.22648127812773,1.06800043251458,
357,285,217,4.95721888185327,2.25102828643018,1.06800043251458,
359,285,217,5.06712834630877,2.25102828643018,1.06800043251458,
361,286,218,5.17947467923121,2.27584592607479,1.07977516232771,
363,286,218,5.29431190988872,2.27584592607479,1.07977516232771,
366,286,219,5.47135933267089,2.27584592607479,1.09167970881315,
369,287,219,5.65432740962822,2.30093718077846,1.09167970881315,
372,287,220,5.84341413373518,2.30093718077846,1.10371550320276,
373,288,220,5.90783791158794,2.32630506715363,1.10371550320276,
376,288,220,6.10540229658533,2.32630506715363,1.10371550320276,
378,288,220,6.24076882219095,2.32630506715363,1.10371550320276,
380,288,220,6.37913663999067,2.32630506715363,1.10371550320276,
382,288,219,6.52057229342861,2.32630506715363,1.09167970881315,
383,287,218,6.59246175587139,2.30093718077846,1.07977516232771,
384,287,218,6.66514380132341,2.30093718077846,1.07977516232771,
384,287,217,6.66514380132341,2.30093718077846,1.06800043251458,
385,286,216,6.73862716803095,2.27584592607479,1.05635410374919,
386,286,216,6.81292069057961,2.27584592607479,1.05635410374919,
386,286,215,6.81292069057961,2.27584592607479,1.04483477584408,
387,285,214,6.88803330095657,2.25102828643018,1.03344106388056,
388,285,214,6.96397402962432,2.25102828643018,1.03344106388056,
389,285,213,7.04075200660645,2.25102828643018,1.02217159804217,
389,285,213,7.04075200660645,2.25102828643018,1.02217159804217,
388,284,213,6.96397402962432,2.22648127812773,1.02217159804217,
388,284,213,6.96397402962432,2.22648127812773,1.02217159804217,
388,284,213,6.96397402962432,2.22648127812773,1.02217159804217,
387,284,213,6.88803330095657,2.22648127812773,1.02217159804217,
387,284,213,6.88803330095657,2.22648127812773,1.02217159804217,
387,284,213,6.88803330095657,2.22648127812773,1.02217159804217,
386,284,213,6.81292069057961,2.22648127812773,1.02217159804217,
386,284,213,6.81292069057961,2.22648127812773,1.02217159804217,
385,284,213,6.73862716803095,2.22648127812773,1.02217159804217,
385,284,213,6.73862716803095,2.22648127812773,1.02217159804217,
385,284,213,6.73862716803095,2.22648127812773,1.02217159804217,
384,283,213,6.66514380132341,2.20220194998738,1.02217159804217,
384,283,213,6.66514380132341,2.20220194998738,1.02217159804217,
384,282,213,6.66514380132341,2.17818738301108,1.02217159804217,
383,281,212,6.59246175587139,2.15443469003188,1.01102502345005,
383,281,212,6.59246175587139,2.15443469003188,1.01102502345005,
382,279,211,6.52057229342861,2.10770353447348,1,
382,278,211,6.52057229342861,2.08471945361065,1,
381,277,210,6.44946677103762,2.06198600950222,0.9890952022014,
381,277,210,6.44946677103762,2.06198600950222,0.9890952022014,
380,276,209,6.37913663999067,2.03950046900506,0.978309319017829,
380,275,209,6.37913663999067,2.01726012878041,0.978309319017829,
380,275,209,6.37913663999067,2.01726012878041,0.978309319017829,
380,273,208,6.37913663999067,1.97350438286898,0.967641053709454,
380,273,208,6.37913663999067,1.97350438286898,0.967641053709454,
380,272,208,6.37913663999067,1.95198371661914,0.967641053709454,
380,271,207,6.37913663999067,1.93069772888325,0.957089123677128,
380,271,207,6.37913663999067,1.93069772888325,0.957089123677128,
380,270,207,6.37913663999067,1.90964386053956,0.957089123677128,
380,269,206,6.37913663999067,1.88881958037304,0.94665226030819,
380,269,206,6.37913663999067,1.88881958037304,0.94665226030819,
380,269,206,6.37913663999067,1.88881958037304,0.94665226030819,
380,268,205,6.37913663999067,1.86822238477104,0.936329208823942,
380,268,205,6.37913663999067,1.86822238477104,0.936329208823942,
380,267,204,6.37913663999067,1.84784979742229,0.926118728128794,
380,267,203,6.37913663999067,1.84784979742229,0.916019590661053,
380,267,203,6.37913663999067,1.84784979742229,0.916019590661053,
380,267,202,6.37913663999067,1.84784979742229,0.906030582245338,
380,267,202,6.37913663999067,1.84784979742229,0.906030582245338,
380,267,201,6.37913663999067,1.84784979742229,0.896150501946605,
380,267,201,6.37913663999067,1.84784979742229,0.896150501946605,
380,267,200,6.37913663999067,1.84784979742229,0.886378161925763,
380,267,200,6.37913663999067,1.84784979742229,0.886378161925763,
380,267,200,6.37913663999067,1.84784979742229,0.886378161925763,
380,266,200,6.37913663999067,1.82769936901922,0.886378161925763,
380,266,200,6.37913663999067,1.82769936901922,0.886378161925763,
380,266,200,6.37913663999067,1.82769936901922,0.886378161925763,
380,266,200,6.37913663999067,1.82769936901922,0.886378161925763,
380,265,200,6.37913663999067,1.80776867696343,0.886378161925763,
380,265,200,6.37913663999067,1.80776867696343,0.886378161925763,
380,265,200,6.37913663999067,1.80776867696343,0.886378161925763,
382,264,200,6.52057229342861,1.78805532507451,0.886378161925763,
383,264,200,6.59246175587139,1.78805532507451,0.886378161925763,
385,264,201,6.73862716803095,1.78805532507451,0.896150501946605,
386,264,201,6.81292069057961,1.78805532507451,0.896150501946605,
388,264,202,6.96397402962432,1.78805532507451,0.906030582245338,
390,265,202,7.11837646258525,1.80776867696343,0.906030582245338,
392,265,203,7.27620224422653,1.80776867696343,0.916019590661053,
395,266,203,7.51952618828355,1.82769936901922,0.916019590661053,
398,266,203,7.77098714389746,1.82769936901922,0.916019590661053,
401,267,204,8.03085722139151,1.84784979742229,0.926118728128794,
404,267,205,8.29941763074769,1.84784979742229,0.936329208823942,
407,267,205,8.57695898590895,1.84784979742229,0.936329208823942,
410,267,205,8.86378161925764,1.84784979742229,0.936329208823942,
413,267,205,9.16019590661053,1.84784979742229,0.936329208823942,
416,267,205,9.4665226030819,1.84784979742229,0.936329208823942,
419,267,205,9.78309319017829,1.84784979742229,0.936329208823942,
422,267,205,10.1102502345005,1.84784979742229,0.936329208823942,
425,267,205,10.4483477584408,1.84784979742229,0.936329208823942,
428,267,205,10.7977516232771,1.84784979742229,0.936329208823942,
431,267,205,11.1588399250775,1.84784979742229,0.936329208823942,
432,267,205,11.2818663969268,1.84784979742229,0.936329208823942,
435,267,205,11.6591440117983,1.84784979742229,0.936329208823942,
437,267,205,11.9176458663437,1.84784979742229,0.936329208823942,
439,266,205,12.1818791201011,1.82769936901922,0.936329208823942,
440,266,205,12.3161846230659,1.82769936901922,0.936329208823942,
438,265,205,12.0490381914895,1.80776867696343,0.936329208823942,
437,264,205,11.9176458663437,1.78805532507451,0.936329208823942,
435,263,205,11.6591440117983,1.76855694330186,0.936329208823942,
433,262,205,11.4062492385132,1.74927118743984,0.936329208823942,
432,261,205,11.2818663969268,1.73019573884589,0.936329208823942,
431,261,205,11.1588399250775,1.73019573884589,0.936329208823942,
429,260,205,10.9167970881315,1.71132830416178,0.936329208823942,
428,260,205,10.7977516232771,1.71132830416178,0.936329208823942,
427,260,205,10.6800043251458,1.71132830416178,0.936329208823942,
428,260,204,10.7977516232771,1.71132830416178,0.926118728128794,
429,260,203,10.9167970881315,1.71132830416178,0.916019590661053,
429,261,203,10.9167970881315,1.73019573884589,0.916019590661053,
430,261,203,11.0371550320276,1.73019573884589,0.916019590661053,
431,261,202,11.1588399250775,1.73019573884589,0.906030582245338,
431,262,202,11.1588399250775,1.74927118743984,0.906030582245338,
432,262,202,11.2818663969268,1.74927118743984,0.906030582245338,
433,262,201,11.4062492385132,1.74927118743984,0.896150501946605,
433,263,201,11.4062492385132,1.76855694330186,0.896150501946605,
435,263,201,11.6591440117983,1.76855694330186,0.896150501946605,
436,263,200,11.7876863479359,1.76855694330186,0.886378161925763,
437,264,200,11.9176458663437,1.78805532507451,0.886378161925763,
438,264,200,12.0490381914895,1.78805532507451,0.886378161925763,
440,264,200,12.3161846230659,1.78805532507451,0.886378161925763,
442,265,200,12.5892541179417,1.80776867696343,0.886378161925763,
443,265,200,12.7280509398106,1.80776867696343,0.886378161925763,
445,265,200,13.0102521691083,1.80776867696343,0.886378161925763,
447,266,200,13.298710250629,1.82769936901922,0.886378161925763,
448,266,200,13.4453288429976,1.82769936901922,0.886378161925763,
450,267,200,13.7434332696493,1.84784979742229,0.886378161925763,
451,267,200,13.8949549437314,1.84784979742229,0.886378161925763,
452,267,200,14.0481471478234,1.84784979742229,0.886378161925763,
453,267,200,14.2030282995578,1.84784979742229,0.886378161925763,
454,266,199,14.3596170196221,1.82769936901922,0.876712387296868,
455,266,199,14.5179321339972,1.82769936901922,0.876712387296868,
455,265,198,14.5179321339972,1.80776867696343,0.867152015985868,
455,264,198,14.5179321339972,1.78805532507451,0.867152015985868,
455,263,197,14.5179321339972,1.76855694330186,0.857695898590894,
455,262,196,14.5179321339972,1.74927118743984,0.848342898244072,
455,261,194,14.5179321339972,1.73019573884589,0.82994176307477,
455,259,194,14.5179321339972,1.69266661503788,0.82994176307477,
454,258,193,14.3596170196221,1.67420842786045,0.820891415963826,
453,257,192,14.2030282995578,1.65595152348192,0.811939761058134,
452,255,191,14.0481471478234,1.62003280726413,0.803085722139151,
451,254,190,13.8949549437314,1.60236667707382,0.794328234724281,
449,252,189,13.5935639087853,1.56761025266495,0.785666245938894,
448,251,189,13.4453288429976,1.55051577983262,0.785666245938894,
446,249,188,13.1536905043638,1.51688403669445,0.777098714389746,
444,247,188,12.8683779998954,1.48398178896757,0.777098714389746,
443,246,187,12.7280509398106,1.46779926762207,0.768624610039774,
441,244,186,12.4519708473503,1.43596170196222,0.760242914084262,
440,243,186,12.3161846230659,1.42030282995578,0.760242914084262,
438,242,185,12.0490381914895,1.40481471478234,0.751952618828355,
437,241,184,11.9176458663437,1.38949549437314,0.743752727565905,
436,240,184,11.7876863479359,1.37434332696493,0.743752727565905,
435,239,183,11.6591440117983,1.35935639087853,0.735642254459641,
434,238,183,11.5320034038449,1.34453288429976,0.735642254459641,
433,238,182,11.4062492385132,1.34453288429976,0.727620224422653,
433,238,182,11.4062492385132,1.34453288429976,0.727620224422653,
431,238,181,11.1588399250775,1.34453288429976,0.719685673001152,
430,238,181,11.0371550320276,1.34453288429976,0.719685673001152,
427,238,180,10.6800043251458,1.34453288429976,0.711837646258525,
426,238,180,10.5635410374919,1.34453288429976,0.711837646258525,
423,237,179,10.2217159804217,1.3298710250629,0.704075200660645,
421,237,178,10,1.3298710250629,0.696397402962432,
419,236,178,9.78309319017829,1.31536905043638,0.696397402962432,
416,235,177,9.4665226030819,1.30102521691083,0.688803330095657,
412,235,176,9.06030582245338,1.30102521691083,0.681292069057961,
408,234,176,8.67152015985869,1.28683779998954,0.681292069057961,
406,233,175,8.48342898244073,1.27280509398106,0.673862716803095,
401,233,174,8.03085722139151,1.27280509398106,0.666514380132342,
397,232,174,7.68624610039774,1.25892541179417,0.666514380132342,
393,231,173,7.35642254459641,1.24519708473503,0.659246175587139,
388,230,172,6.96397402962432,1.23161846230659,0.652057229342861,
383,228,171,6.59246175587139,1.20490381914895,0.644946677103762,
378,227,170,6.24076882219095,1.19176458663437,0.637913663999067,
373,226,170,5.90783791158794,1.17876863479359,0.637913663999067,
368,224,169,5.59266811253914,1.15320034038449,0.630957344480193,
364,223,168,5.3526818228471,1.14062492385132,0.624076882219095,
358,221,167,5.01187233627272,1.11588399250775,0.617271450007716,
354,219,166,4.7968085023049,1.09167970881315,0.610540229658533,
350,218,165,4.59097324591799,1.07977516232771,0.603882411906196,
346,216,164,4.39397056076079,1.05635410374919,0.597297196310228,
342,215,164,4.20542143346164,1.04483477584408,0.597297196310228,
338,215,163,4.02496311444482,1.04483477584408,0.590783791158794,
334,214,164,3.85224842003675,1.03344106388056,0.597297196310228,
330,214,164,3.68694506451958,1.03344106388056,0.597297196310228,
328,214,164,3.60697271532629,1.03344106388056,0.597297196310228,
326,215,164,3.52873502084675,1.04483477584408,0.597297196310228,
324,215,165,3.45219435523895,1.04483477584408,0.603882411906196,
323,215,165,3.4145488738336,1.04483477584408,0.603882411906196,
321,216,165,3.34048498351324,1.05635410374919,0.603882411906196,
319,216,166,3.26802758941013,1.05635410374919,0.610540229658533,
317,216,166,3.1971418455273,1.05635410374919,0.610540229658533,
315,215,166,3.12779366170121,1.04483477584408,0.610540229658533,
313,214,167,3.0599496872072,1.03344106388056,0.617271450007716,
311,213,167,2.99357729472049,1.02217159804217,0.617271450007716,
309,212,167,2.92864456462524,1.01102502345005,0.617271450007716,
307,211,167,2.86512026966378,1,0.617271450007716,
305,209,167,2.80297385991895,0.978309319017829,0.617271450007716,
303,206,167,2.74217544812208,0.94665226030819,0.617271450007716,
300,204,167,2.65344154007705,0.926118728128794,0.617271450007716,
299,203,167,2.6245062966121,0.916019590661053,0.617271450007716,
297,201,167,2.56757896779659,0.896150501946605,0.617271450007716,
296,199,167,2.53958003832083,0.876712387296868,0.617271450007716,
295,198,167,2.51188643150958,0.867152015985868,0.617271450007716,
294,197,167,2.48449481788092,0.857695898590894,0.617271450007716,
293,196,167,2.45740190426026,0.848342898244072,0.617271450007716,
294,195,167,2.48449481788092,0.839091890474842,0.617271450007716,
294,195,167,2.48449481788092,0.839091890474842,0.617271450007716,
294,194,167,2.48449481788092,0.82994176307477,0.617271450007716,
295,194,167,2.51188643150958,0.82994176307477,0.617271450007716,
295,194,167,2.51188643150958,0.82994176307477,0.617271450007716,
296,193,167,2.53958003832083,0.820891415963826,0.617271450007716,
296,193,167,2.53958003832083,0.820891415963826,0.617271450007716,
297,193,167,2.56757896779659,0.820891415963826,0.617271450007716,
297,192,167,2.56757896779659,0.811939761058134,0.617271450007716,
298,192,167,2.59588658612639,0.811939761058134,0.617271450007716,
299,193,167,2.6245062966121,0.820891415963826,0.617271450007716,
299,193,168,2.6245062966121,0.820891415963826,0.624076882219095,
300,193,168,2.65344154007705,0.820891415963826,0.624076882219095,
301,194,168,2.68269579527972,0.82994176307477,0.624076882219095,
302,194,169,2.71227257933203,0.82994176307477,0.630957344480193,
303,195,169,2.74217544812208,0.839091890474842,0.630957344480193,
304,195,169,2.77240799674177,0.839091890474842,0.630957344480193,
305,195,170,2.80297385991895,0.839091890474842,0.637913663999067,
306,195,170,2.83387671245443,0.839091890474842,0.637913663999067,
307,196,170,2.86512026966378,0.848342898244072,0.637913663999067,
307,196,171,2.86512026966378,0.848342898244072,0.644946677103762,
306,196,171,2.83387671245443,0.848342898244072,0.644946677103762,
305,197,171,2.80297385991895,0.857695898590894,0.644946677103762,
304,197,171,2.77240799674177,0.857695898590894,0.644946677103762,
302,198,171,2.71227257933203,0.867152015985868,0.644946677103762,
299,198,171,2.6245062966121,0.867152015985868,0.644946677103762,
297,199,171,2.56757896779659,0.876712387296868,0.644946677103762,
295,199,171,2.51188643150958,0.876712387296868,0.644946677103762,
293,200,171,2.45740190426026,0.886378161925763,0.644946677103762,
292,200,171,2.43060443338441,0.886378161925763,0.644946677103762,
291,200,172,2.40409918350997,0.886378161925763,0.652057229342861,
291,200,173,2.40409918350997,0.886378161925763,0.659246175587139,
292,200,173,2.43060443338441,0.886378161925763,0.659246175587139,
293,200,174,2.45740190426026,0.886378161925763,0.666514380132342,
294,199,174,2.48449481788092,0.876712387296868,0.666514380132342,
296,199,175,2.53958003832083,0.876712387296868,0.673862716803095,
297,199,176,2.56757896779659,0.876712387296868,0.681292069057961,
298,198,176,2.59588658612639,0.867152015985868,0.681292069057961,
300,198,177,2.65344154007705,0.867152015985868,0.688803330095657,
302,197,178,2.71227257933203,0.857695898590894,0.696397402962432,
304,198,178,2.77240799674177,0.867152015985868,0.696397402962432,
307,200,179,2.86512026966378,0.886378161925763,0.704075200660645,
309,201,180,2.92864456462524,0.896150501946605,0.711837646258525,
312,203,180,3.02658155459431,0.916019590661053,0.711837646258525,
314,204,181,3.09368570426462,0.926118728128794,0.719685673001152,
316,206,181,3.16227766016838,0.94665226030819,0.719685673001152,
319,208,182,3.26802758941013,0.967641053709454,0.727620224422653,
322,211,182,3.37731390879101,1,0.727620224422653,
325,213,183,3.49025487895958,1.02217159804217,0.735642254459641,
328,215,183,3.60697271532629,1.04483477584408,0.735642254459641,
330,217,184,3.68694506451958,1.06800043251458,0.743752727565905,
333,219,184,3.81024042994628,1.09167970881315,0.743752727565905,
336,221,184,3.93765892356439,1.11588399250775,0.743752727565905,
339,224,185,4.06933842716715,1.15320034038449,0.751952618828355,
341,226,185,4.15956216307185,1.17876863479359,0.751952618828355,
344,227,185,4.29866234708228,1.19176458663437,0.751952618828355,
345,229,186,4.34605520026269,1.21818791201012,0.760242914084262,
348,230,186,4.4913919098431,1.23161846230659,0.760242914084262,
350,232,186,4.59097324591799,1.25892541179417,0.760242914084262,
352,233,187,4.69276245934884,1.27280509398106,0.768624610039774,
355,234,187,4.8496934285282,1.28683779998954,0.768624610039774,
361,236,187,5.17947467923121,1.31536905043638,0.768624610039774,
365,237,187,5.41169526546464,1.3298710250629,0.768624610039774,
370,239,188,5.71666650191362,1.35935639087853,0.777098714389746,
374,240,188,5.97297196310228,1.37434332696493,0.777098714389746,
379,241,188,6.30957344480193,1.38949549437314,0.777098714389746,
384,243,188,6.66514380132341,1.42030282995578,0.777098714389746,
392,244,188,7.27620224422653,1.43596170196222,0.777098714389746,
396,246,188,7.60242914084262,1.46779926762207,0.777098714389746,
401,247,188,8.03085722139151,1.48398178896757,0.777098714389746,
405,248,188,8.39091890474843,1.50034272299038,0.777098714389746,
409,249,188,8.76712387296869,1.51688403669445,0.777098714389746,
413,249,188,9.16019590661053,1.51688403669445,0.777098714389746,
417,249,188,9.57089123677128,1.51688403669445,0.777098714389746,
421,249,189,10,1.51688403669445,0.785666245938894,
424,248,189,10.3344106388056,1.50034272299038,0.785666245938894,
424,247,189,10.3344106388056,1.48398178896757,0.785666245938894,
425,247,190,10.4483477584408,1.48398178896757,0.794328234724281,
426,246,190,10.5635410374919,1.46779926762207,0.794328234724281,
426,246,190,10.5635410374919,1.46779926762207,0.794328234724281,
428,245,191,10.7977516232771,1.45179321339972,0.803085722139151,
429,244,191,10.9167970881315,1.43596170196222,0.803085722139151,
430,244,191,11.0371550320276,1.43596170196222,0.803085722139151,
431,243,192,11.1588399250775,1.42030282995578,0.811939761058134,
432,243,192,11.2818663969268,1.42030282995578,0.811939761058134,
433,243,193,11.4062492385132,1.42030282995578,0.820891415963826,
434,243,193,11.5320034038449,1.42030282995578,0.820891415963826,
435,244,194,11.6591440117983,1.43596170196222,0.82994176307477,
437,244,194,11.9176458663437,1.43596170196222,0.82994176307477,
438,245,195,12.0490381914895,1.45179321339972,0.839091890474842,
439,245,195,12.1818791201011,1.45179321339972,0.839091890474842,
441,246,196,12.4519708473503,1.46779926762207,0.848342898244072,
441,246,196,12.4519708473503,1.46779926762207,0.848342898244072,
442,246,197,12.5892541179417,1.46779926762207,0.857695898590894,
443,246,198,12.7280509398106,1.46779926762207,0.867152015985868,
444,246,198,12.8683779998954,1.46779926762207,0.867152015985868,
444,246,199,12.8683779998954,1.46779926762207,0.876712387296868,
445,246,199,13.0102521691083,1.46779926762207,0.876712387296868,
445,246,200,13.0102521691083,1.46779926762207,0.886378161925763,
445,246,201,13.0102521691083,1.46779926762207,0.896150501946605,
446,246,201,13.1536905043638,1.46779926762207,0.896150501946605,
446,246,202,13.1536905043638,1.46779926762207,0.906030582245338,
446,246,203,13.1536905043638,1.46779926762207,0.916019590661053,
447,246,204,13.298710250629,1.46779926762207,0.926118728128794,
445,246,204,13.0102521691083,1.46779926762207,0.926118728128794,
444,247,205,12.8683779998954,1.48398178896757,0.936329208823942,
443,247,205,12.7280509398106,1.48398178896757,0.936329208823942,
441,247,206,12.4519708473503,1.48398178896757,0.94665226030819,
440,248,206,12.3161846230659,1.50034272299038,0.94665226030819,
438,248,207,12.0490381914895,1.50034272299038,0.957089123677128,
435,248,207,11.6591440117983,1.50034272299038,0.957089123677128,
433,249,207,11.4062492385132,1.51688403669445,0.957089123677128,
429,249,207,10.9167970881315,1.51688403669445,0.957089123677128,
428,249,208,10.7977516232771,1.51688403669445,0.967641053709454,
426,250,208,10.5635410374919,1.53360771877001,0.967641053709454,
424,250,209,10.3344106388056,1.53360771877001,0.978309319017829,
423,251,209,10.2217159804217,1.55051577983262,0.978309319017829,
422,252,210,10.1102502345005,1.56761025266495,0.9890952022014,
420,253,210,9.890952022014,1.58489319246111,0.9890952022014,
420,254,211,9.890952022014,1.60236667707382,1,
421,255,212,10,1.62003280726413,1.01102502345005,
422,256,213,10.1102502345005,1.63789370695406,1.02217159804217,
423,257,214,10.2217159804217,1.65595152348192,1.03344106388056,
424,259,214,10.3344106388056,1.69266661503788,1.03344106388056,
424,260,214,10.3344106388056,1.71132830416178,1.03344106388056,
424,261,215,10.3344106388056,1.73019573884589,1.04483477584408,
425,261,216,10.4483477584408,1.73019573884589,1.05635410374919,
424,262,216,10.3344106388056,1.74927118743984,1.05635410374919,
424,263,217,10.3344106388056,1.76855694330186,1.06800043251458,
424,263,218,10.3344106388056,1.76855694330186,1.07977516232771,
422,263,218,10.1102502345005,1.76855694330186,1.07977516232771,
422,263,218,10.1102502345005,1.76855694330186,1.07977516232771,
420,263,219,9.890952022014,1.76855694330186,1.09167970881315,
419,263,219,9.78309319017829,1.76855694330186,1.09167970881315,
418,263,220,9.67641053709454,1.76855694330186,1.10371550320276,
417,263,220,9.57089123677128,1.76855694330186,1.10371550320276,
417,265,220,9.57089123677128,1.80776867696343,1.10371550320276,
418,267,221,9.67641053709454,1.84784979742229,1.11588399250775,
420,268,221,9.890952022014,1.86822238477104,1.11588399250775,
422,270,222,10.1102502345005,1.90964386053956,1.12818663969268,
424,272,223,10.3344106388056,1.95198371661914,1.14062492385132,
427,274,224,10.6800043251458,1.99526231496888,1.15320034038449,
430,276,225,11.0371550320276,2.03950046900506,1.16591440117983,
434,279,226,11.5320034038449,2.10770353447348,1.17876863479359,
436,282,227,11.7876863479359,2.17818738301108,1.19176458663437,
440,283,228,12.3161846230659,2.20220194998738,1.20490381914895,
443,286,228,12.7280509398106,2.27584592607479,1.20490381914895,
445,287,229,13.0102521691083,2.30093718077846,1.21818791201012,
447,288,230,13.298710250629,2.32630506715363,1.23161846230659,
449,289,230,13.5935639087853,2.35195263507096,1.23161846230659,
449,288,230,13.5935639087853,2.32630506715363,1.23161846230659,
448,287,230,13.4453288429976,2.30093718077846,1.23161846230659,
447,286,230,13.298710250629,2.27584592607479,1.23161846230659,
446,284,230,13.1536905043638,2.22648127812773,1.23161846230659,
445,283,230,13.0102521691083,2.20220194998738,1.23161846230659,
444,281,230,12.8683779998954,2.15443469003188,1.23161846230659,
443,280,230,12.7280509398106,2.1309410153668,1.23161846230659,
441,279,230,12.4519708473503,2.10770353447348,1.23161846230659,
441,279,230,12.4519708473503,2.10770353447348,1.23161846230659,
440,278,230,12.3161846230659,2.08471945361065,1.23161846230659,
440,279,230,12.3161846230659,2.10770353447348,1.23161846230659,
441,280,231,12.4519708473503,2.1309410153668,1.24519708473503,
442,281,231,12.5892541179417,2.15443469003188,1.24519708473503,
443,283,232,12.7280509398106,2.20220194998738,1.25892541179417,
444,285,232,12.8683779998954,2.25102828643018,1.25892541179417,
445,287,233,13.0102521691083,2.30093718077846,1.27280509398106,
447,289,233,13.298710250629,2.35195263507096,1.27280509398106,
449,291,234,13.5935639087853,2.40409918350997,1.28683779998954,
450,292,234,13.7434332696493,2.43060443338441,1.28683779998954,
452,294,234,14.0481471478234,2.48449481788092,1.28683779998954,
453,296,235,14.2030282995578,2.53958003832083,1.30102521691083,
455,298,235,14.5179321339972,2.59588658612639,1.30102521691083,
457,300,235,14.8398178896756,2.65344154007705,1.30102521691083,
459,301,236,15.1688403669445,2.68269579527972,1.31536905043638,
462,303,236,15.6761025266495,2.74217544812208,1.31536905043638,
464,305,236,16.0236667707382,2.80297385991895,1.31536905043638,
466,306,237,16.3789370695406,2.83387671245443,1.3298710250629,
470,308,237,17.1132830416178,2.89670828782403,1.3298710250629,
473,309,237,17.6855694330186,2.92864456462524,1.3298710250629,
476,311,238,18.2769936901922,2.99357729472049,1.34453288429976,
479,312,238,18.8881958037304,3.02658155459431,1.34453288429976,
482,314,239,19.5198371661914,3.09368570426462,1.35935639087853,
485,316,239,20.1726012878041,3.16227766016838,1.35935639087853,
488,317,240,20.8471945361065,3.1971418455273,1.37434332696493,
492,319,240,21.7818738301108,3.26802758941013,1.37434332696493,
495,320,241,22.5102828643018,3.30405767021877,1.38949549437314,
498,322,241,23.2630506715363,3.37731390879101,1.38949549437314,
502,323,242,24.3060443338441,3.4145488738336,1.40481471478234,
505,324,242,25.1188643150958,3.45219435523895,1.40481471478234,
508,326,242,25.958865861264,3.52873502084675,1.40481471478234,
511,327,242,26.8269579527973,3.56763940720059,1.40481471478234,
514,328,243,27.7240799674178,3.60697271532629,1.42030282995578,
518,329,243,28.9670828782403,3.64673967409645,1.42030282995578,
520,330,244,29.6093293962708,3.68694506451958,1.43596170196222,
522,331,244,30.2658155459431,3.72759372031494,1.43596170196222,
524,332,244,30.9368570426462,3.76869052849366,1.43596170196222,
527,333,245,31.971418455273,3.81024042994628,1.45179321339972,
529,334,245,32.6802758941013,3.85224842003675,1.45179321339972,
531,335,245,33.4048498351324,3.89471954920307,1.45179321339972,
534,336,246,34.5219435523895,3.93765892356439,1.46779926762207,
535,337,246,34.9025487895958,3.98107170553497,1.46779926762207,
537,338,246,35.6763940720059,4.02496311444482,1.46779926762207,
539,337,246,36.4673967409644,3.98107170553497,1.46779926762207,
540,337,246,36.8694506451957,3.98107170553497,1.46779926762207,
542,336,246,37.6869052849366,3.93765892356439,1.46779926762207,
543,335,246,38.1024042994628,3.89471954920307,1.46779926762207,
544,334,246,38.5224842003675,3.85224842003675,1.46779926762207,
545,333,246,38.9471954920307,3.81024042994628,1.46779926762207,
546,332,246,39.3765892356439,3.76869052849366,1.46779926762207,
547,331,246,39.8107170553497,3.72759372031494,1.46779926762207,
548,330,246,40.2496311444482,3.68694506451958,1.46779926762207,
549,329,246,40.6933842716715,3.64673967409645,1.46779926762207,
550,328,246,41.1420297875284,3.60697271532629,1.46779926762207,
551,328,246,41.5956216307185,3.60697271532629,1.46779926762207,
550,327,246,41.1420297875284,3.56763940720059,1.46779926762207,
550,328,246,41.1420297875284,3.60697271532629,1.46779926762207,
548,328,246,40.2496311444482,3.60697271532629,1.46779926762207,
547,329,246,39.8107170553497,3.64673967409645,1.46779926762207,
546,330,246,39.3765892356439,3.68694506451958,1.46779926762207,
544,331,246,38.5224842003675,3.72759372031494,1.46779926762207,
543,332,246,38.1024042994628,3.76869052849366,1.46779926762207,
542,333,246,37.6869052849366,3.81024042994628,1.46779926762207,
541,334,246,37.2759372031494,3.85224842003675,1.46779926762207,
540,334,246,36.8694506451957,3.85224842003675,1.46779926762207,
539,335,246,36.4673967409644,3.89471954920307,1.46779926762207,
538,336,246,36.0697271532629,3.93765892356439,1.46779926762207,
537,336,246,35.6763940720059,3.93765892356439,1.46779926762207,
536,336,246,35.2873502084675,3.93765892356439,1.46779926762207,
536,336,246,35.2873502084675,3.93765892356439,1.46779926762207,
535,337,246,34.9025487895958,3.98107170553497,1.46779926762207,
534,337,246,34.5219435523895,3.98107170553497,1.46779926762207,
534,337,246,34.5219435523895,3.98107170553497,1.46779926762207,
533,338,246,34.145488738336,4.02496311444482,1.46779926762207,
531,338,246,33.4048498351324,4.02496311444482,1.46779926762207,
529,339,246,32.6802758941013,4.06933842716715,1.46779926762207,
528,340,246,32.3239040934736,4.11420297875284,1.46779926762207,
526,340,246,31.6227766016838,4.11420297875284,1.46779926762207,
525,341,246,31.2779366170121,4.15956216307185,1.46779926762207,
523,342,246,30.599496872072,4.20542143346164,1.46779926762207,
521,343,246,29.9357729472049,4.25178630338289,1.46779926762207,
519,344,246,29.2864456462524,4.29866234708228,1.46779926762207,
517,344,246,28.6512026966378,4.29866234708228,1.46779926762207,
515,346,246,28.0297385991895,4.39397056076079,1.46779926762207,
514,346,246,27.7240799674178,4.39397056076079,1.46779926762207,
513,346,246,27.4217544812209,4.39397056076079,1.46779926762207,
514,347,246,27.7240799674178,4.442414189232,1.46779926762207,
515,347,246,28.0297385991895,4.442414189232,1.46779926762207,
516,347,246,28.3387671245443,4.442414189232,1.46779926762207,
518,347,246,28.9670828782403,4.442414189232,1.46779926762207,
519,347,246,29.2864456462524,4.442414189232,1.46779926762207,
521,347,246,29.9357729472049,4.442414189232,1.46779926762207,
523,347,246,30.599496872072,4.442414189232,1.46779926762207,
524,347,246,30.9368570426462,4.442414189232,1.46779926762207,
526,347,246,31.6227766016838,4.442414189232,1.46779926762207,
528,347,246,32.3239040934736,4.442414189232,1.46779926762207,
530,348,246,33.0405767021877,4.4913919098431,1.46779926762207,
532,348,246,33.7731390879101,4.4913919098431,1.46779926762207,
534,349,246,34.5219435523895,4.54090961097248,1.46779926762207,
536,349,245,35.2873502084675,4.54090961097248,1.45179321339972,
537,350,245,35.6763940720059,4.59097324591799,1.45179321339972,
539,351,244,36.4673967409644,4.64158883361278,1.43596170196222,
541,352,244,37.2759372031494,4.69276245934884,1.43596170196222,
543,353,244,38.1024042994628,4.74450027550866,1.43596170196222,
545,354,243,38.9471954920307,4.7968085023049,1.42030282995578,
546,355,243,39.3765892356439,4.8496934285282,1.42030282995578,
548,356,242,40.2496311444482,4.90316141230326,1.40481471478234,
550,356,242,41.1420297875284,4.90316141230326,1.40481471478234,
552,357,242,42.0542143346164,4.95721888185327,1.40481471478234,
553,358,242,42.5178630338289,5.01187233627272,1.40481471478234,
554,358,242,42.9866234708228,5.01187233627272,1.40481471478234,
556,359,242,43.9397056076079,5.06712834630877,1.40481471478234,
557,360,242,44.42414189232,5.12299355515123,1.40481471478234,
558,360,242,44.913919098431,5.12299355515123,1.40481471478234,
560,361,242,45.9097324591799,5.17947467923121,1.40481471478234,
562,362,242,46.9276245934884,5.23657850902866,1.40481471478234,
565,362,242,48.496934285282,5.23657850902866,1.40481471478234,
567,363,242,49.5721888185328,5.29431190988872,1.40481471478234,
569,363,242,50.6712834630878,5.29431190988872,1.40481471478234,
572,362,242,52.3657850902866,5.23657850902866,1.40481471478234,
574,361,242,53.5268182284711,5.17947467923121,1.40481471478234,
577,360,242,55.3168119761723,5.12299355515123,1.40481471478234,
580,359,242,57.1666650191362,5.06712834630877,1.40481471478234,
582,358,242,58.4341413373518,5.01187233627272,1.40481471478234,
585,358,242,60.3882411906196,5.01187233627272,1.40481471478234,
586,357,242,61.0540229658533,4.95721888185327,1.40481471478234,
589,356,242,63.0957344480193,4.90316141230326,1.40481471478234,
590,355,242,63.7913663999067,4.8496934285282,1.40481471478234,
592,355,242,65.2057229342861,4.8496934285282,1.40481471478234,
594,355,242,66.6514380132341,4.8496934285282,1.40481471478234,
595,354,242,67.3862716803094,4.7968085023049,1.40481471478234,
595,354,242,67.3862716803094,4.7968085023049,1.40481471478234,
596,354,242,68.1292069057961,4.7968085023049,1.40481471478234,
596,353,242,68.1292069057961,4.74450027550866,1.40481471478234,
596,353,242,68.1292069057961,4.74450027550866,1.40481471478234,
597,353,242,68.8803330095656,4.74450027550866,1.40481471478234,
596,352,242,68.1292069057961,4.69276245934884,1.40481471478234,
594,352,242,66.6514380132341,4.69276245934884,1.40481471478234,
592,352,242,65.2057229342861,4.69276245934884,1.40481471478234,
589,352,243,63.0957344480193,4.69276245934884,1.42030282995578,
587,353,243,61.7271450007715,4.74450027550866,1.42030282995578,
584,353,244,59.7297196310228,4.74450027550866,1.43596170196222,
581,354,244,57.7969288415331,4.7968085023049,1.43596170196222,
577,355,245,55.3168119761723,4.8496934285282,1.45179321339972,
573,356,245,52.9431190988872,4.90316141230326,1.45179321339972,
570,357,245,51.2299355515123,4.95721888185327,1.45179321339972,
568,358,246,50.1187233627273,5.01187233627272,1.46779926762207,
565,359,246,48.496934285282,5.06712834630877,1.46779926762207,
563,359,246,47.4450027550866,5.06712834630877,1.46779926762207,
561,360,246,46.4158883361278,5.12299355515123,1.46779926762207,
562,360,246,46.9276245934884,5.12299355515123,1.46779926762207,
564,360,246,47.968085023049,5.12299355515123,1.46779926762207,
566,360,246,49.0316141230326,5.12299355515123,1.46779926762207,
568,360,246,50.1187233627273,5.12299355515123,1.46779926762207,
570,360,246,51.2299355515123,5.12299355515123,1.46779926762207,
572,360,246,52.3657850902866,5.12299355515123,1.46779926762207,
574,360,246,53.5268182284711,5.12299355515123,1.46779926762207,
576,360,246,54.713593326709,5.12299355515123,1.46779926762207,
577,360,246,55.3168119761723,5.12299355515123,1.46779926762207,
578,359,246,55.9266811253914,5.06712834630877,1.46779926762207,
579,359,246,56.5432740962822,5.06712834630877,1.46779926762207,
579,358,246,56.5432740962822,5.01187233627272,1.46779926762207,
578,357,246,55.9266811253914,4.95721888185327,1.46779926762207,
577,356,245,55.3168119761723,4.90316141230326,1.45179321339972,
576,355,245,54.713593326709,4.8496934285282,1.45179321339972,
574,354,245,53.5268182284711,4.7968085023049,1.45179321339972,
573,353,244,52.9431190988872,4.74450027550866,1.43596170196222,
572,352,244,52.3657850902866,4.69276245934884,1.43596170196222,
571,351,244,51.7947467923121,4.64158883361278,1.43596170196222,
569,350,243,50.6712834630878,4.59097324591799,1.42030282995578,
568,349,243,50.1187233627273,4.54090961097248,1.42030282995578,
567,349,243,49.5721888185328,4.54090961097248,1.42030282995578,
565,348,242,48.496934285282,4.4913919098431,1.40481471478234,
564,348,242,47.968085023049,4.4913919098431,1.40481471478234,
563,348,242,47.4450027550866,4.4913919098431,1.40481471478234,
562,348,242,46.9276245934884,4.4913919098431,1.40481471478234,
561,349,242,46.4158883361278,4.54090961097248,1.40481471478234,
560,349,242,45.9097324591799,4.54090961097248,1.40481471478234,
559,350,242,45.4090961097248,4.59097324591799,1.40481471478234,
558,350,242,44.913919098431,4.59097324591799,1.40481471478234,
557,351,242,44.42414189232,4.64158883361278,1.40481471478234,
557,351,242,44.42414189232,4.64158883361278,1.40481471478234,
556,352,242,43.9397056076079,4.69276245934884,1.40481471478234,
556,352,242,43.9397056076079,4.69276245934884,1.40481471478234,
556,353,242,43.9397056076079,4.74450027550866,1.40481471478234,
556,353,242,43.9397056076079,4.74450027550866,1.40481471478234,
556,353,242,43.9397056076079,4.74450027550866,1.40481471478234,
556,354,242,43.9397056076079,4.7968085023049,1.40481471478234,
556,354,242,43.9397056076079,4.7968085023049,1.40481471478234,
556,354,242,43.9397056076079,4.7968085023049,1.40481471478234,
556,354,242,43.9397056076079,4.7968085023049,1.40481471478234,
557,355,242,44.42414189232,4.8496934285282,1.40481471478234,
559,356,242,45.4090961097248,4.90316141230326,1.40481471478234,
560,356,242,45.9097324591799,4.90316141230326,1.40481471478234,
562,358,242,46.9276245934884,5.01187233627272,1.40481471478234,
563,358,242,47.4450027550866,5.01187233627272,1.40481471478234,
565,360,242,48.496934285282,5.12299355515123,1.40481471478234,
568,361,242,50.1187233627273,5.17947467923121,1.40481471478234,
571,362,242,51.7947467923121,5.23657850902866,1.40481471478234,
572,365,242,52.3657850902866,5.41169526546464,1.40481471478234,
574,366,242,53.5268182284711,5.47135933267089,1.40481471478234,
576,368,242,54.713593326709,5.59266811253914,1.40481471478234,
578,370,242,55.9266811253914,5.71666650191362,1.40481471478234,
580,372,242,57.1666650191362,5.84341413373518,1.40481471478234,
581,374,242,57.7969288415331,5.97297196310228,1.40481471478234,
583,376,242,59.0783791158794,6.10540229658533,1.40481471478234,
584,378,242,59.7297196310228,6.24076882219095,1.40481471478234,
585,380,242,60.3882411906196,6.37913663999067,1.40481471478234,
585,383,242,60.3882411906196,6.59246175587139,1.40481471478234,
586,385,242,61.0540229658533,6.73862716803095,1.40481471478234,
587,387,242,61.7271450007715,6.88803330095657,1.40481471478234,
588,389,242,62.4076882219095,7.04075200660645,1.40481471478234,
588,391,242,62.4076882219095,7.19685673001152,1.40481471478234,
589,392,242,63.0957344480193,7.27620224422653,1.40481471478234,
