-1,-1,157,0,0,0.989043313020995,
-1,-1,157,0,0,0.989043313020995,
-1,-1,156,0,0,0.974620912162375,
-1,-1,157,0,0,0.989043313020995,
-1,-1,157,0,0,0.989043313020995,
-1,-1,157,0,0,0.989043313020995,
-1,-1,157,0,0,0.989043313020995,
-1,-1,157,0,0,0.989043313020995,
-1,-1,157,0,0,0.989043313020995,
-1,-1,157,0,0,0.989043313020995,
-1,-1,158,0,0,1.00367913598449,
-1,-1,159,0,0,1.01853153926453,
-1,-1,159,0,0,1.01853153926453,
-1,-1,160,0,0,1.0336037278079,
-1,-1,159,0,0,1.01853153926453,
154,-1,160,0.94640397350942,0,1.0336037278079,
154,-1,161,0.94640397350942,0,1.04889895398803,
154,-1,161,0.94640397350942,0,1.04889895398803,
154,-1,161,0.94640397350942,0,1.04889895398803,
154,168,161,0.94640397350942,1.1624940791378,1.04889895398803,
155,168,162,0.960408821250538,1.1624940791378,1.06442051830686,
155,169,162,0.960408821250538,1.17969661952645,1.06442051830686,
155,170,163,0.960408821250538,1.19715372241235,1.08017177010701,
155,170,163,0.960408821250538,1.19715372241235,1.08017177010701,
156,171,164,0.974620912162375,1.21486915480104,1.09615610829454,
156,171,164,0.974620912162375,1.21486915480104,1.09615610829454,
156,171,165,0.974620912162375,1.21486915480104,1.1123769820724,
156,171,165,0.974620912162375,1.21486915480104,1.1123769820724,
156,171,165,0.974620912162375,1.21486915480104,1.1123769820724,
156,171,165,0.974620912162375,1.21486915480104,1.1123769820724,
157,171,165,0.989043313020995,1.21486915480104,1.1123769820724,
157,171,165,0.989043313020995,1.21486915480104,1.1123769820724,
157,171,165,0.989043313020995,1.21486915480104,1.1123769820724,
158,171,165,1.00367913598449,1.21486915480104,1.1123769820724,
158,171,165,1.00367913598449,1.21486915480104,1.1123769820724,
158,171,165,1.00367913598449,1.21486915480104,1.1123769820724,
158,171,165,1.00367913598449,1.21486915480104,1.1123769820724,
158,171,165,1.00367913598449,1.21486915480104,1.1123769820724,
159,171,165,1.01853153926453,1.21486915480104,1.1123769820724,
160,172,165,1.0336037278079,1.23284673944207,1.1123769820724,
161,172,166,1.04889895398803,1.23284673944207,1.12883789168469,
162,172,167,1.06442051830686,1.23284673944207,1.14554238917198,
163,172,167,1.08017177010701,1.23284673944207,1.14554238917198,
164,172,168,1.09615610829454,1.23284673944207,1.1624940791378,
165,172,168,1.1123769820724,1.23284673944207,1.1624940791378,
166,172,169,1.12883789168469,1.23284673944207,1.17969661952645,
167,172,169,1.14554238917198,1.23284673944207,1.17969661952645,
168,172,169,1.1624940791378,1.23284673944207,1.17969661952645,
169,172,170,1.17969661952645,1.23284673944207,1.19715372241235,
170,172,170,1.19715372241235,1.23284673944207,1.19715372241235,
177,172,170,1.32680474971472,1.23284673944207,1.19715372241235,
177,172,171,1.32680474971472,1.23284673944207,1.21486915480104,
178,172,171,1.34643875276423,1.23284673944207,1.21486915480104,
179,172,171,1.36636329899714,1.23284673944207,1.21486915480104,
179,172,172,1.36636329899714,1.23284673944207,1.23284673944207,
180,172,172,1.38658268785975,1.23284673944207,1.23284673944207,
181,172,172,1.40710128242137,1.23284673944207,1.23284673944207,
181,172,173,1.40710128242137,1.23284673944207,1.25109035565386,
181,172,173,1.40710128242137,1.23284673944207,1.25109035565386,
182,172,173,1.42792351031584,1.23284673944207,1.25109035565386,
182,172,173,1.42792351031584,1.23284673944207,1.25109035565386,
183,172,173,1.44905386469694,1.23284673944207,1.25109035565386,
183,172,173,1.44905386469694,1.23284673944207,1.25109035565386,
184,172,173,1.47049690520797,1.23284673944207,1.25109035565386,
184,172,173,1.47049690520797,1.23284673944207,1.25109035565386,
185,172,173,1.49225725896563,1.23284673944207,1.25109035565386,
185,172,173,1.49225725896563,1.23284673944207,1.25109035565386,
186,172,173,1.51433962155852,1.23284673944207,1.25109035565386,
186,172,174,1.51433962155852,1.23284673944207,1.26960394016084,
186,172,174,1.51433962155852,1.23284673944207,1.26960394016084,
186,172,174,1.51433962155852,1.23284673944207,1.26960394016084,
186,172,174,1.51433962155852,1.23284673944207,1.26960394016084,
186,172,175,1.51433962155852,1.23284673944207,1.28839148794294,
186,172,175,1.51433962155852,1.23284673944207,1.28839148794294,
186,172,175,1.51433962155852,1.23284673944207,1.28839148794294,
186,172,176,1.51433962155852,1.23284673944207,1.30745705309762,
186,171,176,1.51433962155852,1.21486915480104,1.30745705309762,
186,171,176,1.51433962155852,1.21486915480104,1.30745705309762,
186,171,177,1.51433962155852,1.21486915480104,1.32680474971472,
186,171,177,1.51433962155852,1.21486915480104,1.32680474971472,
186,171,178,1.51433962155852,1.21486915480104,1.34643875276423,
186,171,178,1.51433962155852,1.21486915480104,1.34643875276423,
186,171,178,1.51433962155852,1.21486915480104,1.34643875276423,
186,171,178,1.51433962155852,1.21486915480104,1.34643875276423,
185,171,178,1.49225725896563,1.21486915480104,1.34643875276423,
185,171,178,1.49225725896563,1.21486915480104,1.34643875276423,
185,171,178,1.49225725896563,1.21486915480104,1.34643875276423,
184,171,178,1.47049690520797,1.21486915480104,1.34643875276423,
184,171,178,1.47049690520797,1.21486915480104,1.34643875276423,
184,171,178,1.47049690520797,1.21486915480104,1.34643875276423,
184,171,178,1.47049690520797,1.21486915480104,1.34643875276423,
184,171,178,1.47049690520797,1.21486915480104,1.34643875276423,
184,171,178,1.47049690520797,1.21486915480104,1.34643875276423,
184,171,178,1.47049690520797,1.21486915480104,1.34643875276423,
184,171,178,1.47049690520797,1.21486915480104,1.34643875276423,
184,171,178,1.47049690520797,1.21486915480104,1.34643875276423,
184,171,178,1.47049690520797,1.21486915480104,1.34643875276423,
184,171,178,1.47049690520797,1.21486915480104,1.34643875276423,
184,171,178,1.47049690520797,1.21486915480104,1.34643875276423,
184,171,178,1.47049690520797,1.21486915480104,1.34643875276423,
184,171,178,1.47049690520797,1.21486915480104,1.34643875276423,
184,171,178,1.47049690520797,1.21486915480104,1.34643875276423,
184,171,178,1.47049690520797,1.21486915480104,1.34643875276423,
184,172,179,1.47049690520797,1.23284673944207,1.36636329899714,
184,172,179,1.47049690520797,1.23284673944207,1.36636329899714,
184,172,179,1.47049690520797,1.23284673944207,1.36636329899714,
184,173,180,1.47049690520797,1.25109035565386,1.38658268785975,
184,173,180,1.47049690520797,1.25109035565386,1.38658268785975,
184,173,180,1.47049690520797,1.25109035565386,1.38658268785975,
184,173,180,1.47049690520797,1.25109035565386,1.38658268785975,
184,174,181,1.47049690520797,1.26960394016084,1.40710128242137,
184,174,181,1.47049690520797,1.26960394016084,1.40710128242137,
184,175,182,1.47049690520797,1.28839148794294,1.42792351031584,
184,175,182,1.47049690520797,1.28839148794294,1.42792351031584,
184,175,182,1.47049690520797,1.28839148794294,1.42792351031584,
184,175,182,1.47049690520797,1.28839148794294,1.42792351031584,
184,175,182,1.47049690520797,1.28839148794294,1.42792351031584,
184,175,182,1.47049690520797,1.28839148794294,1.42792351031584,
184,175,182,1.47049690520797,1.28839148794294,1.42792351031584,
184,175,182,1.47049690520797,1.28839148794294,1.42792351031584,
188,175,182,1.55948950405828,1.28839148794294,1.42792351031584,
188,175,182,1.55948950405828,1.28839148794294,1.42792351031584,
188,175,182,1.55948950405828,1.28839148794294,1.42792351031584,
188,175,182,1.55948950405828,1.28839148794294,1.42792351031584,
188,175,182,1.55948950405828,1.28839148794294,1.42792351031584,
188,175,182,1.55948950405828,1.28839148794294,1.42792351031584,
188,174,182,1.55948950405828,1.26960394016084,1.42792351031584,
188,174,182,1.55948950405828,1.26960394016084,1.42792351031584,
188,174,182,1.55948950405828,1.26960394016084,1.42792351031584,
188,174,182,1.55948950405828,1.26960394016084,1.42792351031584,
188,174,182,1.55948950405828,1.26960394016084,1.42792351031584,
188,174,182,1.55948950405828,1.26960394016084,1.42792351031584,
188,173,182,1.55948950405828,1.25109035565386,1.42792351031584,
188,173,182,1.55948950405828,1.25109035565386,1.42792351031584,
188,173,182,1.55948950405828,1.25109035565386,1.42792351031584,
188,173,182,1.55948950405828,1.25109035565386,1.42792351031584,
189,174,183,1.58256676669616,1.26960394016084,1.44905386469694,
189,174,183,1.58256676669616,1.26960394016084,1.44905386469694,
189,175,184,1.58256676669616,1.28839148794294,1.47049690520797,
189,175,184,1.58256676669616,1.28839148794294,1.47049690520797,
189,176,185,1.58256676669616,1.30745705309762,1.49225725896563,
189,176,185,1.58256676669616,1.30745705309762,1.49225725896563,
189,176,185,1.58256676669616,1.30745705309762,1.49225725896563,
189,177,186,1.58256676669616,1.32680474971472,1.51433962155852,
189,178,186,1.58256676669616,1.34643875276423,1.51433962155852,
189,178,186,1.58256676669616,1.34643875276423,1.51433962155852,
189,178,186,1.58256676669616,1.34643875276423,1.51433962155852,
189,178,186,1.58256676669616,1.34643875276423,1.51433962155852,
189,178,186,1.58256676669616,1.34643875276423,1.51433962155852,
189,178,186,1.58256676669616,1.34643875276423,1.51433962155852,
189,178,186,1.58256676669616,1.34643875276423,1.51433962155852,
189,178,186,1.58256676669616,1.34643875276423,1.51433962155852,
192,178,186,1.65386782158783,1.34643875276423,1.51433962155852,
192,178,186,1.65386782158783,1.34643875276423,1.51433962155852,
192,178,186,1.65386782158783,1.34643875276423,1.51433962155852,
193,178,187,1.67834169075322,1.34643875276423,1.53674875806038,
193,177,187,1.67834169075322,1.32680474971472,1.53674875806038,
194,177,187,1.70317772324514,1.32680474971472,1.53674875806038,
194,176,188,1.70317772324514,1.30745705309762,1.55948950405828,
194,176,188,1.70317772324514,1.30745705309762,1.55948950405828,
195,175,188,1.72838127834188,1.28839148794294,1.55948950405828,
195,175,189,1.72838127834188,1.28839148794294,1.58256676669616,
195,174,189,1.72838127834188,1.26960394016084,1.58256676669616,
196,174,190,1.75395779462807,1.26960394016084,1.60598552573364,
196,173,190,1.75395779462807,1.25109035565386,1.60598552573364,
196,172,190,1.75395779462807,1.23284673944207,1.60598552573364,
196,172,190,1.75395779462807,1.23284673944207,1.60598552573364,
196,171,190,1.75395779462807,1.21486915480104,1.60598552573364,
194,171,189,1.70317772324514,1.21486915480104,1.58256676669616,
192,170,188,1.65386782158783,1.19715372241235,1.55948950405828,
190,169,188,1.60598552573364,1.17969661952645,1.55948950405828,
188,169,188,1.55948950405828,1.17969661952645,1.55948950405828,
186,168,187,1.51433962155852,1.1624940791378,1.53674875806038,
181,167,187,1.40710128242137,1.14554238917198,1.53674875806038,
180,167,187,1.38658268785975,1.14554238917198,1.53674875806038,
180,166,186,1.38658268785975,1.12883789168469,1.51433962155852,
179,165,186,1.36636329899714,1.1123769820724,1.51433962155852,
178,165,185,1.34643875276423,1.1123769820724,1.49225725896563,
178,164,185,1.34643875276423,1.09615610829454,1.49225725896563,
178,164,185,1.34643875276423,1.09615610829454,1.49225725896563,
177,164,185,1.32680474971472,1.09615610829454,1.49225725896563,
177,164,184,1.32680474971472,1.09615610829454,1.47049690520797,
177,163,184,1.32680474971472,1.08017177010701,1.47049690520797,
176,163,184,1.30745705309762,1.08017177010701,1.47049690520797,
175,162,183,1.28839148794294,1.06442051830686,1.44905386469694,
175,162,183,1.28839148794294,1.06442051830686,1.44905386469694,
174,162,182,1.26960394016084,1.06442051830686,1.42792351031584,
173,161,181,1.25109035565386,1.04889895398803,1.40710128242137,
172,160,181,1.23284673944207,1.0336037278079,1.40710128242137,
171,159,180,1.21486915480104,1.01853153926453,1.38658268785975,
170,158,179,1.19715372241235,1.00367913598449,1.36636329899714,
169,158,178,1.17969661952645,1.00367913598449,1.34643875276423,
167,156,177,1.14554238917198,0.974620912162375,1.32680474971472,
165,155,175,1.1123769820724,0.960408821250538,1.28839148794294,
165,153,174,1.1123769820724,0.93260334688322,1.26960394016084,
162,152,173,1.06442051830686,0.919003963384274,1.25109035565386,
161,151,171,1.04889895398803,0.905602888450454,1.21486915480104,
161,149,170,1.04889895398803,0.879384139367131,1.19715372241235,
159,148,169,1.01853153926453,0.866560807567914,1.17969661952645,
158,147,168,1.00367913598449,0.853924467813552,1.1624940791378,
156,145,166,0.974620912162375,0.829201897199822,1.12883789168469,
156,144,165,0.974620912162375,0.81711033154572,1.1123769820724,
155,142,164,0.960408821250538,0.793453593002355,1.09615610829454,
154,141,163,0.94640397350942,0.781883315310433,1.08017177010701,
153,140,162,0.93260334688322,0.770481757411386,1.06442051830686,
152,138,161,0.919003963384274,0.748174995663516,1.04889895398803,
151,137,160,0.905602888450454,0.737264978318678,1.0336037278079,
149,137,159,0.879384139367131,0.737264978318678,1.01853153926453,
147,135,158,0.853924467813552,0.715919899011859,1.00367913598449,
146,133,158,0.841472393353665,0.695192796177561,1.00367913598449,
146,132,157,0.841472393353665,0.685055374440314,0.989043313020995,
145,130,156,0.829201897199822,0.665221852264423,0.974620912162375,
144,129,156,0.81711033154572,0.655521472021251,0.974620912162375,
143,127,155,0.805195087195828,0.636543006721671,0.960408821250538,
141,125,155,0.781883315310433,0.618114000380341,0.960408821250538,
139,124,155,0.75924645900398,0.609100554990796,0.960408821250538,
137,123,154,0.737264978318678,0.600218545222738,0.94640397350942,
135,122,154,0.715919899011859,0.591466054459175,0.94640397350942,
132,121,153,0.685055374440314,0.582841194031556,0.93260334688322,
130,120,153,0.665221852264423,0.57434210281222,0.93260334688322,
128,119,154,0.645962544402555,0.565966946812793,0.94640397350942,
126,119,154,0.627260826370388,0.565966946812793,0.94640397350942,
119,119,154,0.565966946812793,0.565966946812793,0.94640397350942,
112,119,155,0.510662505003065,0.565966946812793,0.960408821250538,
112,119,155,0.510662505003065,0.565966946812793,0.960408821250538,
111,119,155,0.503215935925999,0.565966946812793,0.960408821250538,
110,119,155,0.495877954008704,0.565966946812793,0.960408821250538,
110,119,156,0.495877954008704,0.565966946812793,0.974620912162375,
109,119,156,0.488646975814411,0.565966946812793,0.974620912162375,
109,120,156,0.488646975814411,0.57434210281222,0.974620912162375,
108,121,157,0.481521440996304,0.582841194031556,0.989043313020995,
107,122,158,0.47449981196081,0.591466054459175,1.00367913598449,
107,124,159,0.47449981196081,0.609100554990796,1.01853153926453,
108,126,160,0.481521440996304,0.627260826370388,1.0336037278079,
108,127,161,0.481521440996304,0.636543006721671,1.04889895398803,
109,129,162,0.488646975814411,0.655521472021251,1.06442051830686,
109,131,163,0.488646975814411,0.675065778342292,1.08017177010701,
110,134,164,0.495877954008704,0.705480231071864,1.09615610829454,
111,137,166,0.503215935925999,0.737264978318678,1.12883789168469,
113,139,167,0.518219268108302,0.75924645900398,1.14554238917198,
114,142,169,0.525887855888484,0.793453593002355,1.17969661952645,
116,145,170,0.541567149069085,0.829201897199822,1.19715372241235,
117,147,172,0.549581237847874,0.853924467813552,1.23284673944207,
119,149,173,0.565966946812793,0.879384139367131,1.25109035565386,
121,152,174,0.582841194031556,0.919003963384274,1.26960394016084,
124,155,175,0.609100554990796,0.960408821250538,1.28839148794294,
126,157,176,0.627260826370388,0.989043313020995,1.30745705309762,
128,159,176,0.645962544402555,1.01853153926453,1.30745705309762,
130,161,177,0.665221852264423,1.04889895398803,1.32680474971472,
133,163,179,0.695192796177561,1.08017177010701,1.36636329899714,
135,164,180,0.715919899011859,1.09615610829454,1.38658268785975,
136,166,180,0.726514052736001,1.12883789168469,1.38658268785975,
138,169,181,0.748174995663516,1.17969661952645,1.40710128242137,
140,170,182,0.770481757411386,1.19715372241235,1.42792351031584,
142,172,183,0.793453593002355,1.23284673944207,1.44905386469694,
144,172,183,0.81711033154572,1.23284673944207,1.44905386469694,
146,171,184,0.841472393353665,1.21486915480104,1.47049690520797,
148,171,184,0.866560807567914,1.21486915480104,1.47049690520797,
149,170,185,0.879384139367131,1.19715372241235,1.49225725896563,
151,170,185,0.905602888450454,1.19715372241235,1.49225725896563,
151,170,186,0.905602888450454,1.19715372241235,1.51433962155852,
153,169,186,0.93260334688322,1.17969661952645,1.51433962155852,
154,169,186,0.94640397350942,1.17969661952645,1.51433962155852,
155,169,186,0.960408821250538,1.17969661952645,1.51433962155852,
156,169,186,0.974620912162375,1.17969661952645,1.51433962155852,
156,169,186,0.974620912162375,1.17969661952645,1.51433962155852,
156,169,186,0.974620912162375,1.17969661952645,1.51433962155852,
157,169,186,0.989043313020995,1.17969661952645,1.51433962155852,
157,169,186,0.989043313020995,1.17969661952645,1.51433962155852,
158,169,186,1.00367913598449,1.17969661952645,1.51433962155852,
158,168,186,1.00367913598449,1.1624940791378,1.51433962155852,
159,169,186,1.01853153926453,1.17969661952645,1.51433962155852,
159,169,186,1.01853153926453,1.17969661952645,1.51433962155852,
159,169,186,1.01853153926453,1.17969661952645,1.51433962155852,
160,170,186,1.0336037278079,1.19715372241235,1.51433962155852,
160,170,186,1.0336037278079,1.19715372241235,1.51433962155852,
161,171,187,1.04889895398803,1.21486915480104,1.53674875806038,
161,172,187,1.04889895398803,1.23284673944207,1.53674875806038,
161,172,187,1.04889895398803,1.23284673944207,1.53674875806038,
162,173,188,1.06442051830686,1.25109035565386,1.55948950405828,
163,173,188,1.08017177010701,1.25109035565386,1.55948950405828,
163,175,188,1.08017177010701,1.28839148794294,1.55948950405828,
163,175,189,1.08017177010701,1.28839148794294,1.58256676669616,
164,175,189,1.09615610829454,1.28839148794294,1.58256676669616,
165,176,189,1.1123769820724,1.30745705309762,1.58256676669616,
166,177,190,1.12883789168469,1.32680474971472,1.60598552573364,
166,177,190,1.12883789168469,1.32680474971472,1.60598552573364,
167,178,191,1.14554238917198,1.34643875276423,1.62975083462064,
168,179,191,1.1624940791378,1.36636329899714,1.62975083462064,
169,179,192,1.17969661952645,1.36636329899714,1.65386782158783,
170,180,192,1.19715372241235,1.38658268785975,1.65386782158783,
171,180,193,1.21486915480104,1.38658268785975,1.67834169075322,
173,182,193,1.25109035565386,1.42792351031584,1.67834169075322,
174,181,194,1.26960394016084,1.40710128242137,1.70317772324514,
175,182,194,1.28839148794294,1.42792351031584,1.70317772324514,
179,182,194,1.36636329899714,1.42792351031584,1.70317772324514,
183,183,194,1.44905386469694,1.44905386469694,1.70317772324514,
189,183,194,1.58256676669616,1.44905386469694,1.70317772324514,
190,183,194,1.60598552573364,1.44905386469694,1.70317772324514,
191,184,194,1.62975083462064,1.47049690520797,1.70317772324514,
192,184,194,1.65386782158783,1.47049690520797,1.70317772324514,
193,184,194,1.67834169075322,1.47049690520797,1.70317772324514,
194,185,194,1.70317772324514,1.49225725896563,1.70317772324514,
195,185,194,1.72838127834188,1.49225725896563,1.70317772324514,
200,185,194,1.86010508529213,1.49225725896563,1.70317772324514,
201,186,194,1.88763084514857,1.51433962155852,1.70317772324514,
202,186,195,1.91556393008661,1.51433962155852,1.72838127834188,
203,186,195,1.94391036768636,1.51433962155852,1.72838127834188,
204,186,195,1.97267627472379,1.51433962155852,1.72838127834188,
205,187,196,2.00186785849069,1.53674875806038,1.75395779462807,
206,187,196,2.03149141813408,1.53674875806038,1.75395779462807,
207,187,196,2.06155334601552,1.53674875806038,1.75395779462807,
208,188,197,2.09206012909049,1.55948950405828,1.77991279116831,
208,188,197,2.09206012909049,1.55948950405828,1.77991279116831,
209,189,198,2.12301835030815,1.58256676669616,1.80625186869812,
210,189,198,2.15443469003188,1.58256676669616,1.80625186869812,
210,190,199,2.15443469003188,1.60598552573364,1.83298071083244,
210,191,199,2.15443469003188,1.62975083462064,1.83298071083244,
210,191,199,2.15443469003188,1.62975083462064,1.83298071083244,
210,191,200,2.15443469003188,1.62975083462064,1.86010508529213,
209,192,200,2.12301835030815,1.65386782158783,1.86010508529213,
209,192,201,2.12301835030815,1.65386782158783,1.88763084514857,
209,192,201,2.12301835030815,1.65386782158783,1.88763084514857,
209,192,201,2.12301835030815,1.65386782158783,1.88763084514857,
209,193,202,2.12301835030815,1.67834169075322,1.91556393008661,
209,193,202,2.12301835030815,1.67834169075322,1.91556393008661,
209,194,203,2.12301835030815,1.70317772324514,1.94391036768636,
209,194,203,2.12301835030815,1.70317772324514,1.94391036768636,
210,194,203,2.15443469003188,1.70317772324514,1.94391036768636,
210,195,204,2.15443469003188,1.72838127834188,1.97267627472379,
210,195,204,2.15443469003188,1.72838127834188,1.97267627472379,
209,196,205,2.12301835030815,1.75395779462807,2.00186785849069,
208,196,205,2.09206012909049,1.75395779462807,2.00186785849069,
207,197,206,2.06155334601552,1.77991279116831,2.03149141813408,
206,197,206,2.03149141813408,1.77991279116831,2.03149141813408,
205,198,207,2.00186785849069,1.80625186869812,2.06155334601552,
204,198,207,1.97267627472379,1.80625186869812,2.06155334601552,
203,198,207,1.94391036768636,1.80625186869812,2.06155334601552,
202,199,208,1.91556393008661,1.83298071083244,2.09206012909049,
201,199,208,1.88763084514857,1.83298071083244,2.09206012909049,
194,200,208,1.70317772324514,1.86010508529213,2.09206012909049,
193,200,209,1.67834169075322,1.86010508529213,2.12301835030815,
193,201,209,1.67834169075322,1.88763084514857,2.12301835030815,
193,201,209,1.67834169075322,1.88763084514857,2.12301835030815,
192,202,210,1.65386782158783,1.91556393008661,2.15443469003188,
191,202,210,1.62975083462064,1.91556393008661,2.15443469003188,
191,203,210,1.62975083462064,1.94391036768636,2.15443469003188,
189,204,211,1.58256676669616,1.97267627472379,2.18631592748083,
188,204,211,1.55948950405828,1.97267627472379,2.18631592748083,
188,204,212,1.55948950405828,1.97267627472379,2.21866894219273,
188,205,213,1.55948950405828,2.00186785849069,2.25150071550844,
189,205,213,1.58256676669616,2.00186785849069,2.25150071550844,
190,206,214,1.60598552573364,2.03149141813408,2.28481833207845,
191,208,216,1.62975083462064,2.09206012909049,2.35293995932641,
192,209,217,1.65386782158783,2.12301835030815,2.3877586697257,
193,209,217,1.67834169075322,2.12301835030815,2.3877586697257,
193,210,218,1.67834169075322,2.15443469003188,2.42309262599391,
194,211,218,1.70317772324514,2.18631592748083,2.42309262599391,
195,212,219,1.72838127834188,2.21866894219273,2.45894945271858,
196,213,219,1.75395779462807,2.25150071550844,2.45894945271858,
197,213,219,1.77991279116831,2.25150071550844,2.45894945271858,
197,214,219,1.77991279116831,2.28481833207845,2.45894945271858,
198,214,219,1.80625186869812,2.28481833207845,2.45894945271858,
199,214,219,1.83298071083244,2.28481833207845,2.45894945271858,
199,214,219,1.83298071083244,2.28481833207845,2.45894945271858,
200,214,219,1.86010508529213,2.28481833207845,2.45894945271858,
200,214,219,1.86010508529213,2.28481833207845,2.45894945271858,
201,214,219,1.88763084514857,2.28481833207845,2.45894945271858,
202,214,219,1.91556393008661,2.28481833207845,2.45894945271858,
202,214,219,1.91556393008661,2.28481833207845,2.45894945271858,
202,214,220,1.91556393008661,2.28481833207845,2.4953368873156,
202,214,220,1.91556393008661,2.28481833207845,2.4953368873156,
202,214,220,1.91556393008661,2.28481833207845,2.4953368873156,
201,214,221,1.88763084514857,2.28481833207845,2.53226278169879,
201,214,221,1.88763084514857,2.28481833207845,2.53226278169879,
201,214,221,1.88763084514857,2.28481833207845,2.53226278169879,
200,214,222,1.86010508529213,2.28481833207845,2.56973510397433,
200,214,222,1.86010508529213,2.28481833207845,2.56973510397433,
200,214,222,1.86010508529213,2.28481833207845,2.56973510397433,
199,214,223,1.83298071083244,2.28481833207845,2.60776194016006,
199,214,223,1.83298071083244,2.28481833207845,2.60776194016006,
199,214,223,1.83298071083244,2.28481833207845,2.60776194016006,
198,214,223,1.80625186869812,2.28481833207845,2.60776194016006,
197,214,223,1.77991279116831,2.28481833207845,2.60776194016006,
197,214,224,1.77991279116831,2.28481833207845,2.64635149593041,
196,229,224,1.75395779462807,2.8480358684358,2.64635149593041,
195,229,224,1.72838127834188,2.8480358684358,2.64635149593041,
194,229,224,1.70317772324514,2.8480358684358,2.64635149593041,
193,229,224,1.67834169075322,2.8480358684358,2.64635149593041,
192,230,224,1.65386782158783,2.89018098808358,2.64635149593041,
193,230,224,1.67834169075322,2.89018098808358,2.64635149593041,
194,230,224,1.70317772324514,2.89018098808358,2.64635149593041,
195,230,224,1.72838127834188,2.89018098808358,2.64635149593041,
197,230,224,1.77991279116831,2.89018098808358,2.64635149593041,
199,230,224,1.83298071083244,2.89018098808358,2.64635149593041,
201,230,224,1.88763084514857,2.89018098808358,2.64635149593041,
203,230,224,1.94391036768636,2.89018098808358,2.64635149593041,
206,230,224,2.03149141813408,2.89018098808358,2.64635149593041,
208,230,224,2.09206012909049,2.89018098808358,2.64635149593041,
210,230,223,2.15443469003188,2.89018098808358,2.60776194016006,
211,230,223,2.18631592748083,2.89018098808358,2.60776194016006,
212,230,223,2.21866894219273,2.89018098808358,2.60776194016006,
213,230,223,2.25150071550844,2.89018098808358,2.60776194016006,
215,230,223,2.31862898139157,2.89018098808358,2.60776194016006,
216,230,223,2.35293995932641,2.89018098808358,2.60776194016006,
217,230,223,2.3877586697257,2.89018098808358,2.60776194016006,
217,230,223,2.3877586697257,2.89018098808358,2.60776194016006,
217,230,223,2.3877586697257,2.89018098808358,2.60776194016006,
217,230,223,2.3877586697257,2.89018098808358,2.60776194016006,
217,230,223,2.3877586697257,2.89018098808358,2.60776194016006,
217,230,223,2.3877586697257,2.89018098808358,2.60776194016006,
217,230,223,2.3877586697257,2.89018098808358,2.60776194016006,
217,230,223,2.3877586697257,2.89018098808358,2.60776194016006,
217,230,223,2.3877586697257,2.89018098808358,2.60776194016006,
217,230,223,2.3877586697257,2.89018098808358,2.60776194016006,
217,230,223,2.3877586697257,2.89018098808358,2.60776194016006,
217,231,223,2.3877586697257,2.93294976950816,2.60776194016006,
217,231,223,2.3877586697257,2.93294976950816,2.60776194016006,
217,231,223,2.3877586697257,2.93294976950816,2.60776194016006,
217,231,223,2.3877586697257,2.93294976950816,2.60776194016006,
217,231,223,2.3877586697257,2.93294976950816,2.60776194016006,
217,231,223,2.3877586697257,2.93294976950816,2.60776194016006,
217,232,223,2.3877586697257,2.97635144163132,2.60776194016006,
216,232,223,2.35293995932641,2.97635144163132,2.60776194016006,
216,232,223,2.35293995932641,2.97635144163132,2.60776194016006,
215,232,223,2.31862898139157,2.97635144163132,2.60776194016006,
214,232,223,2.28481833207845,2.97635144163132,2.60776194016006,
213,232,223,2.25150071550844,2.97635144163132,2.60776194016006,
213,232,223,2.25150071550844,2.97635144163132,2.60776194016006,
212,232,223,2.21866894219273,2.97635144163132,2.60776194016006,
211,232,224,2.18631592748083,2.97635144163132,2.64635149593041,
210,232,223,2.15443469003188,2.97635144163132,2.60776194016006,
208,232,224,2.09206012909049,2.97635144163132,2.64635149593041,
208,232,223,2.09206012909049,2.97635144163132,2.60776194016006,
207,231,222,2.06155334601552,2.93294976950816,2.56973510397433,
206,231,222,2.03149141813408,2.93294976950816,2.56973510397433,
205,230,221,2.00186785849069,2.89018098808358,2.53226278169879,
205,230,220,2.00186785849069,2.89018098808358,2.4953368873156,
205,229,220,2.00186785849069,2.8480358684358,2.4953368873156,
205,228,219,2.00186785849069,2.80650531622081,2.45894945271858,
204,228,219,1.97267627472379,2.80650531622081,2.45894945271858,
204,227,218,1.97267627472379,2.76558036970987,2.42309262599391,
204,226,217,1.97267627472379,2.72525219785575,2.3877586697257,
203,226,216,1.94391036768636,2.72525219785575,2.35293995932641,
203,225,216,1.94391036768636,2.68551209838704,2.35293995932641,
204,224,215,1.97267627472379,2.64635149593041,2.31862898139157,
203,224,214,1.94391036768636,2.64635149593041,2.28481833207845,
203,223,213,1.94391036768636,2.60776194016006,2.25150071550844,
203,222,212,1.94391036768636,2.56973510397433,2.21866894219273,
203,221,210,1.94391036768636,2.53226278169879,2.15443469003188,
204,221,210,1.97267627472379,2.53226278169879,2.15443469003188,
205,220,209,2.00186785849069,2.4953368873156,2.12301835030815,
206,220,209,2.03149141813408,2.4953368873156,2.12301835030815,
207,219,208,2.06155334601552,2.45894945271858,2.09206012909049,
208,219,207,2.09206012909049,2.45894945271858,2.06155334601552,
213,219,207,2.25150071550844,2.45894945271858,2.06155334601552,
213,218,206,2.25150071550844,2.42309262599391,2.03149141813408,
212,218,206,2.21866894219273,2.42309262599391,2.03149141813408,
212,218,206,2.21866894219273,2.42309262599391,2.03149141813408,
211,217,205,2.18631592748083,2.3877586697257,2.00186785849069,
211,217,205,2.18631592748083,2.3877586697257,2.00186785849069,
210,217,204,2.15443469003188,2.3877586697257,1.97267627472379,
210,216,204,2.15443469003188,2.35293995932641,1.97267627472379,
210,216,204,2.15443469003188,2.35293995932641,1.97267627472379,
209,216,203,2.12301835030815,2.35293995932641,1.94391036768636,
209,216,203,2.12301835030815,2.35293995932641,1.94391036768636,
209,216,203,2.12301835030815,2.35293995932641,1.94391036768636,
209,215,203,2.12301835030815,2.31862898139157,1.94391036768636,
209,215,203,2.12301835030815,2.31862898139157,1.94391036768636,
209,215,203,2.12301835030815,2.31862898139157,1.94391036768636,
209,215,203,2.12301835030815,2.31862898139157,1.94391036768636,
209,215,203,2.12301835030815,2.31862898139157,1.94391036768636,
209,215,202,2.12301835030815,2.31862898139157,1.91556393008661,
209,215,202,2.12301835030815,2.31862898139157,1.91556393008661,
209,215,202,2.12301835030815,2.31862898139157,1.91556393008661,
209,215,202,2.12301835030815,2.31862898139157,1.91556393008661,
209,215,203,2.12301835030815,2.31862898139157,1.94391036768636,
209,215,203,2.12301835030815,2.31862898139157,1.94391036768636,
209,216,203,2.12301835030815,2.35293995932641,1.94391036768636,
209,216,203,2.12301835030815,2.35293995932641,1.94391036768636,
209,216,203,2.12301835030815,2.35293995932641,1.94391036768636,
209,216,203,2.12301835030815,2.35293995932641,1.94391036768636,
210,217,203,2.15443469003188,2.3877586697257,1.94391036768636,
210,217,203,2.15443469003188,2.3877586697257,1.94391036768636,
210,218,203,2.15443469003188,2.42309262599391,1.94391036768636,
210,218,203,2.15443469003188,2.42309262599391,1.94391036768636,
210,219,202,2.15443469003188,2.45894945271858,1.91556393008661,
210,219,202,2.15443469003188,2.45894945271858,1.91556393008661,
211,219,202,2.18631592748083,2.45894945271858,1.91556393008661,
211,219,202,2.18631592748083,2.45894945271858,1.91556393008661,
212,219,202,2.21866894219273,2.45894945271858,1.91556393008661,
212,219,202,2.21866894219273,2.45894945271858,1.91556393008661,
212,219,202,2.21866894219273,2.45894945271858,1.91556393008661,
213,219,202,2.25150071550844,2.45894945271858,1.91556393008661,
213,219,202,2.25150071550844,2.45894945271858,1.91556393008661,
213,219,202,2.25150071550844,2.45894945271858,1.91556393008661,
214,219,202,2.28481833207845,2.45894945271858,1.91556393008661,
215,219,202,2.31862898139157,2.45894945271858,1.91556393008661,
216,220,202,2.35293995932641,2.4953368873156,1.91556393008661,
217,220,202,2.3877586697257,2.4953368873156,1.91556393008661,
218,219,202,2.42309262599391,2.45894945271858,1.91556393008661,
219,220,202,2.45894945271858,2.4953368873156,1.91556393008661,
220,220,202,2.4953368873156,2.4953368873156,1.91556393008661,
221,220,202,2.53226278169879,2.4953368873156,1.91556393008661,
222,220,202,2.56973510397433,2.4953368873156,1.91556393008661,
223,220,202,2.60776194016006,2.4953368873156,1.91556393008661,
226,220,202,2.72525219785575,2.4953368873156,1.91556393008661,
226,220,202,2.72525219785575,2.4953368873156,1.91556393008661,
226,220,202,2.72525219785575,2.4953368873156,1.91556393008661,
226,220,202,2.72525219785575,2.4953368873156,1.91556393008661,
226,220,202,2.72525219785575,2.4953368873156,1.91556393008661,
227,220,202,2.76558036970987,2.4953368873156,1.91556393008661,
227,220,201,2.76558036970987,2.4953368873156,1.88763084514857,
227,220,201,2.76558036970987,2.4953368873156,1.88763084514857,
227,220,200,2.76558036970987,2.4953368873156,1.86010508529213,
227,220,200,2.76558036970987,2.4953368873156,1.86010508529213,
227,220,200,2.76558036970987,2.4953368873156,1.86010508529213,
228,220,199,2.80650531622081,2.4953368873156,1.83298071083244,
228,220,199,2.80650531622081,2.4953368873156,1.83298071083244,
228,220,199,2.80650531622081,2.4953368873156,1.83298071083244,
228,220,199,2.80650531622081,2.4953368873156,1.83298071083244,
228,220,199,2.80650531622081,2.4953368873156,1.83298071083244,
228,220,200,2.80650531622081,2.4953368873156,1.86010508529213,
228,220,200,2.80650531622081,2.4953368873156,1.86010508529213,
227,220,200,2.76558036970987,2.4953368873156,1.86010508529213,
227,220,201,2.76558036970987,2.4953368873156,1.88763084514857,
227,220,201,2.76558036970987,2.4953368873156,1.88763084514857,
227,220,202,2.76558036970987,2.4953368873156,1.91556393008661,
226,220,202,2.72525219785575,2.4953368873156,1.91556393008661,
226,220,202,2.72525219785575,2.4953368873156,1.91556393008661,
227,220,202,2.76558036970987,2.4953368873156,1.91556393008661,
227,221,202,2.76558036970987,2.53226278169879,1.91556393008661,
228,221,202,2.80650531622081,2.53226278169879,1.91556393008661,
228,221,202,2.80650531622081,2.53226278169879,1.91556393008661,
229,221,202,2.8480358684358,2.53226278169879,1.91556393008661,
229,222,202,2.8480358684358,2.56973510397433,1.91556393008661,
230,222,202,2.89018098808358,2.56973510397433,1.91556393008661,
230,222,202,2.89018098808358,2.56973510397433,1.91556393008661,
231,223,202,2.93294976950816,2.60776194016006,1.91556393008661,
231,223,202,2.93294976950816,2.60776194016006,1.91556393008661,
232,223,202,2.97635144163132,2.60776194016006,1.91556393008661,
233,224,202,3.02039536994402,2.64635149593041,1.91556393008661,
234,224,202,3.06509105852739,2.64635149593041,1.91556393008661,
234,224,202,3.06509105852739,2.64635149593041,1.91556393008661,
235,225,202,3.11044815210357,2.68551209838704,1.91556393008661,
236,225,202,3.15647643811691,2.68551209838704,1.91556393008661,
237,226,202,3.20318584884595,2.72525219785575,1.91556393008661,
238,227,202,3.25058646354671,2.76558036970987,1.91556393008661,
239,228,202,3.29868851062763,2.80650531622081,1.91556393008661,
239,227,202,3.29868851062763,2.76558036970987,1.91556393008661,
240,228,202,3.34750236985669,2.80650531622081,1.91556393008661,
241,228,202,3.39703857460129,2.80650531622081,1.91556393008661,
242,228,202,3.44730781410119,2.80650531622081,1.91556393008661,
243,228,202,3.49832093577504,2.80650531622081,1.91556393008661,
243,228,202,3.49832093577504,2.80650531622081,1.91556393008661,
244,228,202,3.55008894756119,2.80650531622081,1.91556393008661,
245,228,202,3.602623020293,2.80650531622081,1.91556393008661,
245,228,202,3.602623020293,2.80650531622081,1.91556393008661,
246,228,202,3.65593449010938,2.80650531622081,1.91556393008661,
247,228,202,3.71003486090095,2.80650531622081,1.91556393008661,
247,228,202,3.71003486090095,2.80650531622081,1.91556393008661,
248,228,202,3.76493580679247,2.80650531622081,1.91556393008661,
248,228,202,3.76493580679247,2.80650531622081,1.91556393008661,
249,228,202,3.82064917466189,2.80650531622081,1.91556393008661,
249,228,202,3.82064917466189,2.80650531622081,1.91556393008661,
249,228,202,3.82064917466189,2.80650531622081,1.91556393008661,
250,228,202,3.8771869866968,2.80650531622081,1.91556393008661,
250,228,202,3.8771869866968,2.80650531622081,1.91556393008661,
251,228,202,3.93456144298863,2.80650531622081,1.91556393008661,
251,228,202,3.93456144298863,2.80650531622081,1.91556393008661,
251,228,202,3.93456144298863,2.80650531622081,1.91556393008661,
252,228,202,3.99278492416527,2.80650531622081,1.91556393008661,
252,228,202,3.99278492416527,2.80650531622081,1.91556393008661,
252,228,202,3.99278492416527,2.80650531622081,1.91556393008661,
253,228,202,4.05186999406265,2.80650531622081,1.91556393008661,
253,228,202,4.05186999406265,2.80650531622081,1.91556393008661,
255,228,202,4.17267608771023,2.80650531622081,1.91556393008661,
255,229,202,4.17267608771023,2.8480358684358,1.91556393008661,
256,229,202,4.23442317977355,2.8480358684358,1.91556393008661,
257,230,202,4.29708400280907,2.89018098808358,1.91556393008661,
258,230,202,4.36067207817078,2.89018098808358,1.91556393008661,
259,231,202,4.4252011273011,2.93294976950816,1.91556393008661,
260,231,202,4.49068507469184,2.93294976950816,1.91556393008661,
261,232,202,4.55713805088884,2.97635144163132,1.91556393008661,
262,232,202,4.62457439554121,2.97635144163132,1.91556393008661,
263,232,202,4.69300866049559,2.97635144163132,1.91556393008661,
264,232,202,4.76245561293628,2.97635144163132,1.91556393008661,
265,232,202,4.83293023857175,2.97635144163132,1.91556393008661,
266,232,202,4.90444774486841,2.97635144163132,1.91556393008661,
267,232,202,4.97702356433211,2.97635144163132,1.91556393008661,
268,232,202,5.05067335783832,2.97635144163132,1.91556393008661,
269,232,202,5.1254130180115,2.97635144163132,1.91556393008661,
270,232,202,5.20125867265454,2.97635144163132,1.91556393008661,
271,232,202,5.27822668822889,2.97635144163132,1.91556393008661,
272,232,202,5.35633367338623,2.97635144163132,1.91556393008661,
273,232,202,5.43559648255241,2.97635144163132,1.91556393008661,
273,232,202,5.43559648255241,2.97635144163132,1.91556393008661,
274,232,202,5.51603221956439,2.97635144163132,1.91556393008661,
275,232,202,5.59765824136102,2.97635144163132,1.91556393008661,
276,232,202,5.68049216172843,2.97635144163132,1.91556393008661,
276,232,202,5.68049216172843,2.97635144163132,1.91556393008661,
277,232,202,5.76455185510082,2.97635144163132,1.91556393008661,
277,232,202,5.76455185510082,2.97635144163132,1.91556393008661,
278,232,202,5.84985546041759,2.97635144163132,1.91556393008661,
278,232,202,5.84985546041759,2.97635144163132,1.91556393008661,
278,232,202,5.84985546041759,2.97635144163132,1.91556393008661,
278,232,202,5.84985546041759,2.97635144163132,1.91556393008661,
278,232,202,5.84985546041759,2.97635144163132,1.91556393008661,
278,232,202,5.84985546041759,2.97635144163132,1.91556393008661,
278,232,202,5.84985546041759,2.97635144163132,1.91556393008661,
278,232,202,5.84985546041759,2.97635144163132,1.91556393008661,
278,232,202,5.84985546041759,2.97635144163132,1.91556393008661,
278,232,202,5.84985546041759,2.97635144163132,1.91556393008661,
278,232,202,5.84985546041759,2.97635144163132,1.91556393008661,
278,232,202,5.84985546041759,2.97635144163132,1.91556393008661,
278,232,202,5.84985546041759,2.97635144163132,1.91556393008661,
278,232,202,5.84985546041759,2.97635144163132,1.91556393008661,
277,232,202,5.76455185510082,2.97635144163132,1.91556393008661,
277,232,202,5.76455185510082,2.97635144163132,1.91556393008661,
276,232,202,5.68049216172843,2.97635144163132,1.91556393008661,
275,232,202,5.59765824136102,2.97635144163132,1.91556393008661,
274,232,202,5.51603221956439,2.97635144163132,1.91556393008661,
273,232,202,5.43559648255241,2.97635144163132,1.91556393008661,
272,232,202,5.35633367338623,2.97635144163132,1.91556393008661,
271,232,202,5.27822668822889,2.97635144163132,1.91556393008661,
270,232,202,5.20125867265454,2.97635144163132,1.91556393008661,
271,232,202,5.27822668822889,2.97635144163132,1.91556393008661,
272,232,202,5.35633367338623,2.97635144163132,1.91556393008661,
272,232,202,5.35633367338623,2.97635144163132,1.91556393008661,
273,232,202,5.43559648255241,2.97635144163132,1.91556393008661,
274,232,202,5.51603221956439,2.97635144163132,1.91556393008661,
276,232,202,5.68049216172843,2.97635144163132,1.91556393008661,
277,232,202,5.76455185510082,2.97635144163132,1.91556393008661,
278,232,202,5.84985546041759,2.97635144163132,1.91556393008661,
279,232,202,5.93642138503738,2.97635144163132,1.91556393008661,
280,232,202,6.02426830871023,2.97635144163132,1.91556393008661,
281,232,202,6.11341518760833,2.97635144163132,1.91556393008661,
283,232,202,6.29568604248347,2.97635144163132,1.91556393008661,
284,232,203,6.38884935003374,2.97635144163132,1.94391036768636,
286,233,203,6.57933224657568,3.02039536994402,1.94391036768636,
287,233,204,6.67669293918756,3.02039536994402,1.97267627472379,
289,234,204,6.87575786319784,3.06509105852739,1.97267627472379,
291,234,205,7.08075788776345,3.06509105852739,2.00186785849069,
293,235,205,7.29186996730657,3.11044815210357,2.00186785849069,
295,235,206,7.50927633212755,3.11044815210357,2.03149141813408,
297,236,206,7.73316464570469,3.15647643811691,2.03149141813408,
299,236,207,7.96372816668391,3.15647643811691,2.06155334601552,
301,237,207,8.20116591569806,3.20318584884595,2.06155334601552,
304,237,207,8.57066172051119,3.20318584884595,2.06155334601552,
306,237,207,8.82619513198464,3.20318584884595,2.06155334601552,
307,238,207,8.9568048107442,3.25058646354671,2.06155334601552,
309,238,207,9.22385103935848,3.25058646354671,2.06155334601552,
311,238,207,9.49885922424221,3.25058646354671,2.06155334601552,
313,239,207,9.78206675031545,3.29868851062763,2.06155334601552,
315,239,207,10.0737180801057,3.29868851062763,2.06155334601552,
317,239,207,10.3740649647658,3.29868851062763,2.06155334601552,
320,240,207,10.8414586893583,3.34750236985669,2.06155334601552,
322,240,207,11.1646956825546,3.34750236985669,2.06155334601552,
324,240,207,11.4975699539774,3.34750236985669,2.06155334601552,
326,240,206,11.8403688381012,3.34750236985669,2.03149141813408,
330,240,206,12.5569328720119,3.34750236985669,2.03149141813408,
332,240,205,12.9313165542834,3.34750236985669,2.00186785849069,
334,240,205,13.3168624481379,3.34750236985669,2.00186785849069,
337,240,205,13.9168411412213,3.34750236985669,2.00186785849069,
340,240,204,14.5438513091401,3.34750236985669,1.97267627472379,
341,240,204,14.7590706328699,3.34750236985669,1.97267627472379,
343,240,203,15.1991108295293,3.34750236985669,1.94391036768636,
345,240,203,15.6522707801009,3.34750236985669,1.94391036768636,
346,240,202,15.8838924503536,3.34750236985669,1.91556393008661,
346,240,202,15.8838924503536,3.34750236985669,1.91556393008661,
345,240,202,15.6522707801009,3.34750236985669,1.91556393008661,
344,240,202,15.4240266571527,3.34750236985669,1.91556393008661,
343,240,202,15.1991108295293,3.34750236985669,1.91556393008661,
341,240,202,14.7590706328699,3.34750236985669,1.91556393008661,
340,240,202,14.5438513091401,3.34750236985669,1.91556393008661,
339,240,202,14.3317703508574,3.34750236985669,1.91556393008661,
337,240,202,13.9168411412213,3.34750236985669,1.91556393008661,
336,240,202,13.7139033537837,3.34750236985669,1.91556393008661,
335,240,202,13.5139248403043,3.34750236985669,1.91556393008661,
334,240,202,13.3168624481379,3.34750236985669,1.91556393008661,
333,240,202,13.1226736538984,3.34750236985669,1.91556393008661,
333,240,202,13.1226736538984,3.34750236985669,1.91556393008661,
332,240,202,12.9313165542834,3.34750236985669,1.91556393008661,
332,239,202,12.9313165542834,3.29868851062763,1.91556393008661,
332,239,202,12.9313165542834,3.29868851062763,1.91556393008661,
332,239,202,12.9313165542834,3.29868851062763,1.91556393008661,
332,238,202,12.9313165542834,3.25058646354671,1.91556393008661,
332,238,202,12.9313165542834,3.25058646354671,1.91556393008661,
332,238,202,12.9313165542834,3.25058646354671,1.91556393008661,
332,237,202,12.9313165542834,3.20318584884595,1.91556393008661,
332,237,202,12.9313165542834,3.20318584884595,1.91556393008661,
332,237,202,12.9313165542834,3.20318584884595,1.91556393008661,
332,236,202,12.9313165542834,3.15647643811691,1.91556393008661,
331,236,202,12.7427498570313,3.15647643811691,1.91556393008661,
331,236,202,12.7427498570313,3.15647643811691,1.91556393008661,
330,236,202,12.5569328720119,3.15647643811691,1.91556393008661,
329,236,202,12.373825502445,3.15647643811691,1.91556393008661,
328,236,202,12.1933882362491,3.15647643811691,1.91556393008661,
327,236,202,12.0155821375144,3.15647643811691,1.91556393008661,
326,236,202,11.8403688381012,3.15647643811691,1.91556393008661,
325,236,202,11.667710529361,3.15647643811691,1.91556393008661,
324,236,202,11.4975699539774,3.15647643811691,1.91556393008661,
323,236,202,11.3299103979264,3.15647643811691,1.91556393008661,
322,236,202,11.1646956825546,3.15647643811691,1.91556393008661,
322,236,202,11.1646956825546,3.15647643811691,1.91556393008661,
321,236,202,11.0018901567718,3.15647643811691,1.91556393008661,
320,236,202,10.8414586893583,3.15647643811691,1.91556393008661,
319,236,202,10.6833666613839,3.15647643811691,1.91556393008661,
319,236,202,10.6833666613839,3.15647643811691,1.91556393008661,
318,236,202,10.5275799587374,3.15647643811691,1.91556393008661,
317,236,202,10.3740649647658,3.15647643811691,1.91556393008661,
317,236,202,10.3740649647658,3.15647643811691,1.91556393008661,
316,236,202,10.2227885530198,3.15647643811691,1.91556393008661,
314,236,202,9.92682137864147,3.15647643811691,1.91556393008661,
314,236,202,9.92682137864147,3.15647643811691,1.91556393008661,
312,236,202,9.6394229590462,3.15647643811691,1.91556393008661,
311,236,202,9.49885922424221,3.15647643811691,1.91556393008661,
310,236,202,9.36034521415991,3.15647643811691,1.91556393008661,
308,236,202,9.08934724625008,3.15647643811691,1.91556393008661,
308,236,202,9.08934724625008,3.15647643811691,1.91556393008661,
307,236,202,8.9568048107442,3.15647643811691,1.91556393008661,
307,236,202,8.9568048107442,3.15647643811691,1.91556393008661,
307,236,202,8.9568048107442,3.15647643811691,1.91556393008661,
307,236,202,8.9568048107442,3.15647643811691,1.91556393008661,
308,236,202,9.08934724625008,3.15647643811691,1.91556393008661,
310,236,202,9.36034521415991,3.15647643811691,1.91556393008661,
312,236,202,9.6394229590462,3.15647643811691,1.91556393008661,
314,236,202,9.92682137864147,3.15647643811691,1.91556393008661,
316,236,202,10.2227885530198,3.15647643811691,1.91556393008661,
318,236,202,10.5275799587374,3.15647643811691,1.91556393008661,
320,236,202,10.8414586893583,3.15647643811691,1.91556393008661,
322,236,202,11.1646956825546,3.15647643811691,1.91556393008661,
323,236,202,11.3299103979264,3.15647643811691,1.91556393008661,
327,236,202,12.0155821375144,3.15647643811691,1.91556393008661,
329,237,202,12.373825502445,3.20318584884595,1.91556393008661,
331,237,202,12.7427498570313,3.20318584884595,1.91556393008661,
334,237,202,13.3168624481379,3.20318584884595,1.91556393008661,
336,238,202,13.7139033537837,3.25058646354671,1.91556393008661,
338,238,202,14.1227819938335,3.25058646354671,1.91556393008661,
341,239,202,14.7590706328699,3.29868851062763,1.91556393008661,
342,239,202,14.977474763452,3.29868851062763,1.91556393008661,
344,239,202,15.4240266571527,3.29868851062763,1.91556393008661,
345,240,202,15.6522707801009,3.34750236985669,1.91556393008661,
346,240,203,15.8838924503536,3.34750236985669,1.94391036768636,
348,240,203,16.3574690956204,3.34750236985669,1.94391036768636,
349,240,203,16.5995262620382,3.34750236985669,1.94391036768636,
350,240,204,16.8451653806193,3.34750236985669,1.97267627472379,
351,240,204,17.0944394569471,3.34750236985669,1.97267627472379,
351,240,204,17.0944394569471,3.34750236985669,1.97267627472379,
351,240,205,17.0944394569471,3.34750236985669,2.00186785849069,
352,240,205,17.3474022809794,3.34750236985669,2.00186785849069,
352,240,205,17.3474022809794,3.34750236985669,2.00186785849069,
352,240,206,17.3474022809794,3.34750236985669,2.03149141813408,
353,240,206,17.6041084386555,3.34750236985669,2.03149141813408,
353,240,206,17.6041084386555,3.34750236985669,2.03149141813408,
352,240,207,17.3474022809794,3.34750236985669,2.06155334601552,
351,240,207,17.0944394569471,3.34750236985669,2.06155334601552,
350,240,207,16.8451653806193,3.34750236985669,2.06155334601552,
349,240,207,16.5995262620382,3.34750236985669,2.06155334601552,
347,240,207,16.1189416487193,3.34750236985669,2.06155334601552,
346,240,207,15.8838924503536,3.34750236985669,2.06155334601552,
344,240,207,15.4240266571527,3.34750236985669,2.06155334601552,
344,240,207,15.4240266571527,3.34750236985669,2.06155334601552,
343,240,207,15.1991108295293,3.34750236985669,2.06155334601552,
342,240,206,14.977474763452,3.34750236985669,2.03149141813408,
342,240,206,14.977474763452,3.34750236985669,2.03149141813408,
341,240,206,14.7590706328699,3.34750236985669,2.03149141813408,
342,240,206,14.977474763452,3.34750236985669,2.03149141813408,
342,240,205,14.977474763452,3.34750236985669,2.00186785849069,
342,240,205,14.977474763452,3.34750236985669,2.00186785849069,
343,240,205,15.1991108295293,3.34750236985669,2.00186785849069,
343,240,204,15.1991108295293,3.34750236985669,1.97267627472379,
344,240,204,15.4240266571527,3.34750236985669,1.97267627472379,
344,240,204,15.4240266571527,3.34750236985669,1.97267627472379,
344,240,203,15.4240266571527,3.34750236985669,1.94391036768636,
345,240,203,15.6522707801009,3.34750236985669,1.94391036768636,
345,240,203,15.6522707801009,3.34750236985669,1.94391036768636,
346,240,202,15.8838924503536,3.34750236985669,1.91556393008661,
346,240,202,15.8838924503536,3.34750236985669,1.91556393008661,
347,240,202,16.1189416487193,3.34750236985669,1.91556393008661,
347,240,202,16.1189416487193,3.34750236985669,1.91556393008661,
348,240,202,16.3574690956204,3.34750236985669,1.91556393008661,
349,240,202,16.5995262620382,3.34750236985669,1.91556393008661,
349,240,202,16.5995262620382,3.34750236985669,1.91556393008661,
350,240,202,16.8451653806193,3.34750236985669,1.91556393008661,
351,240,202,17.0944394569471,3.34750236985669,1.91556393008661,
351,240,202,17.0944394569471,3.34750236985669,1.91556393008661,
352,240,202,17.3474022809794,3.34750236985669,1.91556393008661,
351,240,202,17.0944394569471,3.34750236985669,1.91556393008661,
349,239,202,16.5995262620382,3.29868851062763,1.91556393008661,
348,239,201,16.3574690956204,3.29868851062763,1.88763084514857,
346,238,201,15.8838924503536,3.25058646354671,1.88763084514857,
345,237,200,15.6522707801009,3.20318584884595,1.86010508529213,
342,236,199,14.977474763452,3.15647643811691,1.83298071083244,
340,235,198,14.5438513091401,3.11044815210357,1.80625186869812,
337,234,197,13.9168411412213,3.06509105852739,1.77991279116831,
334,234,196,13.3168624481379,3.06509105852739,1.75395779462807,
332,233,195,12.9313165542834,3.02039536994402,1.72838127834188,
329,232,195,12.373825502445,2.97635144163132,1.72838127834188,
326,232,194,11.8403688381012,2.97635144163132,1.70317772324514,
324,231,194,11.4975699539774,2.93294976950816,1.70317772324514,
322,231,194,11.1646956825546,2.93294976950816,1.70317772324514,
319,231,194,10.6833666613839,2.93294976950816,1.70317772324514,
316,230,194,10.2227885530198,2.89018098808358,1.70317772324514,
314,230,194,9.92682137864147,2.89018098808358,1.70317772324514,
311,230,194,9.49885922424221,2.89018098808358,1.70317772324514,
308,229,194,9.08934724625008,2.8480358684358,1.70317772324514,
307,229,194,8.9568048107442,2.8480358684358,1.70317772324514,
305,229,194,8.69749002617784,2.8480358684358,1.70317772324514,
305,228,194,8.69749002617784,2.80650531622081,1.70317772324514,
305,229,194,8.69749002617784,2.8480358684358,1.70317772324514,
305,229,194,8.69749002617784,2.8480358684358,1.70317772324514,
307,230,194,8.9568048107442,2.89018098808358,1.70317772324514,
309,231,194,9.22385103935848,2.93294976950816,1.70317772324514,
312,232,194,9.6394229590462,2.97635144163132,1.70317772324514,
314,233,194,9.92682137864147,3.02039536994402,1.70317772324514,
316,234,194,10.2227885530198,3.06509105852739,1.70317772324514,
318,235,194,10.5275799587374,3.11044815210357,1.70317772324514,
320,236,194,10.8414586893583,3.15647643811691,1.70317772324514,
320,237,194,10.8414586893583,3.20318584884595,1.70317772324514,
323,237,194,11.3299103979264,3.20318584884595,1.70317772324514,
325,238,194,11.667710529361,3.25058646354671,1.70317772324514,
325,239,194,11.667710529361,3.29868851062763,1.70317772324514,
326,239,194,11.8403688381012,3.29868851062763,1.70317772324514,
326,240,194,11.8403688381012,3.34750236985669,1.70317772324514,
326,241,194,11.8403688381012,3.39703857460129,1.70317772324514,
327,241,194,12.0155821375144,3.39703857460129,1.70317772324514,
327,242,194,12.0155821375144,3.44730781410119,1.70317772324514,
327,242,194,12.0155821375144,3.44730781410119,1.70317772324514,
328,243,194,12.1933882362491,3.49832093577504,1.70317772324514,
328,244,194,12.1933882362491,3.55008894756119,1.70317772324514,
328,244,194,12.1933882362491,3.55008894756119,1.70317772324514,
329,245,194,12.373825502445,3.602623020293,1.70317772324514,
329,246,194,12.373825502445,3.65593449010938,1.70317772324514,
330,246,194,12.5569328720119,3.65593449010938,1.70317772324514,
331,247,194,12.7427498570313,3.71003486090095,1.70317772324514,
331,247,194,12.7427498570313,3.71003486090095,1.70317772324514,
332,248,194,12.9313165542834,3.76493580679247,1.70317772324514,
332,248,194,12.9313165542834,3.76493580679247,1.70317772324514,
332,249,194,12.9313165542834,3.82064917466189,1.70317772324514,
332,249,194,12.9313165542834,3.82064917466189,1.70317772324514,
332,250,194,12.9313165542834,3.8771869866968,1.70317772324514,
332,251,194,12.9313165542834,3.93456144298863,1.70317772324514,
332,251,194,12.9313165542834,3.93456144298863,1.70317772324514,
332,252,194,12.9313165542834,3.99278492416527,1.70317772324514,
332,253,194,12.9313165542834,4.05186999406265,1.70317772324514,
332,253,194,12.9313165542834,4.05186999406265,1.70317772324514,
332,254,194,12.9313165542834,4.11182940243583,1.70317772324514,
332,255,194,12.9313165542834,4.17267608771023,1.70317772324514,
332,255,194,12.9313165542834,4.17267608771023,1.70317772324514,
332,256,194,12.9313165542834,4.23442317977355,1.70317772324514,
332,256,194,12.9313165542834,4.23442317977355,1.70317772324514,
332,256,194,12.9313165542834,4.23442317977355,1.70317772324514,
332,255,194,12.9313165542834,4.17267608771023,1.70317772324514,
332,254,194,12.9313165542834,4.11182940243583,1.70317772324514,
332,253,194,12.9313165542834,4.05186999406265,1.70317772324514,
332,252,194,12.9313165542834,3.99278492416527,1.70317772324514,
332,251,194,12.9313165542834,3.93456144298863,1.70317772324514,
332,251,194,12.9313165542834,3.93456144298863,1.70317772324514,
332,250,194,12.9313165542834,3.8771869866968,1.70317772324514,
332,249,194,12.9313165542834,3.82064917466189,1.70317772324514,
333,249,194,13.1226736538984,3.82064917466189,1.70317772324514,
333,249,194,13.1226736538984,3.82064917466189,1.70317772324514,
333,249,194,13.1226736538984,3.82064917466189,1.70317772324514,
334,249,194,13.3168624481379,3.82064917466189,1.70317772324514,
334,249,194,13.3168624481379,3.82064917466189,1.70317772324514,
334,249,194,13.3168624481379,3.82064917466189,1.70317772324514,
335,249,194,13.5139248403043,3.82064917466189,1.70317772324514,
335,249,194,13.5139248403043,3.82064917466189,1.70317772324514,
335,249,194,13.5139248403043,3.82064917466189,1.70317772324514,
336,249,194,13.7139033537837,3.82064917466189,1.70317772324514,
336,249,194,13.7139033537837,3.82064917466189,1.70317772324514,
336,249,194,13.7139033537837,3.82064917466189,1.70317772324514,
335,249,194,13.5139248403043,3.82064917466189,1.70317772324514,
335,249,194,13.5139248403043,3.82064917466189,1.70317772324514,
334,249,194,13.3168624481379,3.82064917466189,1.70317772324514,
333,249,194,13.1226736538984,3.82064917466189,1.70317772324514,
332,249,194,12.9313165542834,3.82064917466189,1.70317772324514,
331,249,194,12.7427498570313,3.82064917466189,1.70317772324514,
330,249,194,12.5569328720119,3.82064917466189,1.70317772324514,
329,249,194,12.373825502445,3.82064917466189,1.70317772324514,
328,249,194,12.1933882362491,3.82064917466189,1.70317772324514,
327,249,194,12.0155821375144,3.82064917466189,1.70317772324514,
326,249,194,11.8403688381012,3.82064917466189,1.70317772324514,
326,249,194,11.8403688381012,3.82064917466189,1.70317772324514,
325,249,194,11.667710529361,3.82064917466189,1.70317772324514,
325,250,194,11.667710529361,3.8771869866968,1.70317772324514,
325,250,194,11.667710529361,3.8771869866968,1.70317772324514,
325,251,194,11.667710529361,3.93456144298863,1.70317772324514,
326,252,194,11.8403688381012,3.99278492416527,1.70317772324514,
326,253,194,11.8403688381012,4.05186999406265,1.70317772324514,
327,254,194,12.0155821375144,4.11182940243583,1.70317772324514,
328,255,194,12.1933882362491,4.17267608771023,1.70317772324514,
328,256,194,12.1933882362491,4.23442317977355,1.70317772324514,
329,256,194,12.373825502445,4.23442317977355,1.70317772324514,
330,257,194,12.5569328720119,4.29708400280907,1.70317772324514,
331,257,194,12.7427498570313,4.29708400280907,1.70317772324514,
332,257,194,12.9313165542834,4.29708400280907,1.70317772324514,
333,257,194,13.1226736538984,4.29708400280907,1.70317772324514,
334,257,194,13.3168624481379,4.29708400280907,1.70317772324514,
335,257,194,13.5139248403043,4.29708400280907,1.70317772324514,
336,257,194,13.7139033537837,4.29708400280907,1.70317772324514,
337,257,194,13.9168411412213,4.29708400280907,1.70317772324514,
338,257,194,14.1227819938335,4.29708400280907,1.70317772324514,
339,257,194,14.3317703508574,4.29708400280907,1.70317772324514,
339,257,194,14.3317703508574,4.29708400280907,1.70317772324514,
340,257,194,14.5438513091401,4.29708400280907,1.70317772324514,
341,257,194,14.7590706328699,4.29708400280907,1.70317772324514,
342,257,194,14.977474763452,4.29708400280907,1.70317772324514,
342,257,194,14.977474763452,4.29708400280907,1.70317772324514,
343,257,194,15.1991108295293,4.29708400280907,1.70317772324514,
343,257,194,15.1991108295293,4.29708400280907,1.70317772324514,
344,257,194,15.4240266571527,4.29708400280907,1.70317772324514,
346,257,194,15.8838924503536,4.29708400280907,1.70317772324514,
347,257,194,16.1189416487193,4.29708400280907,1.70317772324514,
349,257,194,16.5995262620382,4.29708400280907,1.70317772324514,
350,257,194,16.8451653806193,4.29708400280907,1.70317772324514,
352,257,194,17.3474022809794,4.29708400280907,1.70317772324514,
353,257,194,17.6041084386555,4.29708400280907,1.70317772324514,
355,257,194,18.1289731494529,4.29708400280907,1.70317772324514,
358,257,194,18.9457569571638,4.29708400280907,1.70317772324514,
360,257,194,19.5106227827073,4.29708400280907,1.70317772324514,
362,257,194,20.0923300256505,4.29708400280907,1.70317772324514,
365,257,194,20.9975710279314,4.29708400280907,1.70317772324514,
367,257,194,21.6236114822621,4.29708400280907,1.70317772324514,
368,257,194,21.9435968108308,4.29708400280907,1.70317772324514,
370,257,194,22.5978429280997,4.29708400280907,1.70317772324514,
371,257,194,22.9322448942201,4.29708400280907,1.70317772324514,
373,258,195,23.6159674540011,4.36067207817078,1.72838127834188,
374,258,195,23.9654355856976,4.36067207817078,1.72838127834188,
376,259,196,24.6799626213411,4.4252011273011,1.75395779462807,
376,259,197,24.6799626213411,4.4252011273011,1.77991279116831,
377,260,197,25.0451757105114,4.49068507469184,1.77991279116831,
377,260,197,25.0451757105114,4.49068507469184,1.77991279116831,
377,260,198,25.0451757105114,4.49068507469184,1.80625186869812,
377,261,198,25.0451757105114,4.55713805088884,1.80625186869812,
376,261,198,24.6799626213411,4.55713805088884,1.80625186869812,
375,262,198,24.3200751326795,4.62457439554121,1.80625186869812,
374,262,198,23.9654355856976,4.62457439554121,1.80625186869812,
372,263,198,23.2715953271168,4.69300866049559,1.80625186869812,
370,263,198,22.5978429280997,4.69300866049559,1.80625186869812,
369,263,198,22.2683172693561,4.69300866049559,1.80625186869812,
367,264,198,21.6236114822621,4.76245561293628,1.80625186869812,
365,264,198,20.9975710279314,4.76245561293628,1.80625186869812,
364,264,198,20.6913808111479,4.76245561293628,1.80625186869812,
363,265,198,20.3896555131271,4.83293023857175,1.80625186869812,
361,265,198,19.7993401899187,4.83293023857175,1.80625186869812,
361,265,198,19.7993401899187,4.83293023857175,1.80625186869812,
359,265,198,19.2261155027238,4.83293023857175,1.80625186869812,
360,265,198,19.5106227827073,4.83293023857175,1.80625186869812,
361,265,198,19.7993401899187,4.83293023857175,1.80625186869812,
362,265,198,20.0923300256505,4.83293023857175,1.80625186869812,
363,265,198,20.3896555131271,4.83293023857175,1.80625186869812,
365,265,198,20.9975710279314,4.83293023857175,1.80625186869812,
366,265,198,21.3082922351649,4.83293023857175,1.80625186869812,
368,265,198,21.9435968108308,4.83293023857175,1.80625186869812,
368,265,198,21.9435968108308,4.83293023857175,1.80625186869812,
369,265,198,22.2683172693561,4.83293023857175,1.80625186869812,
371,264,198,22.9322448942201,4.76245561293628,1.80625186869812,
372,264,198,23.2715953271168,4.76245561293628,1.80625186869812,
372,263,198,23.2715953271168,4.69300866049559,1.80625186869812,
373,262,198,23.6159674540011,4.62457439554121,1.80625186869812,
374,262,198,23.9654355856976,4.62457439554121,1.80625186869812,
374,261,198,23.9654355856976,4.55713805088884,1.80625186869812,
375,260,198,24.3200751326795,4.49068507469184,1.80625186869812,
376,260,198,24.6799626213411,4.49068507469184,1.80625186869812,
377,259,198,25.0451757105114,4.4252011273011,1.80625186869812,
377,258,198,25.0451757105114,4.36067207817078,1.80625186869812,
377,258,198,25.0451757105114,4.36067207817078,1.80625186869812,
377,257,198,25.0451757105114,4.29708400280907,1.80625186869812,
376,256,199,24.6799626213411,4.23442317977355,1.83298071083244,
375,256,199,24.3200751326795,4.23442317977355,1.83298071083244,
374,255,199,23.9654355856976,4.17267608771023,1.83298071083244,
373,254,200,23.6159674540011,4.11182940243583,1.86010508529213,
372,254,200,23.2715953271168,4.11182940243583,1.86010508529213,
371,253,200,22.9322448942201,4.05186999406265,1.86010508529213,
369,252,201,22.2683172693561,3.99278492416527,1.88763084514857,
368,252,201,21.9435968108308,3.99278492416527,1.88763084514857,
367,251,201,21.6236114822621,3.93456144298863,1.88763084514857,
365,250,202,20.9975710279314,3.8771869866968,1.91556393008661,
364,250,202,20.6913808111479,3.8771869866968,1.91556393008661,
363,249,202,20.3896555131271,3.82064917466189,1.91556393008661,
363,249,202,20.3896555131271,3.82064917466189,1.91556393008661,
363,249,202,20.3896555131271,3.82064917466189,1.91556393008661,
364,250,202,20.6913808111479,3.8771869866968,1.91556393008661,
365,250,202,20.9975710279314,3.8771869866968,1.91556393008661,
366,251,202,21.3082922351649,3.93456144298863,1.91556393008661,
367,251,202,21.6236114822621,3.93456144298863,1.91556393008661,
368,252,202,21.9435968108308,3.99278492416527,1.91556393008661,
369,252,202,22.2683172693561,3.99278492416527,1.91556393008661,
370,253,203,22.5978429280997,4.05186999406265,1.94391036768636,
370,253,203,22.5978429280997,4.05186999406265,1.94391036768636,
371,254,203,22.9322448942201,4.11182940243583,1.94391036768636,
372,254,204,23.2715953271168,4.11182940243583,1.97267627472379,
373,255,204,23.6159674540011,4.17267608771023,1.97267627472379,
374,255,204,23.9654355856976,4.17267608771023,1.97267627472379,
374,255,205,23.9654355856976,4.17267608771023,2.00186785849069,
375,255,205,24.3200751326795,4.17267608771023,2.00186785849069,
376,256,205,24.6799626213411,4.23442317977355,2.00186785849069,
376,256,206,24.6799626213411,4.23442317977355,2.03149141813408,
378,256,206,25.4157932082112,4.23442317977355,2.03149141813408,
380,258,206,26.1735625095308,4.36067207817078,2.03149141813408,
381,258,207,26.5608778294669,4.36067207817078,2.06155334601552,
383,259,207,27.3527877128368,4.4252011273011,2.06155334601552,
386,260,208,28.5851417968447,4.49068507469184,2.09206012909049,
387,262,208,29.0081435695852,4.62457439554121,2.09206012909049,
389,263,209,29.8730184332271,4.69300866049559,2.12301835030815,
392,264,209,31.2189191382785,4.76245561293628,2.12301835030815,
394,266,210,32.1497080516744,4.90444774486841,2.15443469003188,
396,266,210,33.1082483422869,4.90444774486841,2.15443469003188,
398,268,211,34.095367414618,5.05067335783832,2.18631592748083,
399,268,211,34.5999092832965,5.05067335783832,2.18631592748083,
401,269,211,35.6315020755629,5.1254130180115,2.18631592748083,
402,269,211,36.158775602855,5.1254130180115,2.18631592748083,
403,269,211,36.6938517024886,5.1254130180115,2.18631592748083,
402,268,211,36.158775602855,5.05067335783832,2.18631592748083,
402,268,211,36.158775602855,5.05067335783832,2.18631592748083,
401,268,211,35.6315020755629,5.05067335783832,2.18631592748083,
401,267,211,35.6315020755629,4.97702356433211,2.18631592748083,
401,267,211,35.6315020755629,4.97702356433211,2.18631592748083,
400,267,211,35.1119173421513,4.97702356433211,2.18631592748083,
400,266,211,35.1119173421513,4.90444774486841,2.18631592748083,
400,266,211,35.1119173421513,4.90444774486841,2.18631592748083,
400,266,211,35.1119173421513,4.90444774486841,2.18631592748083,
401,267,211,35.6315020755629,4.97702356433211,2.18631592748083,
403,267,211,36.6938517024886,4.97702356433211,2.18631592748083,
403,268,211,36.6938517024886,5.05067335783832,2.18631592748083,
405,269,211,37.7878751759852,5.1254130180115,2.18631592748083,
406,270,211,38.3470586252449,5.20125867265454,2.18631592748083,
408,271,211,39.490372295767,5.27822668822889,2.18631592748083,
409,272,211,40.0747492285808,5.35633367338623,2.18631592748083,
410,273,211,40.6677737476227,5.43559648255241,2.18631592748083,
412,273,211,41.8802793045613,5.43559648255241,2.18631592748083,
413,274,211,42.500021984678,5.51603221956439,2.18631592748083,
414,275,211,43.1289355919217,5.59765824136102,2.18631592748083,
415,275,211,43.7671558373012,5.59765824136102,2.18631592748083,
416,275,211,44.4148204400715,5.59765824136102,2.18631592748083,
417,276,211,45.0720691574513,5.68049216172843,2.18631592748083,
418,276,211,45.7390438147814,5.68049216172843,2.18631592748083,
419,276,211,46.4158883361278,5.68049216172843,2.18631592748083,
420,277,211,47.1027487753393,5.76455185510082,2.18631592748083,
421,277,211,47.7997733475636,5.76455185510082,2.18631592748083,
424,277,211,49.9533471082328,5.76455185510082,2.18631592748083,
426,278,211,51.4427010948143,5.84985546041759,2.18631592748083,
428,278,211,52.9764600197183,5.84985546041759,2.18631592748083,
430,278,211,54.5559478116852,5.84985546041759,2.18631592748083,
433,279,212,57.0139146485024,5.93642138503738,2.21866894219273,
435,279,212,58.7137787414606,5.93642138503738,2.21866894219273,
438,280,213,61.3590727341318,6.02426830871023,2.25150071550844,
441,280,213,64.1235479557692,6.02426830871023,2.25150071550844,
443,281,214,66.0353850459796,6.11341518760833,2.28481833207845,
445,281,214,68.0042233654735,6.11341518760833,2.28481833207845,
448,282,215,71.0680895890576,6.20388125841656,2.31862898139157,
449,282,215,72.1197523058319,6.20388125841656,2.31862898139157,
452,283,215,75.3690398089854,6.29568604248347,2.31862898139157,
454,284,215,77.6161601002667,6.38884935003374,2.31862898139157,
456,284,215,79.9302780555262,6.38884935003374,2.31862898139157,
457,285,215,81.1130830789687,6.48339128444297,2.31862898139157,
457,286,215,81.1130830789687,6.57933224657568,2.31862898139157,
458,286,215,82.3133912033325,6.57933224657568,2.31862898139157,
459,287,215,83.5314614387976,6.67669293918756,2.31862898139157,
459,288,215,83.5314614387976,6.77549437139287,2.31862898139157,
460,288,215,84.7675566283661,6.77549437139287,2.31862898139157,
461,289,215,86.0219435045798,6.87575786319784,2.31862898139157,
461,289,215,86.0219435045798,6.87575786319784,2.31862898139157,
462,290,215,87.2948927470786,6.97750505010134,2.31862898139157,
463,290,215,88.5866790410082,6.97750505010134,2.31862898139157,
463,290,215,88.5866790410082,6.97750505010134,2.31862898139157,
464,290,215,89.8975811362943,6.97750505010134,2.31862898139157,
465,290,215,91.2278819077926,6.97750505010134,2.31862898139157,
466,289,215,92.5778684163293,6.87575786319784,2.31862898139157,
466,289,215,92.5778684163293,6.87575786319784,2.31862898139157,
468,288,215,95.3380681902569,6.77549437139287,2.31862898139157,
468,288,215,95.3380681902569,6.77549437139287,2.31862898139157,
469,288,215,96.7488770692452,6.77549437139287,2.31862898139157,
469,288,215,96.7488770692452,6.77549437139287,2.31862898139157,
469,287,215,96.7488770692452,6.67669293918756,2.31862898139157,
470,287,215,98.180563040992,6.67669293918756,2.31862898139157,
471,287,215,99.633435043872,6.67669293918756,2.31862898139157,
471,287,215,99.633435043872,6.67669293918756,2.31862898139157,
472,287,215,101.107806587918,6.67669293918756,2.31862898139157,
472,288,215,101.107806587918,6.77549437139287,2.31862898139157,
473,288,215,102.60399582247,6.77549437139287,2.31862898139157,
473,289,215,102.60399582247,6.87575786319784,2.31862898139157,
474,289,215,104.122325604831,6.87575786319784,2.31862898139157,
474,290,215,104.122325604831,6.97750505010134,2.31862898139157,
473,290,215,102.60399582247,6.97750505010134,2.31862898139157,
473,290,215,102.60399582247,6.97750505010134,2.31862898139157,
472,290,215,101.107806587918,6.97750505010134,2.31862898139157,
471,290,215,99.633435043872,6.97750505010134,2.31862898139157,
470,290,215,98.180563040992,6.97750505010134,2.31862898139157,
468,290,215,95.3380681902569,6.97750505010134,2.31862898139157,
467,290,215,93.9478319706455,6.97750505010134,2.31862898139157,
467,290,215,93.9478319706455,6.97750505010134,2.31862898139157,
466,290,215,92.5778684163293,6.97750505010134,2.31862898139157,
465,290,215,91.2278819077926,6.97750505010134,2.31862898139157,
461,290,215,86.0219435045798,6.97750505010134,2.31862898139157,
460,291,215,84.7675566283661,7.08075788776345,2.31862898139157,
458,291,215,82.3133912033325,7.08075788776345,2.31862898139157,
456,291,215,79.9302780555262,7.08075788776345,2.31862898139157,
454,292,216,77.6161601002667,7.18553865674324,2.35293995932641,
452,292,216,75.3690398089854,7.18553865674324,2.35293995932641,
450,293,217,73.1869774849749,7.29186996730657,2.3877586697257,
447,294,217,70.0317624001311,7.39977476430513,2.3877586697257,
446,295,218,69.0105471137295,7.50927633212755,2.42309262599391,
444,296,218,67.012574004375,7.62039829972396,2.42309262599391,
442,297,219,65.0724456261908,7.73316464570469,2.45894945271858,
441,298,219,64.1235479557692,7.84759970351461,2.45894945271858,
439,298,219,62.2670618119788,7.84759970351461,2.45894945271858,
439,299,219,62.2670618119788,7.96372816668391,2.45894945271858,
440,300,218,63.188487275494,8.08157509415662,2.42309262599391,
441,301,218,64.1235479557692,8.20116591569806,2.42309262599391,
442,301,218,65.0724456261908,8.20116591569806,2.42309262599391,
443,301,217,66.0353850459796,8.20116591569806,2.3877586697257,
444,302,217,67.012574004375,8.32252643738214,2.3877586697257,
445,302,217,68.0042233654735,8.32252643738214,2.3877586697257,
446,302,216,69.0105471137295,8.32252643738214,2.35293995932641,
447,302,216,70.0317624001311,8.32252643738214,2.35293995932641,
448,303,216,71.0680895890576,8.44568284716005,2.35293995932641,
448,303,216,71.0680895890576,8.44568284716005,2.35293995932641,
449,303,215,72.1197523058319,8.44568284716005,2.31862898139157,
450,304,215,73.1869774849749,8.57066172051119,2.31862898139157,
451,304,215,74.2699954191758,8.57066172051119,2.31862898139157,
451,305,215,74.2699954191758,8.69749002617784,2.31862898139157,
452,305,215,75.3690398089854,8.69749002617784,2.31862898139157,
452,306,215,75.3690398089854,8.82619513198464,2.31862898139157,
453,307,215,76.4843478132459,8.9568048107442,2.31862898139157,
454,307,215,77.6161601002667,8.9568048107442,2.31862898139157,
455,307,215,78.7647208997567,8.9568048107442,2.31862898139157,
456,308,215,79.9302780555262,9.08934724625008,2.31862898139157,
457,308,215,81.1130830789687,9.08934724625008,2.31862898139157,
459,308,215,83.5314614387976,9.08934724625008,2.31862898139157,
460,309,215,84.7675566283661,9.22385103935848,2.31862898139157,
463,309,215,88.5866790410082,9.22385103935848,2.31862898139157,
465,309,215,91.2278819077926,9.22385103935848,2.31862898139157,
466,310,215,92.5778684163293,9.36034521415991,2.31862898139157,
467,310,215,93.9478319706455,9.36034521415991,2.31862898139157,
468,310,215,95.3380681902569,9.36034521415991,2.31862898139157,
470,311,215,98.180563040992,9.49885922424221,2.31862898139157,
472,311,215,101.107806587918,9.49885922424221,2.31862898139157,
473,311,215,102.60399582247,9.49885922424221,2.31862898139157,
475,312,215,105.663123569931,9.6394229590462,2.31862898139157,
476,312,215,107.226722201032,9.6394229590462,2.31862898139157,
478,312,215,110.42367606745,9.6394229590462,2.31862898139157,
478,312,215,110.42367606745,9.6394229590462,2.31862898139157,
480,312,215,113.715946789724,9.6394229590462,2.31862898139157,
480,312,215,113.715946789724,9.6394229590462,2.31862898139157,
484,312,215,120.597890981311,9.6394229590462,2.31862898139157,
485,312,215,122.382493696819,9.6394229590462,2.31862898139157,
486,312,215,124.193504891169,9.6394229590462,2.31862898139157,
486,311,215,124.193504891169,9.49885922424221,2.31862898139157,
487,311,215,126.031315355961,9.49885922424221,2.31862898139157,
486,311,215,124.193504891169,9.49885922424221,2.31862898139157,
486,310,215,124.193504891169,9.36034521415991,2.31862898139157,
486,310,215,124.193504891169,9.36034521415991,2.31862898139157,
485,310,215,122.382493696819,9.36034521415991,2.31862898139157,
485,309,215,122.382493696819,9.22385103935848,2.31862898139157,
485,309,215,122.382493696819,9.22385103935848,2.31862898139157,
484,309,215,120.597890981311,9.22385103935848,2.31862898139157,
484,308,215,120.597890981311,9.08934724625008,2.31862898139157,
482,308,215,117.106376230262,9.08934724625008,2.31862898139157,
479,308,215,112.057721161961,9.08934724625008,2.31862898139157,
479,308,216,112.057721161961,9.08934724625008,2.35293995932641,
476,308,216,107.226722201032,9.08934724625008,2.35293995932641,
475,308,216,105.663123569931,9.08934724625008,2.35293995932641,
473,309,217,102.60399582247,9.22385103935848,2.3877586697257,
470,309,217,98.180563040992,9.22385103935848,2.3877586697257,
467,311,218,93.9478319706455,9.49885922424221,2.42309262599391,
465,311,219,91.2278819077926,9.49885922424221,2.45894945271858,
464,311,219,89.8975811362943,9.49885922424221,2.45894945271858,
464,311,219,89.8975811362943,9.49885922424221,2.45894945271858,
461,312,219,86.0219435045798,9.6394229590462,2.45894945271858,
460,312,219,84.7675566283661,9.6394229590462,2.45894945271858,
461,313,219,86.0219435045798,9.78206675031545,2.45894945271858,
462,313,219,87.2948927470786,9.78206675031545,2.45894945271858,
463,313,219,88.5866790410082,9.78206675031545,2.45894945271858,
464,314,219,89.8975811362943,9.92682137864147,2.45894945271858,
466,314,219,92.5778684163293,9.92682137864147,2.45894945271858,
466,314,219,92.5778684163293,9.92682137864147,2.45894945271858,
468,315,219,95.3380681902569,10.0737180801057,2.45894945271858,
468,315,219,95.3380681902569,10.0737180801057,2.45894945271858,
469,315,219,96.7488770692452,10.0737180801057,2.45894945271858,
469,316,219,96.7488770692452,10.2227885530198,2.45894945271858,
470,316,219,98.180563040992,10.2227885530198,2.45894945271858,
471,316,219,99.633435043872,10.2227885530198,2.45894945271858,
471,316,219,99.633435043872,10.2227885530198,2.45894945271858,
471,316,219,99.633435043872,10.2227885530198,2.45894945271858,
471,316,219,99.633435043872,10.2227885530198,2.45894945271858,
471,317,219,99.633435043872,10.3740649647658,2.45894945271858,
471,318,219,99.633435043872,10.5275799587374,2.45894945271858,
471,318,219,99.633435043872,10.5275799587374,2.45894945271858,
471,318,219,99.633435043872,10.5275799587374,2.45894945271858,
471,319,219,99.633435043872,10.6833666613839,2.45894945271858,
471,319,219,99.633435043872,10.6833666613839,2.45894945271858,
471,321,219,99.633435043872,11.0018901567718,2.45894945271858,
471,321,219,99.633435043872,11.0018901567718,2.45894945271858,
470,322,219,98.180563040992,11.1646956825546,2.45894945271858,
470,323,219,98.180563040992,11.3299103979264,2.45894945271858,
470,324,219,98.180563040992,11.4975699539774,2.45894945271858,
469,325,219,96.7488770692452,11.667710529361,2.45894945271858,
469,327,219,96.7488770692452,12.0155821375144,2.45894945271858,
469,328,219,96.7488770692452,12.1933882362491,2.45894945271858,
468,329,219,95.3380681902569,12.373825502445,2.45894945271858,
468,330,219,95.3380681902569,12.5569328720119,2.45894945271858,
468,331,219,95.3380681902569,12.7427498570313,2.45894945271858,
468,331,219,95.3380681902569,12.7427498570313,2.45894945271858,
469,332,219,96.7488770692452,12.9313165542834,2.45894945271858,
470,332,219,98.180563040992,12.9313165542834,2.45894945271858,
471,332,219,99.633435043872,12.9313165542834,2.45894945271858,
472,332,219,101.107806587918,12.9313165542834,2.45894945271858,
473,332,219,102.60399582247,12.9313165542834,2.45894945271858,
474,332,219,104.122325604831,12.9313165542834,2.45894945271858,
475,332,219,105.663123569931,12.9313165542834,2.45894945271858,
476,332,219,107.226722201032,12.9313165542834,2.45894945271858,
476,332,219,107.226722201032,12.9313165542834,2.45894945271858,
477,332,219,108.813458901467,12.9313165542834,2.45894945271858,
479,332,219,112.057721161961,12.9313165542834,2.45894945271858,
480,332,219,113.715946789724,12.9313165542834,2.45894945271858,
481,331,219,115.398710773292,12.7427498570313,2.45894945271858,
483,331,219,118.839311651631,12.7427498570313,2.45894945271858,
485,330,219,122.382493696819,12.5569328720119,2.45894945271858,
486,330,219,124.193504891169,12.5569328720119,2.45894945271858,
487,329,219,126.031315355961,12.373825502445,2.45894945271858,
489,329,219,129.78892626345,12.373825502445,2.45894945271858,
489,329,219,129.78892626345,12.373825502445,2.45894945271858,
491,329,219,133.658569959713,12.373825502445,2.45894945271858,
492,329,219,135.636444074759,12.373825502445,2.45894945271858,
493,330,219,137.643586691003,12.5569328720119,2.45894945271858,
494,330,219,139.680430922543,12.5569328720119,2.45894945271858,
494,331,219,139.680430922543,12.7427498570313,2.45894945271858,
495,332,219,141.74741629268,12.9313165542834,2.45894945271858,
496,333,219,143.844988828766,13.1226736538984,2.45894945271858,
496,333,219,143.844988828766,13.1226736538984,2.45894945271858,
497,334,219,145.973601158445,13.3168624481379,2.45894945271858,
498,334,219,148.133712607329,13.3168624481379,2.45894945271858,
498,335,219,148.133712607329,13.5139248403043,2.45894945271858,
499,335,219,150.32578929811,13.5139248403043,2.45894945271858,
499,336,219,150.32578929811,13.7139033537837,2.45894945271858,
