1,  168, 76, 91

1,  159, 71, 87

1,  255, 237, 236

1,  139, 136, 129

1,  195, 125, 133

1,  123, 26, 37

1,  215, 188, 193

1,  252, 227, 231

1,  235, 227, 224

1,  157, 149, 146

1,  130, 121, 112

1,  124, 125, 117

1,  198, 199, 193

1,  193, 151, 155

1,  217, 213, 212

1,  123, 118, 115

1,  137, 129, 118

1,  145, 164, 181

1,  182, 175, 167

1,  223, 219, 210

1,  208, 147, 155

1,  138, 62, 74

1,  164, 158, 160

1,  113, 25, 39

1,  123, 50, 57

1,  45, 67, 90

1,  237, 251, 254

1,  138, 32, 52

1,  183, 199, 214

1,  62, 80, 100

1,  152, 35, 51

1,  137, 30, 48

1,  143, 46, 63

1,  133, 42, 51

1,  115, 28, 44

1,  187, 120, 129

1,  255, 202, 208

1,  205, 150, 156

1,  160, 42, 58

1,  146, 81, 89

1,  215, 170, 175

1,  235, 182, 188

1,  123, 45, 58

1,  147, 27, 52

1,  125, 28, 47

1,  117, 135, 155

1,  139, 32, 52

1,  17, 38, 65

1,  147, 163, 179

1,  132, 30, 54

1,  130, 28, 52

1,  137, 33, 58

1,  134, 45, 65

1,  110, 128, 148

1,  108, 46, 61

1,  248, 206, 216

1,  199, 129, 140

1,  149, 57, 72

1,  120, 24, 38

1,  190, 203, 220

1,  159, 36, 54

1,  148, 37, 53

1,  172, 126, 137

1,  150, 24, 46

1,  156, 64, 75

1,  205, 122, 130

1,  189, 126, 135

1,  241, 196, 201

1,  125, 120, 114

1,  152, 137, 130

1,  169, 162, 156

1,  157, 148, 139

1,  205, 198, 192

1,  144, 123, 118

1,  167, 132, 128

1,  150, 96, 96

1,  123, 48, 52

1,  34, 53, 86

1,  192, 208, 231

1,  140, 71, 76

1,  93, 111, 135

1,  229, 245, 255

1,  255, 183, 188

1,  146, 56, 68

1,  150, 90, 90

1,  61, 83, 107

1,  25, 38, 72

1,  205, 217, 241

1,  111, 125, 152

1,  51, 65, 94

1,  31, 64, 115

1,  84, 98, 124

1,  176, 189, 208

1,  39, 67, 104

1,  0, 32, 73

1,  37, 70, 115

1,  115, 135, 159

1,  195, 212, 232

1,  174, 181, 200

1,  129, 141, 163

1,  188, 197, 214

1,  216, 233, 251

1,  248, 251, 240

1,  47, 69, 93

1,  10, 42, 89

1,  211, 229, 251

1,  245, 243, 248

1,  248, 246, 234

1,  222, 217, 211

1,  242, 248, 246

1,  220, 233, 252

1,  162, 180, 200

1,  81, 106, 136

1,  177, 188, 210

1,  88, 105, 131

1,  35, 68, 121

1,  12, 45, 99

1,  232, 223, 218

1,  24, 59, 113

1,  174, 165, 160

1,  178, 196, 216

1,  77, 89, 113

1,  240, 239, 234

1,  134, 154, 178

1,  60, 77, 107

1,  62, 82, 109

1,  179, 198, 213

1,  40, 66, 91

1,  15, 48, 81

1,  31, 70, 111

1,  223, 229, 241

1,  44, 68, 104

1,  220, 240, 255

1,  93, 120, 150

1,  37, 64, 107

1,  128, 140, 154

1,  107, 116, 133

1,  20, 35, 58

1,  23, 40, 68

1,  192, 208, 223

1,  85, 99, 125

1,  246, 254, 243

1,  232, 225, 219

1,  221, 234, 250

1,  26, 44, 80

1,  153, 170, 190

1,  61, 83, 106

1,  218, 236, 255

1,  255, 249, 239

1,  212, 203, 196

1,  205, 212, 228

1,  103, 114, 134

1,  29, 43, 69

1,  33, 52, 84

1,  17, 61, 106

1,  24, 66, 114

1,  155, 167, 189

1,  244, 254, 246

1,  115, 132, 152

1,  38, 62, 90

1,  29, 64, 120

1,  14, 49, 105

1,  16, 51, 107

1,  22, 46, 106

1,  34, 60, 111

1,  44, 67, 109

1,  135, 157, 168

1,  252, 246, 255

1,  222, 230, 233

1,  181, 201, 210

1,  91, 119, 131

1,  26, 54, 68

1,  25, 52, 73

1,  36, 63, 90

1,  195, 186, 181

1,  190, 180, 178

1,  165, 156, 151

1,  39, 68, 112

1,  10, 36, 93

1,  45, 80, 122

1,  43, 69, 120

1,  68, 91, 122

1,  131, 153, 176

1,  31, 52, 95

1,  38, 60, 109

1,  36, 58, 107

1,  30, 53, 97

1,  9, 32, 64

1,  35, 58, 76

1,  198, 217, 223

1,  218, 240, 251

1,  177, 199, 213

1,  110, 132, 153

1,  50, 71, 98

1,  119, 139, 163

1,  182, 203, 230

1,  68, 88, 113

1,  177, 198, 217

1,  7, 47, 96

1,  238, 242, 241

1,  38, 73, 115

1,  29, 56, 75

1,  27, 62, 84

1,  29, 63, 88

1,  137, 126, 122

1,  28, 62, 90

1,  15, 48, 93

1,  159, 171, 193

1,  40, 70, 108

1,  55, 76, 103

1,  97, 118, 139

1,  42, 68, 101

1,  165, 187, 211

1,  197, 214, 234

1,  19, 46, 73

1,  220, 215, 209

1,  163, 155, 152

1,  31, 47, 60

1,  116, 125, 134

1,  175, 164, 158

1,  4, 45, 91

1,  50, 77, 107

1,  57, 79, 103

1,  226, 238, 250

1,  54, 80, 105

1,  44, 74, 110

1,  26, 56, 108

1,  37, 68, 97

1,  36, 65, 121

1,  187, 186, 184

1,  244, 241, 236

1,  26, 53, 106

1,  24, 51, 96

1,  42, 67, 87

1,  221, 241, 252

1,  205, 214, 223

1,  157, 153, 150

1,  14, 52, 89

1,  17, 65, 113

1,  11, 58, 110

1,  34, 49, 82

1,  83, 97, 126

1,  209, 225, 238

1,  118, 136, 156

1,  45, 64, 81

1,  155, 143, 131

1,  42, 63, 80

1,  28, 47, 64

1,  53, 72, 87

1,  115, 131, 146

1,  212, 225, 242

1,  67, 83, 106

1,  38, 55, 81

1,  134, 149, 170

1,  203, 214, 236

1,  39, 59, 94

1,  52, 68, 94

1,  75, 95, 119

1,  9, 39, 77

1,  236, 242, 255

1,  117, 132, 155

1,  169, 168, 166

1,  226, 226, 226

1,  232, 246, 246

1,  191, 210, 217

1,  11, 41, 77

1,  45, 77, 115

1,  34, 71, 115

1,  116, 133, 151

1,  227, 241, 250

1,  184, 201, 209

1,  114, 131, 141

1,  55, 72, 82

1,  30, 47, 63

1,  31, 69, 108

1,  243, 244, 249

1,  201, 215, 228

1,  175, 189, 202

1,  219, 236, 246

1,  143, 160, 170

1,  188, 181, 173

1,  107, 124, 134

1,  215, 208, 200

1,  138, 152, 163

1,  209, 202, 194

1,  184, 201, 221

1,  19, 62, 117

1,  198, 189, 182

1,  157, 150, 142

1,  7, 48, 102

1,  30, 68, 117

1,  38, 64, 101

1,  24, 41, 69

1,  183, 174, 167

1,  222, 213, 206

1,  224, 235, 255

1,  202, 193, 186

1,  183, 204, 209

1,  11, 44, 77

1,  36, 71, 113

1,  9, 42, 83

1,  168, 185, 205

1,  167, 183, 206

1,  164, 182, 206

1,  168, 180, 202

1,  147, 167, 192

1,  36, 57, 78

1,  190, 207, 223

1,  228, 240, 254

1,  214, 224, 249

1,  59, 76, 106

1,  100, 114, 140

1,  164, 175, 197

1,  18, 39, 66

1,  103, 118, 137

1,  145, 158, 177

1,  51, 71, 98

1,  106, 124, 138

1,  44, 62, 74

1,  176, 176, 176

1,  37, 58, 77

1,  216, 233, 253

1,  38, 59, 80

1,  3, 36, 67

1,  34, 72, 109

1,  79, 97, 121

1,  30, 74, 123

1,  34, 56, 93

1,  27, 50, 84

1,  106, 118, 134

1,  239, 237, 238

1,  241, 244, 235

1,  197, 215, 229

1,  217, 225, 244

1,  213, 232, 247

1,  241, 241, 243

1,  24, 70, 120

1,  21, 43, 80

1,  43, 62, 95

1,  131, 156, 187

1,  35, 73, 122

1,  25, 48, 89

1,  71, 88, 118

1,  225, 232, 242

1,  13, 57, 102

1,  184, 180, 177

1,  21, 44, 94

1,  20, 44, 92

1,  31, 54, 98

1,  33, 56, 97

1,  66, 87, 108

1,  190, 189, 187

1,  135, 150, 173

1,  65, 86, 115

1,  49, 69, 96

1,  33, 54, 75

1,  156, 173, 191

1,  198, 198, 198

1,  235, 241, 237

1,  22, 51, 81

1,  38, 63, 103

1,  106, 118, 132

1,  234, 244, 236

1,  133, 148, 167

1,  227, 238, 232

1,  192, 202, 204

1,  38, 50, 74

1,  17, 33, 59

1,  66, 84, 106

1,  126, 146, 173

1,  23, 45, 68

1,  25, 49, 73

1,  117, 131, 140

1,  199, 194, 188

1,  144, 157, 176

1,  179, 195, 220

1,  125, 141, 164

1,  183, 178, 174

1,  237, 241, 250

1,  188, 197, 212

1,  82, 95, 114

1,  19, 43, 77

1,  42, 63, 94

1,  244, 244, 242

1,  38, 57, 99

1,  37, 55, 93

1,  43, 60, 90

1,  90, 108, 132

1,  199, 215, 231

1,  201, 212, 214

1,  36, 55, 98

1,  201, 198, 193

1,  165, 185, 210

1,  242, 238, 235

1,  216, 207, 200

1,  216, 214, 219

1,  213, 214, 218

1,  220, 228, 231

1,  207, 220, 226

1,  193, 211, 223

1,  67, 89, 110

1,  47, 62, 83

1,  239, 237, 240

1,  143, 164, 183

1,  167, 180, 199

1,  220, 232, 248

1,  198, 206, 219

1,  169, 159, 150

1,  206, 213, 223

1,  212, 227, 248

1,  211, 214, 221

1,  138, 157, 174

1,  229, 217, 229

1,  220, 218, 223

1,  213, 208, 214

1,  211, 206, 210

1,  219, 213, 215

1,  229, 219, 218

1,  228, 217, 215

1,  146, 163, 179

1,  36, 65, 99

1,  213, 224, 246

1,  181, 174, 168

1,  225, 214, 208

1,  223, 216, 210

1,  218, 217, 213

1,  220, 215, 219

1,  225, 213, 223

1,  219, 212, 219

1,  221, 219, 220

1,  219, 220, 224

1,  223, 222, 220

1,  227, 218, 219

1,  225, 216, 217

1,  223, 214, 215

1,  156, 149, 141

1,  248, 240, 237

1,  64, 81, 109

1,  221, 231, 243

1,  230, 224, 224

1,  201, 212, 230

1,  87, 102, 125

1,  19, 39, 66

1,  39, 54, 87

1,  130, 140, 167

1,  241, 252, 254

1,  157, 176, 191

1,  231, 222, 223

1,  215, 215, 217

1,  224, 215, 216

1,  207, 206, 202

1,  228, 224, 223

1,  219, 220, 215

1,  144, 162, 182

1,  216, 228, 242

1,  189, 180, 175

1,  221, 220, 216

1,  213, 208, 205

1,  225, 217, 215

1,  222, 214, 212

1,  126, 119, 111

1,  224, 216, 214

1,  246, 245, 253

1,  151, 164, 183

1,  71, 86, 105

1,  210, 219, 228

1,  222, 216, 216

1,  212, 219, 238

1,  46, 66, 90

1,  237, 239, 236

1,  40, 73, 108

1,  217, 217, 219

1,  229, 240, 246

1,  198, 202, 205

1,  188, 201, 217

1,  51, 72, 101

1,  220, 232, 244

1,  238, 246, 249

1,  183, 199, 215

1,  11, 51, 102

1,  170, 182, 194

1,  67, 84, 102

1,  174, 191, 209

1,  21, 48, 95

1,  212, 221, 230

1,  45, 59, 70

1,  176, 192, 208

1,  218, 230, 246

1,  232, 237, 243

1,  129, 130, 134

1,  108, 112, 121

1,  137, 143, 155

1,  111, 120, 135

1,  37, 53, 78

1,  120, 132, 154

1,  117, 128, 146

1,  125, 129, 141

1,  118, 121, 130

1,  120, 120, 128

1,  121, 120, 125

1,  122, 121, 126

1,  123, 123, 125

1,  124, 123, 118

1,  124, 123, 121

1,  44, 61, 79

1,  240, 242, 241

1,  38, 61, 105

1,  179, 191, 205

1,  36, 54, 92

1,  68, 75, 101

1,  223, 228, 247

1,  238, 239, 244

1,  243, 244, 238

1,  143, 160, 178

1,  31, 47, 80

1,  73, 83, 108

1,  226, 231, 250

1,  166, 176, 188

1,  222, 230, 241

1,  212, 219, 227

1,  202, 205, 212

1,  214, 213, 218

1,  213, 206, 200

1,  23, 48, 89

1,  5, 46, 100

1,  166, 184, 206

1,  210, 217, 236

1,  9, 42, 87

1,  235, 239, 242

1,  10, 42, 83

1,  45, 69, 113

1,  14, 36, 77

1,  39, 57, 95

1,  28, 44, 77

1,  142, 159, 185

1,  44, 58, 93

1,  175, 195, 219

1,  34, 74, 125

1,  39, 66, 111

1,  15, 37, 78

1,  53, 69, 105

1,  78, 91, 110

1,  74, 84, 109

1,  216, 227, 249

1,  69, 85, 108

1,  222, 234, 250

1,  34, 61, 104

1,  41, 54, 86

1,  132, 119, 111

1,  163, 169, 191

1,  199, 211, 223

1,  93, 103, 130

1,  253, 253, 241

1,  251, 252, 238

1,  157, 146, 140

1,  225, 235, 245

1,  153, 142, 138

1,  86, 103, 121

1,  222, 228, 250

1,  251, 255, 241

1,  239, 244, 238

1,  169, 182, 199

1,  40, 69, 103

1,  215, 233, 255

1,  19, 43, 69

1,  223, 234, 254

1,  67, 87, 112

1,  33, 55, 76

1,  157, 175, 189

1,  126, 151, 173

1,  153, 172, 187

1,  43, 69, 94

1,  84, 105, 126

1,  54, 73, 105

1,  237, 247, 249

1,  34, 63, 95

1,  130, 144, 171

1,  63, 84, 105

1,  79, 90, 118

1,  65, 86, 113

1,  213, 228, 247

1,  126, 142, 158

1,  209, 204, 201

1,  134, 149, 178

1,  235, 246, 238

1,  129, 147, 169

1,  162, 173, 193

1,  40, 58, 96

1,  57, 77, 102

1,  142, 162, 173

1,  238, 251, 242

1,  250, 245, 251

1,  234, 246, 246

1,  186, 202, 227

1,  135, 150, 179

1,  24, 40, 73

1,  247, 240, 247

1,  250, 253, 242

1,  223, 219, 218

1,  50, 74, 100

1,  198, 214, 229

1,  215, 232, 250

1,  62, 82, 107

1,  40, 53, 70

1,  240, 251, 243

1,  248, 255, 243

1,  246, 252, 238

1,  207, 220, 236

1,  25, 48, 82

1,  137, 124, 116

1,  70, 87, 115

1,  137, 153, 169

1,  240, 252, 248

1,  68, 82, 108

1,  64, 80, 103

1,  168, 184, 199

1,  243, 255, 243

1,  219, 230, 250

1,  151, 162, 182

1,  58, 71, 90

1,  156, 172, 188

1,  109, 129, 153

1,  234, 242, 253

1,  57, 83, 108

1,  60, 79, 122

1,  22, 49, 96

1,  131, 148, 166

1,  233, 228, 222

1,  194, 194, 192

1,  215, 228, 244

1,  160, 144, 131

1,  15, 32, 58

1,  223, 235, 249

1,  77, 92, 115

1,  225, 223, 224

1,  9, 38, 72

1,  31, 69, 118

1,  70, 86, 109

1,  212, 225, 241

1,  45, 59, 94

1,  178, 174, 173

1,  209, 218, 235

1,  140, 139, 135

1,  194, 191, 186

1,  37, 52, 73

1,  191, 188, 181

1,  221, 218, 211

1,  153, 155, 152

1,  186, 195, 210

1,  227, 237, 255

1,  50, 65, 98

1,  14, 43, 85

1,  199, 210, 228

1,  19, 42, 76

1,  124, 148, 176

1,  211, 220, 235

1,  227, 227, 225

1,  180, 178, 179

1,  235, 242, 250

1,  137, 136, 132

1,  132, 128, 127

1,  24, 47, 99

1,  229, 237, 240

1,  93, 115, 136

1,  17, 51, 86

1,  23, 66, 108

1,  189, 205, 228

1,  250, 254, 239

1,  249, 253, 239

1,  160, 155, 149

1,  168, 189, 208

1,  34, 63, 93

1,  4, 42, 79

1,  39, 73, 108

1,  17, 47, 75

1,  140, 126, 115

1,  225, 246, 255

1,  186, 201, 222

1,  46, 72, 99

1,  221, 239, 255

1,  227, 236, 245

1,  29, 59, 111

1,  24, 48, 74

1,  218, 237, 254

1,  236, 244, 247

1,  203, 198, 192

1,  239, 236, 229

1,  149, 148, 144

1,  41, 68, 98

1,  189, 204, 225

1,  32, 62, 116

1,  41, 71, 109

1,  181, 199, 219

1,  152, 170, 190

1,  189, 206, 226

1,  147, 159, 175

1,  66, 86, 110

1,  209, 226, 246

1,  125, 125, 127

1,  185, 180, 177

1,  151, 165, 192

1,  27, 43, 68

1,  24, 39, 62

1,  55, 66, 84

1,  107, 118, 136

1,  172, 181, 198

1,  184, 179, 173

1,  22, 63, 115

1,  125, 116, 107

1,  109, 126, 154

1,  203, 194, 189

1,  206, 214, 227

1,  174, 187, 204

1,  199, 196, 191

1,  158, 153, 150

1,  29, 47, 71

1,  81, 94, 113

1,  14, 50, 86

1,  175, 182, 198

1,  58, 75, 101

1,  158, 167, 184

1,  71, 86, 107

1,  23, 65, 107

1,  27, 68, 112

1,  0, 40, 84

1,  58, 74, 99

1,  160, 153, 145

1,  214, 223, 240

1,  31, 49, 71

1,  127, 122, 119

1,  58, 78, 111

1,  135, 152, 180

1,  212, 226, 252

1,  201, 216, 237

1,  187, 182, 176

1,  235, 234, 232

1,  243, 244, 239

1,  80, 107, 136

1,  81, 93, 117

1,  233, 229, 228

1,  22, 47, 88

1,  198, 214, 237

1,  70, 88, 112

1,  166, 165, 163

1,  159, 154, 148

1,  101, 116, 135

1,  223, 215, 212

1,  2, 31, 71

1,  46, 76, 114

1,  26, 68, 108

1,  21, 63, 101

1,  11, 44, 75

1,  31, 47, 63

1,  136, 140, 151

1,  38, 57, 90

1,  167, 178, 198

1,  243, 239, 238

1,  234, 236, 249

1,  72, 94, 118

1,  127, 147, 171

1,  202, 220, 244

1,  76, 88, 114

1,  204, 219, 242

1,  175, 186, 208

1,  206, 218, 240

1,  216, 223, 239

1,  247, 248, 240

1,  36, 59, 93

1,  28, 45, 75

1,  100, 116, 141

1,  200, 212, 224

1,  16, 59, 110

1,  73, 85, 109

1,  196, 204, 227

1,  113, 127, 153

1,  142, 141, 139

1,  29, 48, 88

1,  19, 39, 72

1,  14, 38, 74

1,  75, 91, 116

1,  209, 222, 231

1,  123, 139, 154

1,  12, 44, 83

1,  233, 228, 225

1,  95, 110, 139

1,  159, 169, 194

1,  216, 223, 241

1,  141, 141, 141

1,  139, 139, 139

1,  182, 182, 182

1,  165, 174, 191

1,  103, 116, 135

1,  148, 138, 126

1,  51, 67, 90

1,  66, 85, 115

1,  223, 236, 253

1,  92, 113, 134

1,  39, 68, 98

1,  12, 55, 108

1,  80, 100, 124

1,  232, 242, 251

1,  193, 205, 217

1,  130, 143, 159

1,  69, 85, 101

1,  34, 58, 84

1,  171, 187, 202

1,  205, 219, 232

1,  233, 242, 247

1,  253, 244, 237

1,  166, 157, 148

1,  146, 164, 184

1,  133, 149, 174

1,  211, 223, 245

1,  133, 150, 170

1,  80, 99, 131

1,  45, 66, 97

1,  27, 45, 69

1,  189, 204, 223

1,  30, 61, 89

1,  134, 159, 179

1,  186, 198, 222

1,  121, 135, 161

1,  61, 76, 105

1,  29, 45, 79

1,  22, 40, 78

1,  15, 43, 91

1,  209, 205, 204

1,  184, 175, 170

1,  242, 235, 227

1,  243, 234, 229

1,  21, 55, 90

1,  63, 78, 99

1,  163, 163, 163

1,  143, 142, 140

1,  238, 240, 239

1,  197, 188, 181

1,  6, 46, 98

1,  6, 31, 71

1,  48, 72, 108

1,  137, 125, 113

1,  23, 50, 95

1,  247, 244, 237

1,  241, 237, 236

1,  233, 237, 248

1,  73, 86, 103

1,  28, 44, 69

1,  148, 143, 140

1,  21, 65, 112

1,  231, 230, 228

1,  3, 44, 90

1,  28, 51, 93

1,  222, 238, 254

1,  160, 178, 200

1,  29, 72, 123

1,  27, 43, 66

1,  153, 150, 145

1,  194, 189, 186

1,  162, 173, 191

1,  219, 234, 255

1,  165, 178, 194

1,  159, 172, 189

1,  13, 38, 69

1,  11, 38, 81

1,  65, 85, 112

1,  192, 192, 192

1,  133, 133, 133

1,  24, 46, 70

1,  143, 127, 114

1,  159, 145, 132

1,  204, 203, 201

1,  156, 143, 134

1,  200, 195, 192

1,  33, 64, 108

1,  16, 40, 68

1,  5, 41, 89

1,  102, 119, 147

1,  237, 234, 229

1,  177, 193, 218

1,  222, 235, 252

1,  209, 224, 245

1,  118, 138, 165

1,  37, 69, 116

1,  108, 126, 146

1,  212, 226, 239

1,  112, 138, 161

1,  242, 239, 234

1,  225, 244, 255

1,  12, 45, 90

1,  155, 177, 201

1,  167, 160, 152

1,  147, 130, 120

1,  157, 174, 204

1,  102, 116, 142

1,  29, 62, 116

1,  27, 65, 101

1,  26, 56, 82

1,  75, 88, 104

1,  173, 177, 186

1,  177, 176, 174

1,  150, 168, 190

1,  246, 242, 233

1,  229, 228, 226

1,  180, 177, 172

1,  232, 237, 241

1,  190, 191, 186

1,  138, 138, 136

1,  191, 203, 219

1,  122, 118, 115

1,  184, 184, 184

1,  160, 150, 141

1,  187, 178, 171

1,  226, 240, 255

1,  149, 165, 188

1,  170, 160, 158

1,  21, 41, 65

1,  79, 96, 116

1,  219, 215, 212

1,  176, 184, 195

1,  43, 65, 102

1,  120, 135, 158

1,  129, 125, 124

1,  40, 55, 76

1,  165, 161, 158

1,  187, 183, 180

1,  96, 108, 130

1,  189, 206, 222

1,  241, 233, 230

1,  82, 99, 119

1,  8, 47, 90

1,  128, 142, 169

1,  39, 75, 125

1,  218, 210, 207

1,  236, 231, 228

1,  235, 237, 234

1,  96, 120, 144

1,  185, 181, 178

1,  209, 200, 193

1,  249, 240, 233

1,  31, 46, 69

1,  235, 240, 255

1,  150, 165, 188

1,  43, 70, 100

1,  86, 103, 123

1,  244, 244, 255

1,  230, 235, 255

1,  39, 54, 85

1,  235, 231, 230

1,  197, 190, 184

1,  224, 233, 250

1,  77, 93, 116

1,  72, 84, 106

1,  135, 146, 164

1,  208, 216, 235

1,  153, 149, 146

1,  214, 213, 209

1,  36, 61, 102

1,  15, 43, 90

1,  155, 151, 148

1,  158, 149, 142

1,  214, 205, 200

1,  108, 116, 139

1,  220, 232, 254

1,  112, 130, 154

1,  40, 70, 106

1,  25, 66, 118

1,  166, 179, 198

1,  222, 233, 251

1,  163, 178, 197

1,  176, 168, 165

1,  10, 51, 105

1,  18, 45, 75

1,  88, 106, 126

1,  242, 241, 246

1,  67, 88, 117

1,  178, 190, 214

1,  220, 213, 207

1,  224, 231, 250

1,  217, 236, 253

1,  113, 137, 163

1,  184, 176, 173

1,  185, 193, 212

1,  241, 243, 255

1,  233, 232, 237

1,  171, 188, 216

1,  90, 107, 135

1,  196, 205, 212

1,  59, 87, 109

1,  29, 65, 97

1,  34, 72, 121

1,  98, 119, 140

1,  153, 174, 195

1,  217, 237, 255

1,  137, 157, 182

1,  193, 184, 177

1,  34, 73, 112

1,  199, 215, 228

1,  28, 67, 108

1,  5, 42, 86

1,  214, 207, 199

1,  219, 210, 205

1,  210, 201, 194

1,  13, 51, 90

1,  162, 153, 146

1,  25, 63, 100

1,  4, 41, 85

1,  175, 172, 167

1,  165, 164, 162

1,  236, 227, 220

1,  75, 90, 121

1,  35, 49, 86

1,  37, 58, 101

1,  10, 49, 92

1,  196, 205, 222

1,  93, 111, 131

1,  30, 51, 72

1,  19, 43, 81

1,  246, 241, 237

1,  239, 246, 252

1,  186, 197, 219

1,  108, 122, 149

1,  22, 53, 108

1,  20, 55, 113

1,  22, 58, 118

1,  208, 207, 203

1,  16, 55, 112

1,  183, 198, 221

1,  31, 53, 76

1,  244, 255, 244

1,  14, 56, 114

1,  67, 82, 105

1,  216, 229, 246

1,  177, 199, 223

1,  20, 47, 76

1,  65, 83, 107

1,  175, 192, 212

1,  177, 192, 211

1,  151, 166, 187

1,  174, 192, 214

1,  161, 181, 205

1,  105, 126, 153

1,  28, 70, 112

1,  34, 66, 107

1,  231, 244, 237

1,  38, 69, 116

1,  226, 235, 244

1,  55, 78, 109

1,  33, 67, 128

1,  21, 56, 114

1,  58, 76, 100

1,  187, 203, 226

1,  37, 74, 119

1,  18, 50, 99

1,  135, 155, 180

1,  246, 255, 245

1,  29, 49, 86

1,  190, 182, 179

1,  25, 44, 87

1,  213, 208, 202

1,  16, 59, 114

1,  17, 60, 115

1,  20, 44, 70

1,  24, 49, 90

1,  187, 207, 231

1,  50, 69, 99

1,  201, 217, 232

1,  131, 153, 177

1,  204, 222, 244

1,  149, 166, 192

1,  231, 250, 255

1,  134, 131, 126

1,  77, 98, 129

1,  192, 206, 233

1,  234, 236, 231

1,  228, 233, 237

1,  211, 228, 246

1,  221, 212, 207

1,  202, 195, 187

1,  153, 172, 189

1,  47, 68, 87

1,  233, 248, 253

1,  33, 49, 74

1,  141, 153, 175

1,  143, 157, 184

1,  241, 247, 247

1,  13, 46, 77

1,  29, 51, 72

1,  119, 137, 151

1,  115, 139, 165

1,  202, 197, 193

1,  54, 78, 104

1,  251, 255, 244

1,  136, 147, 175

1,  34, 50, 84

1,  33, 58, 99

1,  30, 48, 72

1,  96, 111, 132

1,  189, 203, 214

1,  238, 239, 243

1,  12, 54, 112

1,  41, 77, 127

1,  23, 63, 115

1,  26, 48, 87

1,  165, 178, 195

1,  169, 164, 161

1,  95, 123, 163

1,  238, 240, 237

1,  181, 178, 173

1,  193, 188, 185

1,  214, 211, 206

1,  186, 212, 237

1,  154, 178, 190

1,  39, 66, 83

1,  10, 42, 67

1,  62, 91, 125

1,  9, 39, 75

1,  115, 136, 163

1,  187, 205, 229

1,  228, 243, 255

1,  37, 57, 92

1,  63, 84, 113

1,  147, 170, 201

1,  11, 45, 83

1,  213, 229, 252

1,  171, 192, 219

1,  48, 75, 104

1,  197, 210, 227

1,  172, 190, 214

1,  44, 65, 94

1,  35, 60, 82

1,  106, 125, 140

1,  214, 228, 239

1,  238, 243, 239

1,  70, 86, 112

1,  195, 207, 219

1,  150, 167, 185

1,  55, 84, 114

1,  250, 245, 239

1,  54, 72, 96

1,  46, 65, 95

1,  11, 39, 79

1,  9, 51, 109

1,  184, 197, 216

1,  165, 181, 204

1,  94, 112, 136

1,  48, 68, 93

1,  14, 51, 103

1,  22, 55, 88

1,  43, 70, 97

1,  159, 151, 148

1,  21, 46, 66

1,  81, 98, 116

1,  23, 42, 75

1,  59, 78, 110

1,  9, 40, 84

1,  31, 67, 117

1,  197, 220, 254

1,  204, 226, 255

1,  71, 90, 105

1,  236, 253, 255

1,  228, 249, 255

1,  189, 210, 229

1,  151, 143, 141

1,  140, 132, 130

1,  150, 142, 140

1,  145, 137, 135

1,  134, 149, 168

1,  216, 233, 249

1,  195, 213, 235

1,  136, 158, 182

1,  218, 211, 205

1,  217, 212, 209

1,  81, 97, 120

1,  33, 49, 72

1,  200, 211, 229

1,  248, 245, 252

1,  105, 122, 148

1,  212, 204, 202

1,  61, 85, 119

1,  248, 240, 238

1,  42, 59, 85

1,  109, 121, 145

1,  51, 68, 94

1,  23, 44, 75

1,  21, 54, 107

1,  115, 134, 149

1,  195, 213, 227

1,  196, 196, 196

1,  150, 150, 150

1,  77, 90, 107

1,  145, 145, 145

1,  215, 227, 253

1,  232, 232, 232

1,  202, 202, 202

1,  120, 135, 156

1,  127, 127, 127

1,  192, 186, 186

1,  132, 155, 189

1,  197, 217, 242

1,  203, 202, 198

1,  120, 136, 152

1,  52, 69, 89

1,  21, 54, 87

1,  29, 55, 82

1,  84, 102, 122

1,  148, 165, 183

1,  230, 223, 215

1,  129, 150, 171

1,  26, 52, 79

1,  21, 43, 82

1,  179, 191, 207

1,  56, 71, 92

1,  169, 158, 152

1,  219, 210, 203

1,  247, 236, 230

1,  205, 213, 224

1,  45, 66, 87

1,  76, 97, 118

1,  152, 169, 185

1,  145, 144, 140

1,  55, 77, 101

1,  71, 88, 106

1,  19, 39, 64

1,  46, 75, 109

1,  9, 47, 94

1,  195, 194, 192

1,  226, 233, 251

1,  163, 162, 160

1,  40, 54, 80

1,  173, 163, 161

1,  96, 109, 128

1,  140, 130, 128

1,  17, 39, 76

1,  202, 210, 221

1,  221, 237, 252

1,  135, 134, 132

1,  24, 63, 104

1,  243, 240, 231

1,  2, 37, 79

1,  175, 166, 161

1,  167, 184, 210

1,  106, 122, 155

1,  239, 241, 236

1,  164, 180, 203

1,  83, 103, 127

1,  200, 196, 193

1,  148, 159, 181

1,  234, 254, 255

1,  148, 145, 140

1,  196, 217, 234

1,  214, 222, 245

1,  202, 212, 237

1,  211, 223, 249

1,  203, 219, 244

1,  240, 233, 225

1,  204, 220, 243

1,  212, 203, 198

1,  237, 237, 239

1,  117, 138, 159

1,  13, 46, 100

1,  58, 78, 103

1,  187, 198, 218

1,  68, 86, 108

1,  31, 55, 103

1,  30, 52, 99

1,  20, 42, 89

1,  27, 49, 96

1,  14, 46, 87

1,  40, 59, 102

1,  53, 72, 114

1,  63, 82, 115

1,  156, 173, 193

1,  195, 209, 222

1,  42, 70, 109

1,  206, 224, 246

1,  202, 223, 242

1,  194, 215, 232

1,  181, 176, 173

1,  35, 59, 105

1,  132, 127, 124

1,  18, 59, 115

1,  200, 213, 229

1,  84, 101, 121

1,  51, 69, 91

1,  212, 211, 209

1,  218, 227, 242

1,  152, 163, 181

1,  84, 96, 120

1,  45, 59, 86

1,  23, 47, 83

1,  37, 56, 88

1,  34, 63, 103

1,  21, 46, 87

1,  37, 61, 99

1,  214, 223, 252

1,  151, 162, 190

1,  84, 106, 130

1,  18, 41, 73

1,  45, 65, 90

1,  205, 220, 239

1,  239, 236, 231

1,  203, 211, 230

1,  59, 75, 100

1,  45, 78, 119

1,  81, 103, 127

1,  37, 57, 94

1,  40, 56, 90

1,  33, 49, 82

1,  45, 60, 93

1,  38, 51, 83

1,  53, 64, 94

1,  91, 102, 132

1,  37, 59, 96

1,  118, 118, 118

1,  30, 30, 38

1,  28, 31, 38

1,  55, 75, 102

1,  246, 240, 242

1,  244, 243, 248

1,  231, 238, 254

1,  104, 116, 138

1,  11, 36, 67

1,  45, 68, 102

1,  40, 60, 85

1,  135, 147, 163

1,  199, 207, 220

1,  28, 43, 72

1,  234, 235, 240

1,  21, 64, 109

1,  5, 46, 90

1,  30, 69, 110

1,  29, 44, 65

1,  145, 162, 178

1,  25, 37, 53

1,  177, 200, 214

1,  231, 241, 251

1,  240, 241, 235

1,  27, 50, 92

1,  48, 43, 39

1,  27, 22, 19

1,  95, 113, 135

1,  227, 234, 250

1,  210, 222, 244

1,  20, 18, 19

1,  210, 223, 242

1,  209, 221, 237

1,  29, 32, 39

1,  253, 245, 242

1,  22, 28, 40

1,  130, 153, 169

1,  227, 247, 255

1,  124, 136, 152

1,  26, 42, 68

1,  186, 200, 211

1,  8, 41, 76

1,  49, 75, 100

1,  45, 44, 52

1,  198, 210, 224

1,  107, 122, 141

1,  26, 44, 66

1,  47, 68, 97

1,  50, 73, 104

1,  140, 158, 182

1,  201, 217, 243

1,  143, 160, 188

1,  74, 91, 119

1,  109, 126, 146

1,  233, 240, 248

1,  241, 241, 239

1,  36, 71, 111

1,  240, 249, 244

1,  32, 71, 114

1,  231, 239, 250

1,  109, 125, 140

1,  79, 95, 111

1,  132, 149, 167

1,  207, 226, 243

1,  197, 208, 226

1,  150, 161, 179

1,  120, 133, 150

1,  146, 158, 174

1,  29, 44, 67

1,  19, 30, 48

1,  13, 20, 36

1,  111, 122, 140

1,  97, 108, 126

1,  150, 159, 176

1,  191, 198, 214

1,  33, 35, 47

1,  207, 217, 229

1,  51, 65, 92

1,  52, 64, 86

1,  45, 71, 108

1,  15, 44, 86

1,  76, 98, 121

1,  187, 205, 225

1,  236, 238, 255

1,  151, 157, 181

1,  54, 66, 92

1,  36, 53, 83

1,  60, 84, 112

1,  23, 48, 88

1,  31, 64, 117

1,  36, 63, 106

1,  103, 121, 145

1,  25, 64, 97

1,  27, 51, 97

1,  153, 171, 195

1,  50, 75, 115

1,  238, 246, 248

1,  13, 45, 92

1,  187, 195, 214

1,  235, 239, 238

1,  16, 62, 114

1,  195, 208, 224

1,  115, 132, 150

1,  60, 81, 102

1,  34, 68, 103

1,  22, 67, 122

1,  38, 72, 120

1,  140, 152, 176

1,  219, 226, 245

1,  204, 211, 227

1,  120, 131, 151

1,  38, 53, 76

1,  240, 240, 248

1,  93, 115, 139

1,  41, 59, 79

1,  131, 150, 165

1,  226, 244, 255

1,  170, 184, 197

1,  240, 244, 253

1,  251, 241, 239

1,  216, 231, 252

1,  168, 184, 209

1,  58, 71, 103

1,  32, 46, 81

1,  39, 61, 102

1,  43, 58, 77

1,  18, 57, 112

1,  15, 54, 109

1,  43, 58, 79

1,  143, 151, 170

1,  158, 170, 186

1,  229, 237, 226

1,  72, 88, 104

1,  181, 193, 209

1,  10, 30, 63

1,  248, 243, 249

1,  30, 71, 125

1,  220, 225, 247

1,  147, 153, 179

1,  54, 61, 90

1,  19, 32, 64

1,  42, 54, 80

1,  178, 184, 206

1,  213, 228, 249

1,  36, 68, 115

1,  21, 40, 72

1,  110, 122, 144

1,  237, 246, 245

1,  236, 238, 253

1,  247, 253, 241

1,  179, 194, 215

1,  43, 59, 84

1,  35, 60, 101

1,  22, 26, 29

1,  48, 68, 95

1,  26, 44, 68

1,  36, 69, 112

1,  0, 35, 80

1,  22, 46, 82

1,  41, 67, 104

1,  7, 37, 75

1,  39, 66, 109

1,  17, 42, 83

1,  183, 204, 225

1,  50, 67, 87

1,  229, 239, 240

1,  213, 226, 234

1,  16, 49, 102

1,  48, 69, 96

1,  122, 143, 170

1,  121, 141, 165

1,  106, 121, 142

1,  19, 41, 65

1,  175, 197, 221

1,  22, 46, 84

1,  38, 41, 48

1,  24, 25, 29

1,  109, 129, 162

1,  210, 226, 255

1,  179, 199, 232

1,  94, 117, 149

1,  92, 118, 153

1,  24, 24, 26

1,  33, 32, 38

1,  25, 22, 15

1,  0, 31, 72

1,  50, 50, 48

1,  28, 32, 35

1,  15, 24, 33

1,  38, 50, 64

1,  69, 89, 126

1,  118, 137, 167

1,  139, 162, 193

1,  51, 75, 109

1,  131, 154, 186

1,  3, 40, 84

1,  29, 40, 60

1,  191, 208, 224

1,  126, 145, 162

1,  68, 89, 108

1,  37, 60, 78

1,  27, 53, 70

1,  30, 55, 75

1,  32, 60, 84

1,  217, 227, 236

1,  213, 231, 255

1,  171, 191, 216

1,  107, 127, 152

1,  18, 26, 45

1,  176, 197, 228

1,  62, 83, 114

1,  41, 64, 95

1,  22, 30, 51

1,  41, 70, 104

1,  3, 34, 78

1,  39, 70, 114

1,  21, 33, 55

1,  32, 63, 109

1,  16, 24, 45

1,  24, 29, 48

1,  39, 43, 54

1,  16, 62, 112

1,  142, 159, 166

1,  78, 95, 103

1,  34, 53, 67

1,  176, 196, 221

1,  100, 123, 154

1,  133, 145, 167

1,  229, 247, 255

1,  201, 216, 223

1,  88, 96, 117

1,  204, 213, 228

1,  100, 123, 155

1,  23, 21, 26

1,  43, 69, 104

1,  142, 154, 176

1,  232, 239, 255

1,  23, 24, 26

1,  209, 217, 238

1,  128, 140, 166

1,  42, 57, 88

1,  30, 48, 84

1,  33, 60, 105

1,  28, 31, 36

1,  224, 243, 255

1,  37, 44, 52

1,  115, 137, 158

1,  46, 72, 95

1,  99, 120, 141

1,  15, 45, 69

1,  234, 234, 232

1,  99, 123, 149

1,  24, 34, 43

1,  23, 39, 54

1,  25, 47, 71

1,  25, 63, 102

1,  93, 108, 131

1,  24, 48, 84

1,  52, 72, 99

1,  120, 138, 162

1,  45, 62, 92

1,  18, 28, 53

1,  233, 252, 255

1,  198, 221, 239

1,  28, 33, 52

1,  34, 32, 43

1,  159, 177, 199

1,  223, 240, 255

1,  21, 51, 77

1,  239, 248, 253

1,  35, 43, 54

1,  24, 42, 66

1,  26, 61, 91

1,  25, 41, 67

1,  103, 113, 123

1,  103, 124, 145

1,  41, 58, 86

1,  179, 190, 212

1,  245, 254, 251

1,  218, 229, 247

1,  114, 131, 157

1,  6, 39, 90

1,  30, 42, 64

1,  207, 226, 255

1,  95, 118, 150

1,  35, 44, 61

1,  24, 59, 115

1,  26, 50, 94

1,  34, 56, 95

1,  21, 40, 73

1,  35, 44, 59

1,  11, 45, 80

1,  30, 43, 62

1,  103, 125, 148

1,  224, 240, 253

1,  120, 138, 158

1,  22, 46, 70

1,  18, 26, 37

1,  34, 68, 114

1,  153, 167, 194

1,  236, 239, 255

1,  245, 243, 254

1,  246, 236, 237

1,  27, 42, 65

1,  224, 232, 253

1,  126, 140, 167

1,  9, 43, 89

1,  174, 190, 215

1,  7, 51, 98

1,  38, 63, 93

1,  166, 179, 196

1,  57, 81, 107

1,  180, 192, 208

1,  67, 91, 117

1,  72, 88, 113

1,  63, 87, 113

1,  166, 186, 210

1,  212, 228, 251

1,  104, 124, 151

1,  7, 44, 99

1,  26, 63, 118

1,  28, 65, 118

1,  24, 46, 69

1,  251, 254, 243

1,  123, 135, 159

1,  166, 181, 200

1,  38, 54, 90

1,  34, 61, 90

1,  169, 181, 197

1,  55, 74, 91

1,  188, 205, 215

1,  36, 52, 78

1,  30, 49, 89

1,  31, 62, 116

1,  16, 49, 103

1,  139, 158, 173

1,  25, 48, 64

1,  187, 204, 220

1,  19, 41, 62

1,  14, 57, 100

1,  14, 29, 68

1,  76, 88, 126

1,  163, 174, 204

1,  169, 180, 200

1,  168, 181, 197

1,  32, 54, 77

1,  30, 68, 107

1,  163, 181, 203

1,  171, 186, 205

1,  247, 241, 243

1,  114, 129, 160

1,  15, 40, 80

1,  78, 93, 116

1,  213, 222, 239

1,  79, 97, 133

1,  111, 127, 161

1,  43, 59, 82

1,  24, 42, 80

1,  26, 52, 89

1,  14, 39, 70

1,  211, 224, 243

1,  124, 141, 167

1,  43, 77, 125

1,  32, 60, 108

1,  52, 72, 96

1,  35, 57, 98

1,  247, 250, 243

1,  25, 68, 113

1,  73, 84, 114

1,  212, 219, 245

1,  233, 238, 244

1,  189, 200, 218

1,  42, 57, 80

1,  10, 43, 84

1,  49, 70, 97

1,  118, 136, 158

1,  218, 235, 255

1,  122, 142, 167

1,  18, 41, 72

1,  43, 67, 105

1,  189, 206, 224

1,  250, 254, 240

1,  212, 223, 241

1,  57, 84, 113

1,  40, 73, 124

1,  8, 41, 86

1,  12, 46, 84

1,  102, 120, 142

1,  227, 239, 251

1,  218, 233, 254

1,  15, 42, 85

1,  31, 62, 109

1,  206, 224, 238

1,  22, 47, 67

1,  41, 67, 116

1,  75, 91, 117

1,  197, 213, 238

1,  179, 195, 218

1,  59, 80, 107

1,  9, 43, 88

1,  41, 66, 106

1,  49, 75, 112

1,  35, 51, 77

1,  154, 171, 199

1,  49, 77, 114

1,  89, 103, 129

1,  46, 67, 98

1,  221, 235, 246

1,  96, 116, 143

1,  117, 133, 159

1,  206, 225, 240

1,  213, 230, 246

1,  46, 68, 92

1,  30, 57, 86

1,  34, 64, 98

1,  63, 85, 106

1,  12, 44, 91

1,  126, 146, 171

1,  42, 62, 97

1,  6, 35, 75

1,  148, 165, 193

1,  202, 217, 248

1,  37, 70, 113

1,  107, 124, 154

1,  138, 150, 166

1,  35, 50, 71

1,  131, 144, 163

1,  238, 241, 250

1,  115, 131, 156

1,  51, 78, 108

1,  103, 127, 153

1,  154, 174, 198

1,  158, 175, 191

1,  162, 178, 194

1,  181, 194, 210

1,  164, 179, 200

1,  152, 170, 194

1,  26, 46, 71

1,  227, 234, 240

1,  35, 55, 79

1,  50, 68, 108

1,  18, 36, 82

1,  41, 63, 110

1,  21, 48, 91

1,  6, 36, 70

1,  161, 172, 192

1,  36, 57, 76

1,  124, 142, 156

1,  236, 247, 249

1,  111, 126, 149

1,  1, 38, 91

1,  39, 58, 90

1,  22, 50, 98

1,  68, 84, 107

1,  195, 213, 225

1,  27, 52, 72

1,  30, 60, 86

1,  16, 50, 85

1,  40, 67, 114

1,  42, 65, 106

1,  123, 143, 168

1,  123, 135, 161

1,  22, 40, 76

1,  27, 54, 81

1,  26, 62, 98

1,  9, 53, 98

1,  7, 53, 103

1,  25, 71, 120

1,  12, 56, 101

1,  18, 48, 82

1,  53, 75, 99

1,  148, 163, 184

1,  88, 105, 125

1,  239, 235, 236

1,  174, 184, 196

1,  37, 55, 77

1,  37, 63, 90

1,  12, 58, 107

1,  104, 126, 149

1,  203, 215, 231

1,  176, 197, 218

1,  209, 229, 253

1,  20, 64, 113

1,  118, 133, 164

1,  223, 233, 255

1,  14, 57, 108

1,  190, 199, 216

1,  116, 131, 152

1,  175, 188, 197

1,  249, 248, 255

1,  218, 240, 254

1,  49, 77, 99

1,  16, 49, 80

1,  15, 60, 115

1,  15, 38, 69

1,  149, 170, 199

1,  190, 212, 236

1,  207, 228, 249

1,  230, 237, 255

1,  239, 243, 255

1,  124, 150, 167

1,  217, 235, 249

1,  41, 60, 90

1,  22, 39, 65

1,  23, 58, 88

1,  61, 76, 97

1,  136, 151, 172

1,  222, 236, 245

1,  189, 207, 221

1,  124, 145, 162

1,  43, 68, 88

1,  18, 44, 67

1,  26, 56, 80

1,  13, 55, 105

1,  44, 73, 113

1,  98, 112, 139

1,  179, 196, 214

1,  237, 242, 255

1,  110, 122, 148

1,  18, 62, 111

1,  70, 92, 115

1,  16, 43, 72

1,  47, 74, 104

1,  7, 34, 64

1,  19, 63, 110

1,  22, 68, 118

1,  20, 47, 74

1,  2, 48, 97

1,  71, 93, 116

1,  222, 239, 249

1,  196, 214, 228

1,  128, 147, 162

1,  33, 56, 74

1,  35, 50, 79

1,  93, 104, 126

1,  203, 210, 228

1,  35, 69, 104

1,  12, 55, 97

1,  17, 61, 108

1,  230, 239, 254

1,  210, 221, 241

1,  39, 67, 106

1,  165, 171, 187

1,  181, 194, 213

1,  46, 61, 82

1,  21, 51, 105

1,  20, 51, 105

1,  106, 124, 144

1,  194, 215, 236

1,  80, 103, 121

1,  32, 59, 80

1,  31, 47, 72

1,  68, 83, 106

1,  195, 208, 227

1,  98, 113, 134

1,  252, 254, 243

1,  18, 47, 91

1,  180, 198, 222

1,  6, 42, 90

1,  24, 48, 92

1,  169, 184, 203

1,  56, 74, 98

1,  62, 77, 100

1,  26, 50, 98

1,  41, 74, 107

1,  95, 113, 133

1,  236, 243, 249

1,  76, 92, 117

1,  133, 148, 169

1,  225, 238, 255

1,  101, 117, 142

1,  52, 73, 102

1,  12, 35, 69

1,  39, 73, 121

1,  59, 83, 111

1,  26, 64, 100

1,  73, 84, 104

1,  179, 192, 208

1,  221, 229, 242

1,  101, 113, 129

1,  50, 65, 86

1,  26, 53, 80

1,  53, 70, 88

1,  112, 128, 141

1,  224, 238, 249

1,  134, 157, 175

1,  22, 49, 76

1,  34, 67, 102

1,  61, 79, 103

1,  158, 175, 193

1,  64, 85, 106

1,  25, 59, 87

1,  32, 68, 100

1,  152, 174, 197

1,  188, 199, 219

1,  91, 105, 134

1,  23, 66, 111

1,  217, 234, 254

1,  163, 184, 205

1,  189, 210, 231

1,  146, 164, 188

1,  48, 62, 88

1,  130, 141, 161

1,  37, 59, 80

1,  19, 61, 101

1,  57, 75, 95

1,  170, 181, 199

1,  117, 136, 153

1,  37, 59, 82

1,  112, 127, 150

1,  110, 125, 146

1,  205, 217, 233

1,  25, 49, 75

1,  14, 42, 90

1,  144, 161, 187

1,  50, 78, 117

1,  19, 26, 44

1,  32, 34, 46

1,  250, 247, 255

1,  139, 151, 167

1,  7, 44, 89

1,  32, 73, 125

1,  3, 46, 101

1,  11, 39, 78

1,  148, 163, 186

1,  31, 33, 45

1,  92, 106, 132

1,  8, 41, 82

1,  41, 76, 116

1,  37, 74, 118

1,  27, 62, 118

1,  20, 55, 111

1,  25, 45, 70

1,  33, 33, 41

1,  31, 35, 46

1,  37, 69, 108

1,  192, 203, 223

1,  242, 244, 241

1,  243, 245, 240

1,  98, 115, 133

1,  31, 34, 41

1,  38, 72, 110

1,  12, 42, 78

1,  163, 188, 219

1,  143, 170, 200

1,  177, 190, 207

1,  145, 160, 179

1,  46, 66, 93

1,  131, 146, 169

1,  245, 244, 249

1,  42, 72, 110

1,  7, 39, 78

1,  98, 115, 141

1,  144, 157, 174

1,  233, 240, 255

1,  15, 36, 65

1,  12, 50, 86

1,  18, 42, 66

1,  115, 136, 157

1,  194, 207, 223

1,  46, 74, 98

1,  13, 44, 73

1,  133, 153, 180

1,  212, 228, 243

1,  111, 129, 149

1,  6, 41, 83

1,  35, 62, 91

1,  43, 35, 33

1,  33, 25, 22

1,  23, 54, 83

1,  137, 149, 171

1,  24, 65, 117

1,  143, 159, 184

1,  0, 35, 85

1,  95, 116, 147

1,  211, 226, 245

1,  34, 33, 39

1,  197, 216, 230

1,  80, 102, 123

1,  35, 32, 39

1,  112, 129, 157

1,  40, 35, 39

1,  13, 55, 95

1,  255, 245, 239

1,  117, 138, 155

1,  28, 55, 74

1,  42, 73, 101

1,  15, 49, 87

1,  50, 42, 40

1,  34, 70, 120

1,  136, 154, 176

1,  32, 32, 40

1,  37, 72, 114

1,  176, 193, 213

1,  111, 138, 155

1,  26, 60, 85

1,  28, 56, 106

1,  31, 58, 105

1,  66, 82, 115

1,  144, 156, 172

1,  46, 61, 84

1,  25, 68, 123

1,  31, 44, 53

1,  82, 102, 127

1,  179, 196, 216

1,  31, 48, 64

1,  12, 41, 73

1,  181, 194, 211

1,  4, 47, 100

1,  164, 184, 195

1,  58, 79, 110

1,  11, 52, 104

1,  173, 186, 203

1,  69, 86, 112

1,  11, 51, 103

1,  27, 50, 91

1,  10, 39, 81

1,  33, 74, 128

1,  222, 244, 255

1,  76, 103, 124

1,  27, 57, 83

1,  20, 51, 82

1,  35, 36, 40

1,  16, 23, 29

1,  133, 145, 161

1,  21, 42, 73

1,  18, 61, 116

1,  125, 146, 175

1,  13, 49, 81

1,  10, 23, 42

1,  182, 196, 223

1,  225, 235, 247

1,  219, 236, 252

1,  57, 78, 95

1,  18, 46, 70

1,  17, 55, 91

1,  19, 38, 71

1,  96, 110, 139

1,  11, 37, 72

1,  33, 34, 39

1,  99, 118, 135

1,  27, 54, 83

1,  7, 46, 89

1,  160, 176, 199

1,  214, 232, 254

1,  95, 117, 141

1,  131, 144, 161

1,  57, 73, 96

1,  4, 46, 94

1,  102, 121, 138

1,  29, 36, 52

1,  21, 40, 70

1,  17, 21, 32

1,  5, 46, 98

1,  99, 117, 137

1,  17, 60, 105

1,  6, 50, 97

1,  139, 156, 184

1,  235, 243, 246

1,  41, 41, 49

1,  16, 51, 81

1,  30, 70, 106

1,  25, 21, 20

1,  41, 36, 32

1,  189, 208, 225

1,  235, 246, 252

1,  199, 216, 226

1,  229, 236, 246

1,  242, 252, 254

1,  233, 246, 252

1,  121, 127, 141

1,  65, 81, 106

1,  97, 104, 123

1,  119, 122, 137

1,  123, 125, 137

1,  122, 122, 130

1,  131, 130, 135

1,  118, 116, 119

1,  119, 115, 114

1,  128, 124, 121

1,  25, 15, 23

1,  43, 38, 44

1,  46, 45, 50

1,  29, 20, 21

1,  41, 35, 37

1,  107, 106, 112

1,  20, 25, 29

1,  133, 127, 129

1,  130, 120, 118

1,  220, 233, 250

1,  64, 82, 104

1,  13, 46, 89

1,  25, 24, 32

1,  190, 206, 232

1,  57, 77, 101

1,  195, 210, 233

1,  60, 81, 108

1,  195, 203, 222

1,  42, 41, 49

1,  42, 39, 46

1,  30, 25, 29

1,  30, 21, 24

1,  37, 26, 24

1,  40, 29, 25

1,  129, 121, 119

1,  33, 49, 75

1,  28, 40, 62

1,  25, 37, 59

1,  21, 34, 51

1,  44, 53, 68

1,  24, 31, 41

1,  34, 37, 44

1,  28, 26, 29

1,  22, 22, 22

1,  38, 38, 40

1,  26, 26, 34

1,  26, 29, 38

1,  41, 47, 59

1,  35, 50, 73

1,  16, 35, 65

1,  27, 34, 52

1,  27, 33, 47

1,  43, 33, 31

1,  18, 34, 57

1,  26, 30, 41

1,  26, 34, 47

1,  28, 35, 51

1,  26, 34, 53

1,  28, 39, 45

1,  33, 32, 40

1,  21, 38, 48

1,  39, 32, 26

1,  17, 38, 57

1,  37, 37, 37

1,  222, 234, 248

1,  17, 46, 80

1,  15, 14, 20

1,  33, 40, 58

1,  34, 49, 72

1,  48, 73, 113

1,  31, 43, 65

1,  30, 41, 61

1,  30, 38, 57

1,  51, 49, 54

1,  142, 159, 177

1,  187, 204, 230

1,  236, 237, 241

1,  69, 92, 123

1,  30, 59, 89

1,  176, 188, 204

1,  254, 252, 239

1,  208, 218, 243

1,  150, 160, 187

1,  115, 127, 153

1,  147, 158, 186

1,  204, 215, 237

1,  150, 167, 187

1,  8, 38, 74

1,  120, 137, 157

1,  27, 40, 49

1,  39, 74, 114

1,  7, 43, 91

1,  22, 30, 33

1,  31, 74, 125

1,  35, 39, 38

1,  36, 52, 88

1,  110, 130, 155

1,  42, 71, 111

1,  210, 227, 245

1,  170, 186, 209

1,  76, 96, 123

1,  24, 47, 78

1,  233, 244, 248

1,  10, 32, 69

1,  21, 43, 84

1,  37, 60, 101

1,  205, 221, 244

1,  111, 132, 159

1,  249, 251, 240

1,  199, 215, 241

1,  122, 137, 168

1,  43, 58, 89

1,  139, 152, 168

1,  25, 67, 117

1,  4, 44, 93

1,  25, 33, 44

1,  109, 130, 151

1,  23, 49, 74

1,  34, 38, 47

1,  177, 195, 219

1,  35, 36, 41

1,  186, 202, 218

1,  228, 242, 255

1,  0, 34, 79

1,  188, 204, 220

1,  220, 232, 246

1,  174, 187, 203

1,  30, 29, 35

1,  15, 36, 63

1,  34, 70, 118

1,  173, 189, 212

1,  31, 59, 83

1,  137, 156, 171

1,  154, 171, 191

1,  140, 160, 184

1,  31, 54, 106

1,  36, 57, 100

1,  144, 159, 178

1,  14, 38, 66

1,  91, 112, 139

1,  28, 45, 73

1,  93, 110, 130

1,  137, 155, 177

1,  142, 160, 180

1,  145, 166, 185

1,  89, 107, 129

1,  197, 210, 226

1,  13, 46, 81

1,  44, 57, 74

1,  15, 41, 74

1,  48, 77, 109

1,  44, 66, 87

1,  218, 237, 252

1,  37, 28, 33

1,  13, 43, 93

1,  53, 77, 111

1,  122, 144, 168

1,  228, 240, 252

1,  40, 70, 124

1,  177, 198, 215

1,  239, 240, 242

1,  167, 184, 202

1,  36, 68, 119

1,  10, 40, 94

1,  44, 72, 122

1,  114, 135, 154

1,  221, 238, 246

1,  205, 222, 242

1,  19, 39, 63

1,  30, 33, 40

1,  43, 68, 98

1,  35, 63, 111

1,  25, 26, 30

1,  202, 215, 231

1,  218, 225, 243

1,  67, 92, 122

1,  44, 39, 43

1,  54, 72, 92

1,  144, 157, 173

1,  133, 150, 178

1,  31, 63, 112

1,  28, 28, 30

1,  31, 61, 111

1,  15, 41, 78

1,  70, 91, 112

1,  130, 148, 162

1,  200, 217, 225

1,  244, 242, 247

1,  215, 225, 237

1,  39, 67, 117

1,  12, 39, 86

1,  209, 226, 242

1,  54, 78, 106

1,  165, 180, 199

1,  63, 81, 105

1,  21, 34, 53

1,  177, 198, 219

1,  226, 240, 251

1,  230, 239, 248

1,  121, 139, 161

1,  165, 182, 202

1,  17, 41, 69

1,  107, 122, 145

1,  205, 222, 238

1,  97, 119, 143

1,  151, 162, 184

1,  24, 31, 47

1,  22, 33, 51

1,  119, 137, 161

1,  21, 33, 49

1,  252, 247, 241

1,  86, 108, 132

1,  40, 63, 105

1,  25, 31, 43

1,  157, 178, 205

1,  36, 56, 93

1,  108, 123, 152

1,  161, 185, 211

1,  210, 222, 234

1,  225, 243, 255

1,  24, 32, 45

1,  185, 203, 225

1,  23, 30, 46

1,  35, 73, 120

1,  5, 45, 94

1,  22, 31, 48

1,  116, 133, 159

1,  106, 127, 154

1,  188, 195, 203

1,  153, 169, 185

1,  29, 47, 67

1,  167, 175, 194

1,  14, 41, 71

1,  33, 33, 31

1,  39, 69, 105

1,  240, 245, 238

1,  42, 43, 47

1,  110, 126, 141

1,  20, 29, 36

1,  51, 72, 103

1,  29, 62, 95

1,  217, 227, 239

1,  247, 244, 251

1,  198, 215, 235

1,  188, 205, 212

1,  69, 88, 102

1,  76, 92, 115

1,  56, 78, 99

1,  13, 44, 75

1,  110, 127, 145

1,  34, 68, 116

1,  34, 69, 107

1,  42, 71, 105

1,  102, 117, 140

1,  224, 236, 255

1,  143, 163, 190

1,  12, 41, 75

1,  40, 72, 110

1,  29, 65, 115

1,  165, 180, 201

1,  38, 41, 56

1,  42, 42, 52

1,  30, 61, 92

1,  24, 23, 29

1,  24, 19, 23

1,  126, 141, 160

1,  23, 37, 50

1,  37, 65, 102

1,  178, 194, 217

1,  38, 68, 94

1,  30, 63, 96

1,  12, 39, 68

1,  36, 61, 91

1,  21, 39, 63

1,  30, 38, 59

1,  62, 80, 102

1,  169, 183, 196

1,  224, 233, 242

1,  32, 38, 52

1,  66, 83, 111

1,  32, 47, 70

1,  21, 23, 35

1,  188, 214, 231

1,  43, 68, 99

1,  35, 62, 81

1,  114, 138, 150

1,  173, 188, 207

1,  27, 45, 67

1,  121, 139, 163

1,  68, 89, 110

1,  173, 189, 205

1,  187, 200, 216

1,  185, 202, 222

1,  225, 244, 250

1,  68, 90, 101

1,  67, 84, 104

1,  37, 62, 82

1,  45, 79, 117

1,  12, 44, 82

1,  10, 40, 74

1,  52, 79, 109

1,  20, 41, 62

1,  34, 55, 76

1,  207, 219, 233

1,  10, 37, 64

1,  210, 218, 231

1,  4, 35, 79

1,  54, 78, 112

1,  145, 157, 169

1,  218, 231, 248

1,  110, 126, 152

1,  32, 48, 82

1,  27, 46, 86

1,  39, 58, 100

1,  31, 50, 92

1,  19, 35, 69

1,  238, 238, 250

1,  171, 178, 196

1,  8, 49, 93

1,  229, 238, 247

1,  30, 32, 44

1,  32, 66, 104

1,  108, 128, 152

1,  20, 64, 109

1,  44, 70, 97

1,  25, 69, 114

1,  69, 77, 96

1,  32, 62, 98

1,  22, 28, 42

1,  41, 43, 55

1,  50, 63, 79

1,  234, 241, 249

1,  240, 242, 239

1,  236, 242, 254

1,  158, 168, 195

1,  53, 64, 96

1,  37, 50, 85

1,  43, 56, 91

1,  31, 42, 74

1,  70, 80, 107

1,  178, 186, 207

1,  213, 213, 225

1,  12, 51, 94

1,  24, 24, 36

1,  24, 23, 31

1,  5, 49, 94

1,  47, 63, 88

1,  36, 72, 120

1,  52, 73, 104

1,  177, 190, 209

1,  49, 40, 45

1,  159, 172, 191

1,  40, 73, 114

1,  38, 70, 117

1,  18, 47, 87

1,  240, 241, 246

1,  49, 69, 93

1,  171, 187, 203

1,  115, 132, 158

1,  7, 38, 84

1,  40, 71, 118

1,  127, 138, 158

1,  226, 234, 253

1,  132, 150, 174

1,  12, 46, 83

1,  16, 60, 105

1,  173, 191, 213

1,  44, 38, 40

1,  39, 28, 24

1,  38, 29, 22

1,  48, 72, 100

1,  41, 74, 109

1,  146, 154, 173

1,  29, 71, 113

1,  27, 62, 100

1,  221, 234, 253

1,  180, 187, 205

1,  77, 94, 120

1,  25, 67, 115

1,  175, 191, 214

1,  239, 240, 244

1,  6, 47, 91

1,  13, 41, 80

1,  213, 221, 240

1,  161, 173, 199

1,  9, 47, 84

1,  129, 144, 167

1,  251, 244, 234

1,  49, 45, 42

1,  25, 67, 105

1,  12, 52, 88

1,  33, 68, 100

1,  14, 43, 73

1,  73, 91, 115

1,  29, 29, 21

1,  245, 244, 252

1,  243, 237, 239

1,  205, 218, 235

1,  24, 67, 109

1,  29, 71, 111

1,  26, 68, 106

1,  18, 49, 78

1,  213, 230, 248

1,  69, 90, 119

1,  28, 32, 43

1,  205, 217, 239

1,  27, 28, 33

1,  22, 21, 26

1,  211, 211, 211

1,  89, 98, 107

1,  47, 43, 44

1,  45, 77, 118

1,  135, 152, 178

1,  238, 233, 239

1,  251, 255, 243

1,  238, 244, 234

1,  144, 153, 162

1,  24, 40, 56

1,  15, 39, 75

1,  199, 213, 239

1,  53, 79, 106

1,  129, 149, 173

1,  29, 38, 43

1,  25, 41, 64

1,  122, 140, 164

1,  238, 247, 244

1,  36, 70, 115

1,  132, 148, 171

1,  32, 45, 64

1,  227, 237, 239

1,  137, 153, 176

1,  41, 56, 75

1,  221, 230, 247

1,  23, 32, 49

1,  21, 38, 58

1,  156, 166, 178

1,  225, 237, 255

1,  165, 177, 203

1,  15, 45, 99

1,  248, 253, 246

1,  202, 217, 236

1,  247, 250, 239

1,  121, 136, 157

1,  23, 66, 109

1,  36, 62, 89

1,  158, 178, 202

1,  199, 206, 222

1,  49, 65, 90

1,  31, 45, 56

1,  168, 180, 204

1,  142, 162, 186

1,  35, 53, 73

1,  43, 64, 91

1,  130, 146, 171

1,  241, 244, 253

1,  244, 238, 238

1,  14, 46, 97

1,  35, 65, 119

1,  115, 126, 146

1,  130, 44, 53

1,  74, 94, 119

1,  185, 195, 207

1,  163, 101, 106

1,  124, 42, 54

1,  141, 47, 63

1,  136, 35, 51

1,  106, 129, 160

1,  90, 111, 140

1,  20, 63, 105

1,  116, 44, 56

1,  200, 163, 170

1,  239, 202, 210

1,  252, 215, 222

1,  250, 213, 221

1,  249, 212, 219

1,  247, 210, 217

1,  252, 217, 223

1,  212, 162, 163

1,  242, 213, 217

1,  228, 229, 223

1,  148, 150, 136

1,  120, 33, 49

1,  27, 60, 113

1,  161, 79, 93

1,  210, 145, 153

1,  40, 61, 82

1,  161, 157, 154

1,  223, 237, 248

1,  230, 248, 255

1,  245, 244, 240

1,  243, 246, 237

1,  210, 210, 200

1,  130, 147, 167

1,  30, 46, 79

1,  174, 197, 228

1,  173, 199, 232

1,  10, 40, 78

1,  138, 41, 60

1,  251, 225, 228

1,  41, 59, 81

1,  133, 42, 60

1,  207, 157, 169

1,  238, 211, 220

1,  161, 182, 201

1,  142, 164, 185

1,  255, 232, 239

1,  230, 180, 191

1,  169, 103, 117

1,  115, 34, 51

1,  129, 34, 54

1,  136, 27, 50

1,  42, 64, 103

1,  178, 196, 218

1,  215, 235, 255

1,  154, 37, 53

1,  152, 171, 188

1,  44, 68, 106

1,  153, 37, 60

1,  176, 188, 212

1,  154, 167, 184

1,  224, 237, 246

1,  250, 199, 206

1,  165, 85, 98

1,  21, 49, 97

1,  162, 45, 64

1,  131, 5, 26

1,  24, 52, 102

1,  151, 170, 185

1,  152, 34, 46

1,  219, 226, 244

1,  177, 183, 205

1,  170, 34, 58

1,  161, 169, 192

1,  170, 180, 205

1,  160, 175, 196

1,  26, 57, 112

1,  25, 56, 111

1,  190, 123, 130

1,  116, 39, 49

1,  228, 175, 181

1,  186, 199, 215

1,  97, 112, 135

1,  255, 225, 233

1,  210, 136, 149

1,  225, 232, 248

1,  156, 57, 75

1,  129, 27, 41

1,  142, 32, 41

1,  144, 33, 42

1,  131, 139, 158

1,  44, 65, 96

1,  205, 214, 231

1,  19, 61, 99

1,  102, 123, 152

1,  14, 56, 96

1,  230, 240, 255

1,  15, 47, 98

1,  139, 127, 115

1,  128, 119, 112

1,  158, 151, 143

1,  206, 197, 192

1,  129, 120, 111

1,  226, 218, 215

1,  32, 66, 94

1,  247, 198, 204

1,  155, 102, 108

1,  104, 49, 55

1,  119, 46, 57

1,  148, 37, 54

1,  154, 20, 44

1,  16, 52, 84

1,  17, 53, 87

1,  116, 130, 156

1,  28, 60, 117

1,  30, 62, 119

1,  108, 34, 51

1,  151, 35, 58

1,  129, 159, 197

1,  167, 14, 42

1,  170, 16, 42

1,  172, 24, 48

1,  134, 154, 181

1,  186, 201, 220

1,  151, 44, 60

1,  124, 38, 49

1,  28, 61, 114

1,  218, 159, 165

1,  255, 212, 215

1,  23, 54, 109

1,  255, 236, 240

1,  245, 190, 195

1,  244, 246, 255

1,  119, 31, 47

1,  120, 46, 59

1,  168, 106, 117

1,  124, 70, 83

1,  190, 138, 151

1,  254, 207, 217

1,  255, 222, 232

1,  242, 201, 209

1,  237, 200, 208

1,  169, 190, 221

1,  159, 41, 57

1,  244, 213, 218

1,  247, 212, 219

1,  122, 139, 155

1,  248, 245, 254

1,  246, 215, 220

1,  245, 214, 219

1,  251, 212, 217

1,  228, 178, 187

1,  244, 213, 219

1,  163, 40, 58

1,  195, 216, 243

1,  37, 65, 105

1,  131, 12, 31

1,  155, 42, 62

1,  132, 25, 45

1,  109, 12, 29

1,  230, 177, 183

1,  240, 244, 243

1,  225, 216, 209

1,  205, 204, 202

1,  195, 187, 184

1,  190, 199, 208

1,  215, 208, 202

1,  17, 56, 95

1,  27, 66, 123

1,  198, 215, 241

1,  233, 236, 241

1,  33, 53, 90

1,  255, 253, 240

1,  25, 52, 105

1,  13, 40, 85

1,  141, 19, 40

1,  15, 57, 99

1,  21, 63, 105

1,  38, 58, 93

1,  88, 104, 130

1,  148, 20, 45

1,  155, 35, 60

1,  138, 50, 66

1,  147, 160, 179

1,  229, 182, 188

1,  255, 231, 232

1,  205, 215, 227

1,  181, 196, 219

1,  148, 74, 87

1,  112, 30, 44

1,  15, 58, 100

1,  145, 159, 185

1,  253, 210, 217

1,  190, 129, 137

1,  246, 215, 213

1,  34, 55, 98

1,  254, 235, 237

1,  255, 228, 237

1,  220, 159, 167

1,  143, 77, 87

1,  231, 236, 242

1,  114, 41, 52

1,  102, 114, 130

1,  124, 48, 58

1,  145, 33, 57

1,  153, 170, 196

1,  147, 49, 64

1,  130, 148, 172

1,  51, 75, 103

1,  114, 51, 59

1,  109, 29, 42

1,  158, 49, 68

1,  165, 37, 60

1,  112, 14, 29

1,  55, 75, 108

1,  172, 34, 57

1,  88, 107, 139

1,  155, 170, 201

1,  196, 210, 237

1,  183, 200, 226

1,  21, 47, 84

1,  133, 55, 68

1,  225, 168, 175

1,  255, 229, 233

1,  66, 87, 106

1,  51, 76, 117

1,  243, 255, 252

1,  160, 79, 94

1,  137, 34, 55

1,  170, 103, 112

1,  99, 115, 140

1,  156, 168, 190

1,  237, 246, 255

1,  11, 40, 72

1,  147, 143, 140

1,  40, 68, 107

1,  166, 166, 166

1,  201, 194, 188

1,  191, 204, 221

1,  213, 210, 205

1,  119, 138, 168

1,  220, 223, 212

1,  180, 186, 172

1,  127, 125, 113

1,  178, 196, 210

1,  145, 143, 131

1,  9, 31, 68

1,  221, 223, 212

1,  247, 241, 245

1,  41, 63, 102

1,  255, 222, 224

1,  158, 106, 110

1,  17, 52, 106

1,  12, 42, 70

1,  129, 48, 57

1,  75, 98, 116

1,  229, 172, 179

1,  203, 215, 237

1,  243, 192, 197

1,  176, 109, 116

1,  127, 44, 54

1,  125, 25, 37

1,  45, 59, 85

1,  60, 75, 106

1,  158, 37, 56

1,  150, 52, 65

1,  110, 40, 48

1,  223, 174, 177

1,  255, 213, 216

1,  202, 140, 145

1,  131, 56, 61

1,  41, 72, 118

1,  23, 62, 101

1,  144, 22, 45

1,  148, 41, 59

1,  150, 56, 72

1,  120, 40, 51

1,  105, 38, 47

1,  173, 114, 120

1,  18, 57, 98

1,  27, 60, 114

1,  255, 222, 231

1,  109, 129, 154

1,  140, 53, 69

1,  19, 53, 88

1,  28, 64, 98

1,  167, 40, 59

1,  55, 74, 104

1,  193, 209, 232

1,  201, 211, 223

1,  116, 31, 38

1,  149, 49, 61

1,  31, 62, 91

1,  142, 20, 35

1,  171, 39, 62

1,  146, 14, 38

1,  25, 49, 83

1,  167, 22, 53

1,  125, 47, 60

1,  255, 228, 235

1,  251, 230, 235

1,  41, 58, 78

1,  190, 208, 222

1,  22, 44, 68

1,  175, 192, 208

1,  159, 81, 95

1,  228, 168, 176

1,  92, 110, 134

1,  237, 191, 201

1,  121, 47, 62

1,  129, 36, 47

1,  161, 170, 179

1,  236, 241, 247

1,  219, 235, 255

1,  70, 92, 116

1,  38, 70, 108

1,  144, 47, 64

1,  138, 44, 60

1,  50, 79, 111

1,  241, 157, 170

1,  200, 218, 242

1,  255, 224, 234

1,  204, 217, 233

1,  132, 121, 115

1,  125, 116, 111

1,  124, 31, 42

1,  174, 165, 158

1,  132, 34, 47

1,  148, 42, 56

1,  162, 113, 109

1,  154, 98, 99

1,  149, 83, 85

1,  140, 63, 71

1,  136, 49, 58

1,  122, 19, 36

1,  155, 39, 58

1,  26, 48, 71

1,  71, 84, 101

1,  163, 18, 47

1,  208, 216, 229

1,  160, 172, 186

1,  69, 83, 96

1,  42, 54, 66

1,  70, 80, 90

1,  146, 44, 58

1,  168, 125, 119

1,  223, 214, 209

1,  207, 200, 192

1,  163, 35, 60

1,  139, 21, 45

1,  152, 44, 67

1,  111, 18, 36

1,  123, 47, 60

1,  201, 141, 149

1,  36, 62, 99

1,  232, 243, 247

1,  0, 33, 80

1,  143, 155, 171

1,  164, 141, 149

1,  162, 131, 136

1,  177, 132, 129

1,  173, 118, 115

1,  166, 106, 105

1,  170, 36, 61

1,  247, 238, 233

1,  111, 127, 153

1,  152, 13, 36

1,  162, 153, 148

1,  155, 148, 140

1,  20, 37, 57

1,  212, 160, 164

1,  132, 67, 75

1,  101, 21, 32

1,  124, 32, 47

1,  148, 42, 62

1,  149, 33, 54

1,  161, 37, 61

1,  29, 47, 69

1,  35, 50, 69

1,  39, 52, 69

1,  116, 125, 140

1,  223, 231, 242

1,  130, 150, 175

1,  169, 130, 123

1,  163, 126, 118

1,  176, 194, 214

1,  240, 214, 213

1,  68, 85, 113

1,  253, 221, 222

1,  242, 212, 212

1,  238, 210, 209

1,  248, 224, 222

1,  27, 49, 72

1,  250, 234, 237

1,  162, 149, 140

1,  216, 225, 240

1,  21, 42, 71

1,  128, 123, 117

1,  249, 244, 238

1,  226, 221, 215

1,  230, 222, 219

1,  243, 213, 211

1,  230, 225, 219

1,  45, 66, 95

1,  250, 208, 209

1,  131, 55, 65

1,  138, 29, 48

1,  150, 16, 43

1,  171, 33, 59

1,  8, 49, 103

1,  39, 67, 107

1,  183, 195, 217

1,  214, 232, 246

1,  140, 155, 174

1,  133, 28, 45

1,  122, 40, 52

1,  117, 46, 54

1,  165, 102, 110

1,  240, 185, 190

1,  255, 220, 223

1,  247, 211, 211

1,  231, 226, 220

1,  159, 152, 144

1,  241, 236, 230

1,  13, 35, 59

1,  116, 29, 45

1,  238, 243, 249

1,  132, 41, 59

1,  122, 35, 52

1,  128, 47, 62

1,  166, 92, 105

1,  231, 168, 177

1,  246, 253, 245

1,  107, 129, 153

1,  106, 126, 153

1,  1, 38, 83

1,  209, 190, 196

1,  147, 122, 125

1,  163, 132, 127

1,  149, 166, 184

1,  168, 183, 202

1,  154, 38, 59

1,  110, 128, 152

1,  187, 203, 228

1,  229, 235, 249

1,  165, 155, 145

1,  126, 117, 110

1,  224, 219, 216

1,  252, 233, 235

1,  102, 119, 137

1,  162, 98, 98

1,  117, 41, 53

1,  221, 233, 255

1,  155, 42, 60

1,  61, 81, 105

1,  167, 38, 60

1,  182, 195, 212

1,  41, 71, 107

1,  180, 193, 210

1,  181, 196, 217

1,  150, 78, 81

1,  131, 50, 57

1,  126, 36, 46

1,  224, 215, 210

1,  240, 241, 236

1,  255, 242, 239

1,  217, 188, 190

1,  144, 93, 98

1,  123, 31, 46

1,  158, 39, 59

1,  30, 48, 70

1,  103, 115, 129

1,  239, 242, 247

1,  188, 207, 224

1,  137, 12, 30

1,  158, 43, 60

1,  133, 32, 46

1,  117, 31, 42

1,  216, 215, 213

1,  156, 84, 95

1,  5, 36, 82

1,  213, 208, 204

1,  217, 230, 247

1,  137, 20, 39

1,  243, 243, 255

1,  55, 76, 93

1,  118, 30, 44

1,  36, 62, 87

1,  218, 188, 198

1,  203, 196, 188

1,  146, 128, 116

1,  158, 142, 129

1,  211, 204, 198

1,  39, 65, 92

1,  158, 145, 136

1,  106, 127, 146

1,  213, 204, 197

1,  37, 59, 83

1,  211, 154, 161

1,  43, 66, 100

1,  255, 243, 245

1,  0, 31, 75

1,  120, 135, 154

1,  221, 230, 245

1,  221, 232, 252

1,  81, 106, 128

1,  130, 40, 50

1,  47, 75, 99

1,  221, 237, 255

1,  211, 217, 231

1,  172, 26, 47

1,  170, 24, 45

1,  128, 140, 162

1,  154, 35, 54

1,  198, 211, 230

1,  145, 43, 57

1,  156, 18, 43

1,  42, 67, 97

1,  102, 122, 146

1,  229, 236, 254

1,  228, 232, 241

1,  135, 139, 150

1,  27, 40, 57

1,  143, 161, 183

1,  104, 124, 148

1,  143, 164, 181

1,  8, 41, 72

1,  162, 39, 60

1,  156, 106, 117

1,  114, 51, 62

1,  133, 51, 57

1,  139, 42, 49

1,  133, 29, 38

1,  138, 26, 40

1,  18, 39, 68

1,  150, 171, 190

1,  133, 81, 93

1,  104, 46, 60

1,  32, 48, 71

1,  169, 30, 49

1,  153, 34, 56

1,  187, 76, 95

1,  255, 167, 184

1,  255, 237, 249

1,  152, 138, 125

1,  137, 121, 108

1,  109, 122, 141

1,  199, 190, 183

1,  179, 176, 171

1,  228, 220, 217

1,  224, 165, 171

1,  112, 29, 39

1,  152, 45, 63

1,  151, 21, 47

1,  157, 17, 44

1,  165, 43, 64

1,  14, 43, 75

1,  174, 183, 192

1,  169, 36, 63

1,  181, 41, 67

1,  146, 8, 31

1,  43, 62, 94

1,  142, 25, 41

1,  20, 47, 92

1,  104, 128, 152

1,  162, 37, 55

1,  231, 235, 238

1,  239, 244, 240

1,  236, 239, 248

1,  84, 103, 118

1,  7, 40, 85

1,  43, 79, 115

1,  29, 57, 81

1,  160, 26, 53

1,  142, 12, 36

1,  157, 21, 45

1,  110, 131, 152

1,  156, 38, 54

1,  141, 37, 48

1,  137, 25, 41

1,  171, 188, 198

1,  150, 14, 38

1,  51, 73, 94

1,  30, 62, 113

1,  94, 119, 141

1,  105, 121, 137

1,  29, 60, 107

1,  148, 15, 34

1,  155, 18, 38

1,  166, 25, 44

1,  157, 13, 36

1,  111, 124, 140

1,  176, 34, 56

1,  137, 44, 52

1,  141, 54, 60

1,  150, 71, 74

1,  147, 85, 88

1,  173, 34, 57

1,  233, 237, 238

1,  139, 20, 42

1,  145, 51, 69

1,  201, 138, 149

1,  194, 206, 218

1,  123, 135, 149

1,  50, 68, 90

1,  253, 244, 247

1,  10, 52, 102

1,  132, 147, 166

1,  242, 237, 234

1,  142, 151, 166

1,  224, 201, 209

1,  147, 120, 129

1,  158, 118, 126

1,  133, 140, 150

1,  200, 141, 143

1,  192, 207, 228

1,  190, 204, 230

1,  6, 49, 91

1,  20, 65, 106

1,  61, 75, 104

1,  208, 207, 205

1,  119, 123, 126

1,  241, 252, 246

1,  118, 123, 126

1,  190, 109, 124

1,  145, 37, 60

1,  116, 123, 131

1,  162, 28, 53

1,  76, 84, 105

1,  163, 38, 54

1,  141, 29, 41

1,  39, 56, 86

1,  16, 45, 89

1,  135, 35, 43

1,  187, 204, 224

1,  121, 138, 156

1,  161, 24, 40

1,  161, 23, 39

1,  166, 23, 43

1,  169, 32, 52

1,  30, 71, 115

1,  18, 58, 93

1,  28, 68, 104

1,  136, 42, 58

1,  217, 222, 228

1,  148, 55, 73

1,  169, 91, 105

1,  246, 192, 205

1,  121, 122, 124

1,  119, 123, 124

1,  178, 194, 210

1,  174, 190, 206

1,  161, 30, 44

1,  162, 90, 93

1,  26, 62, 96

1,  248, 207, 205

1,  255, 217, 215

1,  255, 220, 219

1,  248, 208, 208

1,  129, 130, 135

1,  254, 209, 216

1,  128, 123, 120

1,  244, 214, 214

1,  243, 214, 216

1,  243, 215, 214

1,  238, 208, 210

1,  255, 221, 222

1,  218, 173, 178

1,  158, 105, 115

1,  114, 57, 66

1,  255, 212, 211

1,  163, 128, 124

1,  71, 87, 110

1,  201, 135, 139

1,  232, 219, 210

1,  239, 194, 191

1,  178, 122, 123

1,  28, 63, 93

1,  122, 34, 46

1,  26, 58, 115

1,  9, 53, 92

1,  15, 60, 99

1,  15, 60, 102

1,  13, 55, 103

1,  150, 32, 44

1,  9, 45, 97

1,  18, 43, 83

1,  169, 19, 44

1,  118, 41, 47

1,  239, 183, 184

1,  160, 33, 44

1,  159, 33, 44

1,  17, 51, 88

1,  45, 68, 110

1,  16, 43, 88

1,  35, 72, 116

1,  20, 55, 93

1,  153, 37, 48

1,  140, 32, 45

1,  148, 69, 75

1,  208, 156, 158

1,  255, 227, 225

1,  71, 91, 115

1,  188, 205, 221

1,  185, 112, 121

1,  142, 50, 61

1,  123, 25, 38

1,  150, 38, 54

1,  33, 53, 88

1,  154, 17, 35

1,  182, 104, 118

1,  218, 239, 255

1,  14, 43, 87

1,  166, 34, 55

1,  17, 45, 85

1,  19, 43, 67

1,  142, 19, 40

1,  99, 121, 142

1,  154, 42, 64

1,  123, 34, 54

1,  165, 94, 112

1,  237, 176, 191

1,  255, 234, 244

1,  238, 243, 237

1,  144, 158, 187

1,  239, 248, 245

1,  254, 254, 244

1,  64, 83, 113

1,  164, 31, 48

1,  166, 35, 51

1,  153, 20, 37

1,  123, 135, 147

1,  144, 129, 126

1,  149, 135, 134

1,  146, 134, 134

1,  231, 221, 220

1,  227, 176, 183

1,  162, 90, 102

1,  127, 34, 52

1,  136, 22, 45

1,  91, 103, 125

1,  169, 22, 48

1,  169, 21, 45

1,  165, 19, 42

1,  157, 18, 37

1,  154, 21, 38

1,  149, 146, 137

1,  16, 49, 84

1,  154, 150, 141

1,  237, 230, 222

1,  32, 62, 88

1,  89, 119, 145

1,  113, 142, 172

1,  38, 56, 76

1,  190, 202, 216

1,  141, 158, 176

1,  134, 40, 56

1,  106, 42, 56

1,  38, 62, 86

1,  149, 31, 55

1,  165, 33, 54

1,  123, 53, 63

1,  169, 101, 112

1,  233, 171, 182

1,  255, 224, 233

1,  32, 62, 114

1,  144, 32, 56

1,  126, 45, 60

1,  150, 19, 37

1,  123, 119, 120

1,  126, 44, 59

1,  137, 66, 80

1,  221, 165, 174

1,  25, 32, 42

1,  160, 152, 149

1,  25, 42, 58

1,  149, 145, 136

1,  29, 50, 69

1,  146, 143, 134

1,  169, 171, 160

1,  203, 211, 198

1,  233, 244, 230

1,  249, 255, 246

1,  25, 60, 114

1,  255, 209, 224

1,  160, 27, 54

1,  229, 160, 178

1,  171, 38, 57

1,  145, 16, 38

1,  28, 43, 82

1,  29, 38, 67

1,  188, 118, 126

1,  255, 213, 215

1,  255, 226, 226

1,  255, 248, 239

1,  255, 251, 240

1,  30, 30, 40

1,  215, 184, 190

1,  189, 142, 150

1,  27, 22, 29

1,  26, 19, 26

1,  32, 23, 26

1,  36, 26, 27

1,  42, 30, 30

1,  45, 34, 32

1,  199, 114, 135

1,  142, 36, 58

1,  144, 10, 34

1,  14, 49, 87

1,  41, 78, 107

1,  17, 47, 71

1,  202, 198, 197

1,  154, 144, 142

1,  188, 183, 177

1,  228, 225, 220

1,  177, 122, 128

1,  145, 65, 78

1,  125, 22, 41

1,  10, 53, 96

1,  167, 35, 59

1,  46, 83, 125

1,  142, 26, 39

1,  13, 42, 82

1,  19, 45, 72

1,  122, 143, 162

1,  143, 161, 181

1,  45, 75, 111

1,  170, 37, 58

1,  167, 36, 54

1,  25, 51, 76

1,  18, 43, 65

1,  148, 32, 41

1,  48, 70, 109

1,  18, 41, 85

1,  174, 41, 62

1,  39, 72, 117

1,  19, 66, 112

1,  8, 56, 102

1,  119, 21, 36

1,  20, 67, 111

1,  216, 144, 156

1,  253, 241, 241

1,  253, 243, 242

1,  136, 17, 36

1,  153, 15, 38

1,  41, 63, 104

1,  142, 27, 40

1,  43, 34, 39

1,  41, 31, 30

1,  32, 22, 20

1,  155, 27, 40

1,  31, 35, 38

1,  27, 36, 41

1,  23, 36, 44

1,  21, 38, 46

1,  23, 42, 57

1,  31, 53, 77

1,  118, 52, 62

1,  254, 207, 215

1,  251, 206, 213

1,  23, 50, 97

1,  34, 61, 114

1,  168, 30, 55

1,  248, 209, 214

1,  39, 32, 39

1,  172, 84, 100

1,  118, 116, 117

1,  144, 144, 146

1,  111, 111, 113

1,  181, 107, 122

1,  244, 182, 193

1,  243, 253, 252

1,  122, 123, 118

1,  152, 148, 137

1,  123, 122, 117

1,  132, 132, 122

1,  156, 159, 150

1,  192, 195, 186

1,  255, 233, 243

1,  255, 222, 234

1,  239, 157, 172

1,  139, 42, 61

1,  249, 213, 215

1,  251, 215, 219

1,  248, 214, 215

1,  14, 61, 103

1,  141, 20, 35

1,  152, 44, 57

1,  128, 33, 41

1,  128, 48, 51

1,  161, 95, 96

1,  170, 129, 125

1,  178, 184, 172

1,  12, 61, 102

1,  249, 193, 196

1,  205, 132, 141

1,  155, 63, 76

1,  122, 17, 34

1,  149, 33, 52

1,  1, 48, 92

1,  19, 64, 106

1,  163, 85, 99

1,  222, 171, 178

1,  239, 242, 235

1,  246, 211, 215

1,  248, 216, 217

1,  193, 205, 219

1,  102, 117, 136

1,  14, 38, 64

1,  43, 69, 96

1,  65, 87, 110

1,  5, 44, 87

1,  230, 238, 241

1,  41, 68, 111

1,  31, 66, 96

1,  183, 194, 216

1,  185, 184, 182

1,  152, 148, 147

1,  152, 147, 144

1,  246, 245, 240

1,  64, 86, 109

1,  151, 22, 44

1,  33, 61, 109

1,  147, 19, 34

1,  153, 17, 37

1,  146, 17, 37

1,  144, 17, 38

1,  165, 46, 66

1,  142, 26, 45

1,  188, 192, 201

1,  121, 20, 36

1,  27, 46, 78

1,  25, 42, 72

1,  31, 46, 75

1,  50, 64, 90

1,  253, 247, 255

1,  230, 239, 234

1,  3, 35, 74

1,  16, 37, 64

1,  168, 39, 59

1,  20, 42, 66

1,  151, 35, 56

1,  184, 198, 224

1,  17, 39, 78

1,  31, 51, 88

1,  252, 213, 216

1,  238, 199, 202

1,  243, 204, 207

1,  253, 217, 217

1,  246, 212, 211

1,  247, 211, 213

1,  250, 210, 211

1,  254, 208, 211

1,  102, 118, 151

1,  226, 163, 171

1,  173, 100, 111

1,  131, 49, 63

1,  122, 29, 47

1,  145, 38, 58

1,  255, 214, 219

1,  83, 105, 129

1,  228, 238, 240

1,  89, 101, 123

1,  136, 137, 129

1,  137, 140, 131

1,  131, 132, 126

1,  231, 223, 221

1,  232, 183, 187

1,  176, 115, 122

1,  134, 63, 71

1,  121, 37, 50

1,  126, 36, 48

1,  48, 71, 103

1,  135, 47, 63

1,  136, 45, 62

1,  95, 116, 145

1,  129, 32, 51

1,  147, 121, 120

1,  150, 23, 40

1,  158, 128, 128

1,  128, 115, 109

1,  177, 193, 208

1,  23, 40, 66

1,  157, 33, 57

1,  185, 200, 229

1,  107, 16, 31

1,  144, 67, 77

1,  201, 136, 144

1,  246, 196, 199

1,  218, 230, 255

1,  255, 242, 236

1,  206, 219, 238

1,  119, 135, 160

1,  244, 239, 233

1,  214, 206, 203

1,  41, 56, 79

1,  163, 137, 136

1,  201, 144, 151

1,  134, 62, 73

1,  42, 65, 83

1,  35, 48, 65

1,  163, 170, 180

1,  170, 37, 64

1,  167, 43, 67

1,  134, 157, 173

1,  36, 61, 81

1,  136, 66, 76

1,  169, 114, 119

1,  19, 45, 70

1,  23, 47, 85

1,  163, 156, 148

1,  228, 221, 213

1,  248, 239, 234

1,  93, 109, 132

1,  195, 192, 187

1,  2, 43, 89

1,  184, 197, 213

1,  29, 67, 114

1,  71, 85, 114

1,  34, 50, 83

1,  176, 32, 59

1,  173, 30, 58

1,  27, 53, 102

1,  148, 22, 46

1,  29, 50, 95

1,  134, 42, 57

1,  108, 35, 46

1,  107, 52, 58

1,  159, 120, 121

1,  206, 181, 177

1,  222, 183, 184

1,  141, 67, 80

1,  141, 47, 65

1,  47, 65, 103

1,  170, 183, 202

1,  188, 195, 205

1,  160, 157, 152

1,  231, 228, 223

1,  130, 46, 61

1,  174, 104, 114

1,  243, 186, 193

1,  253, 233, 232

1,  159, 166, 174

1,  125, 143, 163

1,  185, 204, 221

1,  241, 251, 252

1,  247, 242, 246

1,  183, 105, 119

1,  127, 19, 42

1,  161, 35, 59

1,  168, 36, 57

1,  153, 16, 36

1,  144, 166, 179

1,  130, 31, 49

1,  142, 16, 40

1,  156, 22, 49

1,  178, 35, 63

1,  48, 59, 77

1,  163, 154, 147

1,  229, 215, 214

1,  255, 237, 233

1,  46, 66, 103

1,  11, 27, 61

1,  54, 68, 97

1,  126, 23, 42

1,  179, 122, 131

1,  115, 24, 41

1,  148, 43, 60

1,  170, 48, 69

1,  194, 205, 227

1,  242, 252, 244

1,  39, 61, 98

1,  8, 39, 83

1,  132, 58, 71

1,  254, 245, 250

1,  244, 245, 250

1,  239, 253, 254

1,  249, 204, 211

1,  111, 43, 54

1,  20, 49, 93

1,  46, 71, 101

1,  101, 118, 136

1,  225, 237, 249

1,  163, 34, 54

1,  149, 17, 38

1,  149, 13, 33

1,  177, 40, 60

1,  95, 103, 124

1,  33, 47, 76

1,  43, 63, 100

1,  27, 61, 96

1,  148, 18, 42

1,  51, 76, 116

1,  38, 68, 96

1,  255, 195, 200

1,  121, 23, 36

1,  170, 87, 105

1,  248, 184, 198

1,  35, 46, 68

1,  225, 240, 255

1,  64, 84, 109

1,  7, 39, 77

1,  41, 76, 118

1,  30, 49, 91

1,  197, 213, 239

1,  228, 241, 249

1,  187, 115, 127

1,  126, 24, 45

1,  114, 135, 162

1,  243, 244, 236

1,  138, 150, 174

1,  199, 124, 131

1,  206, 228, 252

1,  173, 22, 53

1,  174, 27, 55

1,  152, 132, 131

1,  151, 133, 133

1,  114, 131, 149

1,  158, 146, 146

1,  137, 129, 127

1,  221, 217, 216

1,  238, 253, 248

1,  240, 255, 250

1,  172, 184, 206

1,  24, 38, 67

1,  226, 165, 173

1,  172, 88, 103

1,  133, 30, 49

1,  46, 64, 100

1,  19, 49, 77

1,  148, 128, 127

1,  145, 126, 122

1,  34, 56, 79

1,  159, 141, 137

1,  155, 19, 41

1,  165, 33, 56

1,  223, 230, 236

1,  201, 214, 231

1,  63, 79, 104

1,  51, 73, 112

1,  121, 38, 48

1,  135, 37, 60

1,  198, 141, 148

1,  17, 41, 85

1,  199, 192, 184

1,  237, 232, 226

1,  7, 35, 83

1,  129, 126, 119

1,  125, 122, 113

1,  15, 40, 70

1,  224, 182, 186

1,  143, 167, 193

1,  145, 35, 62

1,  211, 214, 229

1,  195, 130, 136

1,  249, 199, 202

1,  229, 173, 182

1,  163, 97, 109

1,  124, 50, 65

1,  161, 38, 56

1,  146, 19, 38

1,  177, 43, 67

1,  173, 37, 61

1,  140, 6, 30

1,  235, 234, 239

1,  45, 60, 81

1,  42, 65, 97

1,  165, 32, 51

1,  223, 230, 246

1,  137, 56, 65

1,  218, 234, 249

1,  120, 24, 36

1,  180, 41, 60

1,  160, 173, 189

1,  42, 75, 116

1,  152, 17, 49

1,  158, 35, 63

1,  149, 41, 64

1,  124, 33, 51

1,  148, 76, 88

1,  220, 167, 175

1,  57, 74, 100

1,  184, 201, 219

1,  2, 43, 87

1,  250, 216, 217

1,  186, 114, 126

1,  166, 40, 64

1,  170, 38, 59

1,  135, 24, 41

1,  63, 88, 108

1,  150, 18, 42

1,  155, 36, 56

1,  234, 251, 241

1,  251, 255, 249

1,  254, 213, 217

1,  30, 70, 122

1,  135, 63, 74

1,  132, 46, 57

1,  127, 29, 44

1,  134, 23, 40

1,  193, 208, 227

1,  248, 248, 240

1,  192, 205, 224

1,  73, 90, 116

1,  172, 36, 58

1,  17, 40, 71

1,  106, 123, 141

1,  235, 255, 246

1,  222, 223, 218

1,  125, 127, 122

1,  138, 141, 134

1,  82, 103, 122

1,  138, 68, 76

1,  189, 130, 134

1,  246, 196, 197

1,  125, 134, 151

1,  176, 171, 168

1,  210, 207, 202

1,  145, 25, 52

1,  230, 227, 220

1,  146, 118, 117

1,  156, 124, 125

1,  162, 134, 133

1,  157, 136, 133

1,  147, 132, 129

1,  135, 135, 127

1,  130, 131, 125

1,  158, 143, 138

1,  192, 148, 147

1,  157, 124, 117

1,  163, 138, 131

1,  28, 50, 91

1,  219, 230, 252

1,  147, 164, 190

1,  146, 157, 177

1,  255, 254, 242

1,  174, 186, 198

1,  34, 52, 74

1,  31, 71, 120

1,  2, 45, 98

1,  31, 72, 128

1,  44, 66, 103

1,  100, 115, 146

1,  127, 146, 163

1,  44, 62, 108

1,  30, 50, 103

1,  11, 39, 89

1,  17, 48, 103

1,  26, 62, 114

1,  20, 65, 98

1,  62, 78, 112

1,  34, 51, 94

1,  227, 223, 224

1,  43, 71, 121

1,  36, 52, 86

1,  255, 211, 213

1,  149, 161, 183

1,  154, 78, 88

1,  38, 67, 97

1,  18, 51, 84

1,  30, 65, 103

1,  89, 110, 131

1,  251, 239, 249

1,  41, 73, 86

1,  21, 62, 84

1,  21, 66, 108

1,  151, 139, 125

1,  36, 51, 80

1,  236, 238, 237

1,  45, 67, 104

1,  212, 212, 212

1,  99, 115, 141

1,  178, 177, 175

1,  140, 160, 185

1,  147, 156, 173

1,  158, 146, 134

1,  145, 131, 118

1,  152, 140, 124

1,  146, 134, 120

1,  252, 248, 239

1,  94, 118, 142

1,  216, 234, 254

1,  255, 221, 225

1,  254, 199, 205

1,  10, 54, 99

1,  142, 151, 168

1,  27, 67, 93

1,  167, 189, 200

1,  139, 32, 48

1,  141, 30, 49

1,  31, 69, 105

1,  121, 34, 50

1,  144, 81, 92

1,  8, 47, 88

1,  201, 209, 222

1,  52, 63, 83

1,  29, 70, 124

1,  12, 57, 116

1,  9, 50, 106

1,  25, 47, 84

1,  69, 88, 120

1,  246, 248, 255

1,  8, 48, 97

1,  13, 44, 62

1,  145, 133, 119

1,  175, 190, 209

1,  209, 205, 202

1,  218, 225, 241

1,  163, 156, 150

1,  140, 156, 182

1,  206, 199, 191

1,  161, 154, 146

1,  209, 224, 247

1,  229, 222, 214

1,  142, 132, 120

1,  28, 51, 85

1,  130, 125, 122

1,  198, 192, 192

1,  246, 240, 240

1,  236, 248, 238

1,  243, 255, 246

1,  251, 242, 235

1,  164, 172, 191

1,  86, 112, 137

1,  23, 42, 82

1,  255, 236, 237

1,  6, 38, 89

1,  48, 79, 125

1,  162, 21, 40

1,  163, 22, 41

1,  206, 223, 243

1,  28, 68, 117

1,  89, 109, 133

1,  181, 199, 213

1,  156, 24, 38

1,  76, 94, 114

1,  25, 44, 74

1,  25, 45, 80

1,  30, 52, 93

1,  140, 48, 63

1,  226, 171, 177

1,  188, 203, 224

1,  216, 225, 242

1,  255, 217, 225

1,  223, 147, 159

1,  123, 146, 160

1,  16, 52, 86

1,  37, 61, 105

1,  70, 89, 119

1,  162, 181, 198

1,  18, 61, 114

1,  105, 27, 40

1,  240, 195, 200

1,  22, 41, 73

1,  184, 195, 213

1,  12, 52, 104

1,  103, 115, 139

1,  180, 188, 207

1,  184, 175, 168

1,  153, 137, 124

1,  255, 246, 254

1,  234, 238, 239

1,  188, 209, 230

1,  237, 241, 252

1,  158, 70, 84

1,  45, 69, 105

1,  13, 44, 91

1,  11, 43, 90

1,  142, 159, 179

1,  34, 75, 121

1,  12, 35, 66

1,  104, 121, 141

1,  176, 191, 212

1,  30, 57, 104

1,  37, 64, 111

1,  19, 42, 84

1,  139, 155, 180

1,  243, 250, 242

1,  150, 14, 34

1,  152, 16, 36

1,  119, 137, 157

1,  140, 39, 55

1,  8, 49, 101

1,  24, 63, 118

1,  241, 190, 199

1,  33, 66, 99

1,  246, 237, 238

1,  159, 176, 194

1,  24, 37, 56

1,  96, 103, 113

1,  203, 207, 216

1,  233, 222, 218

1,  138, 130, 119

1,  28, 69, 113

1,  139, 156, 176

1,  131, 127, 116

1,  7, 44, 86

1,  149, 146, 141

1,  36, 74, 119

1,  235, 178, 187

1,  239, 235, 234

1,  224, 168, 177

1,  227, 167, 175

1,  159, 31, 44

1,  155, 24, 38

1,  113, 128, 149

1,  184, 197, 214

1,  210, 138, 149

1,  223, 156, 165

1,  235, 169, 179

1,  234, 168, 178

1,  232, 166, 178

1,  33, 64, 111

1,  227, 167, 179

1,  228, 166, 179

1,  233, 161, 175

1,  237, 165, 179

1,  232, 169, 178

1,  222, 165, 174

1,  190, 181, 174

1,  180, 171, 164

1,  249, 240, 235

1,  74, 101, 128

1,  91, 117, 144

1,  29, 67, 116

1,  8, 54, 104

1,  72, 92, 116

1,  42, 79, 123

1,  80, 95, 116

1,  154, 170, 193

1,  72, 92, 117

1,  168, 33, 50

1,  238, 248, 249

1,  236, 241, 244

1,  88, 106, 128

1,  133, 42, 59

1,  121, 41, 54

1,  10, 46, 96

1,  147, 40, 56

1,  83, 101, 123

1,  234, 243, 250

1,  218, 207, 201

1,  178, 167, 161

1,  48, 66, 90

1,  17, 49, 98

1,  201, 218, 234

1,  200, 195, 189

1,  246, 249, 240

1,  159, 33, 47

1,  44, 68, 96

1,  148, 72, 82

1,  49, 82, 123

1,  135, 43, 56

1,  6, 39, 82

1,  131, 29, 43

1,  46, 80, 125

1,  147, 162, 181

1,  204, 139, 147

1,  170, 37, 56

1,  32, 52, 76

1,  22, 54, 105

1,  36, 67, 88

1,  23, 62, 93

1,  141, 42, 60

1,  137, 40, 57

1,  9, 42, 93

1,  136, 39, 58

1,  114, 132, 156

1,  9, 41, 80

1,  41, 65, 101

1,  145, 156, 176

1,  187, 200, 219

1,  194, 212, 234

1,  129, 48, 63

1,  166, 100, 112

1,  243, 198, 205

1,  83, 104, 121

1,  152, 164, 180

1,  81, 101, 126

1,  30, 56, 81

1,  21, 44, 85

1,  192, 209, 239

1,  163, 180, 206

1,  12, 34, 58

1,  25, 50, 104

1,  26, 66, 115

1,  15, 48, 102

1,  29, 56, 109

1,  34, 58, 104

1,  16, 36, 71

1,  45, 61, 86

1,  162, 29, 46

1,  146, 160, 173

1,  213, 229, 244

1,  59, 80, 99

1,  13, 53, 89

1,  19, 61, 119

1,  78, 92, 118

1,  201, 212, 234

1,  173, 122, 131

1,  176, 125, 132

1,  99, 116, 134

1,  195, 211, 234

1,  182, 122, 130

1,  186, 113, 122

1,  236, 245, 255

1,  199, 212, 228

1,  135, 43, 58

1,  35, 66, 94

1,  22, 63, 107

1,  106, 124, 146

1,  141, 157, 182

1,  92, 108, 131

1,  22, 49, 92

1,  175, 125, 136

1,  172, 125, 135

1,  175, 129, 139

1,  197, 156, 164

1,  243, 243, 253

1,  9, 49, 101

1,  165, 164, 160

1,  16, 39, 73

1,  49, 72, 104

1,  14, 45, 99

1,  168, 159, 152

1,  29, 59, 87

1,  230, 223, 217

1,  145, 136, 121

1,  136, 126, 114

1,  50, 75, 116

1,  171, 166, 160

1,  238, 235, 230

1,  255, 235, 240

1,  235, 198, 205

1,  140, 130, 118

1,  122, 54, 65

1,  49, 81, 132

1,  240, 243, 255

1,  37, 59, 106

1,  245, 246, 251

1,  123, 114, 107

1,  138, 126, 114

1,  17, 50, 85

1,  255, 232, 240

1,  255, 214, 224

1,  255, 212, 221

1,  255, 211, 220

1,  255, 210, 217

1,  196, 213, 231

1,  255, 207, 214

1,  173, 192, 207

1,  255, 204, 214

1,  27, 58, 112

1,  160, 155, 152

1,  255, 207, 216

1,  28, 51, 101

1,  27, 50, 68

1,  135, 153, 177

1,  235, 255, 253

1,  214, 222, 233

1,  153, 162, 177

1,  84, 97, 114

1,  46, 64, 86

1,  19, 53, 90

1,  22, 64, 114

1,  9, 50, 102

1,  27, 55, 79

1,  40, 66, 83

1,  71, 91, 102

1,  167, 184, 191

1,  108, 130, 154

1,  190, 208, 232

1,  185, 184, 180

1,  244, 238, 240

1,  255, 213, 217

1,  255, 214, 221

1,  147, 162, 183

1,  122, 42, 53

1,  48, 71, 102

1,  106, 122, 145

1,  178, 195, 215

1,  170, 192, 205

1,  44, 70, 93

1,  18, 49, 80

1,  21, 48, 103

1,  29, 55, 106

1,  174, 185, 203

1,  122, 41, 50

1,  117, 44, 53

1,  152, 172, 196

1,  120, 47, 58

1,  125, 45, 58

1,  20, 55, 109

1,  35, 53, 77

1,  213, 150, 161

1,  255, 217, 222

1,  254, 225, 230

1,  33, 67, 105

1,  199, 208, 217

1,  129, 141, 153

1,  13, 59, 111

1,  87, 110, 126

1,  178, 198, 207

1,  235, 235, 233

1,  176, 167, 162

1,  12, 37, 68

1,  138, 154, 179

1,  174, 192, 216

1,  17, 43, 76

1,  255, 211, 219

1,  164, 94, 105

1,  244, 236, 234

1,  253, 240, 232

1,  86, 98, 122

1,  59, 81, 105

1,  173, 193, 217

1,  40, 55, 84

1,  193, 183, 174

1,  211, 228, 248

1,  70, 90, 115

1,  8, 44, 92

1,  98, 115, 135

1,  244, 247, 252

1,  246, 245, 251

1,  116, 132, 155

1,  43, 64, 95

1,  27, 44, 70

1,  232, 223, 216

1,  182, 171, 165

1,  35, 64, 108

1,  238, 241, 246

1,  90, 107, 127

1,  55, 71, 94

1,  93, 109, 125

1,  27, 58, 113

1,  112, 137, 157

1,  194, 190, 187

1,  202, 201, 199

1,  93, 108, 137

1,  18, 44, 79

1,  221, 220, 218

1,  183, 182, 180

1,  44, 78, 116

1,  145, 142, 137

1,  7, 49, 97

1,  189, 188, 184

1,  137, 138, 132

1,  136, 135, 131

1,  200, 209, 224

1,  176, 195, 212

1,  232, 231, 229

1,  40, 69, 109

1,  143, 158, 177

1,  38, 63, 85

1,  48, 67, 84

1,  112, 126, 139

1,  228, 237, 246

1,  245, 244, 250

1,  39, 77, 122

1,  13, 47, 85

1,  215, 214, 210

1,  126, 121, 118

1,  194, 189, 183

1,  66, 88, 109

1,  21, 52, 106

1,  67, 88, 115

1,  32, 69, 111

1,  242, 251, 250

1,  103, 124, 151

1,  28, 48, 85

1,  24, 45, 88

1,  243, 255, 254

1,  182, 194, 218

1,  193, 208, 229

1,  70, 91, 120

1,  27, 64, 116

1,  40, 58, 82

1,  58, 73, 92

1,  118, 48, 59

1,  217, 213, 210

1,  10, 38, 75

1,  162, 158, 155

1,  11, 38, 68

1,  54, 75, 102

1,  125, 143, 167

1,  202, 215, 234

1,  34, 56, 97

1,  242, 233, 228

1,  188, 132, 141

1,  253, 246, 236

1,  178, 190, 204

1,  207, 146, 154

1,  145, 82, 91

1,  237, 242, 245

1,  140, 30, 43

1,  236, 239, 246

1,  154, 18, 38

1,  187, 203, 219

1,  52, 69, 95

1,  169, 28, 45

1,  32, 54, 91

1,  159, 24, 39

1,  24, 44, 68

1,  112, 133, 160

1,  207, 215, 234

1,  164, 26, 41

1,  250, 190, 198

1,  165, 176, 198

1,  255, 206, 213

1,  253, 198, 204

1,  41, 55, 81

1,  58, 68, 93

1,  91, 99, 118

1,  216, 222, 236

1,  7, 45, 94

1,  124, 115, 108

1,  155, 171, 196

1,  249, 239, 237

1,  74, 86, 108

1,  135, 152, 172

1,  255, 208, 217

1,  144, 156, 178

1,  255, 206, 215

1,  137, 151, 178

1,  49, 71, 108

1,  255, 202, 209

1,  165, 24, 41

1,  179, 189, 214

1,  171, 21, 46

1,  175, 167, 164

1,  45, 71, 104

1,  123, 138, 157

1,  96, 114, 138

1,  30, 54, 98

1,  245, 175, 185

1,  177, 101, 113

1,  132, 52, 65

1,  127, 38, 56

1,  220, 233, 249

1,  128, 143, 164

1,  36, 51, 84

1,  55, 70, 103

1,  249, 249, 239

1,  188, 206, 226

1,  130, 122, 119

1,  140, 156, 179

1,  18, 34, 67

1,  183, 180, 175

1,  197, 208, 230

1,  59, 74, 97

1,  212, 155, 162

1,  185, 200, 221

1,  28, 69, 115

1,  47, 62, 85

1,  85, 96, 116

1,  44, 61, 89

1,  135, 142, 160

1,  184, 177, 169

1,  179, 174, 171

1,  181, 176, 170

1,  166, 158, 155

1,  32, 57, 98

1,  235, 242, 248

1,  187, 198, 220

1,  200, 206, 222

1,  102, 112, 139

1,  10, 48, 93

1,  178, 193, 214

1,  141, 30, 46

1,  81, 96, 115

1,  143, 37, 51

1,  139, 35, 46

1,  137, 35, 46

1,  209, 218, 233

1,  178, 190, 206

1,  176, 187, 205

1,  86, 109, 125

1,  16, 46, 72

1,  33, 60, 113

1,  140, 34, 48

1,  140, 32, 47

1,  145, 157, 179

1,  225, 232, 250

1,  14, 44, 78

1,  177, 111, 121

1,  38, 73, 111

1,  170, 94, 104

1,  56, 68, 84

1,  33, 50, 70

1,  18, 62, 109

1,  89, 107, 127

1,  177, 195, 209

1,  171, 162, 155

1,  99, 117, 139

1,  17, 47, 97

1,  241, 255, 253

1,  237, 255, 248

1,  240, 255, 249

1,  204, 216, 238

1,  255, 230, 234

1,  255, 203, 210

1,  224, 157, 164

1,  143, 41, 55

1,  252, 232, 233

1,  192, 208, 224

1,  37, 54, 74

1,  168, 177, 194

1,  30, 50, 74

1,  210, 228, 242

1,  15, 46, 77

1,  13, 49, 101

1,  28, 48, 83

1,  39, 54, 83

1,  145, 156, 178

1,  101, 113, 137

1,  13, 42, 74

1,  75, 99, 125

1,  211, 229, 249

1,  21, 41, 74

1,  228, 179, 185

1,  42, 67, 108

1,  241, 240, 246

1,  244, 232, 234

1,  237, 239, 251

1,  75, 92, 118

1,  38, 56, 78

1,  52, 69, 97

1,  43, 58, 81

1,  119, 132, 151

1,  196, 208, 224

1,  8, 45, 87

1,  37, 71, 109

1,  1, 42, 88

1,  209, 206, 201

1,  175, 168, 160

1,  112, 136, 162

1,  255, 250, 239

1,  202, 135, 142

1,  168, 85, 93

1,  6, 46, 95

1,  122, 26, 38

1,  5, 35, 69

1,  160, 105, 111

1,  222, 180, 184

1,  52, 74, 98

1,  26, 50, 74

1,  44, 66, 89

1,  113, 134, 155

1,  226, 208, 208

1,  161, 140, 139

1,  134, 116, 114

1,  118, 133, 152

1,  132, 136, 122

1,  118, 131, 148

1,  116, 127, 145

1,  240, 231, 222

1,  134, 143, 160

1,  183, 191, 204

1,  233, 239, 251

1,  143, 59, 75

1,  33, 61, 85

1,  106, 122, 147

1,  24, 54, 80

1,  255, 208, 213

1,  126, 135, 168

1,  38, 55, 101

1,  26, 49, 99

1,  149, 42, 58

1,  10, 28, 52

1,  99, 112, 129

1,  192, 116, 126

1,  191, 118, 127

1,  196, 116, 127

1,  127, 139, 153

1,  108, 121, 137

1,  185, 113, 124

1,  177, 112, 120

1,  185, 122, 130

1,  218, 158, 166

1,  238, 255, 252

1,  237, 237, 235

1,  139, 40, 58

1,  14, 46, 84

1,  199, 121, 134

1,  132, 45, 61

1,  46, 70, 94

1,  33, 74, 118

1,  165, 32, 53

1,  155, 16, 37

1,  177, 183, 197

1,  166, 27, 46

1,  42, 55, 90

1,  160, 21, 40

1,  168, 31, 49

1,  31, 49, 97

1,  28, 54, 103

1,  204, 216, 230

1,  101, 120, 150

1,  255, 193, 203

1,  44, 77, 122

1,  255, 228, 234

1,  220, 236, 251

1,  227, 232, 238

1,  22, 66, 113

1,  121, 45, 58

1,  185, 119, 131

1,  255, 203, 212

1,  21, 69, 117

1,  230, 229, 225

1,  190, 186, 185

1,  147, 146, 142

1,  0, 45, 91

1,  173, 164, 159

1,  220, 217, 212

1,  137, 132, 129

1,  172, 167, 164

1,  178, 174, 171

1,  88, 107, 122

1,  11, 48, 90

1,  99, 115, 131

1,  202, 218, 234

1,  150, 43, 63

1,  111, 126, 147

1,  151, 73, 86

1,  208, 140, 151

1,  251, 195, 204

1,  243, 255, 251

1,  203, 218, 239

1,  221, 234, 251

1,  124, 142, 166

1,  13, 54, 108

1,  163, 147, 147

1,  149, 133, 133

1,  227, 234, 255

1,  66, 80, 119

1,  169, 165, 156

1,  244, 244, 254

1,  48, 73, 104

1,  154, 38, 57

1,  162, 36, 57

1,  135, 124, 118

1,  22, 58, 92

1,  255, 215, 214

1,  206, 144, 149

1,  124, 44, 53

1,  153, 40, 58

1,  253, 242, 255

1,  149, 27, 42

1,  111, 128, 148

1,  206, 221, 242

1,  166, 37, 57

1,  175, 190, 213

1,  152, 14, 37

1,  38, 54, 88

1,  34, 58, 102

1,  182, 200, 222

1,  20, 41, 68

1,  229, 188, 194

1,  29, 45, 71

1,  224, 185, 188

1,  221, 182, 185

1,  218, 177, 183

1,  212, 171, 177

1,  211, 172, 175

1,  214, 175, 178

1,  215, 173, 175

1,  214, 166, 166

1,  229, 173, 174

1,  213, 147, 151

1,  139, 62, 68

1,  162, 43, 62

1,  114, 128, 154

1,  157, 31, 43

1,  150, 24, 38

1,  219, 214, 211

1,  130, 119, 113

1,  135, 122, 114

1,  176, 173, 168

1,  216, 177, 180

1,  216, 175, 181

1,  212, 173, 176

1,  215, 173, 177

1,  219, 173, 176

1,  230, 235, 241

1,  227, 182, 185

1,  38, 68, 102

1,  247, 205, 209

1,  116, 128, 144

1,  13, 41, 81

1,  229, 225, 222

1,  196, 195, 191

1,  241, 240, 238

1,  237, 236, 234

1,  167, 159, 156

1,  255, 227, 230

1,  123, 42, 51

1,  133, 66, 73

1,  180, 128, 130

1,  155, 100, 106

1,  227, 187, 188

1,  239, 239, 247

1,  238, 251, 241

1,  240, 253, 243

1,  162, 154, 151

1,  203, 216, 233

1,  234, 229, 226

1,  154, 149, 146

1,  64, 81, 101

1,  133, 128, 125

1,  156, 151, 145

1,  196, 188, 185

1,  239, 234, 228

1,  200, 192, 189

1,  134, 50, 65

1,  155, 150, 144

1,  122, 25, 42

1,  160, 30, 56

1,  215, 203, 203

1,  153, 135, 131

1,  40, 61, 88

1,  131, 125, 113

1,  132, 129, 114

1,  48, 70, 93

1,  135, 125, 113

1,  149, 129, 122

1,  255, 232, 227

1,  134, 152, 172

1,  207, 140, 149

1,  137, 53, 68

1,  129, 145, 170

1,  132, 20, 44

1,  206, 223, 239

1,  156, 37, 59

1,  122, 139, 159

1,  84, 104, 128

1,  170, 160, 151

1,  149, 40, 61

1,  120, 137, 165

1,  128, 46, 60

1,  157, 90, 99

1,  226, 176, 179

1,  81, 104, 122

1,  104, 120, 143

1,  43, 66, 97

1,  122, 142, 169

1,  166, 150, 151

1,  37, 77, 128

1,  149, 129, 118

1,  150, 132, 120

1,  147, 129, 117

1,  157, 137, 126

1,  153, 33, 58

1,  195, 206, 224

1,  149, 25, 49

1,  43, 59, 85

1,  36, 73, 117

1,  8, 34, 71

1,  180, 172, 169

1,  189, 201, 217

1,  217, 232, 255

1,  61, 81, 108

1,  209, 154, 159

1,  237, 241, 240

1,  158, 91, 98

1,  124, 30, 44

1,  141, 162, 181

1,  236, 239, 244

1,  214, 229, 248

1,  146, 20, 42

1,  42, 65, 99

1,  172, 49, 70

1,  46, 72, 97

1,  167, 158, 151

1,  221, 235, 238

1,  85, 103, 115

1,  159, 87, 101

1,  124, 35, 53

1,  157, 39, 61

1,  18, 62, 107

1,  30, 64, 99

1,  9, 38, 68

1,  98, 116, 138

1,  199, 217, 237

1,  3, 44, 88

1,  93, 115, 138

1,  231, 248, 255

1,  66, 77, 97

1,  127, 36, 53

1,  176, 114, 125

1,  241, 194, 200

1,  223, 160, 169

1,  241, 252, 244

1,  255, 219, 224

1,  192, 179, 170

1,  242, 202, 200

1,  7, 45, 92

1,  8, 46, 95

1,  38, 65, 86

1,  29, 52, 66

1,  43, 65, 79

1,  100, 119, 133

1,  173, 191, 205

1,  223, 239, 252

1,  173, 153, 152

1,  146, 125, 122

1,  116, 134, 158

1,  141, 143, 130

1,  134, 136, 122

1,  11, 55, 102

1,  255, 239, 235

1,  232, 231, 227

1,  188, 184, 183

1,  38, 60, 107

1,  10, 47, 91

1,  47, 77, 115

1,  169, 36, 57

1,  14, 40, 73

1,  43, 67, 95

1,  171, 34, 54

1,  43, 63, 87

1,  142, 4, 27

1,  201, 217, 233

1,  152, 18, 42

1,  95, 116, 137

1,  110, 35, 42

1,  197, 136, 141

1,  225, 179, 179

1,  255, 230, 227

1,  39, 69, 103

1,  21, 64, 107

1,  7, 45, 84

1,  147, 18, 40

1,  162, 179, 195

1,  235, 230, 227

1,  198, 195, 190

1,  227, 241, 255

1,  166, 162, 159

1,  206, 200, 200

1,  234, 233, 229

1,  151, 166, 169

1,  184, 180, 179

1,  174, 169, 163

1,  226, 221, 218

1,  113, 130, 156

1,  250, 197, 203

1,  209, 139, 149

1,  214, 229, 250

1,  234, 241, 255

1,  159, 146, 137

1,  55, 71, 104

1,  162, 158, 157

1,  198, 197, 193

1,  144, 26, 40

1,  145, 30, 43

1,  42, 58, 74

1,  153, 41, 53

1,  38, 71, 114

1,  170, 43, 64

1,  84, 102, 124

1,  104, 120, 135

1,  65, 83, 105

1,  19, 38, 68

1,  14, 40, 67

1,  167, 42, 60

1,  141, 20, 37

1,  122, 140, 162

1,  86, 104, 124

1,  139, 147, 158

1,  15, 47, 86

1,  47, 67, 91

1,  49, 73, 107

1,  163, 187, 211

1,  201, 192, 187

1,  135, 135, 133

1,  171, 195, 221

1,  129, 128, 123

1,  152, 151, 146

1,  46, 74, 96

1,  250, 238, 242

1,  189, 208, 223

1,  18, 38, 65

1,  255, 224, 225

1,  232, 180, 184

1,  183, 118, 124

1,  133, 53, 64

1,  118, 24, 38

1,  162, 43, 63

1,  59, 86, 116

1,  129, 46, 56

1,  122, 39, 49

1,  244, 251, 243

1,  141, 126, 123

1,  178, 167, 165

1,  231, 227, 226

1,  122, 138, 151

1,  169, 166, 161

1,  179, 171, 168

1,  181, 174, 166

1,  190, 181, 176

1,  14, 35, 64

1,  166, 162, 161

1,  231, 231, 231

1,  193, 193, 191

1,  202, 201, 197

1,  239, 238, 234

1,  79, 100, 127

1,  70, 87, 113

1,  42, 74, 121

1,  166, 169, 162

1,  144, 58, 71

1,  112, 135, 153

1,  231, 165, 175

1,  67, 82, 103

1,  56, 77, 108

1,  109, 125, 150

1,  201, 214, 230

1,  177, 173, 170

1,  252, 231, 230

1,  130, 146, 162

1,  15, 53, 92

1,  143, 156, 164

1,  41, 72, 100

1,  83, 109, 134

1,  45, 62, 78

1,  243, 252, 247

1,  253, 242, 240

1,  237, 213, 211

1,  47, 71, 97

1,  112, 130, 152

1,  177, 176, 172

1,  226, 222, 221

1,  241, 239, 240

1,  173, 169, 168

1,  227, 226, 224

1,  201, 201, 201

1,  138, 138, 138

1,  119, 119, 119

1,  46, 70, 96

1,  163, 181, 201

1,  126, 126, 118

1,  175, 172, 165

1,  245, 242, 235

1,  117, 135, 157

1,  255, 242, 234

1,  145, 163, 183

1,  20, 44, 72

1,  216, 237, 255

1,  177, 167, 158

1,  40, 69, 111

1,  109, 116, 126

1,  41, 59, 83

1,  140, 157, 175

1,  131, 121, 111

1,  201, 218, 238

1,  12, 43, 87

1,  187, 187, 185

1,  219, 228, 243

1,  4, 40, 90

1,  48, 74, 101

1,  201, 192, 185

1,  215, 210, 204

1,  170, 163, 157

1,  113, 135, 159

1,  244, 235, 228

1,  255, 217, 218

1,  226, 167, 171

1,  164, 91, 100

1,  85, 100, 121

1,  29, 50, 71

1,  121, 30, 47

1,  216, 159, 168

1,  128, 141, 160

1,  23, 39, 62

1,  97, 117, 142

1,  225, 232, 240

1,  218, 217, 212

1,  16, 48, 99

1,  141, 124, 116

1,  32, 60, 107

1,  249, 246, 237

1,  230, 221, 222

1,  158, 144, 133

1,  166, 179, 195

1,  224, 234, 244

1,  239, 242, 233

1,  230, 237, 247

1,  109, 23, 34

1,  149, 51, 64

1,  87, 108, 135

1,  30, 54, 88

1,  242, 245, 236

1,  111, 129, 151

1,  47, 69, 92

1,  5, 31, 58

1,  144, 18, 39

1,  118, 140, 161

1,  145, 157, 171

1,  47, 62, 81

1,  6, 49, 102

1,  220, 236, 252

1,  22, 43, 72

1,  169, 185, 201

1,  82, 103, 130

1,  9, 35, 68

1,  196, 164, 165

1,  181, 130, 135

1,  86, 107, 134

1,  196, 191, 188

1,  219, 236, 255

1,  211, 208, 203

1,  224, 221, 216

1,  199, 212, 231

1,  212, 205, 199

1,  239, 251, 239

1,  245, 255, 244

1,  201, 138, 146

1,  37, 73, 125

1,  20, 62, 100

1,  22, 62, 98

1,  155, 38, 56

1,  14, 53, 92

1,  3, 28, 59

1,  33, 70, 122

1,  143, 124, 118

1,  159, 161, 156

1,  220, 237, 253

1,  172, 193, 212

1,  160, 183, 201

1,  128, 55, 66

1,  191, 124, 133

1,  243, 182, 189

1,  205, 224, 239

1,  8, 43, 97

1,  29, 66, 119

1,  30, 67, 119

1,  36, 70, 105

1,  3, 34, 63

1,  26, 52, 69

1,  95, 117, 130

1,  235, 246, 250

1,  42, 70, 107

1,  39, 64, 84

1,  230, 250, 255

1,  172, 40, 61

1,  122, 142, 166

1,  41, 67, 90

1,  25, 46, 65

1,  141, 159, 171

1,  238, 249, 253

1,  74, 88, 114

1,  209, 201, 199

1,  143, 135, 133

1,  30, 67, 122

1,  223, 220, 213

1,  10, 49, 104

1,  59, 76, 102

1,  190, 185, 179

1,  191, 205, 232

1,  218, 214, 213

1,  204, 220, 236

1,  228, 234, 250

1,  241, 190, 197

1,  194, 131, 140

1,  96, 116, 141

1,  4, 46, 96

1,  38, 76, 123

1,  163, 19, 46

1,  109, 127, 151

1,  235, 236, 240

1,  255, 245, 236

1,  217, 231, 244

1,  242, 247, 240

1,  155, 18, 46

1,  155, 21, 48

1,  210, 228, 250

1,  26, 56, 106

1,  125, 145, 169

1,  126, 38, 54

1,  143, 67, 80

1,  236, 252, 251

1,  26, 54, 101

1,  89, 107, 131

1,  177, 199, 212

1,  138, 152, 161

1,  169, 50, 70

1,  162, 46, 65

1,  20, 47, 90

1,  134, 29, 44

1,  127, 25, 39

1,  149, 48, 62

1,  190, 102, 116

1,  230, 167, 176

1,  167, 184, 204

1,  234, 241, 251

1,  113, 129, 152

1,  13, 41, 78

1,  228, 175, 183

1,  253, 200, 208

1,  237, 238, 232

1,  255, 230, 236

1,  61, 78, 104

1,  29, 60, 91

1,  177, 120, 127

1,  178, 115, 124

1,  179, 118, 126

1,  173, 124, 128

1,  29, 62, 93

1,  165, 100, 106

1,  113, 30, 40

1,  119, 27, 40

1,  16, 45, 79

1,  214, 231, 247

1,  37, 71, 108

1,  9, 39, 73

1,  194, 212, 224

1,  182, 194, 208

1,  47, 65, 85

1,  146, 12, 36

1,  41, 77, 111

1,  34, 64, 88

1,  30, 57, 76

1,  239, 240, 234

1,  255, 223, 226

1,  173, 118, 124

1,  142, 77, 85

1,  87, 105, 127

1,  149, 46, 63

1,  35, 69, 107

1,  177, 190, 206

1,  41, 65, 89

1,  158, 42, 61

1,  114, 131, 151

1,  161, 176, 197

1,  24, 43, 73

1,  42, 60, 84

1,  175, 35, 61

1,  85, 108, 126

1,  128, 119, 114

1,  35, 67, 118

1,  212, 209, 204

1,  93, 119, 134

1,  229, 251, 255

1,  202, 211, 206

1,  154, 137, 130

1,  235, 245, 244

1,  152, 128, 124

1,  161, 140, 135

1,  253, 243, 252

1,  153, 139, 136

1,  213, 209, 206

1,  237, 238, 240

1,  171, 163, 160

1,  232, 227, 221

1,  22, 55, 108

1,  182, 177, 171

1,  161, 153, 150

1,  33, 51, 71

1,  130, 126, 123

