-1,-1,159,0,0,1.01104264773227,
-1,-1,159,0,0,1.01104264773227,
-1,-1,158,0,0,0.996345984601538,
-1,-1,158,0,0,0.996345984601538,
-1,-1,159,0,0,1.01104264773227,
-1,-1,159,0,0,1.01104264773227,
-1,-1,159,0,0,1.01104264773227,
-1,-1,159,0,0,1.01104264773227,
-1,-1,160,0,0,1.02595609490239,
-1,-1,160,0,0,1.02595609490239,
-1,-1,160,0,0,1.02595609490239,
-1,-1,161,0,0,1.04108952379831,
-1,-1,161,0,0,1.04108952379831,
-1,156,161,0,0.967590451447198,1.04108952379831,
-1,156,162,0,0.967590451447198,1.05644617927408,
-1,156,162,0,0.967590451447198,1.05644617927408,
-1,156,162,0,0.967590451447198,1.05644617927408,
-1,156,162,0,0.967590451447198,1.05644617927408,
-1,156,162,0,0.967590451447198,1.05644617927408,
-1,156,162,0,0.967590451447198,1.05644617927408,
-1,156,162,0,0.967590451447198,1.05644617927408,
-1,156,162,0,0.967590451447198,1.05644617927408,
-1,156,162,0,0.967590451447198,1.05644617927408,
153,156,162,0.926005726693851,0.967590451447198,1.05644617927408,
153,156,162,0.926005726693851,0.967590451447198,1.05644617927408,
152,156,162,0.912545172628332,0.967590451447198,1.05644617927408,
152,156,162,0.912545172628332,0.967590451447198,1.05644617927408,
153,156,162,0.926005726693851,0.967590451447198,1.05644617927408,
153,156,162,0.926005726693851,0.967590451447198,1.05644617927408,
153,156,162,0.926005726693851,0.967590451447198,1.05644617927408,
153,156,162,0.926005726693851,0.967590451447198,1.05644617927408,
153,156,162,0.926005726693851,0.967590451447198,1.05644617927408,
153,156,162,0.926005726693851,0.967590451447198,1.05644617927408,
153,156,162,0.926005726693851,0.967590451447198,1.05644617927408,
153,156,162,0.926005726693851,0.967590451447198,1.05644617927408,
153,156,162,0.926005726693851,0.967590451447198,1.05644617927408,
153,156,162,0.926005726693851,0.967590451447198,1.05644617927408,
153,156,162,0.926005726693851,0.967590451447198,1.05644617927408,
153,156,163,0.926005726693851,0.967590451447198,1.07202935404719,
153,156,163,0.926005726693851,0.967590451447198,1.07202935404719,
153,156,164,0.926005726693851,0.967590451447198,1.08784238940457,
153,156,164,0.926005726693851,0.967590451447198,1.08784238940457,
153,156,165,0.926005726693851,0.967590451447198,1.10388867591898,
153,156,165,0.926005726693851,0.967590451447198,1.10388867591898,
153,156,165,0.926005726693851,0.967590451447198,1.10388867591898,
153,155,165,0.926005726693851,0.953525415768115,1.10388867591898,
153,155,166,0.926005726693851,0.953525415768115,1.12017165417608,
153,155,167,0.926005726693851,0.953525415768115,1.13669481551204,
153,155,167,0.926005726693851,0.953525415768115,1.13669481551204,
153,155,167,0.926005726693851,0.953525415768115,1.13669481551204,
153,156,167,0.926005726693851,0.967590451447198,1.13669481551204,
153,156,167,0.926005726693851,0.967590451447198,1.13669481551204,
153,156,167,0.926005726693851,0.967590451447198,1.13669481551204,
153,157,167,0.926005726693851,0.981862954305846,1.13669481551204,
153,157,167,0.926005726693851,0.981862954305846,1.13669481551204,
153,157,167,0.926005726693851,0.981862954305846,1.13669481551204,
153,158,167,0.926005726693851,0.996345984601538,1.13669481551204,
153,158,167,0.926005726693851,0.996345984601538,1.13669481551204,
153,158,167,0.926005726693851,0.996345984601538,1.13669481551204,
153,159,167,0.926005726693851,1.01104264773227,1.13669481551204,
153,159,167,0.926005726693851,1.01104264773227,1.13669481551204,
153,159,168,0.926005726693851,1.01104264773227,1.15346170276227,
153,160,168,0.926005726693851,1.02595609490239,1.15346170276227,
153,160,169,0.926005726693851,1.02595609490239,1.17047591102093,
153,161,170,0.926005726693851,1.04108952379831,1.18774108841188,
153,161,170,0.926005726693851,1.04108952379831,1.18774108841188,
153,162,171,0.926005726693851,1.05644617927408,1.20526093687084,
153,162,171,0.926005726693851,1.05644617927408,1.20526093687084,
153,162,171,0.926005726693851,1.05644617927408,1.20526093687084,
153,162,171,0.926005726693851,1.05644617927408,1.20526093687084,
153,162,171,0.926005726693851,1.05644617927408,1.20526093687084,
153,162,171,0.926005726693851,1.05644617927408,1.20526093687084,
153,161,171,0.926005726693851,1.04108952379831,1.20526093687084,
153,161,171,0.926005726693851,1.04108952379831,1.20526093687084,
153,161,171,0.926005726693851,1.04108952379831,1.20526093687084,
153,160,171,0.926005726693851,1.02595609490239,1.20526093687084,
153,160,171,0.926005726693851,1.02595609490239,1.20526093687084,
153,160,171,0.926005726693851,1.02595609490239,1.20526093687084,
153,159,171,0.926005726693851,1.01104264773227,1.20526093687084,
165,159,171,1.10388867591898,1.01104264773227,1.20526093687084,
165,159,171,1.10388867591898,1.01104264773227,1.20526093687084,
165,159,171,1.10388867591898,1.01104264773227,1.20526093687084,
165,159,171,1.10388867591898,1.01104264773227,1.20526093687084,
165,159,171,1.10388867591898,1.01104264773227,1.20526093687084,
165,159,171,1.10388867591898,1.01104264773227,1.20526093687084,
165,159,171,1.10388867591898,1.01104264773227,1.20526093687084,
165,159,171,1.10388867591898,1.01104264773227,1.20526093687084,
165,159,171,1.10388867591898,1.01104264773227,1.20526093687084,
165,159,171,1.10388867591898,1.01104264773227,1.20526093687084,
165,159,171,1.10388867591898,1.01104264773227,1.20526093687084,
165,159,171,1.10388867591898,1.01104264773227,1.20526093687084,
165,159,171,1.10388867591898,1.01104264773227,1.20526093687084,
165,159,171,1.10388867591898,1.01104264773227,1.20526093687084,
165,159,171,1.10388867591898,1.01104264773227,1.20526093687084,
165,159,171,1.10388867591898,1.01104264773227,1.20526093687084,
165,159,171,1.10388867591898,1.01104264773227,1.20526093687084,
165,159,171,1.10388867591898,1.01104264773227,1.20526093687084,
165,159,171,1.10388867591898,1.01104264773227,1.20526093687084,
165,159,171,1.10388867591898,1.01104264773227,1.20526093687084,
165,159,171,1.10388867591898,1.01104264773227,1.20526093687084,
165,159,171,1.10388867591898,1.01104264773227,1.20526093687084,
165,159,171,1.10388867591898,1.01104264773227,1.20526093687084,
165,159,171,1.10388867591898,1.01104264773227,1.20526093687084,
165,159,172,1.10388867591898,1.01104264773227,1.22303921293917,
165,159,172,1.10388867591898,1.01104264773227,1.22303921293917,
166,159,172,1.12017165417608,1.01104264773227,1.22303921293917,
166,159,173,1.12017165417608,1.01104264773227,1.24107972856932,
167,159,173,1.13669481551204,1.01104264773227,1.24107972856932,
167,159,173,1.13669481551204,1.01104264773227,1.24107972856932,
167,159,174,1.13669481551204,1.01104264773227,1.25938635194218,
168,159,174,1.15346170276227,1.01104264773227,1.25938635194218,
168,159,174,1.15346170276227,1.01104264773227,1.25938635194218,
168,159,175,1.15346170276227,1.01104264773227,1.27796300829648,
169,159,175,1.17047591102093,1.01104264773227,1.27796300829648,
169,159,175,1.17047591102093,1.01104264773227,1.27796300829648,
169,159,175,1.17047591102093,1.01104264773227,1.27796300829648,
170,159,175,1.18774108841188,1.01104264773227,1.27796300829648,
170,159,175,1.18774108841188,1.01104264773227,1.27796300829648,
170,159,175,1.18774108841188,1.01104264773227,1.27796300829648,
170,159,175,1.18774108841188,1.01104264773227,1.27796300829648,
170,159,175,1.18774108841188,1.01104264773227,1.27796300829648,
170,159,175,1.18774108841188,1.01104264773227,1.27796300829648,
170,159,175,1.18774108841188,1.01104264773227,1.27796300829648,
170,158,175,1.18774108841188,0.996345984601538,1.27796300829648,
170,158,175,1.18774108841188,0.996345984601538,1.27796300829648,
170,158,175,1.18774108841188,0.996345984601538,1.27796300829648,
170,157,175,1.18774108841188,0.981862954305846,1.27796300829648,
170,157,175,1.18774108841188,0.981862954305846,1.27796300829648,
170,157,175,1.18774108841188,0.981862954305846,1.27796300829648,
170,156,175,1.18774108841188,0.967590451447198,1.27796300829648,
170,156,175,1.18774108841188,0.967590451447198,1.27796300829648,
170,156,175,1.18774108841188,0.967590451447198,1.27796300829648,
170,155,175,1.18774108841188,0.953525415768115,1.27796300829648,
170,155,175,1.18774108841188,0.953525415768115,1.27796300829648,
170,155,175,1.18774108841188,0.953525415768115,1.27796300829648,
170,155,175,1.18774108841188,0.953525415768115,1.27796300829648,
170,155,175,1.18774108841188,0.953525415768115,1.27796300829648,
170,155,175,1.18774108841188,0.953525415768115,1.27796300829648,
170,155,175,1.18774108841188,0.953525415768115,1.27796300829648,
170,155,175,1.18774108841188,0.953525415768115,1.27796300829648,
170,155,175,1.18774108841188,0.953525415768115,1.27796300829648,
170,155,175,1.18774108841188,0.953525415768115,1.27796300829648,
170,155,175,1.18774108841188,0.953525415768115,1.27796300829648,
170,155,176,1.18774108841188,0.953525415768115,1.29681368077043,
170,155,176,1.18774108841188,0.953525415768115,1.29681368077043,
170,155,176,1.18774108841188,0.953525415768115,1.29681368077043,
170,155,177,1.18774108841188,0.953525415768115,1.31594241125578,
170,155,177,1.18774108841188,0.953525415768115,1.31594241125578,
170,155,177,1.18774108841188,0.953525415768115,1.31594241125578,
170,155,177,1.18774108841188,0.953525415768115,1.31594241125578,
170,155,178,1.18774108841188,0.953525415768115,1.33535330126444,
170,155,178,1.18774108841188,0.953525415768115,1.33535330126444,
170,155,178,1.18774108841188,0.953525415768115,1.33535330126444,
170,155,179,1.18774108841188,0.953525415768115,1.35505051280791,
170,155,179,1.18774108841188,0.953525415768115,1.35505051280791,
170,154,179,1.18774108841188,0.93966483149547,1.35505051280791,
170,153,179,1.18774108841188,0.926005726693851,1.35505051280791,
172,153,178,1.22303921293917,0.926005726693851,1.33535330126444,
171,152,178,1.20526093687084,0.912545172628332,1.33535330126444,
170,151,178,1.18774108841188,0.899280283136507,1.33535330126444,
169,150,177,1.17047591102093,0.886208214009644,1.31594241125578,
169,149,177,1.17047591102093,0.873326162382843,1.31594241125578,
166,147,176,1.12017165417608,0.848121103291853,1.29681368077043,
165,146,175,1.10388867591898,0.83579269145176,1.27796300829648,
164,145,174,1.08784238940457,0.823643487201135,1.25938635194218,
163,143,174,1.07202935404719,0.799872319384325,1.25938635194218,
162,142,173,1.05644617927408,0.788245258891918,1.24107972856932,
161,141,172,1.04108952379831,0.776787211043678,1.22303921293917,
160,140,171,1.02595609490239,0.7654957190472,1.20526093687084,
159,138,170,1.01104264773227,0.74340275348226,1.18774108841188,
158,136,169,0.996345984601538,0.721947412812286,1.17047591102093,
157,134,168,0.981862954305846,0.701111294550499,1.15346170276227,
155,133,167,0.953525415768115,0.690919838694241,1.13669481551204,
154,131,166,0.93966483149547,0.670979206990377,1.12017165417608,
153,129,165,0.926005726693851,0.651614081691858,1.10388867591898,
152,128,164,0.912545172628332,0.642142124528287,1.08784238940457,
152,127,163,0.912545172628332,0.632807853113119,1.07202935404719,
151,126,162,0.899280283136507,0.623609266026271,1.05644617927408,
150,124,161,0.886208214009644,0.60561128419896,1.04108952379831,
149,123,161,0.873326162382843,0.596808030397547,1.04108952379831,
148,121,160,0.860631366134059,0.579583558808257,1.02595609490239,
147,120,159,0.848121103291853,0.571158647812643,1.01104264773227,
147,120,159,0.848121103291853,0.571158647812643,1.01104264773227,
146,118,158,0.83579269145176,0.554674442840278,0.996345984601538,
145,118,158,0.823643487201135,0.554674442840278,0.996345984601538,
144,117,158,0.811670885552368,0.546611614381031,0.996345984601538,
144,116,157,0.811670885552368,0.53866598837018,0.981862954305846,
143,115,156,0.799872319384325,0.53083586113587,0.967590451447198,
143,114,156,0.799872319384325,0.523119553771069,0.967590451447198,
143,113,155,0.799872319384325,0.515515411773583,0.953525415768115,
142,112,154,0.788245258891918,0.508021804691302,0.93966483149547,
143,111,154,0.799872319384325,0.500637125772605,0.93966483149547,
143,110,153,0.799872319384325,0.493359791621845,0.926005726693851,
143,109,153,0.799872319384325,0.486188241859849,0.926005726693851,
144,108,152,0.811670885552368,0.479120938789338,0.912545172628332,
143,107,152,0.799872319384325,0.472156367065229,0.912545172628332,
143,106,151,0.799872319384325,0.465293033369711,0.899280283136507,
143,106,151,0.799872319384325,0.465293033369711,0.899280283136507,
143,105,150,0.799872319384325,0.458529466092062,0.886208214009644,
143,105,149,0.799872319384325,0.458529466092062,0.873326162382843,
143,104,148,0.799872319384325,0.451864215013107,0.860631366134059,
143,104,148,0.799872319384325,0.451864215013107,0.860631366134059,
143,104,147,0.799872319384325,0.451864215013107,0.848121103291853,
143,104,147,0.799872319384325,0.451864215013107,0.848121103291853,
143,104,146,0.799872319384325,0.451864215013107,0.83579269145176,
143,104,145,0.799872319384325,0.451864215013107,0.823643487201135,
143,104,145,0.799872319384325,0.451864215013107,0.823643487201135,
143,104,144,0.799872319384325,0.451864215013107,0.811670885552368,
143,104,143,0.799872319384325,0.451864215013107,0.799872319384325,
150,104,143,0.886208214009644,0.451864215013107,0.799872319384325,
152,103,143,0.912545172628332,0.445295850994266,0.799872319384325,
154,103,143,0.93966483149547,0.445295850994266,0.799872319384325,
154,102,142,0.93966483149547,0.438822965671127,0.788245258891918,
155,101,142,0.953525415768115,0.432444171151468,0.788245258891918,
155,100,142,0.953525415768115,0.426158099717671,0.788245258891918,
156,99,142,0.967590451447198,0.41996340353346,0.788245258891918,
158,98,142,0.996345984601538,0.413858754354902,0.788245258891918,
159,97,142,1.01104264773227,0.407842843245614,0.788245258891918,
160,95,142,1.02595609490239,0.396072094347178,0.788245258891918,
160,94,141,1.02595609490239,0.39031473271742,0.776787211043678,
159,93,141,1.01104264773227,0.384641060934559,0.776787211043678,
158,91,140,0.996345984601538,0.373539938481952,0.7654957190472,
156,90,140,0.967590451447198,0.368110107550433,0.7654957190472,
154,88,139,0.93966483149547,0.357486084805615,0.754368361822373,
153,87,138,0.926005726693851,0.352289615028504,0.74340275348226,
152,85,138,0.912545172628332,0.342122187386456,0.74340275348226,
151,84,137,0.899280283136507,0.337149049459144,0.732596542821523,
149,82,137,0.873326162382843,0.327418593553755,0.732596542821523,
147,80,137,0.848121103291853,0.317968968255122,0.732596542821523,
146,79,136,0.83579269145176,0.313346925037704,0.721947412812286,
147,80,137,0.848121103291853,0.317968968255122,0.732596542821523,
148,82,138,0.860631366134059,0.327418593553755,0.74340275348226,
149,84,139,0.873326162382843,0.337149049459144,0.754368361822373,
150,86,141,0.886208214009644,0.347168681892656,0.776787211043678,
151,88,144,0.899280283136507,0.357486084805615,0.811670885552368,
152,91,147,0.912545172628332,0.373539938481952,0.848121103291853,
153,94,149,0.926005726693851,0.39031473271742,0.873326162382843,
154,97,151,0.93966483149547,0.407842843245614,0.899280283136507,
155,99,153,0.953525415768115,0.41996340353346,0.926005726693851,
156,102,154,0.967590451447198,0.438822965671127,0.93966483149547,
157,105,156,0.981862954305846,0.458529466092062,0.967590451447198,
158,108,158,0.996345984601538,0.479120938789338,0.996345984601538,
168,110,159,1.15346170276227,0.493359791621845,1.01104264773227,
169,113,160,1.17047591102093,0.515515411773583,1.02595609490239,
171,114,162,1.20526093687084,0.523119553771069,1.05644617927408,
173,116,162,1.24107972856932,0.53866598837018,1.05644617927408,
174,117,163,1.25938635194218,0.546611614381031,1.07202935404719,
176,119,164,1.29681368077043,0.562856202549892,1.08784238940457,
177,120,164,1.31594241125578,0.571158647812643,1.08784238940457,
178,121,165,1.33535330126444,0.579583558808257,1.10388867591898,
179,122,165,1.35505051280791,0.588132741975106,1.10388867591898,
180,123,166,1.37503826928974,0.596808030397547,1.12017165417608,
181,124,166,1.39532085641101,0.60561128419896,1.12017165417608,
182,125,167,1.41590262308933,0.61454439094059,1.13669481551204,
184,126,168,1.45798141247865,0.623609266026271,1.15346170276227,
185,127,169,1.47948745756863,0.632807853113119,1.17047591102093,
186,127,169,1.50131072890817,0.632807853113119,1.17047591102093,
186,128,170,1.50131072890817,0.642142124528287,1.18774108841188,
187,128,170,1.52345590576271,0.642142124528287,1.18774108841188,
187,129,171,1.52345590576271,0.651614081691858,1.20526093687084,
188,129,171,1.54592773641948,0.651614081691858,1.20526093687084,
189,130,171,1.5687310392056,0.66122575554599,1.20526093687084,
189,130,171,1.5687310392056,0.66122575554599,1.20526093687084,
190,130,171,1.59187070352125,0.66122575554599,1.20526093687084,
190,131,171,1.59187070352125,0.670979206990377,1.20526093687084,
191,131,171,1.61535169088798,0.670979206990377,1.20526093687084,
192,132,171,1.63917903601261,0.680876527324141,1.20526093687084,
192,132,171,1.63917903601261,0.680876527324141,1.20526093687084,
193,132,171,1.66335784786667,0.680876527324141,1.20526093687084,
194,132,171,1.68789331078192,0.680876527324141,1.20526093687084,
195,133,171,1.71279068556191,0.690919838694241,1.20526093687084,
195,133,171,1.71279068556191,0.690919838694241,1.20526093687084,
196,133,171,1.73805531061003,0.690919838694241,1.20526093687084,
196,133,171,1.73805531061003,0.690919838694241,1.20526093687084,
197,133,171,1.76369260307408,0.690919838694241,1.20526093687084,
198,133,172,1.78970806000785,0.690919838694241,1.22303921293917,
198,133,172,1.78970806000785,0.690919838694241,1.22303921293917,
199,133,172,1.81610725954977,0.690919838694241,1.22303921293917,
200,133,173,1.84289586211893,0.690919838694241,1.24107972856932,
200,133,173,1.84289586211893,0.690919838694241,1.24107972856932,
201,133,174,1.8700796116288,0.690919838694241,1.25938635194218,
202,133,174,1.89766433671879,0.690919838694241,1.25938635194218,
202,133,174,1.89766433671879,0.690919838694241,1.25938635194218,
203,133,174,1.92565595200403,0.690919838694241,1.25938635194218,
204,133,175,1.95406045934352,0.690919838694241,1.27796300829648,
204,134,175,1.95406045934352,0.701111294550499,1.27796300829648,
205,134,175,1.98288394912707,0.701111294550499,1.27796300829648,
205,134,175,1.98288394912707,0.701111294550499,1.27796300829648,
206,135,175,2.01213260158117,0.711453080107329,1.27796300829648,
207,135,175,2.04181268809411,0.711453080107329,1.27796300829648,
207,136,175,2.04181268809411,0.721947412812286,1.27796300829648,
208,136,175,2.07193057256069,0.721947412812286,1.27796300829648,
208,137,175,2.07193057256069,0.732596542821523,1.27796300829648,
209,137,175,2.10249271274672,0.732596542821523,1.27796300829648,
209,138,176,2.10249271274672,0.74340275348226,1.29681368077043,
210,138,176,2.1335056616737,0.74340275348226,1.29681368077043,
211,139,177,2.16497606902387,0.754368361822373,1.31594241125578,
212,140,177,2.19691068256603,0.7654957190472,1.31594241125578,
213,140,178,2.22931634960235,0.7654957190472,1.33535330126444,
214,141,179,2.26220001843656,0.776787211043678,1.35505051280791,
215,142,179,2.29556873986377,0.788245258891918,1.35505051280791,
216,142,180,2.32942966868229,0.788245258891918,1.37503826928974,
217,143,181,2.36379006522771,0.799872319384325,1.39532085641101,
218,144,181,2.39865729692966,0.811670885552368,1.39532085641101,
219,144,182,2.43403883989151,0.811670885552368,1.41590262308933,
220,145,183,2.46994228049332,0.823643487201135,1.43678798239128,
221,145,183,2.50637531701855,0.823643487201135,1.43678798239128,
222,146,184,2.54334576130465,0.83579269145176,1.45798141247865,
223,147,184,2.58086154041808,0.848121103291853,1.45798141247865,
224,147,185,2.61893069835396,0.848121103291853,1.47948745756863,
225,148,185,2.65756139776087,0.860631366134059,1.47948745756863,
226,148,186,2.69676192169106,0.860631366134059,1.50131072890817,
227,149,186,2.73654067537643,0.873326162382843,1.50131072890817,
228,149,187,2.77690618803078,0.873326162382843,1.52345590576271,
228,150,187,2.77690618803078,0.886208214009644,1.52345590576271,
229,150,188,2.81786711467861,0.886208214009644,1.54592773641948,
229,150,188,2.81786711467861,0.886208214009644,1.54592773641948,
228,150,188,2.77690618803078,0.886208214009644,1.54592773641948,
228,149,189,2.77690618803078,0.873326162382843,1.5687310392056,
227,149,189,2.73654067537643,0.873326162382843,1.5687310392056,
226,149,189,2.69676192169106,0.873326162382843,1.5687310392056,
226,148,190,2.69676192169106,0.860631366134059,1.59187070352125,
225,148,190,2.65756139776087,0.860631366134059,1.59187070352125,
224,148,190,2.61893069835396,0.860631366134059,1.59187070352125,
224,147,191,2.61893069835396,0.848121103291853,1.61535169088798,
223,147,191,2.58086154041808,0.848121103291853,1.61535169088798,
223,147,192,2.58086154041808,0.848121103291853,1.63917903601261,
222,149,192,2.54334576130465,0.873326162382843,1.63917903601261,
221,150,193,2.50637531701855,0.886208214009644,1.66335784786667,
221,151,193,2.50637531701855,0.899280283136507,1.66335784786667,
221,152,194,2.50637531701855,0.912545172628332,1.68789331078192,
221,153,194,2.50637531701855,0.926005726693851,1.68789331078192,
221,156,194,2.50637531701855,0.967590451447198,1.68789331078192,
221,157,195,2.50637531701855,0.981862954305846,1.71279068556191,
221,159,195,2.50637531701855,1.01104264773227,1.71279068556191,
221,160,196,2.50637531701855,1.02595609490239,1.73805531061003,
220,161,197,2.46994228049332,1.04108952379831,1.76369260307408,
219,162,197,2.43403883989151,1.05644617927408,1.76369260307408,
218,163,198,2.39865729692966,1.07202935404719,1.78970806000785,
217,164,199,2.36379006522771,1.08784238940457,1.81610725954977,
216,164,199,2.32942966868229,1.08784238940457,1.81610725954977,
215,165,200,2.29556873986377,1.10388867591898,1.84289586211893,
213,165,201,2.22931634960235,1.10388867591898,1.8700796116288,
212,165,201,2.19691068256603,1.10388867591898,1.8700796116288,
212,166,202,2.19691068256603,1.12017165417608,1.89766433671879,
211,166,202,2.16497606902387,1.12017165417608,1.89766433671879,
211,168,203,2.16497606902387,1.15346170276227,1.92565595200403,
211,169,204,2.16497606902387,1.17047591102093,1.95406045934352,
211,171,204,2.16497606902387,1.20526093687084,1.95406045934352,
213,172,205,2.22931634960235,1.22303921293917,1.98288394912707,
214,175,205,2.26220001843656,1.27796300829648,1.98288394912707,
216,176,205,2.32942966868229,1.29681368077043,1.98288394912707,
216,178,204,2.32942966868229,1.33535330126444,1.95406045934352,
218,181,204,2.39865729692966,1.39532085641101,1.95406045934352,
219,183,205,2.43403883989151,1.43678798239128,1.98288394912707,
220,185,204,2.46994228049332,1.47948745756863,1.95406045934352,
222,186,204,2.54334576130465,1.50131072890817,1.95406045934352,
224,188,205,2.61893069835396,1.54592773641948,1.98288394912707,
226,189,205,2.69676192169106,1.5687310392056,1.98288394912707,
228,191,205,2.77690618803078,1.61535169088798,1.98288394912707,
230,192,206,2.85943223801089,1.63917903601261,2.01213260158117,
231,192,206,2.90161047026823,1.63917903601261,2.01213260158117,
233,192,206,2.98784256976237,1.63917903601261,2.01213260158117,
234,192,207,3.03191492656823,1.63917903601261,2.04181268809411,
235,192,207,3.07663737540173,1.63917903601261,2.04181268809411,
237,192,207,3.16807104748884,1.63917903601261,2.04181268809411,
238,192,208,3.21480187561355,1.63917903601261,2.07193057256069,
239,192,208,3.26222200971167,1.63917903601261,2.07193057256069,
240,193,208,3.31034161743363,1.66335784786667,2.07193057256069,
241,194,208,3.35917101640844,1.68789331078192,2.07193057256069,
242,194,209,3.4087206764559,1.68789331078192,2.10249271274672,
243,195,209,3.45900122183156,1.71279068556191,2.10249271274672,
244,196,209,3.51002343350472,1.73805531061003,2.10249271274672,
245,198,209,3.56179825147,1.78970806000785,2.10249271274672,
245,198,209,3.56179825147,1.78970806000785,2.10249271274672,
246,198,209,3.61433677709311,1.78970806000785,2.10249271274672,
247,199,209,3.66765027549114,1.81610725954977,2.10249271274672,
247,200,209,3.66765027549114,1.84289586211893,2.10249271274672,
248,200,209,3.72175017794799,1.84289586211893,2.10249271274672,
249,201,209,3.77664808436541,1.8700796116288,2.10249271274672,
249,202,209,3.77664808436541,1.89766433671879,2.10249271274672,
250,202,209,3.83235576575023,1.89766433671879,2.10249271274672,
251,203,209,3.88888516673824,1.92565595200403,2.10249271274672,
251,203,209,3.88888516673824,1.92565595200403,2.10249271274672,
252,203,208,3.94624840815533,1.92565595200403,2.07193057256069,
252,203,208,3.94624840815533,1.92565595200403,2.07193057256069,
253,203,207,4.00445778961635,1.92565595200403,2.04181268809411,
253,203,207,4.00445778961635,1.92565595200403,2.04181268809411,
254,203,206,4.06352579216242,1.92565595200403,2.01213260158117,
255,203,206,4.12346508093701,1.92565595200403,2.01213260158117,
255,203,205,4.12346508093701,1.92565595200403,1.98288394912707,
256,203,205,4.18428850790158,1.92565595200403,1.98288394912707,
257,203,204,4.24600911459124,1.92565595200403,1.95406045934352,
258,203,204,4.30864013491105,1.92565595200403,1.95406045934352,
259,203,204,4.37219499797365,1.92565595200403,1.95406045934352,
260,203,204,4.43668733097861,1.92565595200403,1.95406045934352,
261,203,204,4.50213096213435,1.92565595200403,1.95406045934352,
262,203,204,4.56853992362313,1.92565595200403,1.95406045934352,
263,203,204,4.63592845460981,1.92565595200403,1.95406045934352,
264,203,204,4.7043110042949,1.92565595200403,1.95406045934352,
265,203,204,4.77370223501277,1.92565595200403,1.95406045934352,
266,203,204,4.84411702537542,1.92565595200403,1.95406045934352,
266,203,204,4.84411702537542,1.92565595200403,1.95406045934352,
266,199,204,4.84411702537542,1.81610725954977,1.95406045934352,
265,197,204,4.77370223501277,1.76369260307408,1.95406045934352,
264,196,204,4.7043110042949,1.73805531061003,1.95406045934352,
262,195,203,4.56853992362313,1.71279068556191,1.92565595200403,
261,194,203,4.50213096213435,1.68789331078192,1.92565595200403,
259,193,202,4.37219499797365,1.66335784786667,1.89766433671879,
259,193,202,4.37219499797365,1.66335784786667,1.89766433671879,
257,192,201,4.24600911459124,1.63917903601261,1.8700796116288,
257,192,201,4.24600911459124,1.63917903601261,1.8700796116288,
256,192,201,4.18428850790158,1.63917903601261,1.8700796116288,
255,193,201,4.12346508093701,1.66335784786667,1.8700796116288,
254,193,201,4.06352579216242,1.66335784786667,1.8700796116288,
254,192,202,4.06352579216242,1.63917903601261,1.89766433671879,
253,192,202,4.00445778961635,1.63917903601261,1.89766433671879,
253,192,202,4.00445778961635,1.63917903601261,1.89766433671879,
253,192,203,4.00445778961635,1.63917903601261,1.92565595200403,
252,192,203,3.94624840815533,1.63917903601261,1.92565595200403,
252,192,203,3.94624840815533,1.63917903601261,1.92565595200403,
252,192,204,3.94624840815533,1.63917903601261,1.95406045934352,
251,192,204,3.88888516673824,1.63917903601261,1.95406045934352,
251,192,204,3.88888516673824,1.63917903601261,1.95406045934352,
250,192,204,3.83235576575023,1.63917903601261,1.95406045934352,
249,191,203,3.77664808436541,1.61535169088798,1.92565595200403,
249,192,203,3.77664808436541,1.63917903601261,1.92565595200403,
248,191,202,3.72175017794799,1.61535169088798,1.89766433671879,
247,190,201,3.66765027549114,1.59187070352125,1.8700796116288,
246,189,199,3.61433677709311,1.5687310392056,1.81610725954977,
245,189,199,3.56179825147,1.5687310392056,1.81610725954977,
243,188,198,3.45900122183156,1.54592773641948,1.78970806000785,
242,188,197,3.4087206764559,1.54592773641948,1.76369260307408,
241,188,196,3.35917101640844,1.54592773641948,1.73805531061003,
240,187,195,3.31034161743363,1.52345590576271,1.71279068556191,
239,187,194,3.26222200971167,1.52345590576271,1.68789331078192,
238,187,194,3.21480187561355,1.52345590576271,1.68789331078192,
236,186,193,3.12201950548556,1.50131072890817,1.66335784786667,
235,186,192,3.07663737540173,1.50131072890817,1.63917903601261,
233,186,192,2.98784256976237,1.50131072890817,1.63917903601261,
232,187,191,2.94441085515178,1.52345590576271,1.61535169088798,
231,188,190,2.90161047026823,1.54592773641948,1.59187070352125,
229,189,190,2.81786711467861,1.5687310392056,1.59187070352125,
228,190,189,2.77690618803078,1.59187070352125,1.5687310392056,
228,191,189,2.77690618803078,1.61535169088798,1.5687310392056,
227,192,189,2.73654067537643,1.63917903601261,1.5687310392056,
227,194,188,2.73654067537643,1.68789331078192,1.54592773641948,
228,194,188,2.77690618803078,1.68789331078192,1.54592773641948,
229,195,188,2.81786711467861,1.71279068556191,1.54592773641948,
230,195,188,2.85943223801089,1.71279068556191,1.54592773641948,
231,196,188,2.90161047026823,1.73805531061003,1.54592773641948,
232,196,188,2.94441085515178,1.73805531061003,1.54592773641948,
233,196,188,2.98784256976237,1.73805531061003,1.54592773641948,
234,196,188,3.03191492656823,1.73805531061003,1.54592773641948,
235,196,188,3.07663737540173,1.73805531061003,1.54592773641948,
236,196,188,3.12201950548556,1.73805531061003,1.54592773641948,
237,196,188,3.16807104748884,1.73805531061003,1.54592773641948,
238,196,188,3.21480187561355,1.73805531061003,1.54592773641948,
239,196,188,3.26222200971167,1.73805531061003,1.54592773641948,
240,196,188,3.31034161743363,1.73805531061003,1.54592773641948,
241,196,188,3.35917101640844,1.73805531061003,1.54592773641948,
242,196,188,3.4087206764559,1.73805531061003,1.54592773641948,
243,196,188,3.45900122183156,1.73805531061003,1.54592773641948,
244,196,188,3.51002343350472,1.73805531061003,1.54592773641948,
245,196,188,3.56179825147,1.73805531061003,1.54592773641948,
245,196,188,3.56179825147,1.73805531061003,1.54592773641948,
246,196,188,3.61433677709311,1.73805531061003,1.54592773641948,
247,196,188,3.66765027549114,1.73805531061003,1.54592773641948,
248,197,189,3.72175017794799,1.76369260307408,1.5687310392056,
248,197,189,3.72175017794799,1.76369260307408,1.5687310392056,
249,197,189,3.77664808436541,1.76369260307408,1.5687310392056,
250,197,190,3.83235576575023,1.76369260307408,1.59187070352125,
250,197,190,3.83235576575023,1.76369260307408,1.59187070352125,
251,197,190,3.88888516673824,1.76369260307408,1.59187070352125,
252,198,191,3.94624840815533,1.78970806000785,1.61535169088798,
252,198,191,3.94624840815533,1.78970806000785,1.61535169088798,
253,198,191,4.00445778961635,1.78970806000785,1.61535169088798,
254,198,192,4.06352579216242,1.78970806000785,1.63917903601261,
255,199,192,4.12346508093701,1.81610725954977,1.63917903601261,
256,199,192,4.18428850790158,1.81610725954977,1.63917903601261,
257,199,192,4.24600911459124,1.81610725954977,1.63917903601261,
258,199,192,4.30864013491105,1.81610725954977,1.63917903601261,
259,200,192,4.37219499797365,1.84289586211893,1.63917903601261,
260,200,192,4.43668733097861,1.84289586211893,1.63917903601261,
261,200,192,4.50213096213435,1.84289586211893,1.63917903601261,
262,200,192,4.56853992362313,1.84289586211893,1.63917903601261,
262,201,192,4.56853992362313,1.8700796116288,1.63917903601261,
263,201,192,4.63592845460981,1.8700796116288,1.63917903601261,
263,202,192,4.63592845460981,1.89766433671879,1.63917903601261,
263,202,192,4.63592845460981,1.89766433671879,1.63917903601261,
263,203,192,4.63592845460981,1.92565595200403,1.63917903601261,
263,204,192,4.63592845460981,1.95406045934352,1.63917903601261,
263,204,192,4.63592845460981,1.95406045934352,1.63917903601261,
263,205,192,4.63592845460981,1.98288394912707,1.63917903601261,
263,205,192,4.63592845460981,1.98288394912707,1.63917903601261,
263,206,192,4.63592845460981,2.01213260158117,1.63917903601261,
263,207,192,4.63592845460981,2.04181268809411,1.63917903601261,
263,207,192,4.63592845460981,2.04181268809411,1.63917903601261,
264,208,192,4.7043110042949,2.07193057256069,1.63917903601261,
265,209,192,4.77370223501277,2.10249271274672,1.63917903601261,
265,210,192,4.77370223501277,2.1335056616737,1.63917903601261,
266,211,192,4.84411702537542,2.16497606902387,1.63917903601261,
267,211,192,4.91557047346277,2.16497606902387,1.63917903601261,
269,212,192,5.06165485194206,2.19691068256603,1.63917903601261,
270,213,192,5.13631710520818,2.22931634960235,1.63917903601261,
271,214,192,5.21208066866353,2.26220001843656,1.63917903601261,
273,215,192,5.36697694554048,2.29556873986377,1.63917903601261,
273,216,192,5.36697694554048,2.32942966868229,1.63917903601261,
274,215,192,5.44614287125105,2.29556873986377,1.63917903601261,
275,215,191,5.52647653885006,2.29556873986377,1.61535169088798,
275,214,191,5.52647653885006,2.26220001843656,1.61535169088798,
275,213,191,5.52647653885006,2.22931634960235,1.61535169088798,
275,212,190,5.52647653885006,2.19691068256603,1.59187070352125,
275,210,190,5.52647653885006,2.1335056616737,1.59187070352125,
275,209,190,5.52647653885006,2.10249271274672,1.59187070352125,
275,208,190,5.52647653885006,2.07193057256069,1.59187070352125,
275,206,189,5.52647653885006,2.01213260158117,1.5687310392056,
275,205,189,5.52647653885006,1.98288394912707,1.5687310392056,
275,204,189,5.52647653885006,1.95406045934352,1.5687310392056,
275,203,188,5.52647653885006,1.92565595200403,1.54592773641948,
275,202,188,5.52647653885006,1.89766433671879,1.54592773641948,
275,201,188,5.52647653885006,1.8700796116288,1.54592773641948,
275,201,188,5.52647653885006,1.8700796116288,1.54592773641948,
275,200,188,5.52647653885006,1.84289586211893,1.54592773641948,
274,201,188,5.44614287125105,1.8700796116288,1.54592773641948,
274,201,188,5.44614287125105,1.8700796116288,1.54592773641948,
273,200,188,5.36697694554048,1.84289586211893,1.54592773641948,
272,200,188,5.28896178725224,1.84289586211893,1.54592773641948,
271,201,188,5.21208066866353,1.8700796116288,1.54592773641948,
271,200,188,5.21208066866353,1.84289586211893,1.54592773641948,
270,199,187,5.13631710520818,1.81610725954977,1.52345590576271,
269,199,187,5.06165485194206,1.81610725954977,1.52345590576271,
268,198,187,4.9880779000599,1.78970806000785,1.52345590576271,
268,197,186,4.9880779000599,1.76369260307408,1.50131072890817,
266,197,186,4.84411702537542,1.76369260307408,1.50131072890817,
265,196,186,4.77370223501277,1.73805531061003,1.50131072890817,
264,195,185,4.7043110042949,1.71279068556191,1.47948745756863,
263,195,185,4.63592845460981,1.71279068556191,1.47948745756863,
262,194,185,4.56853992362313,1.68789331078192,1.47948745756863,
262,194,185,4.56853992362313,1.68789331078192,1.47948745756863,
261,193,184,4.50213096213435,1.66335784786667,1.45798141247865,
260,193,184,4.43668733097861,1.66335784786667,1.45798141247865,
260,193,184,4.43668733097861,1.66335784786667,1.45798141247865,
261,192,184,4.50213096213435,1.63917903601261,1.45798141247865,
262,192,183,4.56853992362313,1.63917903601261,1.43678798239128,
263,192,183,4.63592845460981,1.63917903601261,1.43678798239128,
264,192,183,4.7043110042949,1.63917903601261,1.43678798239128,
265,192,183,4.77370223501277,1.63917903601261,1.43678798239128,
266,192,183,4.84411702537542,1.63917903601261,1.43678798239128,
266,192,184,4.84411702537542,1.63917903601261,1.45798141247865,
267,192,183,4.91557047346277,1.63917903601261,1.43678798239128,
267,192,183,4.91557047346277,1.63917903601261,1.43678798239128,
267,191,182,4.91557047346277,1.61535169088798,1.41590262308933,
266,190,181,4.84411702537542,1.59187070352125,1.39532085641101,
266,190,181,4.84411702537542,1.59187070352125,1.39532085641101,
266,189,180,4.84411702537542,1.5687310392056,1.37503826928974,
265,187,179,4.77370223501277,1.52345590576271,1.35505051280791,
265,187,179,4.77370223501277,1.52345590576271,1.35505051280791,
265,186,178,4.77370223501277,1.50131072890817,1.33535330126444,
264,184,177,4.7043110042949,1.45798141247865,1.31594241125578,
264,183,177,4.7043110042949,1.43678798239128,1.31594241125578,
263,183,176,4.63592845460981,1.43678798239128,1.29681368077043,
263,183,176,4.63592845460981,1.43678798239128,1.29681368077043,
263,183,176,4.63592845460981,1.43678798239128,1.29681368077043,
262,183,175,4.56853992362313,1.43678798239128,1.27796300829648,
262,183,175,4.56853992362313,1.43678798239128,1.27796300829648,
262,183,174,4.56853992362313,1.43678798239128,1.25938635194218,
261,183,174,4.50213096213435,1.43678798239128,1.25938635194218,
261,183,174,4.50213096213435,1.43678798239128,1.25938635194218,
261,183,173,4.50213096213435,1.43678798239128,1.24107972856932,
261,183,173,4.50213096213435,1.43678798239128,1.24107972856932,
260,183,172,4.43668733097861,1.43678798239128,1.22303921293917,
260,183,172,4.43668733097861,1.43678798239128,1.22303921293917,
260,183,172,4.43668733097861,1.43678798239128,1.22303921293917,
261,183,172,4.50213096213435,1.43678798239128,1.22303921293917,
262,183,171,4.56853992362313,1.43678798239128,1.20526093687084,
263,177,171,4.63592845460981,1.31594241125578,1.20526093687084,
264,177,171,4.7043110042949,1.31594241125578,1.20526093687084,
265,178,171,4.77370223501277,1.33535330126444,1.20526093687084,
267,178,171,4.91557047346277,1.33535330126444,1.20526093687084,
269,179,171,5.06165485194206,1.35505051280791,1.20526093687084,
271,179,171,5.21208066866353,1.35505051280791,1.20526093687084,
273,179,171,5.36697694554048,1.35505051280791,1.20526093687084,
275,180,171,5.52647653885006,1.37503826928974,1.20526093687084,
277,180,171,5.69071625318571,1.37503826928974,1.20526093687084,
279,180,171,5.85983695879589,1.37503826928974,1.20526093687084,
281,180,171,6.03398371241015,1.37503826928974,1.20526093687084,
283,181,171,6.21330588165587,1.39532085641101,1.20526093687084,
285,181,171,6.39795727317259,1.39532085641101,1.20526093687084,
287,182,171,6.58809626453365,1.41590262308933,1.20526093687084,
289,182,171,6.78388594008847,1.41590262308933,1.20526093687084,
291,182,171,6.98549423084176,1.41590262308933,1.20526093687084,
293,183,171,7.1930940584899,1.43678798239128,1.20526093687084,
295,183,171,7.40686348373777,1.43678798239128,1.20526093687084,
296,183,171,7.51611888212162,1.43678798239128,1.20526093687084,
298,182,171,7.73948818613196,1.41590262308933,1.20526093687084,
299,182,171,7.85364998578163,1.41590262308933,1.20526093687084,
300,182,171,7.96949573612491,1.41590262308933,1.20526093687084,
301,181,171,8.08705027638077,1.39532085641101,1.20526093687084,
303,181,171,8.32738692087273,1.39532085641101,1.20526093687084,
303,180,171,8.32738692087273,1.37503826928974,1.20526093687084,
304,179,171,8.45022055720664,1.35505051280791,1.20526093687084,
304,179,171,8.45022055720664,1.35505051280791,1.20526093687084,
305,178,171,8.57486605869806,1.33535330126444,1.20526093687084,
305,177,171,8.57486605869806,1.31594241125578,1.20526093687084,
305,176,171,8.57486605869806,1.29681368077043,1.20526093687084,
305,175,171,8.57486605869806,1.27796300829648,1.20526093687084,
305,174,171,8.57486605869806,1.25938635194218,1.20526093687084,
305,173,171,8.57486605869806,1.24107972856932,1.20526093687084,
305,172,171,8.57486605869806,1.22303921293917,1.20526093687084,
305,166,171,8.57486605869806,1.12017165417608,1.20526093687084,
305,166,171,8.57486605869806,1.12017165417608,1.20526093687084,
305,166,171,8.57486605869806,1.12017165417608,1.20526093687084,
305,165,171,8.57486605869806,1.10388867591898,1.20526093687084,
305,165,171,8.57486605869806,1.10388867591898,1.20526093687084,
305,165,171,8.57486605869806,1.10388867591898,1.20526093687084,
305,165,171,8.57486605869806,1.10388867591898,1.20526093687084,
305,165,171,8.57486605869806,1.10388867591898,1.20526093687084,
305,164,171,8.57486605869806,1.08784238940457,1.20526093687084,
304,164,171,8.45022055720664,1.08784238940457,1.20526093687084,
304,164,171,8.45022055720664,1.08784238940457,1.20526093687084,
303,164,171,8.32738692087273,1.08784238940457,1.20526093687084,
303,163,171,8.32738692087273,1.07202935404719,1.20526093687084,
302,163,171,8.2063388121606,1.07202935404719,1.20526093687084,
302,163,171,8.2063388121606,1.07202935404719,1.20526093687084,
303,163,171,8.32738692087273,1.07202935404719,1.20526093687084,
304,163,171,8.45022055720664,1.07202935404719,1.20526093687084,
305,163,172,8.57486605869806,1.07202935404719,1.22303921293917,
307,164,172,8.82969995549409,1.08784238940457,1.22303921293917,
308,164,172,8.95994299134393,1.08784238940457,1.22303921293917,
309,164,173,9.09210718515756,1.08784238940457,1.24107972856932,
310,165,173,9.22622087509447,1.10388867591898,1.24107972856932,
312,166,173,9.50041219216073,1.12017165417608,1.24107972856932,
314,166,174,9.78275211951633,1.12017165417608,1.25938635194218,
316,167,174,10.0734828232895,1.13669481551204,1.25938635194218,
318,167,174,10.3728536664717,1.13669481551204,1.25938635194218,
320,168,175,10.681121422799,1.15346170276227,1.27796300829648,
323,168,175,11.160785297028,1.15346170276227,1.27796300829648,
325,169,175,11.4924693593884,1.17047591102093,1.27796300829648,
326,169,175,11.6619897401853,1.17047591102093,1.27796300829648,
330,169,175,12.3654480413041,1.17047591102093,1.27796300829648,
332,170,175,12.732933117855,1.18774108841188,1.27796300829648,
335,170,175,13.3047389973923,1.18774108841188,1.27796300829648,
337,170,175,13.7001385828028,1.18774108841188,1.27796300829648,
339,170,175,14.1072889310184,1.18774108841188,1.27796300829648,
341,170,175,14.5265392594678,1.18774108841188,1.27796300829648,
343,170,175,14.9582491638687,1.18774108841188,1.27796300829648,
344,170,176,15.1788917442418,1.18774108841188,1.29681368077043,
346,170,176,15.629988718323,1.18774108841188,1.29681368077043,
347,170,176,15.8605398345822,1.18774108841188,1.29681368077043,
347,171,177,15.8605398345822,1.20526093687084,1.31594241125578,
347,171,177,15.8605398345822,1.20526093687084,1.31594241125578,
347,171,177,15.8605398345822,1.20526093687084,1.31594241125578,
347,171,178,15.8605398345822,1.20526093687084,1.33535330126444,
347,171,178,15.8605398345822,1.20526093687084,1.33535330126444,
347,171,178,15.8605398345822,1.20526093687084,1.33535330126444,
347,171,179,15.8605398345822,1.20526093687084,1.35505051280791,
347,171,179,15.8605398345822,1.20526093687084,1.35505051280791,
347,171,179,15.8605398345822,1.20526093687084,1.35505051280791,
347,171,179,15.8605398345822,1.20526093687084,1.35505051280791,
347,171,179,15.8605398345822,1.20526093687084,1.35505051280791,
347,171,179,15.8605398345822,1.20526093687084,1.35505051280791,
347,171,179,15.8605398345822,1.20526093687084,1.35505051280791,
347,171,179,15.8605398345822,1.20526093687084,1.35505051280791,
347,171,179,15.8605398345822,1.20526093687084,1.35505051280791,
347,171,179,15.8605398345822,1.20526093687084,1.35505051280791,
347,171,179,15.8605398345822,1.20526093687084,1.35505051280791,
347,171,179,15.8605398345822,1.20526093687084,1.35505051280791,
347,171,179,15.8605398345822,1.20526093687084,1.35505051280791,
348,171,179,16.0944917093555,1.20526093687084,1.35505051280791,
348,172,179,16.0944917093555,1.22303921293917,1.35505051280791,
348,172,179,16.0944917093555,1.22303921293917,1.35505051280791,
348,172,179,16.0944917093555,1.22303921293917,1.35505051280791,
349,173,179,16.3318945057418,1.24107972856932,1.35505051280791,
349,173,179,16.3318945057418,1.24107972856932,1.35505051280791,
350,173,179,16.5727991267741,1.24107972856932,1.35505051280791,
350,174,179,16.5727991267741,1.25938635194218,1.35505051280791,
350,174,179,16.5727991267741,1.25938635194218,1.35505051280791,
351,174,179,16.8172572263336,1.25938635194218,1.35505051280791,
352,174,179,17.0653212202253,1.25938635194218,1.35505051280791,
352,174,179,17.0653212202253,1.25938635194218,1.35505051280791,
353,174,179,17.3170442974168,1.25938635194218,1.35505051280791,
354,174,179,17.5724804314429,1.25938635194218,1.35505051280791,
354,174,179,17.5724804314429,1.25938635194218,1.35505051280791,
355,174,179,17.8316843919783,1.25938635194218,1.35505051280791,
356,174,179,18.0947117565811,1.25938635194218,1.35505051280791,
357,174,179,18.3616189226099,1.25938635194218,1.35505051280791,
358,174,179,18.6324631193156,1.25938635194218,1.35505051280791,
360,174,179,19.1861957550326,1.25938635194218,1.35505051280791,
361,174,179,19.4692029233555,1.25938635194218,1.35505051280791,
362,174,179,19.756384606436,1.25938635194218,1.35505051280791,
362,174,179,19.756384606436,1.25938635194218,1.35505051280791,
363,174,179,20.0478023807125,1.25938635194218,1.35505051280791,
363,174,179,20.0478023807125,1.25938635194218,1.35505051280791,
363,174,179,20.0478023807125,1.25938635194218,1.35505051280791,
363,174,179,20.0478023807125,1.25938635194218,1.35505051280791,
362,174,179,19.756384606436,1.25938635194218,1.35505051280791,
361,174,179,19.4692029233555,1.25938635194218,1.35505051280791,
361,174,179,19.4692029233555,1.25938635194218,1.35505051280791,
360,173,179,19.1861957550326,1.24107972856932,1.35505051280791,
360,173,179,19.1861957550326,1.24107972856932,1.35505051280791,
360,173,179,19.1861957550326,1.24107972856932,1.35505051280791,
360,173,180,19.1861957550326,1.24107972856932,1.37503826928974,
360,174,180,19.1861957550326,1.25938635194218,1.37503826928974,
361,174,181,19.4692029233555,1.25938635194218,1.39532085641101,
361,174,181,19.4692029233555,1.25938635194218,1.39532085641101,
361,174,181,19.4692029233555,1.25938635194218,1.39532085641101,
361,174,182,19.4692029233555,1.25938635194218,1.41590262308933,
362,174,182,19.756384606436,1.25938635194218,1.41590262308933,
362,175,182,19.756384606436,1.27796300829648,1.41590262308933,
362,175,183,19.756384606436,1.27796300829648,1.43678798239128,
363,175,183,20.0478023807125,1.27796300829648,1.43678798239128,
363,175,183,20.0478023807125,1.27796300829648,1.43678798239128,
363,175,183,20.0478023807125,1.27796300829648,1.43678798239128,
363,175,183,20.0478023807125,1.27796300829648,1.43678798239128,
363,175,183,20.0478023807125,1.27796300829648,1.43678798239128,
362,175,183,19.756384606436,1.27796300829648,1.43678798239128,
362,175,183,19.756384606436,1.27796300829648,1.43678798239128,
361,175,183,19.4692029233555,1.27796300829648,1.43678798239128,
361,175,183,19.4692029233555,1.27796300829648,1.43678798239128,
361,175,183,19.4692029233555,1.27796300829648,1.43678798239128,
361,175,183,19.4692029233555,1.27796300829648,1.43678798239128,
362,175,183,19.756384606436,1.27796300829648,1.43678798239128,
362,175,183,19.756384606436,1.27796300829648,1.43678798239128,
364,175,183,20.3435187309104,1.27796300829648,1.43678798239128,
365,175,183,20.6435970634401,1.27796300829648,1.43678798239128,
367,175,183,21.2570979913324,1.27796300829648,1.43678798239128,
368,175,183,21.5706521313036,1.27796300829648,1.43678798239128,
370,175,183,22.2117039333286,1.27796300829648,1.43678798239128,
372,175,183,22.8718069634008,1.27796300829648,1.43678798239128,
373,175,183,23.2091789680329,1.27796300829648,1.43678798239128,
376,175,183,24.2514482449009,1.27796300829648,1.43678798239128,
378,175,183,24.9721698301584,1.27796300829648,1.43678798239128,
380,175,183,25.7143103260809,1.27796300829648,1.43678798239128,
383,174,184,26.8690791210321,1.25938635194218,1.45798141247865,
385,174,184,27.6675933005963,1.25938635194218,1.45798141247865,
387,173,185,28.4898382858234,1.24107972856932,1.47948745756863,
389,172,185,29.3365193254765,1.22303921293917,1.47948745756863,
392,171,186,30.6539529505653,1.20526093687084,1.50131072890817,
395,170,186,32.0305494005706,1.18774108841188,1.50131072890817,
397,169,187,32.9824557818936,1.17047591102093,1.52345590576271,
399,169,187,33.9626515861507,1.17047591102093,1.52345590576271,
401,168,187,34.9719775382973,1.15346170276227,1.52345590576271,
402,167,188,35.4878338581291,1.13669481551204,1.54592773641948,
403,167,188,36.0112993485438,1.13669481551204,1.54592773641948,
403,167,188,36.0112993485438,1.13669481551204,1.54592773641948,
402,167,188,35.4878338581291,1.13669481551204,1.54592773641948,
401,167,188,34.9719775382973,1.13669481551204,1.54592773641948,
400,167,188,34.4636197810369,1.13669481551204,1.54592773641948,
399,167,188,33.9626515861507,1.13669481551204,1.54592773641948,
398,167,188,33.4689655378841,1.13669481551204,1.54592773641948,
397,167,188,32.9824557818936,1.13669481551204,1.54592773641948,
396,167,188,32.5030180025498,1.13669481551204,1.54592773641948,
395,167,188,32.0305494005706,1.13669481551204,1.54592773641948,
394,167,188,31.564948670979,1.13669481551204,1.54592773641948,
393,167,188,31.1061159813821,1.13669481551204,1.54592773641948,
392,166,188,30.6539529505653,1.12017165417608,1.54592773641948,
391,166,188,30.2083626273973,1.12017165417608,1.54592773641948,
390,165,188,29.7692494700428,1.10388867591898,1.54592773641948,
389,165,188,29.3365193254765,1.10388867591898,1.54592773641948,
388,164,188,28.9100794092953,1.08784238940457,1.54592773641948,
387,164,188,28.4898382858234,1.08784238940457,1.54592773641948,
387,163,188,28.4898382858234,1.07202935404719,1.54592773641948,
386,163,188,28.0757058485075,1.07202935404719,1.54592773641948,
386,163,188,28.0757058485075,1.07202935404719,1.54592773641948,
387,164,188,28.4898382858234,1.08784238940457,1.54592773641948,
388,164,188,28.9100794092953,1.08784238940457,1.54592773641948,
390,165,188,29.7692494700428,1.10388867591898,1.54592773641948,
391,166,188,30.2083626273973,1.12017165417608,1.54592773641948,
392,166,188,30.6539529505653,1.12017165417608,1.54592773641948,
393,167,188,31.1061159813821,1.13669481551204,1.54592773641948,
395,168,188,32.0305494005706,1.15346170276227,1.54592773641948,
396,168,188,32.5030180025498,1.15346170276227,1.54592773641948,
397,169,188,32.9824557818936,1.17047591102093,1.54592773641948,
398,170,188,33.4689655378841,1.18774108841188,1.54592773641948,
399,170,188,33.9626515861507,1.18774108841188,1.54592773641948,
400,171,188,34.4636197810369,1.20526093687084,1.54592773641948,
400,171,187,34.4636197810369,1.20526093687084,1.52345590576271,
402,171,187,35.4878338581291,1.20526093687084,1.52345590576271,
402,170,187,35.4878338581291,1.18774108841188,1.52345590576271,
403,170,187,36.0112993485438,1.18774108841188,1.52345590576271,
403,170,186,36.0112993485438,1.18774108841188,1.50131072890817,
403,169,186,36.0112993485438,1.17047591102093,1.50131072890817,
404,169,186,36.5424862490832,1.17047591102093,1.50131072890817,
404,169,185,36.5424862490832,1.17047591102093,1.47948745756863,
404,168,185,36.5424862490832,1.15346170276227,1.47948745756863,
405,167,185,37.0815084548854,1.13669481551204,1.47948745756863,
404,166,184,36.5424862490832,1.12017165417608,1.45798141247865,
402,165,184,35.4878338581291,1.10388867591898,1.45798141247865,
401,164,184,34.9719775382973,1.08784238940457,1.45798141247865,
399,163,183,33.9626515861507,1.07202935404719,1.43678798239128,
398,161,183,33.4689655378841,1.04108952379831,1.43678798239128,
395,160,183,32.0305494005706,1.02595609490239,1.43678798239128,
393,158,183,31.1061159813821,0.996345984601538,1.43678798239128,
389,156,183,29.3365193254765,0.967590451447198,1.43678798239128,
385,154,183,27.6675933005963,0.93966483149547,1.43678798239128,
381,152,183,26.0936108525467,0.912545172628332,1.43678798239128,
378,150,183,24.9721698301584,0.886208214009644,1.43678798239128,
374,148,183,23.5515273993064,0.860631366134059,1.43678798239128,
370,146,183,22.2117039333286,0.83579269145176,1.43678798239128,
366,144,183,20.9481017199919,0.811670885552368,1.43678798239128,
362,142,182,19.756384606436,0.788245258891918,1.41590262308933,
358,140,182,18.6324631193156,0.7654957190472,1.41590262308933,
353,139,182,17.3170442974168,0.754368361822373,1.41590262308933,
348,137,181,16.0944917093555,0.732596542821523,1.39532085641101,
344,135,181,15.1788917442418,0.711453080107329,1.39532085641101,
339,133,181,14.1072889310184,0.690919838694241,1.39532085641101,
336,131,180,13.5009913736842,0.670979206990377,1.37503826928974,
333,130,180,12.9207510361196,0.66122575554599,1.37503826928974,
332,129,179,12.732933117855,0.651614081691858,1.35505051280791,
333,128,178,12.9207510361196,0.642142124528287,1.33535330126444,
336,127,178,13.5009913736842,0.632807853113119,1.33535330126444,
339,127,177,14.1072889310184,0.632807853113119,1.31594241125578,
343,128,176,14.9582491638687,0.642142124528287,1.29681368077043,
348,129,175,16.0944917093555,0.651614081691858,1.27796300829648,
352,130,174,17.0653212202253,0.66122575554599,1.25938635194218,
356,131,173,18.0947117565811,0.670979206990377,1.24107972856932,
360,132,173,19.1861957550326,0.680876527324141,1.24107972856932,
362,133,172,19.756384606436,0.690919838694241,1.22303921293917,
366,133,172,20.9481017199919,0.690919838694241,1.22303921293917,
368,133,171,21.5706521313036,0.690919838694241,1.20526093687084,
370,133,171,22.2117039333286,0.690919838694241,1.20526093687084,
369,132,171,21.8888313710289,0.680876527324141,1.20526093687084,
369,132,171,21.8888313710289,0.680876527324141,1.20526093687084,
368,132,171,21.5706521313036,0.680876527324141,1.20526093687084,
368,131,171,21.5706521313036,0.670979206990377,1.20526093687084,
367,131,171,21.2570979913324,0.670979206990377,1.20526093687084,
366,131,171,20.9481017199919,0.670979206990377,1.20526093687084,
365,131,171,20.6435970634401,0.670979206990377,1.20526093687084,
365,131,171,20.6435970634401,0.670979206990377,1.20526093687084,
367,132,171,21.2570979913324,0.680876527324141,1.20526093687084,
368,134,171,21.5706521313036,0.701111294550499,1.20526093687084,
369,135,171,21.8888313710289,0.711453080107329,1.20526093687084,
371,137,170,22.5393390473479,0.732596542821523,1.18774108841188,
372,138,170,22.8718069634008,0.74340275348226,1.18774108841188,
375,140,169,23.8989256623105,0.7654957190472,1.17047591102093,
377,142,169,24.6091707336708,0.788245258891918,1.17047591102093,
378,144,168,24.9721698301584,0.811670885552368,1.15346170276227,
380,145,168,25.7143103260809,0.823643487201135,1.15346170276227,
381,146,167,26.0936108525467,0.83579269145176,1.13669481551204,
382,148,167,26.478506274911,0.860631366134059,1.13669481551204,
384,149,167,27.2654131361008,0.873326162382843,1.13669481551204,
384,148,167,27.2654131361008,0.860631366134059,1.13669481551204,
384,147,167,27.2654131361008,0.848121103291853,1.13669481551204,
384,147,167,27.2654131361008,0.848121103291853,1.13669481551204,
384,146,167,27.2654131361008,0.83579269145176,1.13669481551204,
384,145,167,27.2654131361008,0.823643487201135,1.13669481551204,
384,145,167,27.2654131361008,0.823643487201135,1.13669481551204,
384,144,167,27.2654131361008,0.811670885552368,1.13669481551204,
384,143,167,27.2654131361008,0.799872319384325,1.13669481551204,
384,143,167,27.2654131361008,0.799872319384325,1.13669481551204,
384,142,167,27.2654131361008,0.788245258891918,1.13669481551204,
384,141,167,27.2654131361008,0.776787211043678,1.13669481551204,
384,140,167,27.2654131361008,0.7654957190472,1.13669481551204,
383,139,167,26.8690791210321,0.754368361822373,1.13669481551204,
383,138,167,26.8690791210321,0.74340275348226,1.13669481551204,
382,137,167,26.478506274911,0.732596542821523,1.13669481551204,
382,136,167,26.478506274911,0.721947412812286,1.13669481551204,
382,136,167,26.478506274911,0.721947412812286,1.13669481551204,
381,135,167,26.0936108525467,0.711453080107329,1.13669481551204,
381,134,167,26.0936108525467,0.701111294550499,1.13669481551204,
382,134,167,26.478506274911,0.701111294550499,1.13669481551204,
383,134,167,26.8690791210321,0.701111294550499,1.13669481551204,
384,135,167,27.2654131361008,0.711453080107329,1.13669481551204,
385,135,167,27.6675933005963,0.711453080107329,1.13669481551204,
386,135,167,28.0757058485075,0.711453080107329,1.13669481551204,
387,136,167,28.4898382858234,0.721947412812286,1.13669481551204,
388,136,167,28.9100794092953,0.721947412812286,1.13669481551204,
388,136,167,28.9100794092953,0.721947412812286,1.13669481551204,
389,137,167,29.3365193254765,0.732596542821523,1.13669481551204,
390,137,167,29.7692494700428,0.732596542821523,1.13669481551204,
391,137,167,30.2083626273973,0.732596542821523,1.13669481551204,
392,137,167,30.6539529505653,0.732596542821523,1.13669481551204,
392,137,167,30.6539529505653,0.732596542821523,1.13669481551204,
393,137,167,31.1061159813821,0.732596542821523,1.13669481551204,
393,137,167,31.1061159813821,0.732596542821523,1.13669481551204,
393,137,167,31.1061159813821,0.732596542821523,1.13669481551204,
393,136,167,31.1061159813821,0.721947412812286,1.13669481551204,
393,136,167,31.1061159813821,0.721947412812286,1.13669481551204,
393,136,167,31.1061159813821,0.721947412812286,1.13669481551204,
393,135,167,31.1061159813821,0.711453080107329,1.13669481551204,
393,135,167,31.1061159813821,0.711453080107329,1.13669481551204,
393,135,167,31.1061159813821,0.711453080107329,1.13669481551204,
393,135,167,31.1061159813821,0.711453080107329,1.13669481551204,
394,137,167,31.564948670979,0.732596542821523,1.13669481551204,
395,138,167,32.0305494005706,0.74340275348226,1.13669481551204,
395,140,167,32.0305494005706,0.7654957190472,1.13669481551204,
396,141,167,32.5030180025498,0.776787211043678,1.13669481551204,
397,143,169,32.9824557818936,0.799872319384325,1.17047591102093,
399,145,169,33.9626515861507,0.823643487201135,1.17047591102093,
400,148,170,34.4636197810369,0.860631366134059,1.18774108841188,
402,150,170,35.4878338581291,0.886208214009644,1.18774108841188,
403,152,171,36.0112993485438,0.912545172628332,1.20526093687084,
404,153,171,36.5424862490832,0.926005726693851,1.20526093687084,
405,155,171,37.0815084548854,0.953525415768115,1.20526093687084,
407,157,172,38.183522787698,0.981862954305846,1.22303921293917,
408,159,172,38.7467512045613,1.01104264773227,1.22303921293917,
409,160,172,39.3182875570577,1.02595609490239,1.22303921293917,
410,160,173,39.898254391906,1.02595609490239,1.24107972856932,
411,160,173,40.4867760634581,1.02595609490239,1.24107972856932,
412,161,173,41.0839787603625,1.04108952379831,1.24107972856932,
413,161,174,41.689990532621,1.04108952379831,1.25938635194218,
414,161,174,42.3049413190451,1.04108952379831,1.25938635194218,
415,162,174,42.9289629751166,1.05644617927408,1.25938635194218,
416,162,175,43.5621893012598,1.05644617927408,1.27796300829648,
418,163,175,44.8568010627282,1.07202935404719,1.27796300829648,
419,163,175,45.5184640839373,1.07202935404719,1.27796300829648,
421,163,176,46.8712137944606,1.07202935404719,1.29681368077043,
422,164,176,47.5625905353836,1.08784238940457,1.29681368077043,
424,164,177,48.9760890326051,1.08784238940457,1.31594241125578,
426,164,177,50.4315948717136,1.08784238940457,1.31594241125578,
428,165,178,51.9303564564221,1.10388867591898,1.33535330126444,
430,166,179,53.4736592913828,1.12017165417608,1.35505051280791,
431,166,179,54.2624258133727,1.12017165417608,1.35505051280791,
432,167,179,55.0628270847787,1.13669481551204,1.35505051280791,
434,167,180,56.6992228836829,1.13669481551204,1.37503826928974,
435,168,180,57.5355682811392,1.15346170276227,1.37503826928974,
436,168,180,58.3842502431598,1.15346170276227,1.37503826928974,
437,168,181,59.2454507410039,1.15346170276227,1.39532085641101,
438,169,181,60.1193544301094,1.17047591102093,1.39532085641101,
439,169,181,61.0061486896853,1.17047591102093,1.39532085641101,
439,169,182,61.0061486896853,1.17047591102093,1.41590262308933,
440,170,182,61.9060236628895,1.18774108841188,1.41590262308933,
441,170,182,62.8191722975982,1.18774108841188,1.41590262308933,
441,170,183,62.8191722975982,1.18774108841188,1.43678798239128,
442,171,183,63.7457903877772,1.20526093687084,1.43678798239128,
444,171,183,65.640232593365,1.20526093687084,1.43678798239128,
444,171,184,65.640232593365,1.20526093687084,1.45798141247865,
446,172,184,67.5909751640198,1.22303921293917,1.45798141247865,
447,172,185,68.5879800278074,1.22303921293917,1.47948745756863,
448,173,185,69.5996912735639,1.24107972856932,1.47948745756863,
449,173,186,70.6263258286872,1.24107972856932,1.50131072890817,
451,174,186,72.7252486228286,1.25938635194218,1.50131072890817,
452,174,187,73.7979869051388,1.25938635194218,1.52345590576271,
453,175,187,74.8865486798967,1.27796300829648,1.52345590576271,
454,175,188,75.9911673525072,1.27796300829648,1.54592773641948,
455,176,188,77.1120797712361,1.29681368077043,1.54592773641948,
455,176,188,77.1120797712361,1.29681368077043,1.54592773641948,
457,177,189,79.4037507598713,1.31594241125578,1.5687310392056,
457,178,189,79.4037507598713,1.33535330126444,1.5687310392056,
457,178,189,79.4037507598713,1.33535330126444,1.5687310392056,
458,179,190,80.5750007014273,1.35505051280791,1.59187070352125,
458,180,190,80.5750007014273,1.37503826928974,1.59187070352125,
458,181,190,80.5750007014273,1.39532085641101,1.59187070352125,
459,181,191,81.7635272377596,1.39532085641101,1.61535169088798,
459,182,191,81.7635272377596,1.41590262308933,1.61535169088798,
459,182,191,81.7635272377596,1.41590262308933,1.61535169088798,
460,182,192,82.9695852083491,1.41590262308933,1.63917903601261,
460,183,192,82.9695852083491,1.43678798239128,1.63917903601261,
461,184,192,84.1934332117021,1.45798141247865,1.63917903601261,
461,184,192,84.1934332117021,1.45798141247865,1.63917903601261,
462,184,192,85.4353336607983,1.45798141247865,1.63917903601261,
462,184,192,85.4353336607983,1.45798141247865,1.63917903601261,
463,184,192,86.6955528393563,1.45798141247865,1.63917903601261,
463,184,192,86.6955528393563,1.45798141247865,1.63917903601261,
464,184,192,87.9743609589291,1.45798141247865,1.63917903601261,
465,184,192,89.2720322168422,1.45798141247865,1.63917903601261,
466,184,192,90.5888448549853,1.45798141247865,1.63917903601261,
468,184,192,93.2810278211822,1.45798141247865,1.63917903601261,
469,184,193,94.6569753971884,1.45798141247865,1.66335784786667,
469,184,193,94.6569753971884,1.45798141247865,1.66335784786667,
471,184,193,97.4700579263229,1.45798141247865,1.66335784786667,
472,184,194,98.9077960502424,1.45798141247865,1.68789331078192,
473,184,194,100.366741619371,1.45798141247865,1.68789331078192,
474,184,195,101.847207455441,1.45798141247865,1.71279068556191,
476,184,195,104.873974354889,1.45798141247865,1.71279068556191,
477,184,195,106.420924406472,1.45798141247865,1.71279068556191,
478,184,196,107.990692840565,1.45798141247865,1.73805531061003,
479,184,196,109.583616241131,1.45798141247865,1.73805531061003,
479,184,196,109.583616241131,1.45798141247865,1.73805531061003,
479,184,197,109.583616241131,1.45798141247865,1.76369260307408,
478,183,197,107.990692840565,1.43678798239128,1.76369260307408,
477,183,197,106.420924406472,1.43678798239128,1.76369260307408,
476,183,197,104.873974354889,1.43678798239128,1.76369260307408,
474,182,198,101.847207455441,1.41590262308933,1.78970806000785,
473,182,198,100.366741619371,1.41590262308933,1.78970806000785,
472,182,199,98.9077960502424,1.41590262308933,1.81610725954977,
470,181,199,96.0532189731009,1.39532085641101,1.81610725954977,
469,181,199,94.6569753971884,1.39532085641101,1.81610725954977,
469,180,199,94.6569753971884,1.37503826928974,1.81610725954977,
467,180,200,91.9250812194726,1.37503826928974,1.84289586211893,
466,180,200,90.5888448549853,1.37503826928974,1.84289586211893,
468,181,201,93.2810278211822,1.39532085641101,1.8700796116288,
468,181,201,93.2810278211822,1.39532085641101,1.8700796116288,
469,182,202,94.6569753971884,1.41590262308933,1.89766433671879,
469,183,202,94.6569753971884,1.43678798239128,1.89766433671879,
471,184,203,97.4700579263229,1.45798141247865,1.92565595200403,
472,185,203,98.9077960502424,1.47948745756863,1.92565595200403,
473,186,204,100.366741619371,1.50131072890817,1.95406045934352,
475,187,204,103.349510994484,1.52345590576271,1.95406045934352,
475,188,205,103.349510994484,1.54592773641948,1.98288394912707,
477,189,206,106.420924406472,1.5687310392056,2.01213260158117,
478,190,206,107.990692840565,1.59187070352125,2.01213260158117,
478,191,207,107.990692840565,1.61535169088798,2.04181268809411,
478,192,207,107.990692840565,1.63917903601261,2.04181268809411,
479,193,208,109.583616241131,1.66335784786667,2.07193057256069,
480,194,209,111.200036156937,1.68789331078192,2.10249271274672,
480,195,209,111.200036156937,1.71279068556191,2.10249271274672,
481,196,210,112.840299174785,1.73805531061003,2.1335056616737,
483,197,211,116.19376650098,1.76369260307408,2.16497606902387,
484,198,211,117.907689847435,1.78970806000785,2.16497606902387,
485,200,212,119.646894526323,1.84289586211893,2.19691068256603,
486,200,212,121.411753451502,1.84289586211893,2.19691068256603,
488,201,213,125.019953280758,1.8700796116288,2.22931634960235,
489,202,213,126.864067841747,1.89766433671879,2.22931634960235,
490,202,213,128.735384128739,1.89766433671879,2.22931634960235,
492,203,213,132.561232762233,1.92565595200403,2.22931634960235,
494,204,213,136.500780654601,1.95406045934352,2.22931634960235,
496,205,213,140.557406800339,1.98288394912707,2.22931634960235,
497,219,213,142.630707531409,2.43403883989151,2.22931634960235,
498,219,213,144.734590613273,2.43403883989151,2.22931634960235,
499,220,214,146.86950715279,2.46994228049332,2.26220001843656,
500,220,214,149.035914910899,2.46994228049332,2.26220001843656,
501,220,214,151.234278400767,2.46994228049332,2.26220001843656,
501,218,214,151.234278400767,2.39865729692966,2.26220001843656,
500,216,215,149.035914910899,2.32942966868229,2.29556873986377,
500,214,215,149.035914910899,2.26220001843656,2.29556873986377,
500,212,215,149.035914910899,2.19691068256603,2.29556873986377,
499,209,215,146.86950715279,2.10249271274672,2.29556873986377,
499,209,216,146.86950715279,2.10249271274672,2.32942966868229,
499,209,216,146.86950715279,2.10249271274672,2.32942966868229,
498,209,216,144.734590613273,2.10249271274672,2.32942966868229,
498,209,217,144.734590613273,2.10249271274672,2.36379006522771,
499,208,217,146.86950715279,2.07193057256069,2.36379006522771,
499,209,217,146.86950715279,2.10249271274672,2.36379006522771,
501,209,217,151.234278400767,2.10249271274672,2.36379006522771,
502,209,217,153.465068987396,2.10249271274672,2.36379006522771,
503,210,217,155.728764988684,2.1335056616737,2.36379006522771,
505,210,217,160.356821888191,2.1335056616737,2.36379006522771,
506,211,217,162.722175117318,2.16497606902387,2.36379006522771,
507,211,217,165.122418635692,2.16497606902387,2.36379006522771,
508,212,217,167.558067094687,2.19691068256603,2.36379006522771,
509,213,217,170.029642737069,2.22931634960235,2.36379006522771,
511,214,218,175.082703173573,2.26220001843656,2.39865729692966,
511,215,218,175.082703173573,2.29556873986377,2.39865729692966,
512,216,218,177.665271426295,2.32942966868229,2.39865729692966,
513,217,219,180.285934011919,2.36379006522771,2.43403883989151,
514,218,219,182.94525284326,2.39865729692966,2.43403883989151,
514,219,219,182.94525284326,2.43403883989151,2.43403883989151,
515,220,220,185.643798121663,2.46994228049332,2.46994228049332,
516,221,220,188.382148459266,2.50637531701855,2.46994228049332,
516,222,220,188.382148459266,2.54334576130465,2.46994228049332,
517,223,221,191.160891003058,2.58086154041808,2.50637531701855,
518,224,221,193.980621560778,2.61893069835396,2.50637531701855,
519,225,221,196.841944728661,2.65756139776087,2.50637531701855,
520,227,221,199.74547402108,2.73654067537643,2.50637531701855,
522,227,221,205.681650418906,2.73654067537643,2.50637531701855,
522,228,221,205.681650418906,2.77690618803078,2.50637531701855,
524,228,221,211.794242279454,2.77690618803078,2.50637531701855,
525,229,221,214.918326362609,2.81786711467861,2.50637531701855,
527,229,221,221.305420251301,2.81786711467861,2.50637531701855,
528,230,221,224.569799553977,2.85943223801089,2.50637531701855,
529,231,221,227.882330285659,2.90161047026823,2.50637531701855,
530,232,222,231.24372270698,2.94441085515178,2.54334576130465,
531,232,222,234.65469755532,2.94441085515178,2.54334576130465,
532,233,222,238.115986199337,2.98784256976237,2.54334576130465,
533,234,222,241.62833079579,3.03191492656823,2.54334576130465,
534,235,223,245.192484448666,3.07663737540173,2.58086154041808,
535,237,223,248.809211370659,3.16807104748884,2.58086154041808,
535,238,223,248.809211370659,3.21480187561355,2.58086154041808,
536,240,224,252.479287047031,3.31034161743363,2.61893069835396,
537,241,224,256.203498401886,3.35917101640844,2.61893069835396,
537,242,224,256.203498401886,3.4087206764559,2.61893069835396,
538,243,225,259.9826439669,3.45900122183156,2.65756139776087,
538,244,225,259.9826439669,3.51002343350472,2.65756139776087,
540,244,225,267.708990921814,3.51002343350472,2.65756139776087,
541,245,225,271.657848966561,3.56179825147,2.65756139776087,
541,246,226,271.657848966561,3.61433677709311,2.69676192169106,
542,246,226,275.664954886375,3.61433677709311,2.69676192169106,
543,246,226,279.731167870144,3.61433677709311,2.69676192169106,
544,246,226,283.857359780273,3.61433677709311,2.69676192169106,
545,246,226,288.04441533963,3.61433677709311,2.69676192169106,
546,246,226,292.29323232124,3.61433677709311,2.69676192169106,
547,246,226,296.604721740786,3.61433677709311,2.69676192169106,
548,246,226,300.979808051944,3.61433677709311,2.69676192169106,
549,246,226,305.419429344602,3.61433677709311,2.69676192169106,
550,246,226,309.924537545998,3.61433677709311,2.69676192169106,
551,246,226,314.496098624836,3.61433677709311,2.69676192169106,
551,246,226,314.496098624836,3.61433677709311,2.69676192169106,
552,246,226,319.135092798397,3.61433677709311,2.69676192169106,
551,246,227,314.496098624836,3.61433677709311,2.73654067537643,
551,246,227,314.496098624836,3.61433677709311,2.73654067537643,
550,246,228,309.924537545998,3.61433677709311,2.77690618803078,
550,246,228,309.924537545998,3.61433677709311,2.77690618803078,
549,246,229,305.419429344602,3.61433677709311,2.81786711467861,
548,246,229,300.979808051944,3.61433677709311,2.81786711467861,
547,246,230,296.604721740786,3.61433677709311,2.85943223801089,
547,246,230,296.604721740786,3.61433677709311,2.85943223801089,
546,246,230,292.29323232124,3.61433677709311,2.85943223801089,
545,246,231,288.04441533963,3.61433677709311,2.90161047026823,
544,246,231,283.857359780273,3.61433677709311,2.90161047026823,
543,246,231,279.731167870144,3.61433677709311,2.90161047026823,
542,246,232,275.664954886375,3.61433677709311,2.94441085515178,
541,246,232,271.657848966561,3.61433677709311,2.94441085515178,
540,246,232,267.708990921814,3.61433677709311,2.94441085515178,
539,246,233,263.817534052542,3.61433677709311,2.98784256976237,
538,246,233,259.9826439669,3.61433677709311,2.98784256976237,
537,247,233,256.203498401886,3.66765027549114,2.98784256976237,
535,247,234,248.809211370659,3.66765027549114,3.03191492656823,
534,247,234,245.192484448666,3.66765027549114,3.03191492656823,
532,248,234,238.115986199337,3.72175017794799,3.03191492656823,
531,249,234,234.65469755532,3.77664808436541,3.03191492656823,
529,249,234,227.882330285659,3.77664808436541,3.03191492656823,
527,250,234,221.305420251301,3.83235576575023,3.03191492656823,
525,252,234,214.918326362609,3.94624840815533,3.03191492656823,
524,252,234,211.794242279454,3.94624840815533,3.03191492656823,
523,253,234,208.715570337385,4.00445778961635,3.03191492656823,
521,254,234,202.691832002088,4.06352579216242,3.03191492656823,
520,254,234,199.74547402108,4.06352579216242,3.03191492656823,
520,254,234,199.74547402108,4.06352579216242,3.03191492656823,
520,254,234,199.74547402108,4.06352579216242,3.03191492656823,
521,254,234,202.691832002088,4.06352579216242,3.03191492656823,
522,254,234,205.681650418906,4.06352579216242,3.03191492656823,
522,253,234,205.681650418906,4.00445778961635,3.03191492656823,
523,253,234,208.715570337385,4.00445778961635,3.03191492656823,
524,253,234,211.794242279454,4.00445778961635,3.03191492656823,
524,252,234,211.794242279454,3.94624840815533,3.03191492656823,
525,252,234,214.918326362609,3.94624840815533,3.03191492656823,
526,252,234,218.088492441448,3.94624840815533,3.03191492656823,
527,251,234,221.305420251301,3.88888516673824,3.03191492656823,
528,251,234,224.569799553977,3.88888516673824,3.03191492656823,
529,251,234,227.882330285659,3.88888516673824,3.03191492656823,
529,252,234,227.882330285659,3.94624840815533,3.03191492656823,
530,252,234,231.24372270698,3.94624840815533,3.03191492656823,
531,253,234,234.65469755532,4.00445778961635,3.03191492656823,
532,253,234,238.115986199337,4.00445778961635,3.03191492656823,
533,254,234,241.62833079579,4.06352579216242,3.03191492656823,
534,254,234,245.192484448666,4.06352579216242,3.03191492656823,
535,255,234,248.809211370659,4.12346508093701,3.03191492656823,
536,255,234,252.479287047031,4.12346508093701,3.03191492656823,
537,256,234,256.203498401886,4.18428850790158,3.03191492656823,
538,256,234,259.9826439669,4.18428850790158,3.03191492656823,
539,256,234,263.817534052542,4.18428850790158,3.03191492656823,
540,257,234,267.708990921814,4.24600911459124,3.03191492656823,
541,257,234,271.657848966561,4.24600911459124,3.03191492656823,
542,257,234,275.664954886375,4.24600911459124,3.03191492656823,
543,258,234,279.731167870144,4.30864013491105,3.03191492656823,
544,258,234,283.857359780273,4.30864013491105,3.03191492656823,
545,258,234,288.04441533963,4.30864013491105,3.03191492656823,
546,259,234,292.29323232124,4.37219499797365,3.03191492656823,
547,259,234,296.604721740786,4.37219499797365,3.03191492656823,
547,259,234,296.604721740786,4.37219499797365,3.03191492656823,
549,258,234,305.419429344602,4.30864013491105,3.03191492656823,
549,258,234,305.419429344602,4.30864013491105,3.03191492656823,
550,257,234,309.924537545998,4.24600911459124,3.03191492656823,
550,257,234,309.924537545998,4.24600911459124,3.03191492656823,
550,256,234,309.924537545998,4.18428850790158,3.03191492656823,
551,256,234,314.496098624836,4.18428850790158,3.03191492656823,
551,256,234,314.496098624836,4.18428850790158,3.03191492656823,
552,255,234,319.135092798397,4.12346508093701,3.03191492656823,
552,255,234,319.135092798397,4.12346508093701,3.03191492656823,
552,255,234,319.135092798397,4.12346508093701,3.03191492656823,
553,255,235,323.84251474272,4.12346508093701,3.07663737540173,
553,255,235,323.84251474272,4.12346508093701,3.07663737540173,
553,255,236,323.84251474272,4.12346508093701,3.12201950548556,
554,255,236,328.619373805875,4.12346508093701,3.12201950548556,
554,255,236,328.619373805875,4.12346508093701,3.12201950548556,
554,255,236,328.619373805875,4.12346508093701,3.12201950548556,
555,255,237,333.466694224381,4.12346508093701,3.16807104748884,
555,255,237,333.466694224381,4.12346508093701,3.16807104748884,
553,255,237,323.84251474272,4.12346508093701,3.16807104748884,
552,255,238,319.135092798397,4.12346508093701,3.21480187561355,
550,256,238,309.924537545998,4.18428850790158,3.21480187561355,
549,257,238,305.419429344602,4.24600911459124,3.21480187561355,
546,257,238,292.29323232124,4.24600911459124,3.21480187561355,
544,258,238,283.857359780273,4.30864013491105,3.21480187561355,
541,259,238,271.657848966561,4.37219499797365,3.21480187561355,
538,260,238,259.9826439669,4.43668733097861,3.21480187561355,
536,261,238,252.479287047031,4.50213096213435,3.21480187561355,
534,262,238,245.192484448666,4.56853992362313,3.21480187561355,
532,262,238,238.115986199337,4.56853992362313,3.21480187561355,
531,263,238,234.65469755532,4.63592845460981,3.21480187561355,
530,263,238,231.24372270698,4.63592845460981,3.21480187561355,
531,262,238,234.65469755532,4.56853992362313,3.21480187561355,
532,262,238,238.115986199337,4.56853992362313,3.21480187561355,
534,262,238,245.192484448666,4.56853992362313,3.21480187561355,
535,261,238,248.809211370659,4.50213096213435,3.21480187561355,
536,261,238,252.479287047031,4.50213096213435,3.21480187561355,
538,261,238,259.9826439669,4.50213096213435,3.21480187561355,
539,260,238,263.817534052542,4.43668733097861,3.21480187561355,
540,260,238,267.708990921814,4.43668733097861,3.21480187561355,
541,260,238,271.657848966561,4.43668733097861,3.21480187561355,
542,260,238,275.664954886375,4.43668733097861,3.21480187561355,
543,259,238,279.731167870144,4.37219499797365,3.21480187561355,
544,260,238,283.857359780273,4.43668733097861,3.21480187561355,
545,260,237,288.04441533963,4.43668733097861,3.16807104748884,
546,260,237,292.29323232124,4.43668733097861,3.16807104748884,
547,261,237,296.604721740786,4.50213096213435,3.16807104748884,
547,261,236,296.604721740786,4.50213096213435,3.12201950548556,
548,261,236,300.979808051944,4.50213096213435,3.12201950548556,
549,262,236,305.419429344602,4.56853992362313,3.12201950548556,
549,262,235,305.419429344602,4.56853992362313,3.07663737540173,
550,262,235,309.924537545998,4.56853992362313,3.07663737540173,
551,263,235,314.496098624836,4.63592845460981,3.07663737540173,
551,264,234,314.496098624836,4.7043110042949,3.03191492656823,
552,265,234,319.135092798397,4.77370223501277,3.03191492656823,
552,266,234,319.135092798397,4.84411702537542,3.03191492656823,
551,266,234,314.496098624836,4.84411702537542,3.03191492656823,
551,268,234,314.496098624836,4.9880779000599,3.03191492656823,
550,269,234,309.924537545998,5.06165485194206,3.03191492656823,
550,270,234,309.924537545998,5.13631710520818,3.03191492656823,
549,272,234,305.419429344602,5.28896178725224,3.03191492656823,
549,272,234,305.419429344602,5.28896178725224,3.03191492656823,
548,274,234,300.979808051944,5.44614287125105,3.03191492656823,
548,275,234,300.979808051944,5.52647653885006,3.03191492656823,
548,275,233,300.979808051944,5.52647653885006,2.98784256976237,
549,276,233,305.419429344602,5.60799517318654,2.98784256976237,
549,276,233,305.419429344602,5.60799517318654,2.98784256976237,
549,276,233,305.419429344602,5.60799517318654,2.98784256976237,
550,276,232,309.924537545998,5.60799517318654,2.94441085515178,
550,276,232,309.924537545998,5.60799517318654,2.94441085515178,
550,276,231,309.924537545998,5.60799517318654,2.90161047026823,
551,276,231,314.496098624836,5.60799517318654,2.90161047026823,
551,276,231,314.496098624836,5.60799517318654,2.90161047026823,
552,276,230,319.135092798397,5.60799517318654,2.85943223801089,
552,276,230,319.135092798397,5.60799517318654,2.85943223801089,
553,275,230,323.84251474272,5.52647653885006,2.85943223801089,
554,275,230,328.619373805875,5.52647653885006,2.85943223801089,
555,274,230,333.466694224381,5.44614287125105,2.85943223801089,
556,273,230,338.385515342823,5.36697694554048,2.85943223801089,
558,272,230,348.441893938577,5.28896178725224,2.85943223801089,
559,271,230,353.581607667534,5.21208066866353,2.85943223801089,
560,270,230,358.797135062056,5.13631710520818,2.85943223801089,
562,269,230,369.46012051993,5.06165485194206,2.85943223801089,
562,269,230,369.46012051993,5.06165485194206,2.85943223801089,
563,269,230,374.909864901337,5.06165485194206,2.85943223801089,
564,269,230,380.439996074642,5.06165485194206,2.85943223801089,
564,270,230,380.439996074642,5.13631710520818,2.85943223801089,
563,271,230,374.909864901337,5.21208066866353,2.85943223801089,
563,272,230,374.909864901337,5.28896178725224,2.85943223801089,
563,273,230,374.909864901337,5.36697694554048,2.85943223801089,
562,273,230,369.46012051993,5.36697694554048,2.85943223801089,
562,275,230,369.46012051993,5.52647653885006,2.85943223801089,
562,276,230,369.46012051993,5.60799517318654,2.85943223801089,
561,276,230,364.08959441631,5.60799517318654,2.85943223801089,
561,277,230,364.08959441631,5.69071625318571,2.85943223801089,
561,279,230,364.08959441631,5.85983695879589,2.85943223801089,
561,279,230,364.08959441631,5.85983695879589,2.85943223801089,
560,279,230,358.797135062056,5.85983695879589,2.85943223801089,
560,280,230,358.797135062056,5.94627284664549,2.85943223801089,
560,280,230,358.797135062056,5.94627284664549,2.85943223801089,
