-1,-1,126,0,0,1,
-1,-1,126,0,0,1,
-1,-1,126,0,0,1,
-1,-1,126,0,0,1,
-1,-1,126,0,0,1,
133,-1,126,1.13762728582343,0,1,
134,-1,127,1.15877735615513,0,1.01859138805412,
135,-1,127,1.18032063565173,0,1.01859138805412,
135,-1,127,1.18032063565173,0,1.01859138805412,
136,-1,127,1.20226443461741,0,1.01859138805412,
137,-1,128,1.22461619926505,0,1.03752841581801,
137,-1,128,1.22461619926505,0,1.03752841581801,
138,-1,129,1.24738351424294,0,1.05681750921366,
139,-1,129,1.27057410520854,0,1.05681750921366,
139,-1,129,1.27057410520854,0,1.05681750921366,
140,-1,129,1.29419584144999,0,1.05681750921366,
141,-1,129,1.31825673855641,0,1.05681750921366,
141,-1,129,1.31825673855641,0,1.05681750921366,
142,-1,129,1.34276496113786,0,1.05681750921366,
143,-1,129,1.36772882559585,0,1.05681750921366,
144,-1,129,1.3931568029453,0,1.05681750921366,
145,-1,129,1.41905752168909,0,1.05681750921366,
145,-1,129,1.41905752168909,0,1.05681750921366,
146,-1,129,1.44543977074593,0,1.05681750921366,
146,-1,129,1.44543977074593,0,1.05681750921366,
146,-1,129,1.44543977074593,0,1.05681750921366,
146,-1,129,1.44543977074593,0,1.05681750921366,
146,-1,129,1.44543977074593,0,1.05681750921366,
146,-1,129,1.44543977074593,0,1.05681750921366,
146,-1,129,1.44543977074593,0,1.05681750921366,
146,-1,129,1.44543977074593,0,1.05681750921366,
146,-1,129,1.44543977074593,0,1.05681750921366,
146,-1,129,1.44543977074593,0,1.05681750921366,
146,-1,129,1.44543977074593,0,1.05681750921366,
146,-1,129,1.44543977074593,0,1.05681750921366,
145,-1,129,1.41905752168909,0,1.05681750921366,
145,-1,129,1.41905752168909,0,1.05681750921366,
144,-1,131,1.3931568029453,0,1.09647819614319,
143,-1,131,1.36772882559585,0,1.09647819614319,
142,-1,132,1.34276496113786,0,1.11686324778056,
142,-1,132,1.34276496113786,0,1.11686324778056,
141,127,133,1.31825673855641,1.01859138805412,1.13762728582343,
141,127,133,1.31825673855641,1.01859138805412,1.13762728582343,
141,127,134,1.31825673855641,1.01859138805412,1.15877735615513,
141,127,134,1.31825673855641,1.01859138805412,1.15877735615513,
142,127,134,1.34276496113786,1.01859138805412,1.15877735615513,
142,127,134,1.34276496113786,1.01859138805412,1.15877735615513,
143,127,134,1.36772882559585,1.01859138805412,1.15877735615513,
143,127,134,1.36772882559585,1.01859138805412,1.15877735615513,
144,127,134,1.3931568029453,1.01859138805412,1.15877735615513,
145,127,134,1.41905752168909,1.01859138805412,1.15877735615513,
146,127,134,1.44543977074593,1.01859138805412,1.15877735615513,
147,127,134,1.47231250243272,1.01859138805412,1.15877735615513,
148,127,134,1.49968483550237,1.01859138805412,1.15877735615513,
149,127,134,1.52756605823807,1.01859138805412,1.15877735615513,
150,127,134,1.55596563160507,1.01859138805412,1.15877735615513,
151,127,134,1.58489319246111,1.01859138805412,1.15877735615513,
152,128,134,1.61435855682649,1.03752841581801,1.15877735615513,
153,128,134,1.64437172321493,1.03752841581801,1.15877735615513,
154,128,135,1.67494287602644,1.03752841581801,1.18032063565173,
155,128,135,1.70608238900312,1.03752841581801,1.18032063565173,
156,128,135,1.73780082874938,1.03752841581801,1.18032063565173,
157,128,136,1.77010895831742,1.03752841581801,1.20226443461741,
158,128,136,1.80301774085957,1.03752841581801,1.20226443461741,
159,129,136,1.83653834334835,1.05681750921366,1.20226443461741,
160,129,136,1.8706821403658,1.05681750921366,1.20226443461741,
161,129,137,1.90546071796325,1.05681750921366,1.22461619926505,
162,129,137,1.94088587759278,1.05681750921366,1.22461619926505,
162,129,137,1.94088587759278,1.05681750921366,1.22461619926505,
163,130,138,1.97696964011186,1.07646521362983,1.24738351424294,
163,130,138,1.97696964011186,1.07646521362983,1.24738351424294,
163,130,138,1.97696964011186,1.07646521362983,1.24738351424294,
163,130,138,1.97696964011186,1.07646521362983,1.24738351424294,
163,130,138,1.97696964011186,1.07646521362983,1.24738351424294,
163,130,138,1.97696964011186,1.07646521362983,1.24738351424294,
163,130,138,1.97696964011186,1.07646521362983,1.24738351424294,
162,130,138,1.94088587759278,1.07646521362983,1.24738351424294,
161,129,138,1.90546071796325,1.05681750921366,1.24738351424294,
160,129,138,1.8706821403658,1.05681750921366,1.24738351424294,
159,129,138,1.83653834334835,1.05681750921366,1.24738351424294,
157,128,139,1.77010895831742,1.03752841581801,1.27057410520854,
156,128,139,1.73780082874938,1.03752841581801,1.27057410520854,
154,128,140,1.67494287602644,1.03752841581801,1.29419584144999,
153,128,140,1.64437172321493,1.03752841581801,1.29419584144999,
152,127,141,1.61435855682649,1.01859138805412,1.31825673855641,
152,127,141,1.61435855682649,1.01859138805412,1.31825673855641,
151,127,142,1.58489319246111,1.01859138805412,1.34276496113786,
150,126,142,1.55596563160507,1,1.34276496113786,
149,126,142,1.52756605823807,1,1.34276496113786,
151,126,142,1.58489319246111,1,1.34276496113786,
152,126,143,1.61435855682649,1,1.36772882559585,
154,126,143,1.67494287602644,1,1.36772882559585,
156,127,144,1.73780082874938,1.01859138805412,1.3931568029453,
158,127,144,1.80301774085957,1.01859138805412,1.3931568029453,
159,128,145,1.83653834334835,1.03752841581801,1.41905752168909,
160,128,145,1.8706821403658,1.03752841581801,1.41905752168909,
161,129,146,1.90546071796325,1.05681750921366,1.44543977074593,
162,129,146,1.94088587759278,1.05681750921366,1.44543977074593,
163,129,146,1.97696964011186,1.05681750921366,1.44543977074593,
165,129,146,2.05116217882557,1.05681750921366,1.44543977074593,
167,129,146,2.12813904598271,1.05681750921366,1.44543977074593,
168,129,146,2.16770410481969,1.05681750921366,1.44543977074593,
168,129,146,2.16770410481969,1.05681750921366,1.44543977074593,
169,129,146,2.2080047330189,1.05681750921366,1.44543977074593,
169,129,146,2.2080047330189,1.05681750921366,1.44543977074593,
170,129,146,2.24905460583578,1.05681750921366,1.44543977074593,
170,129,146,2.24905460583578,1.05681750921366,1.44543977074593,
170,129,146,2.24905460583578,1.05681750921366,1.44543977074593,
171,129,146,2.29086765276777,1.05681750921366,1.44543977074593,
171,129,146,2.29086765276777,1.05681750921366,1.44543977074593,
171,129,146,2.29086765276777,1.05681750921366,1.44543977074593,
171,129,147,2.29086765276777,1.05681750921366,1.47231250243272,
171,129,147,2.29086765276777,1.05681750921366,1.47231250243272,
170,129,148,2.24905460583578,1.05681750921366,1.49968483550237,
170,129,148,2.24905460583578,1.05681750921366,1.49968483550237,
169,129,149,2.2080047330189,1.05681750921366,1.52756605823807,
169,129,149,2.2080047330189,1.05681750921366,1.52756605823807,
168,129,150,2.16770410481969,1.05681750921366,1.55596563160507,
168,129,150,2.16770410481969,1.05681750921366,1.55596563160507,
167,129,150,2.12813904598271,1.05681750921366,1.55596563160507,
168,129,150,2.16770410481969,1.05681750921366,1.55596563160507,
168,129,150,2.16770410481969,1.05681750921366,1.55596563160507,
168,129,150,2.16770410481969,1.05681750921366,1.55596563160507,
169,129,150,2.2080047330189,1.05681750921366,1.55596563160507,
169,129,150,2.2080047330189,1.05681750921366,1.55596563160507,
169,129,150,2.2080047330189,1.05681750921366,1.55596563160507,
170,129,150,2.24905460583578,1.05681750921366,1.55596563160507,
170,129,150,2.24905460583578,1.05681750921366,1.55596563160507,
170,129,150,2.24905460583578,1.05681750921366,1.55596563160507,
171,129,150,2.29086765276777,1.05681750921366,1.55596563160507,
171,129,150,2.29086765276777,1.05681750921366,1.55596563160507,
171,129,150,2.29086765276777,1.05681750921366,1.55596563160507,
171,129,150,2.29086765276777,1.05681750921366,1.55596563160507,
171,129,150,2.29086765276777,1.05681750921366,1.55596563160507,
171,129,150,2.29086765276777,1.05681750921366,1.55596563160507,
171,129,150,2.29086765276777,1.05681750921366,1.55596563160507,
171,129,150,2.29086765276777,1.05681750921366,1.55596563160507,
171,129,150,2.29086765276777,1.05681750921366,1.55596563160507,
171,129,150,2.29086765276777,1.05681750921366,1.55596563160507,
171,129,150,2.29086765276777,1.05681750921366,1.55596563160507,
171,129,150,2.29086765276777,1.05681750921366,1.55596563160507,
171,129,151,2.29086765276777,1.05681750921366,1.58489319246111,
170,129,151,2.24905460583578,1.05681750921366,1.58489319246111,
170,129,151,2.24905460583578,1.05681750921366,1.58489319246111,
170,129,152,2.24905460583578,1.05681750921366,1.61435855682649,
169,129,152,2.2080047330189,1.05681750921366,1.61435855682649,
169,129,152,2.2080047330189,1.05681750921366,1.61435855682649,
169,129,153,2.2080047330189,1.05681750921366,1.64437172321493,
168,129,153,2.16770410481969,1.05681750921366,1.64437172321493,
168,129,153,2.16770410481969,1.05681750921366,1.64437172321493,
168,129,154,2.16770410481969,1.05681750921366,1.67494287602644,
167,129,154,2.12813904598271,1.05681750921366,1.67494287602644,
167,129,154,2.12813904598271,1.05681750921366,1.67494287602644,
167,129,154,2.12813904598271,1.05681750921366,1.67494287602644,
166,129,154,2.08929613085404,1.05681750921366,1.67494287602644,
166,129,154,2.08929613085404,1.05681750921366,1.67494287602644,
166,129,154,2.08929613085404,1.05681750921366,1.67494287602644,
165,129,154,2.05116217882557,1.05681750921366,1.67494287602644,
165,129,154,2.05116217882557,1.05681750921366,1.67494287602644,
165,129,154,2.05116217882557,1.05681750921366,1.67494287602644,
164,129,154,2.01372424986239,1.05681750921366,1.67494287602644,
164,129,154,2.01372424986239,1.05681750921366,1.67494287602644,
164,129,154,2.01372424986239,1.05681750921366,1.67494287602644,
164,129,154,2.01372424986239,1.05681750921366,1.67494287602644,
165,129,154,2.05116217882557,1.05681750921366,1.67494287602644,
166,129,154,2.08929613085404,1.05681750921366,1.67494287602644,
167,129,154,2.12813904598271,1.05681750921366,1.67494287602644,
168,129,154,2.16770410481969,1.05681750921366,1.67494287602644,
169,129,154,2.2080047330189,1.05681750921366,1.67494287602644,
172,129,154,2.333458062281,1.05681750921366,1.67494287602644,
173,129,154,2.37684028662488,1.05681750921366,1.67494287602644,
175,129,154,2.46603933723434,1.05681750921366,1.67494287602644,
176,129,154,2.51188643150958,1.05681750921366,1.67494287602644,
177,129,154,2.55858588690565,1.05681750921366,1.67494287602644,
178,129,154,2.6061535499989,1.05681750921366,1.67494287602644,
179,129,154,2.65460556197554,1.05681750921366,1.67494287602644,
179,129,154,2.65460556197554,1.05681750921366,1.67494287602644,
178,129,153,2.6061535499989,1.05681750921366,1.64437172321493,
178,129,153,2.6061535499989,1.05681750921366,1.64437172321493,
178,129,153,2.6061535499989,1.05681750921366,1.64437172321493,
177,129,152,2.55858588690565,1.05681750921366,1.61435855682649,
177,129,152,2.55858588690565,1.05681750921366,1.61435855682649,
177,129,152,2.55858588690565,1.05681750921366,1.61435855682649,
176,129,151,2.51188643150958,1.05681750921366,1.58489319246111,
175,128,151,2.46603933723434,1.03752841581801,1.58489319246111,
174,128,151,2.42102904673618,1.03752841581801,1.58489319246111,
173,127,150,2.37684028662488,1.01859138805412,1.55596563160507,
172,126,150,2.333458062281,1,1.55596563160507,
170,126,149,2.24905460583578,1,1.52756605823807,
169,124,149,2.2080047330189,0.96382902362397,1.52756605823807,
167,123,148,2.12813904598271,0.946237161365793,1.49968483550237,
165,122,148,2.05116217882557,0.928966386779936,1.49968483550237,
163,121,147,1.97696964011186,0.91201083935591,1.47231250243272,
163,119,147,1.97696964011186,0.879022516830884,1.47231250243272,
161,119,146,1.90546071796325,0.879022516830884,1.44543977074593,
160,117,146,1.8706821403658,0.847227414140596,1.44543977074593,
159,116,145,1.83653834334835,0.831763771102671,1.41905752168909,
158,115,144,1.80301774085957,0.816582371358592,1.3931568029453,
157,114,144,1.77010895831742,0.801678063387679,1.3931568029453,
157,114,143,1.77010895831742,0.801678063387679,1.36772882559585,
157,113,142,1.77010895831742,0.787045789695099,1.34276496113786,
156,112,142,1.73780082874938,0.772680585095702,1.34276496113786,
156,112,141,1.73780082874938,0.772680585095702,1.31825673855641,
156,111,140,1.73780082874938,0.758577575029184,1.29419584144999,
155,110,140,1.70608238900312,0.744731973905989,1.29419584144999,
155,110,139,1.70608238900312,0.744731973905989,1.27057410520854,
155,109,139,1.70608238900312,0.731139083483418,1.27057410520854,
155,108,138,1.70608238900312,0.717794291271362,1.24738351424294,
156,108,137,1.73780082874938,0.717794291271362,1.22461619926505,
156,107,137,1.73780082874938,0.704693068967147,1.22461619926505,
157,107,136,1.77010895831742,0.704693068967147,1.20226443461741,
157,106,136,1.77010895831742,0.691830970918937,1.20226443461741,
158,106,135,1.80301774085957,0.691830970918937,1.18032063565173,
158,105,134,1.80301774085957,0.679203632617185,1.15877735615513,
158,105,134,1.80301774085957,0.679203632617185,1.15877735615513,
158,104,134,1.80301774085957,0.666806769213622,1.15877735615513,
157,104,134,1.77010895831742,0.666806769213622,1.15877735615513,
157,104,134,1.77010895831742,0.666806769213622,1.15877735615513,
156,103,134,1.73780082874938,0.654636174067275,1.15877735615513,
155,103,135,1.70608238900312,0.654636174067275,1.18032063565173,
154,103,135,1.67494287602644,0.654636174067275,1.18032063565173,
153,103,135,1.64437172321493,0.654636174067275,1.18032063565173,
152,102,136,1.61435855682649,0.64268771731702,1.20226443461741,
151,102,136,1.58489319246111,0.64268771731702,1.20226443461741,
150,102,136,1.55596563160507,0.64268771731702,1.20226443461741,
149,101,137,1.52756605823807,0.630957344480193,1.22461619926505,
148,101,138,1.49968483550237,0.630957344480193,1.24738351424294,
149,101,139,1.52756605823807,0.630957344480193,1.27057410520854,
150,102,140,1.55596563160507,0.64268771731702,1.29419584144999,
150,102,140,1.55596563160507,0.64268771731702,1.29419584144999,
152,103,141,1.61435855682649,0.654636174067275,1.31825673855641,
153,104,142,1.64437172321493,0.666806769213622,1.34276496113786,
154,105,143,1.67494287602644,0.679203632617185,1.36772882559585,
155,106,144,1.70608238900312,0.691830970918937,1.3931568029453,
156,106,145,1.73780082874938,0.691830970918937,1.41905752168909,
157,107,145,1.77010895831742,0.704693068967147,1.41905752168909,
158,108,145,1.80301774085957,0.717794291271362,1.41905752168909,
160,109,146,1.8706821403658,0.731139083483418,1.44543977074593,
161,110,147,1.90546071796325,0.744731973905989,1.47231250243272,
163,110,147,1.97696964011186,0.744731973905989,1.47231250243272,
164,111,148,2.01372424986239,0.758577575029184,1.49968483550237,
166,112,148,2.08929613085404,0.772680585095702,1.49968483550237,
167,112,148,2.12813904598271,0.772680585095702,1.49968483550237,
168,113,148,2.16770410481969,0.787045789695099,1.49968483550237,
169,114,149,2.2080047330189,0.801678063387679,1.52756605823807,
171,115,149,2.29086765276777,0.816582371358592,1.52756605823807,
172,115,149,2.333458062281,0.816582371358592,1.52756605823807,
173,116,150,2.37684028662488,0.831763771102671,1.55596563160507,
174,116,150,2.42102904673618,0.831763771102671,1.55596563160507,
174,117,150,2.42102904673618,0.847227414140596,1.55596563160507,
175,117,150,2.46603933723434,0.847227414140596,1.55596563160507,
175,117,150,2.46603933723434,0.847227414140596,1.55596563160507,
175,117,150,2.46603933723434,0.847227414140596,1.55596563160507,
175,117,150,2.46603933723434,0.847227414140596,1.55596563160507,
175,117,150,2.46603933723434,0.847227414140596,1.55596563160507,
175,117,150,2.46603933723434,0.847227414140596,1.55596563160507,
175,117,150,2.46603933723434,0.847227414140596,1.55596563160507,
175,117,150,2.46603933723434,0.847227414140596,1.55596563160507,
175,117,150,2.46603933723434,0.847227414140596,1.55596563160507,
176,117,150,2.51188643150958,0.847227414140596,1.55596563160507,
176,117,150,2.51188643150958,0.847227414140596,1.55596563160507,
177,117,151,2.55858588690565,0.847227414140596,1.58489319246111,
178,118,151,2.6061535499989,0.86297854776697,1.58489319246111,
179,118,152,2.65460556197554,0.86297854776697,1.61435855682649,
180,118,152,2.70395836410884,0.86297854776697,1.61435855682649,
181,119,153,2.75422870333817,0.879022516830884,1.64437172321493,
183,119,153,2.85759054337495,0.879022516830884,1.64437172321493,
184,120,154,2.9107171180666,0.895364765549594,1.67494287602644,
186,120,154,3.01995172040202,0.895364765549594,1.67494287602644,
187,121,154,3.07609681474071,0.91201083935591,1.67494287602644,
188,121,154,3.13328572431559,0.91201083935591,1.67494287602644,
189,121,154,3.19153785510076,0.91201083935591,1.67494287602644,
190,121,154,3.25087297385434,0.91201083935591,1.67494287602644,
192,121,154,3.37287308658869,0.91201083935591,1.67494287602644,
193,121,154,3.43557947899874,0.91201083935591,1.67494287602644,
194,121,154,3.49945167028357,0.91201083935591,1.67494287602644,
195,121,154,3.56451133426244,0.91201083935591,1.67494287602644,
196,121,154,3.63078054770101,0.91201083935591,1.67494287602644,
197,121,154,3.69828179780266,0.91201083935591,1.67494287602644,
198,121,154,3.76703798983909,0.91201083935591,1.67494287602644,
199,121,154,3.83707245492279,0.91201083935591,1.67494287602644,
199,122,154,3.83707245492279,0.928966386779936,1.67494287602644,
200,122,154,3.90840895792402,0.928966386779936,1.67494287602644,
201,123,154,3.98107170553497,0.946237161365793,1.67494287602644,
202,123,154,4.05508535448384,0.946237161365793,1.67494287602644,
202,124,154,4.05508535448384,0.96382902362397,1.67494287602644,
203,125,154,4.13047501990161,0.981747943019984,1.67494287602644,
203,126,154,4.13047501990161,1,1.67494287602644,
204,127,154,4.20726628384444,1.01859138805412,1.67494287602644,
205,128,154,4.2854852039744,1.03752841581801,1.67494287602644,
205,128,154,4.2854852039744,1.03752841581801,1.67494287602644,
206,129,155,4.36515832240166,1.05681750921366,1.70608238900312,
207,129,155,4.44631267469109,1.05681750921366,1.70608238900312,
209,130,155,4.61317574560379,1.07646521362983,1.70608238900312,
210,131,156,4.69894108605215,1.09647819614319,1.73780082874938,
211,131,156,4.78630092322638,1.09647819614319,1.73780082874938,
212,131,156,4.87528490103387,1.09647819614319,1.73780082874938,
214,132,157,5.05824662003114,1.11686324778056,1.77010895831742,
215,132,157,5.15228644581756,1.11686324778056,1.77010895831742,
216,132,157,5.24807460249772,1.11686324778056,1.77010895831742,
218,133,158,5.44502652842421,1.13762728582343,1.80301774085957,
219,133,158,5.54625712957911,1.13762728582343,1.80301774085957,
221,133,158,5.75439937337157,1.13762728582343,1.80301774085957,
224,134,159,6.08135001278718,1.15877735615513,1.83653834334835,
225,134,160,6.19441075076781,1.15877735615513,1.8706821403658,
227,134,160,6.42687717317019,1.15877735615513,1.8706821403658,
229,134,160,6.66806769213622,1.15877735615513,1.8706821403658,
231,134,161,6.91830970918936,1.15877735615513,1.90546071796325,
234,134,161,7.31139083483418,1.15877735615513,1.90546071796325,
235,134,162,7.44731973905989,1.15877735615513,1.94088587759278,
237,134,162,7.72680585095702,1.15877735615513,1.94088587759278,
238,134,163,7.87045789695098,1.15877735615513,1.97696964011186,
240,134,163,8.16582371358593,1.15877735615513,1.97696964011186,
241,134,163,8.31763771102671,1.15877735615513,1.97696964011186,
241,134,163,8.31763771102671,1.15877735615513,1.97696964011186,
240,135,163,8.16582371358593,1.18032063565173,1.97696964011186,
239,135,163,8.01678063387679,1.18032063565173,1.97696964011186,
239,136,163,8.01678063387679,1.20226443461741,1.97696964011186,
238,136,163,7.87045789695098,1.20226443461741,1.97696964011186,
238,136,163,7.87045789695098,1.20226443461741,1.97696964011186,
237,137,163,7.72680585095702,1.22461619926505,1.97696964011186,
236,137,163,7.58577575029184,1.22461619926505,1.97696964011186,
235,138,163,7.44731973905989,1.24738351424294,1.97696964011186,
233,138,163,7.17794291271361,1.24738351424294,1.97696964011186,
232,138,163,7.04693068967147,1.24738351424294,1.97696964011186,
231,138,164,6.91830970918936,1.24738351424294,2.01372424986239,
230,139,164,6.79203632617185,1.27057410520854,2.01372424986239,
228,139,165,6.54636174067275,1.27057410520854,2.05116217882557,
226,140,165,6.30957344480193,1.29419584144999,2.05116217882557,
224,140,166,6.08135001278718,1.29419584144999,2.08929613085404,
222,141,166,5.86138164514029,1.31825673855641,2.08929613085404,
220,141,167,5.64936974812302,1.31825673855641,2.12813904598271,
218,142,167,5.44502652842421,1.34276496113786,2.12813904598271,
216,142,168,5.24807460249772,1.34276496113786,2.16770410481969,
214,143,168,5.05824662003114,1.36772882559585,2.16770410481969,
212,143,169,4.87528490103387,1.36772882559585,2.2080047330189,
210,143,170,4.69894108605215,1.36772882559585,2.24905460583578,
208,144,170,4.52897579903621,1.3931568029453,2.24905460583578,
206,144,171,4.36515832240166,1.3931568029453,2.29086765276777,
204,144,172,4.20726628384444,1.3931568029453,2.333458062281,
202,145,172,4.05508535448384,1.41905752168909,2.333458062281,
200,145,173,3.90840895792402,1.41905752168909,2.37684028662488,
199,145,174,3.83707245492279,1.41905752168909,2.42102904673618,
197,146,174,3.69828179780266,1.44543977074593,2.42102904673618,
196,146,175,3.63078054770101,1.44543977074593,2.46603933723434,
195,147,175,3.56451133426244,1.47231250243272,2.46603933723434,
194,148,176,3.49945167028357,1.49968483550237,2.51188643150958,
193,148,176,3.43557947899874,1.49968483550237,2.51188643150958,
192,149,176,3.37287308658869,1.52756605823807,2.51188643150958,
192,150,177,3.37287308658869,1.55596563160507,2.55858588690565,
192,151,177,3.37287308658869,1.58489319246111,2.55858588690565,
192,152,178,3.37287308658869,1.61435855682649,2.6061535499989,
192,153,178,3.37287308658869,1.64437172321493,2.6061535499989,
192,154,178,3.37287308658869,1.67494287602644,2.6061535499989,
192,155,179,3.37287308658869,1.70608238900312,2.65460556197554,
193,156,179,3.43557947899874,1.73780082874938,2.65460556197554,
194,157,179,3.49945167028357,1.77010895831742,2.65460556197554,
196,158,179,3.63078054770101,1.80301774085957,2.65460556197554,
197,158,179,3.69828179780266,1.80301774085957,2.65460556197554,
199,159,179,3.83707245492279,1.83653834334835,2.65460556197554,
201,159,179,3.98107170553497,1.83653834334835,2.65460556197554,
203,159,179,4.13047501990161,1.83653834334835,2.65460556197554,
206,159,179,4.36515832240166,1.83653834334835,2.65460556197554,
208,159,179,4.52897579903621,1.83653834334835,2.65460556197554,
210,159,179,4.69894108605215,1.83653834334835,2.65460556197554,
211,159,179,4.78630092322638,1.83653834334835,2.65460556197554,
213,159,179,4.96592321450336,1.83653834334835,2.65460556197554,
214,159,179,5.05824662003114,1.83653834334835,2.65460556197554,
216,160,179,5.24807460249772,1.8706821403658,2.65460556197554,
217,160,179,5.34564359396972,1.8706821403658,2.65460556197554,
217,160,179,5.34564359396972,1.8706821403658,2.65460556197554,
217,161,179,5.34564359396972,1.90546071796325,2.65460556197554,
217,161,179,5.34564359396972,1.90546071796325,2.65460556197554,
217,161,179,5.34564359396972,1.90546071796325,2.65460556197554,
217,162,179,5.34564359396972,1.94088587759278,2.65460556197554,
217,162,179,5.34564359396972,1.94088587759278,2.65460556197554,
218,162,179,5.44502652842421,1.94088587759278,2.65460556197554,
219,163,179,5.54625712957911,1.97696964011186,2.65460556197554,
220,163,179,5.64936974812302,1.97696964011186,2.65460556197554,
221,163,179,5.75439937337157,1.97696964011186,2.65460556197554,
223,163,179,5.97035286583837,1.97696964011186,2.65460556197554,
225,163,179,6.19441075076781,1.97696964011186,2.65460556197554,
226,163,179,6.30957344480193,1.97696964011186,2.65460556197554,
228,163,179,6.54636174067275,1.97696964011186,2.65460556197554,
231,163,179,6.91830970918936,1.97696964011186,2.65460556197554,
232,163,179,7.04693068967147,1.97696964011186,2.65460556197554,
234,163,179,7.31139083483418,1.97696964011186,2.65460556197554,
236,163,179,7.58577575029184,1.97696964011186,2.65460556197554,
238,164,179,7.87045789695098,2.01372424986239,2.65460556197554,
241,164,179,8.31763771102671,2.01372424986239,2.65460556197554,
242,164,179,8.47227414140596,2.01372424986239,2.65460556197554,
243,164,178,8.6297854776697,2.01372424986239,2.6061535499989,
244,165,178,8.79022516830884,2.05116217882557,2.6061535499989,
244,165,178,8.79022516830884,2.05116217882557,2.6061535499989,
245,166,177,8.95364765549594,2.08929613085404,2.55858588690565,
246,166,177,9.1201083935591,2.08929613085404,2.55858588690565,
247,166,177,9.28966386779936,2.08929613085404,2.55858588690565,
248,167,176,9.46237161365793,2.12813904598271,2.51188643150958,
248,167,176,9.46237161365793,2.12813904598271,2.51188643150958,
247,167,176,9.28966386779936,2.12813904598271,2.51188643150958,
246,167,175,9.1201083935591,2.12813904598271,2.46603933723434,
244,167,175,8.79022516830884,2.12813904598271,2.46603933723434,
242,167,175,8.47227414140596,2.12813904598271,2.46603933723434,
240,167,175,8.16582371358593,2.12813904598271,2.46603933723434,
238,167,175,7.87045789695098,2.12813904598271,2.46603933723434,
236,167,175,7.58577575029184,2.12813904598271,2.46603933723434,
234,167,175,7.31139083483418,2.12813904598271,2.46603933723434,
231,167,175,6.91830970918936,2.12813904598271,2.46603933723434,
230,167,175,6.79203632617185,2.12813904598271,2.46603933723434,
229,167,175,6.66806769213622,2.12813904598271,2.46603933723434,
229,167,175,6.66806769213622,2.12813904598271,2.46603933723434,
230,167,175,6.79203632617185,2.12813904598271,2.46603933723434,
231,168,175,6.91830970918936,2.16770410481969,2.46603933723434,
233,168,175,7.17794291271361,2.16770410481969,2.46603933723434,
234,168,175,7.31139083483418,2.16770410481969,2.46603933723434,
235,168,175,7.44731973905989,2.16770410481969,2.46603933723434,
237,168,175,7.72680585095702,2.16770410481969,2.46603933723434,
238,168,175,7.87045789695098,2.16770410481969,2.46603933723434,
239,169,175,8.01678063387679,2.2080047330189,2.46603933723434,
240,169,175,8.16582371358593,2.2080047330189,2.46603933723434,
241,169,176,8.31763771102671,2.2080047330189,2.51188643150958,
241,169,176,8.31763771102671,2.2080047330189,2.51188643150958,
244,170,177,8.79022516830884,2.24905460583578,2.55858588690565,
243,170,177,8.6297854776697,2.24905460583578,2.55858588690565,
242,170,177,8.47227414140596,2.24905460583578,2.55858588690565,
242,170,178,8.47227414140596,2.24905460583578,2.6061535499989,
242,170,178,8.47227414140596,2.24905460583578,2.6061535499989,
242,171,179,8.47227414140596,2.29086765276777,2.65460556197554,
242,171,179,8.47227414140596,2.29086765276777,2.65460556197554,
242,171,179,8.47227414140596,2.29086765276777,2.65460556197554,
242,171,179,8.47227414140596,2.29086765276777,2.65460556197554,
242,171,179,8.47227414140596,2.29086765276777,2.65460556197554,
241,171,179,8.31763771102671,2.29086765276777,2.65460556197554,
241,171,178,8.31763771102671,2.29086765276777,2.6061535499989,
241,171,178,8.31763771102671,2.29086765276777,2.6061535499989,
240,171,178,8.16582371358593,2.29086765276777,2.6061535499989,
240,171,177,8.16582371358593,2.29086765276777,2.55858588690565,
240,171,177,8.16582371358593,2.29086765276777,2.55858588690565,
239,171,177,8.01678063387679,2.29086765276777,2.55858588690565,
239,171,176,8.01678063387679,2.29086765276777,2.51188643150958,
239,171,176,8.01678063387679,2.29086765276777,2.51188643150958,
238,171,176,7.87045789695098,2.29086765276777,2.51188643150958,
237,171,175,7.72680585095702,2.29086765276777,2.46603933723434,
237,171,175,7.72680585095702,2.29086765276777,2.46603933723434,
236,171,175,7.58577575029184,2.29086765276777,2.46603933723434,
235,171,174,7.44731973905989,2.29086765276777,2.42102904673618,
234,171,174,7.31139083483418,2.29086765276777,2.42102904673618,
233,171,174,7.17794291271361,2.29086765276777,2.42102904673618,
232,171,173,7.04693068967147,2.29086765276777,2.37684028662488,
231,171,173,6.91830970918936,2.29086765276777,2.37684028662488,
230,171,173,6.79203632617185,2.29086765276777,2.37684028662488,
229,171,172,6.66806769213622,2.29086765276777,2.333458062281,
228,171,172,6.54636174067275,2.29086765276777,2.333458062281,
227,171,172,6.42687717317019,2.29086765276777,2.333458062281,
227,171,171,6.42687717317019,2.29086765276777,2.29086765276777,
227,171,171,6.42687717317019,2.29086765276777,2.29086765276777,
227,171,171,6.42687717317019,2.29086765276777,2.29086765276777,
227,171,170,6.42687717317019,2.29086765276777,2.24905460583578,
228,171,170,6.54636174067275,2.29086765276777,2.24905460583578,
228,171,169,6.54636174067275,2.29086765276777,2.2080047330189,
229,171,169,6.66806769213622,2.29086765276777,2.2080047330189,
230,171,168,6.79203632617185,2.29086765276777,2.16770410481969,
230,171,168,6.79203632617185,2.29086765276777,2.16770410481969,
231,171,167,6.91830970918936,2.29086765276777,2.12813904598271,
232,171,167,7.04693068967147,2.29086765276777,2.12813904598271,
233,171,167,7.17794291271361,2.29086765276777,2.12813904598271,
234,171,167,7.31139083483418,2.29086765276777,2.12813904598271,
235,171,167,7.44731973905989,2.29086765276777,2.12813904598271,
236,171,167,7.58577575029184,2.29086765276777,2.12813904598271,
237,171,167,7.72680585095702,2.29086765276777,2.12813904598271,
238,171,167,7.87045789695098,2.29086765276777,2.12813904598271,
239,171,167,8.01678063387679,2.29086765276777,2.12813904598271,
240,171,167,8.16582371358593,2.29086765276777,2.12813904598271,
241,171,167,8.31763771102671,2.29086765276777,2.12813904598271,
242,171,167,8.47227414140596,2.29086765276777,2.12813904598271,
244,171,167,8.79022516830884,2.29086765276777,2.12813904598271,
244,171,167,8.79022516830884,2.29086765276777,2.12813904598271,
245,171,167,8.95364765549594,2.29086765276777,2.12813904598271,
246,171,167,9.1201083935591,2.29086765276777,2.12813904598271,
247,171,167,9.28966386779936,2.29086765276777,2.12813904598271,
248,171,167,9.46237161365793,2.29086765276777,2.12813904598271,
249,171,167,9.6382902362397,2.29086765276777,2.12813904598271,
250,171,167,9.81747943019984,2.29086765276777,2.12813904598271,
251,171,167,10,2.29086765276777,2.12813904598271,
252,171,167,10.1859138805412,2.29086765276777,2.12813904598271,
253,171,167,10.3752841581801,2.29086765276777,2.12813904598271,
254,171,166,10.5681750921366,2.29086765276777,2.08929613085404,
255,171,166,10.7646521362984,2.29086765276777,2.08929613085404,
255,172,166,10.7646521362984,2.333458062281,2.08929613085404,
258,171,165,11.3762728582343,2.29086765276777,2.05116217882557,
260,172,165,11.8032063565173,2.333458062281,2.05116217882557,
261,172,165,12.0226443461741,2.333458062281,2.05116217882557,
263,171,164,12.4738351424294,2.29086765276777,2.01372424986239,
264,172,164,12.7057410520854,2.333458062281,2.01372424986239,
265,172,164,12.9419584144999,2.333458062281,2.01372424986239,
266,172,163,13.1825673855641,2.333458062281,1.97696964011186,
266,171,162,13.1825673855641,2.29086765276777,1.94088587759278,
265,171,162,12.9419584144999,2.29086765276777,1.94088587759278,
264,171,161,12.7057410520854,2.29086765276777,1.90546071796325,
263,170,160,12.4738351424294,2.24905460583578,1.8706821403658,
262,169,159,12.2461619926505,2.2080047330189,1.83653834334835,
260,168,158,11.8032063565173,2.16770410481969,1.80301774085957,
259,167,157,11.5877735615513,2.12813904598271,1.77010895831742,
258,166,156,11.3762728582343,2.08929613085404,1.73780082874938,
257,165,155,11.1686324778056,2.05116217882557,1.70608238900312,
256,164,155,10.9647819614319,2.01372424986239,1.70608238900312,
256,163,154,10.9647819614319,1.97696964011186,1.67494287602644,
255,162,154,10.7646521362984,1.94088587759278,1.67494287602644,
255,162,154,10.7646521362984,1.94088587759278,1.67494287602644,
255,162,153,10.7646521362984,1.94088587759278,1.64437172321493,
255,161,153,10.7646521362984,1.90546071796325,1.64437172321493,
255,161,153,10.7646521362984,1.90546071796325,1.64437172321493,
255,161,152,10.7646521362984,1.90546071796325,1.61435855682649,
255,161,152,10.7646521362984,1.90546071796325,1.61435855682649,
255,160,152,10.7646521362984,1.8706821403658,1.61435855682649,
255,160,151,10.7646521362984,1.8706821403658,1.58489319246111,
255,160,151,10.7646521362984,1.8706821403658,1.58489319246111,
255,159,151,10.7646521362984,1.83653834334835,1.58489319246111,
255,159,150,10.7646521362984,1.83653834334835,1.55596563160507,
255,159,150,10.7646521362984,1.83653834334835,1.55596563160507,
255,159,150,10.7646521362984,1.83653834334835,1.55596563160507,
255,159,150,10.7646521362984,1.83653834334835,1.55596563160507,
255,159,150,10.7646521362984,1.83653834334835,1.55596563160507,
255,159,150,10.7646521362984,1.83653834334835,1.55596563160507,
255,159,150,10.7646521362984,1.83653834334835,1.55596563160507,
255,159,150,10.7646521362984,1.83653834334835,1.55596563160507,
256,159,150,10.9647819614319,1.83653834334835,1.55596563160507,
256,159,150,10.9647819614319,1.83653834334835,1.55596563160507,
257,159,150,11.1686324778056,1.83653834334835,1.55596563160507,
258,159,150,11.3762728582343,1.83653834334835,1.55596563160507,
258,161,150,11.3762728582343,1.90546071796325,1.55596563160507,
259,161,150,11.5877735615513,1.90546071796325,1.55596563160507,
260,161,150,11.8032063565173,1.90546071796325,1.55596563160507,
260,162,150,11.8032063565173,1.94088587759278,1.55596563160507,
261,162,150,12.0226443461741,1.94088587759278,1.55596563160507,
262,162,150,12.2461619926505,1.94088587759278,1.55596563160507,
262,163,150,12.2461619926505,1.97696964011186,1.55596563160507,
263,163,150,12.4738351424294,1.97696964011186,1.55596563160507,
264,163,150,12.7057410520854,1.97696964011186,1.55596563160507,
265,163,150,12.9419584144999,1.97696964011186,1.55596563160507,
266,162,150,13.1825673855641,1.94088587759278,1.55596563160507,
267,162,150,13.4276496113786,1.94088587759278,1.55596563160507,
268,162,150,13.6772882559585,1.94088587759278,1.55596563160507,
269,161,150,13.931568029453,1.90546071796325,1.55596563160507,
270,161,150,14.1905752168909,1.90546071796325,1.55596563160507,
271,161,150,14.4543977074593,1.90546071796325,1.55596563160507,
272,160,150,14.7231250243272,1.8706821403658,1.55596563160507,
273,159,150,14.9968483550237,1.83653834334835,1.55596563160507,
274,159,150,15.2756605823807,1.83653834334835,1.55596563160507,
275,159,150,15.5596563160508,1.83653834334835,1.55596563160507,
276,159,150,15.8489319246111,1.83653834334835,1.55596563160507,
277,159,150,16.1435855682649,1.83653834334835,1.55596563160507,
278,158,150,16.4437172321493,1.80301774085957,1.55596563160507,
279,158,150,16.7494287602644,1.80301774085957,1.55596563160507,
280,158,149,17.0608238900312,1.80301774085957,1.52756605823807,
281,157,149,17.3780082874938,1.77010895831742,1.52756605823807,
282,157,148,17.7010895831742,1.77010895831742,1.49968483550237,
282,156,148,17.7010895831742,1.73780082874938,1.49968483550237,
283,156,147,18.0301774085957,1.73780082874938,1.47231250243272,
284,155,147,18.3653834334835,1.70608238900312,1.47231250243272,
285,155,146,18.706821403658,1.70608238900312,1.44543977074593,
285,155,146,18.706821403658,1.70608238900312,1.44543977074593,
285,155,146,18.706821403658,1.70608238900312,1.44543977074593,
286,155,146,19.0546071796325,1.70608238900312,1.44543977074593,
286,155,146,19.0546071796325,1.70608238900312,1.44543977074593,
286,155,146,19.0546071796325,1.70608238900312,1.44543977074593,
287,155,146,19.4088587759278,1.70608238900312,1.44543977074593,
287,155,146,19.4088587759278,1.70608238900312,1.44543977074593,
287,155,146,19.4088587759278,1.70608238900312,1.44543977074593,
287,155,146,19.4088587759278,1.70608238900312,1.44543977074593,
288,155,146,19.7696964011186,1.70608238900312,1.44543977074593,
288,155,146,19.7696964011186,1.70608238900312,1.44543977074593,
288,155,146,19.7696964011186,1.70608238900312,1.44543977074593,
288,155,146,19.7696964011186,1.70608238900312,1.44543977074593,
288,155,146,19.7696964011186,1.70608238900312,1.44543977074593,
288,155,146,19.7696964011186,1.70608238900312,1.44543977074593,
288,155,146,19.7696964011186,1.70608238900312,1.44543977074593,
288,155,146,19.7696964011186,1.70608238900312,1.44543977074593,
289,155,146,20.1372424986239,1.70608238900312,1.44543977074593,
290,155,146,20.5116217882556,1.70608238900312,1.44543977074593,
290,155,147,20.5116217882556,1.70608238900312,1.47231250243272,
291,155,147,20.8929613085404,1.70608238900312,1.47231250243272,
293,156,147,21.6770410481969,1.73780082874938,1.47231250243272,
294,156,147,22.080047330189,1.73780082874938,1.47231250243272,
296,156,148,22.9086765276777,1.73780082874938,1.49968483550237,
297,157,148,23.33458062281,1.77010895831742,1.49968483550237,
299,157,149,24.2102904673618,1.77010895831742,1.52756605823807,
301,157,149,25.1188643150958,1.77010895831742,1.52756605823807,
302,158,149,25.5858588690565,1.80301774085957,1.52756605823807,
304,158,150,26.5460556197554,1.80301774085957,1.55596563160507,
306,158,150,27.5422870333817,1.80301774085957,1.55596563160507,
307,159,150,28.0543363795171,1.83653834334835,1.55596563160507,
309,159,150,29.1071711806661,1.83653834334835,1.55596563160507,
310,159,150,29.6483138952434,1.83653834334835,1.55596563160507,
312,159,150,30.7609681474071,1.83653834334835,1.55596563160507,
314,159,150,31.9153785510076,1.83653834334835,1.55596563160507,
315,159,150,32.5087297385434,1.83653834334835,1.55596563160507,
317,159,150,33.7287308658869,1.83653834334835,1.55596563160507,
318,159,150,34.3557947899875,1.83653834334835,1.55596563160507,
319,159,150,34.9945167028357,1.83653834334835,1.55596563160507,
320,159,150,35.6451133426244,1.83653834334835,1.55596563160507,
321,159,150,36.3078054770101,1.83653834334835,1.55596563160507,
322,159,150,36.9828179780266,1.83653834334835,1.55596563160507,
323,158,150,37.6703798983909,1.80301774085957,1.55596563160507,
323,158,150,37.6703798983909,1.80301774085957,1.55596563160507,
323,158,150,37.6703798983909,1.80301774085957,1.55596563160507,
324,158,150,38.3707245492279,1.80301774085957,1.55596563160507,
324,158,150,38.3707245492279,1.80301774085957,1.55596563160507,
324,158,150,38.3707245492279,1.80301774085957,1.55596563160507,
325,157,150,39.0840895792402,1.77010895831742,1.55596563160507,
325,157,150,39.0840895792402,1.77010895831742,1.55596563160507,
325,157,150,39.0840895792402,1.77010895831742,1.55596563160507,
326,157,150,39.8107170553497,1.77010895831742,1.55596563160507,
325,157,150,39.0840895792402,1.77010895831742,1.55596563160507,
325,157,150,39.0840895792402,1.77010895831742,1.55596563160507,
324,157,150,38.3707245492279,1.77010895831742,1.55596563160507,
323,157,150,37.6703798983909,1.77010895831742,1.55596563160507,
322,157,150,36.9828179780266,1.77010895831742,1.55596563160507,
321,157,150,36.3078054770101,1.77010895831742,1.55596563160507,
321,157,150,36.3078054770101,1.77010895831742,1.55596563160507,
320,157,150,35.6451133426244,1.77010895831742,1.55596563160507,
319,157,150,34.9945167028357,1.77010895831742,1.55596563160507,
320,157,150,35.6451133426244,1.77010895831742,1.55596563160507,
321,157,150,36.3078054770101,1.77010895831742,1.55596563160507,
322,156,150,36.9828179780266,1.73780082874938,1.55596563160507,
324,156,150,38.3707245492279,1.73780082874938,1.55596563160507,
325,156,150,39.0840895792402,1.73780082874938,1.55596563160507,
327,156,150,40.5508535448383,1.73780082874938,1.55596563160507,
329,156,150,42.0726628384444,1.73780082874938,1.55596563160507,
330,156,150,42.8548520397439,1.73780082874938,1.55596563160507,
332,156,150,44.4631267469108,1.73780082874938,1.55596563160507,
333,156,150,45.2897579903621,1.73780082874938,1.55596563160507,
335,156,150,46.9894108605215,1.73780082874938,1.55596563160507,
336,156,150,47.8630092322638,1.73780082874938,1.55596563160507,
337,156,150,48.7528490103386,1.73780082874938,1.55596563160507,
338,156,150,49.6592321450336,1.73780082874938,1.55596563160507,
339,156,150,50.5824662003114,1.73780082874938,1.55596563160507,
340,156,150,51.5228644581756,1.73780082874938,1.55596563160507,
340,156,150,51.5228644581756,1.73780082874938,1.55596563160507,
340,156,150,51.5228644581756,1.73780082874938,1.55596563160507,
341,156,150,52.4807460249773,1.73780082874938,1.55596563160507,
341,156,150,52.4807460249773,1.73780082874938,1.55596563160507,
341,156,150,52.4807460249773,1.73780082874938,1.55596563160507,
342,156,150,53.4564359396971,1.73780082874938,1.55596563160507,
342,156,150,53.4564359396971,1.73780082874938,1.55596563160507,
342,156,150,53.4564359396971,1.73780082874938,1.55596563160507,
343,156,150,54.4502652842421,1.73780082874938,1.55596563160507,
343,156,150,54.4502652842421,1.73780082874938,1.55596563160507,
343,156,150,54.4502652842421,1.73780082874938,1.55596563160507,
343,156,150,54.4502652842421,1.73780082874938,1.55596563160507,
343,156,150,54.4502652842421,1.73780082874938,1.55596563160507,
343,156,150,54.4502652842421,1.73780082874938,1.55596563160507,
343,156,150,54.4502652842421,1.73780082874938,1.55596563160507,
343,156,150,54.4502652842421,1.73780082874938,1.55596563160507,
343,156,150,54.4502652842421,1.73780082874938,1.55596563160507,
344,157,150,55.462571295791,1.77010895831742,1.55596563160507,
344,157,150,55.462571295791,1.77010895831742,1.55596563160507,
345,157,150,56.4936974812302,1.77010895831742,1.55596563160507,
346,157,150,57.5439937337157,1.77010895831742,1.55596563160507,
347,157,150,58.6138164514028,1.77010895831742,1.55596563160507,
348,157,150,59.7035286583837,1.77010895831742,1.55596563160507,
349,157,150,60.8135001278718,1.77010895831742,1.55596563160507,
350,157,150,61.9441075076781,1.77010895831742,1.55596563160507,
351,157,150,63.0957344480194,1.77010895831742,1.55596563160507,
352,157,150,64.2687717317019,1.77010895831742,1.55596563160507,
353,157,150,65.4636174067275,1.77010895831742,1.55596563160507,
354,157,150,66.6806769213622,1.77010895831742,1.55596563160507,
354,157,150,66.6806769213622,1.77010895831742,1.55596563160507,
355,157,150,67.9203632617184,1.77010895831742,1.55596563160507,
355,157,150,67.9203632617184,1.77010895831742,1.55596563160507,
355,157,150,67.9203632617184,1.77010895831742,1.55596563160507,
354,158,150,66.6806769213622,1.80301774085957,1.55596563160507,
354,158,150,66.6806769213622,1.80301774085957,1.55596563160507,
353,158,150,65.4636174067275,1.80301774085957,1.55596563160507,
352,158,150,64.2687717317019,1.80301774085957,1.55596563160507,
352,158,150,64.2687717317019,1.80301774085957,1.55596563160507,
352,159,151,64.2687717317019,1.83653834334835,1.58489319246111,
352,159,151,64.2687717317019,1.83653834334835,1.58489319246111,
352,159,151,64.2687717317019,1.83653834334835,1.58489319246111,
353,160,152,65.4636174067275,1.8706821403658,1.61435855682649,
354,160,152,66.6806769213622,1.8706821403658,1.61435855682649,
354,160,152,66.6806769213622,1.8706821403658,1.61435855682649,
355,160,153,67.9203632617184,1.8706821403658,1.64437172321493,
356,160,153,69.1830970918936,1.8706821403658,1.64437172321493,
356,160,153,69.1830970918936,1.8706821403658,1.64437172321493,
357,160,153,70.4693068967147,1.8706821403658,1.64437172321493,
358,161,154,71.7794291271362,1.90546071796325,1.67494287602644,
359,161,154,73.1139083483417,1.90546071796325,1.67494287602644,
359,161,155,73.1139083483417,1.90546071796325,1.70608238900312,
360,161,155,74.4731973905989,1.90546071796325,1.70608238900312,
361,161,155,75.8577575029184,1.90546071796325,1.70608238900312,
362,161,155,77.2680585095702,1.90546071796325,1.70608238900312,
363,161,155,78.7045789695099,1.90546071796325,1.70608238900312,
364,161,155,80.1678063387679,1.90546071796325,1.70608238900312,
365,161,155,81.6582371358592,1.90546071796325,1.70608238900312,
366,161,155,83.1763771102671,1.90546071796325,1.70608238900312,
367,161,155,84.7227414140596,1.90546071796325,1.70608238900312,
368,161,155,86.2978547766971,1.90546071796325,1.70608238900312,
369,161,155,87.9022516830884,1.90546071796325,1.70608238900312,
370,161,155,89.5364765549594,1.90546071796325,1.70608238900312,
370,161,155,89.5364765549594,1.90546071796325,1.70608238900312,
370,161,155,89.5364765549594,1.90546071796325,1.70608238900312,
370,161,155,89.5364765549594,1.90546071796325,1.70608238900312,
371,161,155,91.201083935591,1.90546071796325,1.70608238900312,
371,161,155,91.201083935591,1.90546071796325,1.70608238900312,
371,161,155,91.201083935591,1.90546071796325,1.70608238900312,
372,161,155,92.8966386779936,1.90546071796325,1.70608238900312,
372,161,155,92.8966386779936,1.90546071796325,1.70608238900312,
372,161,155,92.8966386779936,1.90546071796325,1.70608238900312,
372,161,155,92.8966386779936,1.90546071796325,1.70608238900312,
372,161,155,92.8966386779936,1.90546071796325,1.70608238900312,
372,161,155,92.8966386779936,1.90546071796325,1.70608238900312,
371,161,155,91.201083935591,1.90546071796325,1.70608238900312,
371,161,155,91.201083935591,1.90546071796325,1.70608238900312,
371,161,155,91.201083935591,1.90546071796325,1.70608238900312,
371,161,155,91.201083935591,1.90546071796325,1.70608238900312,
370,161,155,89.5364765549594,1.90546071796325,1.70608238900312,
370,161,155,89.5364765549594,1.90546071796325,1.70608238900312,
370,161,155,89.5364765549594,1.90546071796325,1.70608238900312,
370,161,155,89.5364765549594,1.90546071796325,1.70608238900312,
370,161,154,89.5364765549594,1.90546071796325,1.67494287602644,
371,161,155,91.201083935591,1.90546071796325,1.70608238900312,
371,161,155,91.201083935591,1.90546071796325,1.70608238900312,
371,161,155,91.201083935591,1.90546071796325,1.70608238900312,
372,161,155,92.8966386779936,1.90546071796325,1.70608238900312,
373,161,155,94.6237161365793,1.90546071796325,1.70608238900312,
374,161,155,96.382902362397,1.90546071796325,1.70608238900312,
374,161,155,96.382902362397,1.90546071796325,1.70608238900312,
375,161,155,98.1747943019984,1.90546071796325,1.70608238900312,
376,161,155,100,1.90546071796325,1.70608238900312,
376,161,154,100,1.90546071796325,1.67494287602644,
377,161,154,101.859138805412,1.90546071796325,1.67494287602644,
377,161,154,101.859138805412,1.90546071796325,1.67494287602644,
378,161,154,103.752841581801,1.90546071796325,1.67494287602644,
378,161,154,103.752841581801,1.90546071796325,1.67494287602644,
379,161,154,105.681750921366,1.90546071796325,1.67494287602644,
379,161,154,105.681750921366,1.90546071796325,1.67494287602644,
380,161,154,107.646521362983,1.90546071796325,1.67494287602644,
381,149,154,109.647819614319,1.52756605823807,1.67494287602644,
382,149,154,111.686324778056,1.52756605823807,1.67494287602644,
383,149,154,113.762728582343,1.52756605823807,1.67494287602644,
383,148,154,113.762728582343,1.49968483550237,1.67494287602644,
384,148,154,115.877735615513,1.49968483550237,1.67494287602644,
384,148,155,115.877735615513,1.49968483550237,1.70608238900312,
382,147,155,111.686324778056,1.47231250243272,1.70608238900312,
381,147,156,109.647819614319,1.47231250243272,1.73780082874938,
380,146,156,107.646521362983,1.44543977074593,1.73780082874938,
379,146,156,105.681750921366,1.44543977074593,1.73780082874938,
377,146,157,101.859138805412,1.44543977074593,1.77010895831742,
376,145,158,100,1.41905752168909,1.80301774085957,
375,144,158,98.1747943019984,1.3931568029453,1.80301774085957,
374,144,158,96.382902362397,1.3931568029453,1.80301774085957,
373,143,158,94.6237161365793,1.36772882559585,1.80301774085957,
373,143,159,94.6237161365793,1.36772882559585,1.83653834334835,
372,143,159,92.8966386779936,1.36772882559585,1.83653834334835,
372,143,159,92.8966386779936,1.36772882559585,1.83653834334835,
372,144,159,92.8966386779936,1.3931568029453,1.83653834334835,
372,144,159,92.8966386779936,1.3931568029453,1.83653834334835,
372,144,159,92.8966386779936,1.3931568029453,1.83653834334835,
372,145,159,92.8966386779936,1.41905752168909,1.83653834334835,
372,145,159,92.8966386779936,1.41905752168909,1.83653834334835,
372,145,159,92.8966386779936,1.41905752168909,1.83653834334835,
372,146,159,92.8966386779936,1.44543977074593,1.83653834334835,
372,146,159,92.8966386779936,1.44543977074593,1.83653834334835,
372,146,159,92.8966386779936,1.44543977074593,1.83653834334835,
373,147,159,94.6237161365793,1.47231250243272,1.83653834334835,
373,147,159,94.6237161365793,1.47231250243272,1.83653834334835,
374,148,159,96.382902362397,1.49968483550237,1.83653834334835,
374,148,159,96.382902362397,1.49968483550237,1.83653834334835,
375,149,159,98.1747943019984,1.52756605823807,1.83653834334835,
375,150,159,98.1747943019984,1.55596563160507,1.83653834334835,
376,150,159,100,1.55596563160507,1.83653834334835,
376,150,159,100,1.55596563160507,1.83653834334835,
377,150,158,101.859138805412,1.55596563160507,1.80301774085957,
377,150,158,101.859138805412,1.55596563160507,1.80301774085957,
377,150,158,101.859138805412,1.55596563160507,1.80301774085957,
378,151,158,103.752841581801,1.58489319246111,1.80301774085957,
379,151,158,105.681750921366,1.58489319246111,1.80301774085957,
379,151,158,105.681750921366,1.58489319246111,1.80301774085957,
380,151,158,107.646521362983,1.58489319246111,1.80301774085957,
381,151,158,109.647819614319,1.58489319246111,1.80301774085957,
382,151,158,111.686324778056,1.58489319246111,1.80301774085957,
383,152,158,113.762728582343,1.61435855682649,1.80301774085957,
383,152,158,113.762728582343,1.61435855682649,1.80301774085957,
383,152,158,113.762728582343,1.61435855682649,1.80301774085957,
381,151,158,109.647819614319,1.58489319246111,1.80301774085957,
380,151,158,107.646521362983,1.58489319246111,1.80301774085957,
380,150,158,107.646521362983,1.55596563160507,1.80301774085957,
379,150,158,105.681750921366,1.55596563160507,1.80301774085957,
377,149,158,101.859138805412,1.52756605823807,1.80301774085957,
375,149,158,98.1747943019984,1.52756605823807,1.80301774085957,
373,149,159,94.6237161365793,1.52756605823807,1.83653834334835,
371,148,159,91.201083935591,1.49968483550237,1.83653834334835,
369,148,159,87.9022516830884,1.49968483550237,1.83653834334835,
367,147,158,84.7227414140596,1.47231250243272,1.80301774085957,
366,147,158,83.1763771102671,1.47231250243272,1.80301774085957,
365,146,158,81.6582371358592,1.44543977074593,1.80301774085957,
361,146,158,75.8577575029184,1.44543977074593,1.80301774085957,
359,146,157,73.1139083483417,1.44543977074593,1.77010895831742,
357,146,157,70.4693068967147,1.44543977074593,1.77010895831742,
355,146,157,67.9203632617184,1.44543977074593,1.77010895831742,
353,146,156,65.4636174067275,1.44543977074593,1.73780082874938,
351,146,156,63.0957344480194,1.44543977074593,1.73780082874938,
349,146,156,60.8135001278718,1.44543977074593,1.73780082874938,
347,147,155,58.6138164514028,1.47231250243272,1.70608238900312,
347,146,155,58.6138164514028,1.44543977074593,1.70608238900312,
346,146,155,57.5439937337157,1.44543977074593,1.70608238900312,
346,146,154,57.5439937337157,1.44543977074593,1.67494287602644,
347,146,154,58.6138164514028,1.44543977074593,1.67494287602644,
349,146,154,60.8135001278718,1.44543977074593,1.67494287602644,
351,146,154,63.0957344480194,1.44543977074593,1.67494287602644,
353,146,154,65.4636174067275,1.44543977074593,1.67494287602644,
354,146,154,66.6806769213622,1.44543977074593,1.67494287602644,
356,146,154,69.1830970918936,1.44543977074593,1.67494287602644,
357,146,154,70.4693068967147,1.44543977074593,1.67494287602644,
358,146,154,71.7794291271362,1.44543977074593,1.67494287602644,
360,146,154,74.4731973905989,1.44543977074593,1.67494287602644,
361,146,154,75.8577575029184,1.44543977074593,1.67494287602644,
362,147,154,77.2680585095702,1.47231250243272,1.67494287602644,
363,147,154,78.7045789695099,1.47231250243272,1.67494287602644,
363,147,154,78.7045789695099,1.47231250243272,1.67494287602644,
364,147,154,80.1678063387679,1.47231250243272,1.67494287602644,
365,147,154,81.6582371358592,1.47231250243272,1.67494287602644,
365,147,154,81.6582371358592,1.47231250243272,1.67494287602644,
366,148,154,83.1763771102671,1.49968483550237,1.67494287602644,
367,148,154,84.7227414140596,1.49968483550237,1.67494287602644,
367,148,154,84.7227414140596,1.49968483550237,1.67494287602644,
369,148,154,87.9022516830884,1.49968483550237,1.67494287602644,
368,148,154,86.2978547766971,1.49968483550237,1.67494287602644,
367,148,154,84.7227414140596,1.49968483550237,1.67494287602644,
367,148,154,84.7227414140596,1.49968483550237,1.67494287602644,
367,147,154,84.7227414140596,1.47231250243272,1.67494287602644,
366,147,154,83.1763771102671,1.47231250243272,1.67494287602644,
366,147,154,83.1763771102671,1.47231250243272,1.67494287602644,
366,147,154,83.1763771102671,1.47231250243272,1.67494287602644,
365,147,154,81.6582371358592,1.47231250243272,1.67494287602644,
365,147,154,81.6582371358592,1.47231250243272,1.67494287602644,
365,147,154,81.6582371358592,1.47231250243272,1.67494287602644,
364,146,154,80.1678063387679,1.44543977074593,1.67494287602644,
364,146,154,80.1678063387679,1.44543977074593,1.67494287602644,
364,146,154,80.1678063387679,1.44543977074593,1.67494287602644,
364,146,154,80.1678063387679,1.44543977074593,1.67494287602644,
364,145,154,80.1678063387679,1.41905752168909,1.67494287602644,
364,145,154,80.1678063387679,1.41905752168909,1.67494287602644,
364,144,154,80.1678063387679,1.3931568029453,1.67494287602644,
364,144,154,80.1678063387679,1.3931568029453,1.67494287602644,
364,143,154,80.1678063387679,1.36772882559585,1.67494287602644,
364,143,154,80.1678063387679,1.36772882559585,1.67494287602644,
364,142,154,80.1678063387679,1.34276496113786,1.67494287602644,
364,141,154,80.1678063387679,1.31825673855641,1.67494287602644,
364,141,154,80.1678063387679,1.31825673855641,1.67494287602644,
365,140,154,81.6582371358592,1.29419584144999,1.67494287602644,
365,139,153,81.6582371358592,1.27057410520854,1.64437172321493,
365,139,153,81.6582371358592,1.27057410520854,1.64437172321493,
366,138,153,83.1763771102671,1.24738351424294,1.64437172321493,
366,137,152,83.1763771102671,1.22461619926505,1.61435855682649,
366,137,152,83.1763771102671,1.22461619926505,1.61435855682649,
367,136,152,84.7227414140596,1.20226443461741,1.61435855682649,
367,135,151,84.7227414140596,1.18032063565173,1.58489319246111,
369,135,151,87.9022516830884,1.18032063565173,1.58489319246111,
370,134,151,89.5364765549594,1.15877735615513,1.58489319246111,
370,133,150,89.5364765549594,1.13762728582343,1.55596563160507,
371,132,150,91.201083935591,1.11686324778056,1.55596563160507,
372,131,150,92.8966386779936,1.09647819614319,1.55596563160507,
373,130,150,94.6237161365793,1.07646521362983,1.55596563160507,
375,129,150,98.1747943019984,1.05681750921366,1.55596563160507,
376,128,150,100,1.03752841581801,1.55596563160507,
377,127,150,101.859138805412,1.01859138805412,1.55596563160507,
378,127,150,103.752841581801,1.01859138805412,1.55596563160507,
378,126,150,103.752841581801,1,1.55596563160507,
379,125,151,105.681750921366,0.981747943019984,1.58489319246111,
378,125,151,103.752841581801,0.981747943019984,1.58489319246111,
378,125,151,103.752841581801,0.981747943019984,1.58489319246111,
377,124,152,101.859138805412,0.96382902362397,1.61435855682649,
377,124,152,101.859138805412,0.96382902362397,1.61435855682649,
377,124,152,101.859138805412,0.96382902362397,1.61435855682649,
376,123,153,100,0.946237161365793,1.64437172321493,
375,123,153,98.1747943019984,0.946237161365793,1.64437172321493,
375,122,153,98.1747943019984,0.928966386779936,1.64437172321493,
374,122,154,96.382902362397,0.928966386779936,1.67494287602644,
373,123,154,94.6237161365793,0.946237161365793,1.67494287602644,
373,124,155,94.6237161365793,0.96382902362397,1.70608238900312,
373,124,155,94.6237161365793,0.96382902362397,1.70608238900312,
374,125,155,96.382902362397,0.981747943019984,1.70608238900312,
375,126,156,98.1747943019984,1,1.73780082874938,
376,128,156,100,1.03752841581801,1.73780082874938,
377,130,157,101.859138805412,1.07646521362983,1.77010895831742,
378,132,158,103.752841581801,1.11686324778056,1.80301774085957,
378,133,158,103.752841581801,1.13762728582343,1.80301774085957,
378,134,158,103.752841581801,1.15877735615513,1.80301774085957,
379,135,158,105.681750921366,1.18032063565173,1.80301774085957,
380,136,158,107.646521362983,1.20226443461741,1.80301774085957,
382,137,159,111.686324778056,1.22461619926505,1.83653834334835,
383,138,159,113.762728582343,1.24738351424294,1.83653834334835,
383,138,159,113.762728582343,1.24738351424294,1.83653834334835,
384,138,159,115.877735615513,1.24738351424294,1.83653834334835,
385,138,159,118.032063565173,1.24738351424294,1.83653834334835,
385,138,159,118.032063565173,1.24738351424294,1.83653834334835,
386,138,159,120.226443461741,1.24738351424294,1.83653834334835,
387,138,159,122.461619926505,1.24738351424294,1.83653834334835,
387,138,159,122.461619926505,1.24738351424294,1.83653834334835,
388,138,159,124.738351424294,1.24738351424294,1.83653834334835,
389,138,159,127.057410520854,1.24738351424294,1.83653834334835,
389,138,159,127.057410520854,1.24738351424294,1.83653834334835,
389,139,160,127.057410520854,1.27057410520854,1.8706821403658,
389,139,160,127.057410520854,1.27057410520854,1.8706821403658,
389,139,161,127.057410520854,1.27057410520854,1.90546071796325,
389,140,161,127.057410520854,1.29419584144999,1.90546071796325,
389,140,161,127.057410520854,1.29419584144999,1.90546071796325,
389,141,162,127.057410520854,1.31825673855641,1.94088587759278,
390,142,162,129.419584144999,1.34276496113786,1.94088587759278,
390,143,163,129.419584144999,1.36772882559585,1.97696964011186,
391,144,163,131.825673855641,1.3931568029453,1.97696964011186,
391,144,163,131.825673855641,1.3931568029453,1.97696964011186,
392,145,163,134.276496113786,1.41905752168909,1.97696964011186,
393,146,163,136.772882559585,1.44543977074593,1.97696964011186,
394,147,163,139.31568029453,1.47231250243272,1.97696964011186,
395,148,163,141.905752168909,1.49968483550237,1.97696964011186,
396,149,163,144.543977074593,1.52756605823807,1.97696964011186,
397,150,163,147.231250243272,1.55596563160507,1.97696964011186,
398,151,163,149.968483550237,1.58489319246111,1.97696964011186,
399,153,163,152.756605823807,1.64437172321493,1.97696964011186,
400,153,163,155.596563160507,1.64437172321493,1.97696964011186,
401,153,163,158.489319246111,1.64437172321493,1.97696964011186,
401,154,163,158.489319246111,1.67494287602644,1.97696964011186,
402,154,163,161.435855682649,1.67494287602644,1.97696964011186,
403,155,164,164.437172321493,1.70608238900312,2.01372424986239,
404,155,164,167.494287602644,1.70608238900312,2.01372424986239,
404,157,164,167.494287602644,1.77010895831742,2.01372424986239,
405,157,165,170.608238900312,1.77010895831742,2.05116217882557,
406,157,165,173.780082874938,1.77010895831742,2.05116217882557,
406,158,165,173.780082874938,1.80301774085957,2.05116217882557,
407,159,166,177.010895831742,1.83653834334835,2.08929613085404,
408,159,166,180.301774085957,1.83653834334835,2.08929613085404,
408,160,166,180.301774085957,1.8706821403658,2.08929613085404,
409,161,167,183.653834334835,1.90546071796325,2.12813904598271,
410,162,167,187.06821403658,1.94088587759278,2.12813904598271,
410,162,167,187.06821403658,1.94088587759278,2.12813904598271,
410,162,167,187.06821403658,1.94088587759278,2.12813904598271,
410,162,167,187.06821403658,1.94088587759278,2.12813904598271,
410,162,167,187.06821403658,1.94088587759278,2.12813904598271,
410,162,167,187.06821403658,1.94088587759278,2.12813904598271,
410,161,167,187.06821403658,1.90546071796325,2.12813904598271,
410,161,167,187.06821403658,1.90546071796325,2.12813904598271,
410,161,167,187.06821403658,1.90546071796325,2.12813904598271,
410,161,167,187.06821403658,1.90546071796325,2.12813904598271,
410,161,167,187.06821403658,1.90546071796325,2.12813904598271,
411,161,167,190.546071796325,1.90546071796325,2.12813904598271,
411,161,167,190.546071796325,1.90546071796325,2.12813904598271,
411,162,167,190.546071796325,1.94088587759278,2.12813904598271,
412,162,167,194.088587759278,1.94088587759278,2.12813904598271,
412,162,167,194.088587759278,1.94088587759278,2.12813904598271,
412,162,167,194.088587759278,1.94088587759278,2.12813904598271,
413,162,167,197.696964011186,1.94088587759278,2.12813904598271,
413,162,167,197.696964011186,1.94088587759278,2.12813904598271,
414,162,167,201.372424986239,1.94088587759278,2.12813904598271,
414,162,167,201.372424986239,1.94088587759278,2.12813904598271,
416,162,167,208.929613085404,1.94088587759278,2.12813904598271,
417,162,168,212.813904598271,1.94088587759278,2.16770410481969,
417,162,168,212.813904598271,1.94088587759278,2.16770410481969,
419,162,169,220.80047330189,1.94088587759278,2.2080047330189,
420,162,169,224.905460583578,1.94088587759278,2.2080047330189,
421,162,170,229.086765276777,1.94088587759278,2.24905460583578,
423,162,170,237.684028662488,1.94088587759278,2.24905460583578,
424,162,171,242.102904673618,1.94088587759278,2.29086765276777,
425,162,171,246.603933723434,1.94088587759278,2.29086765276777,
426,162,171,251.188643150958,1.94088587759278,2.29086765276777,
426,162,171,251.188643150958,1.94088587759278,2.29086765276777,
425,162,171,246.603933723434,1.94088587759278,2.29086765276777,
425,162,171,246.603933723434,1.94088587759278,2.29086765276777,
424,162,171,242.102904673618,1.94088587759278,2.29086765276777,
423,162,171,237.684028662488,1.94088587759278,2.29086765276777,
422,162,171,233.3458062281,1.94088587759278,2.29086765276777,
422,162,171,233.3458062281,1.94088587759278,2.29086765276777,
421,162,171,229.086765276777,1.94088587759278,2.29086765276777,
420,162,171,224.905460583578,1.94088587759278,2.29086765276777,
420,162,171,224.905460583578,1.94088587759278,2.29086765276777,
419,162,171,220.80047330189,1.94088587759278,2.29086765276777,
420,162,171,224.905460583578,1.94088587759278,2.29086765276777,
421,177,171,229.086765276777,2.55858588690565,2.29086765276777,
422,177,171,233.3458062281,2.55858588690565,2.29086765276777,
424,178,171,242.102904673618,2.6061535499989,2.29086765276777,
426,178,171,251.188643150958,2.6061535499989,2.29086765276777,
428,179,171,260.61535499989,2.65460556197554,2.29086765276777,
430,179,171,270.395836410884,2.65460556197554,2.29086765276777,
431,180,171,275.422870333816,2.70395836410884,2.29086765276777,
432,180,171,280.543363795171,2.70395836410884,2.29086765276777,
433,180,171,285.759054337495,2.70395836410884,2.29086765276777,
434,180,171,291.071711806661,2.70395836410884,2.29086765276777,
436,180,171,301.995172040201,2.70395836410884,2.29086765276777,
436,181,171,301.995172040201,2.75422870333817,2.29086765276777,
436,181,171,301.995172040201,2.75422870333817,2.29086765276777,
437,182,171,307.609681474071,2.80543363795171,2.29086765276777,
437,182,171,307.609681474071,2.80543363795171,2.29086765276777,
437,182,171,307.609681474071,2.80543363795171,2.29086765276777,
438,183,171,313.328572431559,2.85759054337495,2.29086765276777,
438,183,171,313.328572431559,2.85759054337495,2.29086765276777,
438,183,171,313.328572431559,2.85759054337495,2.29086765276777,
439,184,171,319.153785510076,2.9107171180666,2.29086765276777,
439,185,171,319.153785510076,2.96483138952434,2.29086765276777,
440,185,171,325.087297385434,2.96483138952434,2.29086765276777,
440,186,171,325.087297385434,3.01995172040202,2.29086765276777,
441,187,171,331.131121482591,3.07609681474071,2.29086765276777,
441,188,171,331.131121482591,3.13328572431559,2.29086765276777,
442,189,171,337.287308658869,3.19153785510076,2.29086765276777,
442,190,171,337.287308658869,3.25087297385434,2.29086765276777,
443,191,171,343.557947899875,3.31131121482591,2.29086765276777,
443,191,171,343.557947899875,3.31131121482591,2.29086765276777,
443,191,172,343.557947899875,3.31131121482591,2.333458062281,
443,191,172,343.557947899875,3.31131121482591,2.333458062281,
443,191,172,343.557947899875,3.31131121482591,2.333458062281,
442,190,173,337.287308658869,3.25087297385434,2.37684028662488,
442,189,173,337.287308658869,3.19153785510076,2.37684028662488,
442,189,173,337.287308658869,3.19153785510076,2.37684028662488,
441,188,173,331.131121482591,3.13328572431559,2.37684028662488,
441,187,174,331.131121482591,3.07609681474071,2.42102904673618,
441,187,174,331.131121482591,3.07609681474071,2.42102904673618,
440,186,174,325.087297385434,3.01995172040202,2.42102904673618,
440,185,175,325.087297385434,2.96483138952434,2.46603933723434,
440,185,175,325.087297385434,2.96483138952434,2.46603933723434,
441,185,175,331.131121482591,2.96483138952434,2.46603933723434,
441,185,175,331.131121482591,2.96483138952434,2.46603933723434,
442,186,175,337.287308658869,3.01995172040202,2.46603933723434,
444,187,175,349.945167028357,3.07609681474071,2.46603933723434,
445,188,175,356.451133426244,3.13328572431559,2.46603933723434,
446,189,175,363.078054770101,3.19153785510076,2.46603933723434,
447,190,175,369.828179780266,3.25087297385434,2.46603933723434,
449,191,175,383.707245492279,3.31131121482591,2.46603933723434,
450,192,175,390.840895792402,3.37287308658869,2.46603933723434,
451,193,175,398.107170553497,3.43557947899874,2.46603933723434,
453,194,175,413.047501990161,3.49945167028357,2.46603933723434,
454,195,175,420.726628384444,3.56451133426244,2.46603933723434,
455,195,175,428.54852039744,3.56451133426244,2.46603933723434,
456,195,175,436.515832240166,3.56451133426244,2.46603933723434,
457,196,175,444.631267469109,3.63078054770101,2.46603933723434,
458,196,175,452.89757990362,3.63078054770101,2.46603933723434,
459,196,175,461.31757456038,3.63078054770101,2.46603933723434,
460,196,175,469.894108605216,3.63078054770101,2.46603933723434,
461,196,175,478.630092322638,3.63078054770101,2.46603933723434,
462,196,175,487.528490103387,3.63078054770101,2.46603933723434,
463,197,175,496.592321450336,3.69828179780266,2.46603933723434,
464,197,175,505.824662003114,3.69828179780266,2.46603933723434,
465,197,176,515.228644581756,3.69828179780266,2.51188643150958,
466,198,176,524.807460249772,3.76703798983909,2.51188643150958,
467,198,176,534.564359396972,3.76703798983909,2.51188643150958,
468,199,177,544.502652842421,3.83707245492279,2.55858588690565,
469,200,177,554.625712957911,3.90840895792402,2.55858588690565,
470,200,177,564.936974812302,3.90840895792402,2.55858588690565,
471,201,178,575.439937337157,3.98107170553497,2.6061535499989,
472,202,178,586.138164514029,4.05508535448384,2.6061535499989,
473,202,179,597.035286583837,4.05508535448384,2.65460556197554,
474,203,179,608.135001278718,4.13047501990161,2.65460556197554,
476,204,179,630.957344480193,4.20726628384444,2.65460556197554,
477,204,179,642.68771731702,4.20726628384444,2.65460556197554,
478,205,179,654.636174067275,4.2854852039744,2.65460556197554,
479,206,179,666.806769213623,4.36515832240166,2.65460556197554,
481,206,179,691.830970918936,4.36515832240166,2.65460556197554,
482,207,179,704.693068967147,4.44631267469109,2.65460556197554,
484,207,179,731.139083483418,4.44631267469109,2.65460556197554,
485,208,179,744.731973905989,4.52897579903621,2.65460556197554,
486,208,179,758.577575029184,4.52897579903621,2.65460556197554,
487,208,179,772.680585095702,4.52897579903621,2.65460556197554,
488,208,179,787.045789695099,4.52897579903621,2.65460556197554,
490,208,179,816.582371358592,4.52897579903621,2.65460556197554,
491,207,179,831.763771102671,4.44631267469109,2.65460556197554,
491,207,179,831.763771102671,4.44631267469109,2.65460556197554,
492,206,179,847.227414140596,4.36515832240166,2.65460556197554,
494,205,179,879.022516830884,4.2854852039744,2.65460556197554,
495,205,179,895.364765549594,4.2854852039744,2.65460556197554,
495,204,179,895.364765549594,4.20726628384444,2.65460556197554,
496,203,179,912.01083935591,4.13047501990161,2.65460556197554,
497,203,179,928.966386779936,4.13047501990161,2.65460556197554,
497,202,179,928.966386779936,4.05508535448384,2.65460556197554,
497,201,179,928.966386779936,3.98107170553497,2.65460556197554,
497,202,180,928.966386779936,4.05508535448384,2.70395836410884,
497,203,180,928.966386779936,4.13047501990161,2.70395836410884,
496,203,180,912.01083935591,4.13047501990161,2.70395836410884,
496,205,181,912.01083935591,4.2854852039744,2.75422870333817,
495,206,181,895.364765549594,4.36515832240166,2.75422870333817,
495,207,182,895.364765549594,4.44631267469109,2.80543363795171,
493,209,183,862.97854776697,4.61317574560379,2.85759054337495,
492,210,183,847.227414140596,4.69894108605215,2.85759054337495,
491,211,183,831.763771102671,4.78630092322638,2.85759054337495,
490,211,184,816.582371358592,4.78630092322638,2.9107171180666,
490,212,184,816.582371358592,4.87528490103387,2.9107171180666,
489,213,184,801.67806338768,4.96592321450336,2.9107171180666,
488,213,184,787.045789695099,4.96592321450336,2.9107171180666,
488,213,184,787.045789695099,4.96592321450336,2.9107171180666,
488,213,184,787.045789695099,4.96592321450336,2.9107171180666,
487,213,184,772.680585095702,4.96592321450336,2.9107171180666,
487,213,184,772.680585095702,4.96592321450336,2.9107171180666,
487,213,184,772.680585095702,4.96592321450336,2.9107171180666,
486,213,184,758.577575029184,4.96592321450336,2.9107171180666,
486,213,184,758.577575029184,4.96592321450336,2.9107171180666,
485,214,184,744.731973905989,5.05824662003114,2.9107171180666,
483,214,184,717.794291271362,5.05824662003114,2.9107171180666,
482,215,184,704.693068967147,5.15228644581756,2.9107171180666,
481,215,184,691.830970918936,5.15228644581756,2.9107171180666,
480,216,184,679.203632617184,5.24807460249772,2.9107171180666,
478,217,184,654.636174067275,5.34564359396972,2.9107171180666,
476,218,184,630.957344480193,5.44502652842421,2.9107171180666,
474,219,184,608.135001278718,5.54625712957911,2.9107171180666,
473,219,184,597.035286583837,5.54625712957911,2.9107171180666,
471,220,184,575.439937337157,5.64936974812302,2.9107171180666,
470,220,184,564.936974812302,5.64936974812302,2.9107171180666,
471,221,184,575.439937337157,5.75439937337157,2.9107171180666,
472,221,184,586.138164514029,5.75439937337157,2.9107171180666,
473,221,184,597.035286583837,5.75439937337157,2.9107171180666,
474,221,184,608.135001278718,5.75439937337157,2.9107171180666,
475,221,184,619.441075076781,5.75439937337157,2.9107171180666,
477,221,184,642.68771731702,5.75439937337157,2.9107171180666,
478,221,184,654.636174067275,5.75439937337157,2.9107171180666,
480,221,184,679.203632617184,5.75439937337157,2.9107171180666,
481,221,184,691.830970918936,5.75439937337157,2.9107171180666,
482,221,184,704.693068967147,5.75439937337157,2.9107171180666,
483,221,184,717.794291271362,5.75439937337157,2.9107171180666,
484,221,184,731.139083483418,5.75439937337157,2.9107171180666,
484,221,184,731.139083483418,5.75439937337157,2.9107171180666,
485,221,183,744.731973905989,5.75439937337157,2.85759054337495,
486,221,183,758.577575029184,5.75439937337157,2.85759054337495,
486,221,183,758.577575029184,5.75439937337157,2.85759054337495,
487,221,182,772.680585095702,5.75439937337157,2.80543363795171,
487,221,182,772.680585095702,5.75439937337157,2.80543363795171,
487,221,182,772.680585095702,5.75439937337157,2.80543363795171,
488,221,181,787.045789695099,5.75439937337157,2.75422870333817,
488,221,181,787.045789695099,5.75439937337157,2.75422870333817,
488,221,181,787.045789695099,5.75439937337157,2.75422870333817,
489,221,180,801.67806338768,5.75439937337157,2.70395836410884,
489,222,180,801.67806338768,5.86138164514029,2.70395836410884,
489,222,180,801.67806338768,5.86138164514029,2.70395836410884,
489,222,179,801.67806338768,5.86138164514029,2.65460556197554,
489,223,179,801.67806338768,5.97035286583837,2.65460556197554,
489,223,179,801.67806338768,5.97035286583837,2.65460556197554,
489,224,179,801.67806338768,6.08135001278718,2.65460556197554,
489,224,179,801.67806338768,6.08135001278718,2.65460556197554,
489,224,179,801.67806338768,6.08135001278718,2.65460556197554,
489,225,179,801.67806338768,6.19441075076781,2.65460556197554,
490,225,180,816.582371358592,6.19441075076781,2.70395836410884,
490,226,180,816.582371358592,6.30957344480193,2.70395836410884,
491,226,180,831.763771102671,6.30957344480193,2.70395836410884,
491,226,181,831.763771102671,6.30957344480193,2.75422870333817,
492,226,181,847.227414140596,6.30957344480193,2.75422870333817,
494,226,181,879.022516830884,6.30957344480193,2.75422870333817,
494,226,182,879.022516830884,6.30957344480193,2.80543363795171,
495,226,182,895.364765549594,6.30957344480193,2.80543363795171,
496,226,182,912.01083935591,6.30957344480193,2.80543363795171,
496,226,183,912.01083935591,6.30957344480193,2.85759054337495,
497,226,183,928.966386779936,6.30957344480193,2.85759054337495,
497,226,183,928.966386779936,6.30957344480193,2.85759054337495,
497,226,183,928.966386779936,6.30957344480193,2.85759054337495,
498,226,184,946.237161365793,6.30957344480193,2.9107171180666,
498,226,184,946.237161365793,6.30957344480193,2.9107171180666,
498,226,184,946.237161365793,6.30957344480193,2.9107171180666,
498,226,184,946.237161365793,6.30957344480193,2.9107171180666,
498,226,184,946.237161365793,6.30957344480193,2.9107171180666,
498,226,184,946.237161365793,6.30957344480193,2.9107171180666,
498,226,184,946.237161365793,6.30957344480193,2.9107171180666,
497,226,184,928.966386779936,6.30957344480193,2.9107171180666,
496,226,184,912.01083935591,6.30957344480193,2.9107171180666,
495,227,184,895.364765549594,6.42687717317019,2.9107171180666,
494,227,184,879.022516830884,6.42687717317019,2.9107171180666,
493,228,184,862.97854776697,6.54636174067275,2.9107171180666,
492,229,184,847.227414140596,6.66806769213622,2.9107171180666,
490,231,184,816.582371358592,6.91830970918936,2.9107171180666,
487,231,184,772.680585095702,6.91830970918936,2.9107171180666,
485,232,184,744.731973905989,7.04693068967147,2.9107171180666,
483,233,184,717.794291271362,7.17794291271361,2.9107171180666,
481,234,184,691.830970918936,7.31139083483418,2.9107171180666,
479,235,184,666.806769213623,7.44731973905989,2.9107171180666,
477,236,184,642.68771731702,7.58577575029184,2.9107171180666,
476,237,184,630.957344480193,7.72680585095702,2.9107171180666,
475,237,184,619.441075076781,7.72680585095702,2.9107171180666,
475,237,184,619.441075076781,7.72680585095702,2.9107171180666,
476,236,184,630.957344480193,7.58577575029184,2.9107171180666,
477,235,184,642.68771731702,7.44731973905989,2.9107171180666,
479,235,184,666.806769213623,7.44731973905989,2.9107171180666,
480,233,184,679.203632617184,7.17794291271361,2.9107171180666,
481,232,184,691.830970918936,7.04693068967147,2.9107171180666,
483,232,184,717.794291271362,7.04693068967147,2.9107171180666,
483,231,184,717.794291271362,6.91830970918936,2.9107171180666,
485,231,184,744.731973905989,6.91830970918936,2.9107171180666,
486,231,183,758.577575029184,6.91830970918936,2.85759054337495,
487,231,183,772.680585095702,6.91830970918936,2.85759054337495,
487,231,183,772.680585095702,6.91830970918936,2.85759054337495,
488,232,182,787.045789695099,7.04693068967147,2.80543363795171,
489,232,182,801.67806338768,7.04693068967147,2.80543363795171,
490,232,182,816.582371358592,7.04693068967147,2.80543363795171,
490,233,181,816.582371358592,7.17794291271361,2.75422870333817,
491,233,181,831.763771102671,7.17794291271361,2.75422870333817,
491,233,181,831.763771102671,7.17794291271361,2.75422870333817,
492,234,180,847.227414140596,7.31139083483418,2.70395836410884,
493,235,180,862.97854776697,7.44731973905989,2.70395836410884,
493,235,180,862.97854776697,7.44731973905989,2.70395836410884,
493,237,179,862.97854776697,7.72680585095702,2.65460556197554,
493,238,179,862.97854776697,7.87045789695098,2.65460556197554,
492,239,179,847.227414140596,8.01678063387679,2.65460556197554,
492,240,179,847.227414140596,8.16582371358593,2.65460556197554,
491,242,179,831.763771102671,8.47227414140596,2.65460556197554,
491,243,179,831.763771102671,8.6297854776697,2.65460556197554,
490,244,179,816.582371358592,8.79022516830884,2.65460556197554,
490,245,179,816.582371358592,8.95364765549594,2.65460556197554,
490,245,179,816.582371358592,8.95364765549594,2.65460556197554,
491,246,179,831.763771102671,9.1201083935591,2.65460556197554,
492,247,179,847.227414140596,9.28966386779936,2.65460556197554,
492,247,179,847.227414140596,9.28966386779936,2.65460556197554,
494,247,179,879.022516830884,9.28966386779936,2.65460556197554,
494,247,179,879.022516830884,9.28966386779936,2.65460556197554,
495,247,179,895.364765549594,9.28966386779936,2.65460556197554,
496,247,179,912.01083935591,9.28966386779936,2.65460556197554,
496,247,179,912.01083935591,9.28966386779936,2.65460556197554,
497,247,179,928.966386779936,9.28966386779936,2.65460556197554,
498,247,179,946.237161365793,9.28966386779936,2.65460556197554,
499,246,179,963.829023623971,9.1201083935591,2.65460556197554,
500,246,179,981.747943019984,9.1201083935591,2.65460556197554,
502,245,179,1018.59138805412,8.95364765549594,2.65460556197554,
503,245,179,1037.52841581801,8.95364765549594,2.65460556197554,
504,243,179,1056.81750921366,8.6297854776697,2.65460556197554,
506,242,179,1096.47819614319,8.47227414140596,2.65460556197554,
508,241,179,1137.62728582343,8.31763771102671,2.65460556197554,
508,241,179,1137.62728582343,8.31763771102671,2.65460556197554,
511,240,179,1202.26443461741,8.16582371358593,2.65460556197554,
512,240,179,1224.61619926505,8.16582371358593,2.65460556197554,
513,240,179,1247.38351424294,8.16582371358593,2.65460556197554,
514,241,179,1270.57410520854,8.31763771102671,2.65460556197554,
515,241,179,1294.19584144999,8.31763771102671,2.65460556197554,
516,242,179,1318.25673855641,8.47227414140596,2.65460556197554,
516,243,179,1318.25673855641,8.6297854776697,2.65460556197554,
516,245,179,1318.25673855641,8.95364765549594,2.65460556197554,
517,245,179,1342.76496113786,8.95364765549594,2.65460556197554,
517,246,179,1342.76496113786,9.1201083935591,2.65460556197554,
517,247,179,1342.76496113786,9.28966386779936,2.65460556197554,
518,248,179,1367.72882559585,9.46237161365793,2.65460556197554,
518,249,179,1367.72882559585,9.6382902362397,2.65460556197554,
518,250,179,1367.72882559585,9.81747943019984,2.65460556197554,
518,250,179,1367.72882559585,9.81747943019984,2.65460556197554,
519,251,180,1393.1568029453,10,2.70395836410884,
519,250,180,1393.1568029453,9.81747943019984,2.70395836410884,
