-1,476,-1,0,103.349510994484,0,
-1,-1,-1,0,0,0,
-1,-1,-1,0,0,0,
-1,-1,159,0,0,0.996345984601538,
-1,-1,159,0,0,0.996345984601538,
-1,-1,160,0,0,1.01104264773227,
-1,-1,160,0,0,1.01104264773227,
-1,-1,160,0,0,1.01104264773227,
-1,-1,160,0,0,1.01104264773227,
-1,-1,160,0,0,1.01104264773227,
-1,-1,160,0,0,1.01104264773227,
-1,-1,161,0,0,1.02595609490239,
-1,-1,161,0,0,1.02595609490239,
-1,-1,161,0,0,1.02595609490239,
-1,-1,162,0,0,1.04108952379831,
-1,-1,162,0,0,1.04108952379831,
-1,-1,162,0,0,1.04108952379831,
-1,-1,163,0,0,1.05644617927408,
-1,-1,163,0,0,1.05644617927408,
-1,-1,163,0,0,1.05644617927408,
-1,-1,164,0,0,1.07202935404719,
-1,-1,164,0,0,1.07202935404719,
158,-1,165,0.981862954305846,0,1.08784238940457,
159,-1,166,0.996345984601538,0,1.10388867591898,
158,-1,166,0.981862954305846,0,1.10388867591898,
158,-1,166,0.981862954305846,0,1.10388867591898,
159,-1,167,0.996345984601538,0,1.12017165417608,
159,-1,167,0.996345984601538,0,1.12017165417608,
159,-1,168,0.996345984601538,0,1.13669481551204,
159,-1,168,0.996345984601538,0,1.13669481551204,
159,-1,168,0.996345984601538,0,1.13669481551204,
159,-1,168,0.996345984601538,0,1.13669481551204,
159,-1,168,0.996345984601538,0,1.13669481551204,
159,-1,168,0.996345984601538,0,1.13669481551204,
160,-1,168,1.01104264773227,0,1.13669481551204,
160,-1,168,1.01104264773227,0,1.13669481551204,
160,-1,168,1.01104264773227,0,1.13669481551204,
160,-1,168,1.01104264773227,0,1.13669481551204,
160,-1,168,1.01104264773227,0,1.13669481551204,
161,-1,168,1.02595609490239,0,1.13669481551204,
161,-1,168,1.02595609490239,0,1.13669481551204,
161,-1,168,1.02595609490239,0,1.13669481551204,
161,-1,169,1.02595609490239,0,1.15346170276227,
161,-1,170,1.02595609490239,0,1.17047591102093,
161,-1,170,1.02595609490239,0,1.17047591102093,
161,-1,170,1.02595609490239,0,1.17047591102093,
161,165,171,1.02595609490239,1.08784238940457,1.18774108841188,
161,165,171,1.02595609490239,1.08784238940457,1.18774108841188,
161,165,172,1.02595609490239,1.08784238940457,1.20526093687084,
161,165,172,1.02595609490239,1.08784238940457,1.20526093687084,
161,166,173,1.02595609490239,1.10388867591898,1.22303921293917,
161,166,173,1.02595609490239,1.10388867591898,1.22303921293917,
161,166,173,1.02595609490239,1.10388867591898,1.22303921293917,
162,166,174,1.04108952379831,1.10388867591898,1.24107972856932,
162,166,174,1.04108952379831,1.10388867591898,1.24107972856932,
162,167,174,1.04108952379831,1.12017165417608,1.24107972856932,
162,167,175,1.04108952379831,1.12017165417608,1.25938635194218,
162,167,175,1.04108952379831,1.12017165417608,1.25938635194218,
162,167,175,1.04108952379831,1.12017165417608,1.25938635194218,
162,167,176,1.04108952379831,1.12017165417608,1.27796300829648,
162,167,176,1.04108952379831,1.12017165417608,1.27796300829648,
162,167,176,1.04108952379831,1.12017165417608,1.27796300829648,
162,168,176,1.04108952379831,1.13669481551204,1.27796300829648,
162,168,176,1.04108952379831,1.13669481551204,1.27796300829648,
162,169,176,1.04108952379831,1.15346170276227,1.27796300829648,
162,169,176,1.04108952379831,1.15346170276227,1.27796300829648,
162,169,176,1.04108952379831,1.15346170276227,1.27796300829648,
162,169,176,1.04108952379831,1.15346170276227,1.27796300829648,
162,169,176,1.04108952379831,1.15346170276227,1.27796300829648,
162,170,176,1.04108952379831,1.17047591102093,1.27796300829648,
162,170,177,1.04108952379831,1.17047591102093,1.29681368077043,
162,170,177,1.04108952379831,1.17047591102093,1.29681368077043,
162,171,177,1.04108952379831,1.18774108841188,1.29681368077043,
162,171,178,1.04108952379831,1.18774108841188,1.31594241125578,
162,171,178,1.04108952379831,1.18774108841188,1.31594241125578,
162,171,178,1.04108952379831,1.18774108841188,1.31594241125578,
162,171,179,1.04108952379831,1.18774108841188,1.33535330126444,
162,171,179,1.04108952379831,1.18774108841188,1.33535330126444,
162,172,179,1.04108952379831,1.20526093687084,1.33535330126444,
162,172,180,1.04108952379831,1.20526093687084,1.35505051280791,
162,172,180,1.04108952379831,1.20526093687084,1.35505051280791,
162,172,180,1.04108952379831,1.20526093687084,1.35505051280791,
162,172,180,1.04108952379831,1.20526093687084,1.35505051280791,
162,172,181,1.04108952379831,1.20526093687084,1.37503826928974,
162,172,181,1.04108952379831,1.20526093687084,1.37503826928974,
162,172,181,1.04108952379831,1.20526093687084,1.37503826928974,
162,172,181,1.04108952379831,1.20526093687084,1.37503826928974,
162,173,182,1.04108952379831,1.22303921293917,1.39532085641101,
162,173,182,1.04108952379831,1.22303921293917,1.39532085641101,
162,172,183,1.04108952379831,1.20526093687084,1.41590262308933,
162,172,183,1.04108952379831,1.20526093687084,1.41590262308933,
178,172,184,1.31594241125578,1.20526093687084,1.43678798239128,
178,172,184,1.31594241125578,1.20526093687084,1.43678798239128,
178,173,184,1.31594241125578,1.22303921293917,1.43678798239128,
179,173,184,1.33535330126444,1.22303921293917,1.43678798239128,
179,173,185,1.33535330126444,1.22303921293917,1.45798141247865,
179,173,185,1.33535330126444,1.22303921293917,1.45798141247865,
180,173,186,1.35505051280791,1.22303921293917,1.47948745756863,
180,174,186,1.35505051280791,1.24107972856932,1.47948745756863,
181,174,187,1.37503826928974,1.24107972856932,1.50131072890817,
181,175,187,1.37503826928974,1.25938635194218,1.50131072890817,
182,175,188,1.39532085641101,1.25938635194218,1.52345590576271,
182,176,188,1.39532085641101,1.27796300829648,1.52345590576271,
182,176,189,1.39532085641101,1.27796300829648,1.54592773641948,
182,176,189,1.39532085641101,1.27796300829648,1.54592773641948,
183,177,189,1.41590262308933,1.29681368077043,1.54592773641948,
183,176,189,1.41590262308933,1.27796300829648,1.54592773641948,
184,176,189,1.43678798239128,1.27796300829648,1.54592773641948,
184,176,189,1.43678798239128,1.27796300829648,1.54592773641948,
184,176,189,1.43678798239128,1.27796300829648,1.54592773641948,
185,176,189,1.45798141247865,1.27796300829648,1.54592773641948,
186,176,189,1.47948745756863,1.27796300829648,1.54592773641948,
187,176,189,1.50131072890817,1.27796300829648,1.54592773641948,
188,176,189,1.52345590576271,1.27796300829648,1.54592773641948,
189,176,189,1.54592773641948,1.27796300829648,1.54592773641948,
190,177,189,1.5687310392056,1.29681368077043,1.54592773641948,
191,177,190,1.59187070352125,1.29681368077043,1.5687310392056,
192,177,190,1.61535169088798,1.29681368077043,1.5687310392056,
193,178,191,1.63917903601261,1.31594241125578,1.59187070352125,
194,178,191,1.66335784786667,1.31594241125578,1.59187070352125,
198,179,191,1.76369260307408,1.33535330126444,1.59187070352125,
198,179,192,1.76369260307408,1.33535330126444,1.61535169088798,
199,180,192,1.78970806000785,1.35505051280791,1.61535169088798,
199,180,193,1.78970806000785,1.35505051280791,1.63917903601261,
199,180,193,1.78970806000785,1.35505051280791,1.63917903601261,
199,181,193,1.78970806000785,1.37503826928974,1.63917903601261,
199,181,193,1.78970806000785,1.37503826928974,1.63917903601261,
199,181,193,1.78970806000785,1.37503826928974,1.63917903601261,
199,181,193,1.78970806000785,1.37503826928974,1.63917903601261,
199,181,193,1.78970806000785,1.37503826928974,1.63917903601261,
199,181,193,1.78970806000785,1.37503826928974,1.63917903601261,
199,181,193,1.78970806000785,1.37503826928974,1.63917903601261,
199,181,193,1.78970806000785,1.37503826928974,1.63917903601261,
199,181,193,1.78970806000785,1.37503826928974,1.63917903601261,
199,181,193,1.78970806000785,1.37503826928974,1.63917903601261,
199,181,193,1.78970806000785,1.37503826928974,1.63917903601261,
199,181,193,1.78970806000785,1.37503826928974,1.63917903601261,
200,181,193,1.81610725954977,1.37503826928974,1.63917903601261,
200,181,193,1.81610725954977,1.37503826928974,1.63917903601261,
200,181,193,1.81610725954977,1.37503826928974,1.63917903601261,
200,181,193,1.81610725954977,1.37503826928974,1.63917903601261,
201,181,193,1.84289586211893,1.37503826928974,1.63917903601261,
201,181,193,1.84289586211893,1.37503826928974,1.63917903601261,
201,181,193,1.84289586211893,1.37503826928974,1.63917903601261,
202,181,194,1.8700796116288,1.37503826928974,1.66335784786667,
202,181,194,1.8700796116288,1.37503826928974,1.66335784786667,
202,180,194,1.8700796116288,1.35505051280791,1.66335784786667,
202,180,194,1.8700796116288,1.35505051280791,1.66335784786667,
202,180,195,1.8700796116288,1.35505051280791,1.68789331078192,
202,179,195,1.8700796116288,1.33535330126444,1.68789331078192,
202,179,195,1.8700796116288,1.33535330126444,1.68789331078192,
202,179,195,1.8700796116288,1.33535330126444,1.68789331078192,
202,178,196,1.8700796116288,1.31594241125578,1.71279068556191,
202,178,196,1.8700796116288,1.31594241125578,1.71279068556191,
201,178,197,1.84289586211893,1.31594241125578,1.73805531061003,
200,177,197,1.81610725954977,1.29681368077043,1.73805531061003,
199,177,197,1.78970806000785,1.29681368077043,1.73805531061003,
198,177,197,1.76369260307408,1.29681368077043,1.73805531061003,
197,176,197,1.73805531061003,1.27796300829648,1.73805531061003,
196,176,197,1.71279068556191,1.27796300829648,1.73805531061003,
195,175,197,1.68789331078192,1.25938635194218,1.73805531061003,
194,175,197,1.66335784786667,1.25938635194218,1.73805531061003,
192,174,197,1.61535169088798,1.24107972856932,1.73805531061003,
192,173,197,1.61535169088798,1.22303921293917,1.73805531061003,
191,173,197,1.59187070352125,1.22303921293917,1.73805531061003,
191,173,197,1.59187070352125,1.22303921293917,1.73805531061003,
191,172,197,1.59187070352125,1.20526093687084,1.73805531061003,
191,172,198,1.59187070352125,1.20526093687084,1.76369260307408,
191,172,198,1.59187070352125,1.20526093687084,1.76369260307408,
191,171,198,1.59187070352125,1.18774108841188,1.76369260307408,
192,171,199,1.61535169088798,1.18774108841188,1.78970806000785,
192,171,199,1.61535169088798,1.18774108841188,1.78970806000785,
192,170,199,1.61535169088798,1.17047591102093,1.78970806000785,
192,170,199,1.61535169088798,1.17047591102093,1.78970806000785,
192,170,200,1.61535169088798,1.17047591102093,1.81610725954977,
192,169,200,1.61535169088798,1.15346170276227,1.81610725954977,
193,169,201,1.63917903601261,1.15346170276227,1.84289586211893,
193,168,201,1.63917903601261,1.13669481551204,1.84289586211893,
193,168,201,1.63917903601261,1.13669481551204,1.84289586211893,
192,167,200,1.61535169088798,1.12017165417608,1.81610725954977,
192,167,200,1.61535169088798,1.12017165417608,1.81610725954977,
192,166,199,1.61535169088798,1.10388867591898,1.78970806000785,
191,166,199,1.59187070352125,1.10388867591898,1.78970806000785,
191,165,198,1.59187070352125,1.08784238940457,1.76369260307408,
191,164,197,1.59187070352125,1.07202935404719,1.73805531061003,
191,164,197,1.59187070352125,1.07202935404719,1.73805531061003,
191,163,196,1.59187070352125,1.05644617927408,1.71279068556191,
191,162,195,1.59187070352125,1.04108952379831,1.68789331078192,
191,161,195,1.59187070352125,1.02595609490239,1.68789331078192,
191,160,194,1.59187070352125,1.01104264773227,1.66335784786667,
191,158,194,1.59187070352125,0.981862954305846,1.66335784786667,
191,157,193,1.59187070352125,0.967590451447198,1.63917903601261,
191,155,192,1.59187070352125,0.93966483149547,1.61535169088798,
191,154,191,1.59187070352125,0.926005726693851,1.59187070352125,
191,152,190,1.59187070352125,0.899280283136507,1.5687310392056,
191,150,189,1.59187070352125,0.873326162382843,1.54592773641948,
191,148,188,1.59187070352125,0.848121103291853,1.52345590576271,
191,146,187,1.59187070352125,0.823643487201135,1.50131072890817,
191,144,186,1.59187070352125,0.799872319384325,1.47948745756863,
191,142,185,1.59187070352125,0.776787211043678,1.45798141247865,
191,141,184,1.59187070352125,0.7654957190472,1.43678798239128,
191,139,184,1.59187070352125,0.74340275348226,1.43678798239128,
176,137,183,1.27796300829648,0.721947412812286,1.41590262308933,
175,135,182,1.25938635194218,0.701111294550499,1.39532085641101,
174,134,181,1.24107972856932,0.690919838694241,1.37503826928974,
173,133,180,1.22303921293917,0.680876527324141,1.35505051280791,
172,132,180,1.20526093687084,0.670979206990377,1.35505051280791,
171,131,179,1.18774108841188,0.66122575554599,1.33535330126444,
170,130,178,1.17047591102093,0.651614081691858,1.31594241125578,
169,128,178,1.15346170276227,0.632807853113119,1.31594241125578,
166,125,177,1.10388867591898,0.60561128419896,1.29681368077043,
165,122,177,1.08784238940457,0.579583558808257,1.29681368077043,
163,119,176,1.05644617927408,0.554674442840278,1.27796300829648,
163,116,176,1.05644617927408,0.53083586113587,1.27796300829648,
161,113,175,1.02595609490239,0.508021804691302,1.25938635194218,
160,110,175,1.01104264773227,0.486188241859849,1.25938635194218,
158,106,174,0.981862954305846,0.458529466092062,1.24107972856932,
155,103,174,0.93966483149547,0.438822965671127,1.24107972856932,
154,99,174,0.926005726693851,0.413858754354902,1.24107972856932,
153,96,173,0.912545172628332,0.396072094347178,1.22303921293917,
150,93,173,0.873326162382843,0.379049862470794,1.22303921293917,
148,90,172,0.848121103291853,0.362759205431893,1.20526093687084,
145,87,172,0.811670885552368,0.347168681892656,1.20526093687084,
143,84,173,0.788245258891918,0.332248201788811,1.22303921293917,
141,80,173,0.7654957190472,0.313346925037704,1.22303921293917,
139,79,174,0.74340275348226,0.308792068513444,1.24107972856932,
138,77,174,0.732596542821523,0.299880023198696,1.24107972856932,
136,76,174,0.711453080107329,0.295520923520289,1.24107972856932,
134,74,175,0.690919838694241,0.286991896610538,1.25938635194218,
133,73,175,0.680876527324141,0.282820140616669,1.25938635194218,
131,72,175,0.66122575554599,0.278709025875316,1.25938635194218,
130,70,176,0.651614081691858,0.270665207003324,1.27796300829648,
129,71,177,0.642142124528287,0.274657670896404,1.29681368077043,
129,72,178,0.642142124528287,0.278709025875316,1.31594241125578,
130,74,179,0.651614081691858,0.286991896610538,1.33535330126444,
131,75,180,0.66122575554599,0.291225188349472,1.35505051280791,
132,77,181,0.670979206990377,0.299880023198696,1.37503826928974,
134,80,182,0.690919838694241,0.313346925037704,1.39532085641101,
136,82,184,0.711453080107329,0.322659189207173,1.43678798239128,
138,84,185,0.732596542821523,0.332248201788811,1.45798141247865,
139,86,186,0.74340275348226,0.342122187386456,1.47948745756863,
141,88,187,0.7654957190472,0.352289615028504,1.50131072890817,
142,90,188,0.776787211043678,0.362759205431893,1.52345590576271,
144,92,189,0.799872319384325,0.373539938481952,1.54592773641948,
145,94,190,0.811670885552368,0.384641060934559,1.5687310392056,
147,96,190,0.83579269145176,0.396072094347178,1.5687310392056,
148,97,190,0.848121103291853,0.4019143802961,1.5687310392056,
149,98,191,0.860631366134059,0.407842843245614,1.59187070352125,
151,99,191,0.886208214009644,0.413858754354902,1.59187070352125,
152,100,191,0.899280283136507,0.41996340353346,1.59187070352125,
152,101,192,0.899280283136507,0.426158099717671,1.61535169088798,
154,102,192,0.926005726693851,0.432444171151468,1.61535169088798,
154,103,192,0.926005726693851,0.438822965671127,1.61535169088798,
155,103,193,0.93966483149547,0.438822965671127,1.63917903601261,
156,102,193,0.953525415768115,0.432444171151468,1.63917903601261,
157,101,193,0.967590451447198,0.426158099717671,1.63917903601261,
157,100,193,0.967590451447198,0.41996340353346,1.63917903601261,
158,99,193,0.981862954305846,0.413858754354902,1.63917903601261,
158,97,193,0.981862954305846,0.4019143802961,1.63917903601261,
159,95,193,0.996345984601538,0.39031473271742,1.63917903601261,
159,93,193,0.996345984601538,0.379049862470794,1.63917903601261,
159,92,193,0.996345984601538,0.373539938481952,1.63917903601261,
160,91,193,1.01104264773227,0.368110107550433,1.63917903601261,
161,90,193,1.02595609490239,0.362759205431893,1.63917903601261,
161,90,193,1.02595609490239,0.362759205431893,1.63917903601261,
162,90,194,1.04108952379831,0.362759205431893,1.66335784786667,
162,91,194,1.04108952379831,0.368110107550433,1.66335784786667,
164,92,195,1.07202935404719,0.373539938481952,1.68789331078192,
164,92,195,1.07202935404719,0.373539938481952,1.68789331078192,
166,93,195,1.10388867591898,0.379049862470794,1.68789331078192,
166,94,195,1.10388867591898,0.384641060934559,1.68789331078192,
167,94,196,1.12017165417608,0.384641060934559,1.71279068556191,
168,95,196,1.13669481551204,0.39031473271742,1.71279068556191,
169,95,197,1.15346170276227,0.39031473271742,1.73805531061003,
171,96,197,1.18774108841188,0.396072094347178,1.73805531061003,
171,97,197,1.18774108841188,0.4019143802961,1.73805531061003,
172,97,197,1.20526093687084,0.4019143802961,1.73805531061003,
173,97,197,1.22303921293917,0.4019143802961,1.73805531061003,
173,97,197,1.22303921293917,0.4019143802961,1.73805531061003,
173,97,197,1.22303921293917,0.4019143802961,1.73805531061003,
174,97,197,1.24107972856932,0.4019143802961,1.73805531061003,
174,97,197,1.24107972856932,0.4019143802961,1.73805531061003,
174,97,197,1.24107972856932,0.4019143802961,1.73805531061003,
175,97,197,1.25938635194218,0.4019143802961,1.73805531061003,
175,97,197,1.25938635194218,0.4019143802961,1.73805531061003,
176,97,197,1.27796300829648,0.4019143802961,1.73805531061003,
176,97,197,1.27796300829648,0.4019143802961,1.73805531061003,
178,98,197,1.31594241125578,0.407842843245614,1.73805531061003,
178,98,198,1.31594241125578,0.407842843245614,1.76369260307408,
179,99,198,1.33535330126444,0.413858754354902,1.76369260307408,
180,99,199,1.35505051280791,0.413858754354902,1.78970806000785,
182,100,199,1.39532085641101,0.41996340353346,1.78970806000785,
183,101,200,1.41590262308933,0.426158099717671,1.81610725954977,
185,102,200,1.45798141247865,0.432444171151468,1.81610725954977,
186,103,201,1.47948745756863,0.438822965671127,1.84289586211893,
187,104,201,1.50131072890817,0.445295850994266,1.84289586211893,
188,105,201,1.52345590576271,0.451864215013107,1.84289586211893,
189,106,202,1.54592773641948,0.458529466092062,1.8700796116288,
190,106,202,1.5687310392056,0.458529466092062,1.8700796116288,
191,107,202,1.59187070352125,0.465293033369711,1.8700796116288,
192,108,203,1.61535169088798,0.472156367065229,1.89766433671879,
192,108,203,1.61535169088798,0.472156367065229,1.89766433671879,
193,109,203,1.63917903601261,0.479120938789338,1.89766433671879,
194,110,204,1.66335784786667,0.486188241859849,1.92565595200403,
194,111,204,1.66335784786667,0.493359791621845,1.92565595200403,
195,111,204,1.68789331078192,0.493359791621845,1.92565595200403,
196,112,205,1.71279068556191,0.500637125772605,1.95406045934352,
196,113,205,1.71279068556191,0.508021804691302,1.95406045934352,
197,114,205,1.73805531061003,0.515515411773583,1.95406045934352,
197,115,205,1.73805531061003,0.523119553771069,1.95406045934352,
197,117,205,1.73805531061003,0.53866598837018,1.95406045934352,
198,118,205,1.76369260307408,0.546611614381031,1.95406045934352,
198,119,206,1.76369260307408,0.554674442840278,1.98288394912707,
199,120,206,1.78970806000785,0.562856202549892,1.98288394912707,
212,122,206,2.16497606902387,0.579583558808257,1.98288394912707,
212,123,206,2.16497606902387,0.588132741975106,1.98288394912707,
212,124,206,2.16497606902387,0.596808030397547,1.98288394912707,
213,124,206,2.19691068256603,0.596808030397547,1.98288394912707,
213,125,207,2.19691068256603,0.60561128419896,2.01213260158117,
213,126,207,2.19691068256603,0.61454439094059,2.01213260158117,
213,126,207,2.19691068256603,0.61454439094059,2.01213260158117,
213,126,207,2.19691068256603,0.61454439094059,2.01213260158117,
213,126,208,2.19691068256603,0.61454439094059,2.04181268809411,
213,126,208,2.19691068256603,0.61454439094059,2.04181268809411,
213,126,208,2.19691068256603,0.61454439094059,2.04181268809411,
213,126,208,2.19691068256603,0.61454439094059,2.04181268809411,
213,126,208,2.19691068256603,0.61454439094059,2.04181268809411,
213,126,209,2.19691068256603,0.61454439094059,2.07193057256069,
203,127,209,1.89766433671879,0.623609266026271,2.07193057256069,
203,128,210,1.89766433671879,0.632807853113119,2.10249271274672,
202,128,210,1.8700796116288,0.632807853113119,2.10249271274672,
202,129,210,1.8700796116288,0.642142124528287,2.10249271274672,
202,130,211,1.8700796116288,0.651614081691858,2.1335056616737,
201,131,211,1.84289586211893,0.66122575554599,2.1335056616737,
201,133,212,1.84289586211893,0.680876527324141,2.16497606902387,
200,134,213,1.81610725954977,0.690919838694241,2.19691068256603,
199,135,213,1.78970806000785,0.701111294550499,2.19691068256603,
197,136,214,1.73805531061003,0.711453080107329,2.22931634960235,
196,137,214,1.71279068556191,0.721947412812286,2.22931634960235,
194,137,215,1.66335784786667,0.721947412812286,2.26220001843656,
193,136,215,1.63917903601261,0.711453080107329,2.26220001843656,
191,135,216,1.59187070352125,0.701111294550499,2.29556873986377,
189,134,217,1.54592773641948,0.690919838694241,2.32942966868229,
187,133,217,1.50131072890817,0.680876527324141,2.32942966868229,
185,132,218,1.45798141247865,0.670979206990377,2.36379006522771,
183,131,219,1.41590262308933,0.66122575554599,2.39865729692966,
181,130,219,1.37503826928974,0.651614081691858,2.39865729692966,
179,129,220,1.33535330126444,0.642142124528287,2.43403883989151,
177,128,221,1.29681368077043,0.632807853113119,2.46994228049332,
176,128,222,1.27796300829648,0.632807853113119,2.50637531701855,
175,129,222,1.25938635194218,0.642142124528287,2.50637531701855,
175,131,223,1.25938635194218,0.66122575554599,2.54334576130465,
176,132,224,1.27796300829648,0.670979206990377,2.58086154041808,
178,134,225,1.31594241125578,0.690919838694241,2.61893069835396,
179,136,226,1.33535330126444,0.711453080107329,2.65756139776087,
181,138,227,1.37503826928974,0.732596542821523,2.69676192169106,
184,140,228,1.43678798239128,0.754368361822373,2.73654067537643,
187,143,229,1.50131072890817,0.788245258891918,2.77690618803078,
189,146,229,1.54592773641948,0.823643487201135,2.77690618803078,
191,149,230,1.59187070352125,0.860631366134059,2.81786711467861,
194,151,231,1.66335784786667,0.886208214009644,2.85943223801089,
197,154,231,1.73805531061003,0.926005726693851,2.85943223801089,
199,156,231,1.78970806000785,0.953525415768115,2.85943223801089,
201,159,231,1.84289586211893,0.996345984601538,2.85943223801089,
205,163,231,1.95406045934352,1.05644617927408,2.85943223801089,
208,165,231,2.04181268809411,1.08784238940457,2.85943223801089,
211,169,231,2.1335056616737,1.15346170276227,2.85943223801089,
213,171,231,2.19691068256603,1.18774108841188,2.85943223801089,
215,174,231,2.26220001843656,1.24107972856932,2.85943223801089,
217,176,231,2.32942966868229,1.27796300829648,2.85943223801089,
218,178,231,2.36379006522771,1.31594241125578,2.85943223801089,
220,179,231,2.43403883989151,1.33535330126444,2.85943223801089,
221,181,231,2.46994228049332,1.37503826928974,2.85943223801089,
223,183,231,2.54334576130465,1.41590262308933,2.85943223801089,
224,184,231,2.58086154041808,1.43678798239128,2.85943223801089,
225,185,231,2.61893069835396,1.45798141247865,2.85943223801089,
225,185,231,2.61893069835396,1.45798141247865,2.85943223801089,
225,185,231,2.61893069835396,1.45798141247865,2.85943223801089,
225,185,231,2.61893069835396,1.45798141247865,2.85943223801089,
225,185,231,2.61893069835396,1.45798141247865,2.85943223801089,
225,185,231,2.61893069835396,1.45798141247865,2.85943223801089,
225,185,231,2.61893069835396,1.45798141247865,2.85943223801089,
225,185,231,2.61893069835396,1.45798141247865,2.85943223801089,
225,185,231,2.61893069835396,1.45798141247865,2.85943223801089,
225,185,231,2.61893069835396,1.45798141247865,2.85943223801089,
225,184,231,2.61893069835396,1.43678798239128,2.85943223801089,
225,184,230,2.61893069835396,1.43678798239128,2.81786711467861,
225,183,230,2.61893069835396,1.41590262308933,2.81786711467861,
236,183,229,3.07663737540173,1.41590262308933,2.77690618803078,
236,182,229,3.07663737540173,1.39532085641101,2.77690618803078,
235,182,228,3.03191492656823,1.39532085641101,2.73654067537643,
236,181,228,3.07663737540173,1.37503826928974,2.73654067537643,
235,181,227,3.03191492656823,1.37503826928974,2.69676192169106,
235,181,227,3.03191492656823,1.37503826928974,2.69676192169106,
236,180,227,3.07663737540173,1.35505051280791,2.69676192169106,
236,180,227,3.07663737540173,1.35505051280791,2.69676192169106,
236,180,227,3.07663737540173,1.35505051280791,2.69676192169106,
237,179,227,3.12201950548556,1.33535330126444,2.69676192169106,
237,179,227,3.12201950548556,1.33535330126444,2.69676192169106,
237,179,227,3.12201950548556,1.33535330126444,2.69676192169106,
238,178,227,3.16807104748884,1.31594241125578,2.69676192169106,
238,178,227,3.16807104748884,1.31594241125578,2.69676192169106,
238,178,227,3.16807104748884,1.31594241125578,2.69676192169106,
238,177,227,3.16807104748884,1.29681368077043,2.69676192169106,
239,176,227,3.21480187561355,1.27796300829648,2.69676192169106,
239,176,227,3.21480187561355,1.27796300829648,2.69676192169106,
239,175,227,3.21480187561355,1.25938635194218,2.69676192169106,
239,174,227,3.21480187561355,1.24107972856932,2.69676192169106,
239,173,227,3.21480187561355,1.22303921293917,2.69676192169106,
239,172,227,3.21480187561355,1.20526093687084,2.69676192169106,
239,171,227,3.21480187561355,1.18774108841188,2.69676192169106,
239,170,227,3.21480187561355,1.17047591102093,2.69676192169106,
239,170,227,3.21480187561355,1.17047591102093,2.69676192169106,
239,169,227,3.21480187561355,1.15346170276227,2.69676192169106,
239,168,227,3.21480187561355,1.13669481551204,2.69676192169106,
239,168,227,3.21480187561355,1.13669481551204,2.69676192169106,
238,168,227,3.16807104748884,1.13669481551204,2.69676192169106,
238,168,227,3.16807104748884,1.13669481551204,2.69676192169106,
238,168,227,3.16807104748884,1.13669481551204,2.69676192169106,
237,168,227,3.12201950548556,1.13669481551204,2.69676192169106,
237,168,227,3.12201950548556,1.13669481551204,2.69676192169106,
237,168,227,3.12201950548556,1.13669481551204,2.69676192169106,
236,168,227,3.07663737540173,1.13669481551204,2.69676192169106,
236,168,227,3.07663737540173,1.13669481551204,2.69676192169106,
236,167,227,3.07663737540173,1.12017165417608,2.69676192169106,
235,166,227,3.03191492656823,1.10388867591898,2.69676192169106,
235,165,227,3.03191492656823,1.08784238940457,2.69676192169106,
235,164,227,3.03191492656823,1.07202935404719,2.69676192169106,
235,163,227,3.03191492656823,1.05644617927408,2.69676192169106,
234,162,227,2.98784256976237,1.04108952379831,2.69676192169106,
234,160,227,2.98784256976237,1.01104264773227,2.69676192169106,
233,158,227,2.94441085515178,0.981862954305846,2.69676192169106,
233,156,227,2.94441085515178,0.953525415768115,2.69676192169106,
233,156,227,2.94441085515178,0.953525415768115,2.69676192169106,
233,155,227,2.94441085515178,0.93966483149547,2.69676192169106,
233,153,227,2.94441085515178,0.912545172628332,2.69676192169106,
233,153,227,2.94441085515178,0.912545172628332,2.69676192169106,
233,153,227,2.94441085515178,0.912545172628332,2.69676192169106,
233,154,227,2.94441085515178,0.926005726693851,2.69676192169106,
233,154,227,2.94441085515178,0.926005726693851,2.69676192169106,
233,155,227,2.94441085515178,0.93966483149547,2.69676192169106,
233,156,227,2.94441085515178,0.953525415768115,2.69676192169106,
234,157,227,2.98784256976237,0.967590451447198,2.69676192169106,
234,157,227,2.98784256976237,0.967590451447198,2.69676192169106,
234,158,227,2.98784256976237,0.981862954305846,2.69676192169106,
235,159,227,3.03191492656823,0.996345984601538,2.69676192169106,
235,159,227,3.03191492656823,0.996345984601538,2.69676192169106,
235,159,227,3.03191492656823,0.996345984601538,2.69676192169106,
236,160,226,3.07663737540173,1.01104264773227,2.65756139776087,
236,160,225,3.07663737540173,1.01104264773227,2.61893069835396,
237,161,225,3.12201950548556,1.02595609490239,2.61893069835396,
237,161,225,3.12201950548556,1.02595609490239,2.61893069835396,
238,162,224,3.16807104748884,1.04108952379831,2.58086154041808,
238,162,224,3.16807104748884,1.04108952379831,2.58086154041808,
239,163,223,3.21480187561355,1.05644617927408,2.54334576130465,
239,163,223,3.21480187561355,1.05644617927408,2.54334576130465,
239,163,222,3.21480187561355,1.05644617927408,2.50637531701855,
238,162,221,3.16807104748884,1.04108952379831,2.46994228049332,
238,162,220,3.16807104748884,1.04108952379831,2.43403883989151,
238,161,220,3.16807104748884,1.02595609490239,2.43403883989151,
238,160,219,3.16807104748884,1.01104264773227,2.39865729692966,
237,160,218,3.12201950548556,1.01104264773227,2.36379006522771,
237,159,218,3.12201950548556,0.996345984601538,2.36379006522771,
237,159,217,3.12201950548556,0.996345984601538,2.32942966868229,
236,158,216,3.07663737540173,0.981862954305846,2.29556873986377,
236,157,216,3.07663737540173,0.967590451447198,2.29556873986377,
236,157,215,3.07663737540173,0.967590451447198,2.26220001843656,
235,156,215,3.03191492656823,0.953525415768115,2.26220001843656,
235,156,215,3.03191492656823,0.953525415768115,2.26220001843656,
235,156,214,3.03191492656823,0.953525415768115,2.22931634960235,
236,156,214,3.07663737540173,0.953525415768115,2.22931634960235,
236,156,214,3.07663737540173,0.953525415768115,2.22931634960235,
236,156,214,3.07663737540173,0.953525415768115,2.22931634960235,
237,156,214,3.12201950548556,0.953525415768115,2.22931634960235,
237,156,214,3.12201950548556,0.953525415768115,2.22931634960235,
237,156,214,3.12201950548556,0.953525415768115,2.22931634960235,
238,156,214,3.16807104748884,0.953525415768115,2.22931634960235,
238,156,214,3.16807104748884,0.953525415768115,2.22931634960235,
238,156,214,3.16807104748884,0.953525415768115,2.22931634960235,
239,156,214,3.21480187561355,0.953525415768115,2.22931634960235,
239,156,214,3.21480187561355,0.953525415768115,2.22931634960235,
240,155,214,3.26222200971167,0.93966483149547,2.22931634960235,
240,155,213,3.26222200971167,0.93966483149547,2.19691068256603,
241,154,213,3.31034161743363,0.926005726693851,2.19691068256603,
241,154,212,3.31034161743363,0.926005726693851,2.16497606902387,
242,153,212,3.35917101640844,0.912545172628332,2.16497606902387,
242,152,211,3.35917101640844,0.899280283136507,2.1335056616737,
243,152,211,3.4087206764559,0.899280283136507,2.1335056616737,
243,151,210,3.4087206764559,0.886208214009644,2.10249271274672,
242,150,210,3.35917101640844,0.873326162382843,2.10249271274672,
242,149,210,3.35917101640844,0.860631366134059,2.10249271274672,
241,149,210,3.31034161743363,0.860631366134059,2.10249271274672,
240,148,210,3.26222200971167,0.848121103291853,2.10249271274672,
239,147,210,3.21480187561355,0.83579269145176,2.10249271274672,
238,146,210,3.16807104748884,0.823643487201135,2.10249271274672,
237,145,210,3.12201950548556,0.811670885552368,2.10249271274672,
236,144,210,3.07663737540173,0.799872319384325,2.10249271274672,
235,143,210,3.03191492656823,0.788245258891918,2.10249271274672,
234,142,210,2.98784256976237,0.776787211043678,2.10249271274672,
232,140,210,2.90161047026823,0.754368361822373,2.10249271274672,
230,138,210,2.81786711467861,0.732596542821523,2.10249271274672,
228,137,209,2.73654067537643,0.721947412812286,2.07193057256069,
226,135,209,2.65756139776087,0.701111294550499,2.07193057256069,
224,133,208,2.58086154041808,0.680876527324141,2.04181268809411,
223,131,207,2.54334576130465,0.66122575554599,2.01213260158117,
222,129,207,2.50637531701855,0.642142124528287,2.01213260158117,
220,127,206,2.43403883989151,0.623609266026271,1.98288394912707,
218,125,204,2.36379006522771,0.60561128419896,1.92565595200403,
216,123,204,2.29556873986377,0.588132741975106,1.92565595200403,
215,121,203,2.26220001843656,0.571158647812643,1.89766433671879,
213,120,202,2.19691068256603,0.562856202549892,1.8700796116288,
211,118,202,2.1335056616737,0.546611614381031,1.8700796116288,
209,116,201,2.07193057256069,0.53083586113587,1.84289586211893,
207,115,200,2.01213260158117,0.523119553771069,1.81610725954977,
206,113,199,1.98288394912707,0.508021804691302,1.78970806000785,
203,112,198,1.89766433671879,0.500637125772605,1.76369260307408,
200,111,197,1.81610725954977,0.493359791621845,1.73805531061003,
197,110,197,1.73805531061003,0.486188241859849,1.73805531061003,
194,109,196,1.66335784786667,0.479120938789338,1.71279068556191,
188,108,195,1.52345590576271,0.472156367065229,1.68789331078192,
187,107,194,1.50131072890817,0.465293033369711,1.66335784786667,
187,107,194,1.50131072890817,0.465293033369711,1.66335784786667,
187,106,194,1.50131072890817,0.458529466092062,1.66335784786667,
187,105,193,1.50131072890817,0.451864215013107,1.63917903601261,
187,104,193,1.50131072890817,0.445295850994266,1.63917903601261,
190,104,193,1.5687310392056,0.445295850994266,1.63917903601261,
193,103,193,1.63917903601261,0.438822965671127,1.63917903601261,
196,103,193,1.71279068556191,0.438822965671127,1.63917903601261,
199,102,193,1.78970806000785,0.432444171151468,1.63917903601261,
199,101,193,1.78970806000785,0.426158099717671,1.63917903601261,
199,101,193,1.78970806000785,0.426158099717671,1.63917903601261,
199,100,193,1.78970806000785,0.41996340353346,1.63917903601261,
199,99,193,1.78970806000785,0.413858754354902,1.63917903601261,
199,98,193,1.78970806000785,0.407842843245614,1.63917903601261,
199,96,193,1.78970806000785,0.396072094347178,1.63917903601261,
199,95,193,1.78970806000785,0.39031473271742,1.63917903601261,
199,94,193,1.78970806000785,0.384641060934559,1.63917903601261,
199,92,193,1.78970806000785,0.373539938481952,1.63917903601261,
199,91,193,1.78970806000785,0.368110107550433,1.63917903601261,
199,90,193,1.78970806000785,0.362759205431893,1.63917903601261,
199,89,193,1.78970806000785,0.357486084805615,1.63917903601261,
199,87,193,1.78970806000785,0.347168681892656,1.63917903601261,
199,87,193,1.78970806000785,0.347168681892656,1.63917903601261,
199,86,193,1.78970806000785,0.342122187386456,1.63917903601261,
199,85,193,1.78970806000785,0.337149049459144,1.63917903601261,
200,85,193,1.81610725954977,0.337149049459144,1.63917903601261,
201,84,193,1.84289586211893,0.332248201788811,1.63917903601261,
201,84,193,1.84289586211893,0.332248201788811,1.63917903601261,
202,84,193,1.8700796116288,0.332248201788811,1.63917903601261,
203,84,193,1.89766433671879,0.332248201788811,1.63917903601261,
204,84,193,1.92565595200403,0.332248201788811,1.63917903601261,
204,84,193,1.92565595200403,0.332248201788811,1.63917903601261,
206,84,193,1.98288394912707,0.332248201788811,1.63917903601261,
207,84,192,2.01213260158117,0.332248201788811,1.61535169088798,
209,84,192,2.07193057256069,0.332248201788811,1.61535169088798,
210,84,192,2.10249271274672,0.332248201788811,1.61535169088798,
212,84,191,2.16497606902387,0.332248201788811,1.59187070352125,
213,84,191,2.19691068256603,0.332248201788811,1.59187070352125,
214,84,191,2.22931634960235,0.332248201788811,1.59187070352125,
216,84,191,2.29556873986377,0.332248201788811,1.59187070352125,
217,84,190,2.32942966868229,0.332248201788811,1.5687310392056,
218,84,190,2.36379006522771,0.332248201788811,1.5687310392056,
219,84,190,2.39865729692966,0.332248201788811,1.5687310392056,
220,84,189,2.43403883989151,0.332248201788811,1.54592773641948,
221,85,189,2.46994228049332,0.337149049459144,1.54592773641948,
222,85,189,2.50637531701855,0.337149049459144,1.54592773641948,
222,85,189,2.50637531701855,0.337149049459144,1.54592773641948,
222,86,189,2.50637531701855,0.342122187386456,1.54592773641948,
222,87,189,2.50637531701855,0.347168681892656,1.54592773641948,
222,87,189,2.50637531701855,0.347168681892656,1.54592773641948,
222,88,189,2.50637531701855,0.352289615028504,1.54592773641948,
222,89,189,2.50637531701855,0.357486084805615,1.54592773641948,
222,89,189,2.50637531701855,0.357486084805615,1.54592773641948,
222,90,189,2.50637531701855,0.362759205431893,1.54592773641948,
222,91,189,2.50637531701855,0.368110107550433,1.54592773641948,
222,91,189,2.50637531701855,0.368110107550433,1.54592773641948,
223,92,189,2.54334576130465,0.373539938481952,1.54592773641948,
223,92,189,2.54334576130465,0.373539938481952,1.54592773641948,
224,93,189,2.58086154041808,0.379049862470794,1.54592773641948,
225,93,189,2.61893069835396,0.379049862470794,1.54592773641948,
225,93,189,2.61893069835396,0.379049862470794,1.54592773641948,
226,93,189,2.65756139776087,0.379049862470794,1.54592773641948,
227,93,189,2.69676192169106,0.379049862470794,1.54592773641948,
229,93,189,2.77690618803078,0.379049862470794,1.54592773641948,
230,93,189,2.81786711467861,0.379049862470794,1.54592773641948,
232,93,189,2.90161047026823,0.379049862470794,1.54592773641948,
233,93,189,2.94441085515178,0.379049862470794,1.54592773641948,
235,94,189,3.03191492656823,0.384641060934559,1.54592773641948,
236,94,189,3.07663737540173,0.384641060934559,1.54592773641948,
238,95,189,3.16807104748884,0.39031473271742,1.54592773641948,
240,96,189,3.26222200971167,0.396072094347178,1.54592773641948,
242,96,189,3.35917101640844,0.396072094347178,1.54592773641948,
244,97,189,3.45900122183156,0.4019143802961,1.54592773641948,
246,98,189,3.56179825147,0.407842843245614,1.54592773641948,
248,99,189,3.66765027549114,0.413858754354902,1.54592773641948,
250,99,189,3.77664808436541,0.413858754354902,1.54592773641948,
251,100,189,3.83235576575023,0.41996340353346,1.54592773641948,
253,100,189,3.94624840815533,0.41996340353346,1.54592773641948,
254,101,189,4.00445778961635,0.426158099717671,1.54592773641948,
256,101,190,4.12346508093701,0.426158099717671,1.5687310392056,
257,102,190,4.18428850790158,0.432444171151468,1.5687310392056,
259,103,191,4.30864013491105,0.438822965671127,1.59187070352125,
260,103,191,4.37219499797365,0.438822965671127,1.59187070352125,
261,104,192,4.43668733097861,0.445295850994266,1.61535169088798,
262,104,192,4.50213096213435,0.445295850994266,1.61535169088798,
263,105,193,4.56853992362313,0.451864215013107,1.63917903601261,
263,105,193,4.56853992362313,0.451864215013107,1.63917903601261,
264,105,193,4.63592845460981,0.451864215013107,1.63917903601261,
265,105,193,4.7043110042949,0.451864215013107,1.63917903601261,
265,105,193,4.7043110042949,0.451864215013107,1.63917903601261,
265,104,193,4.7043110042949,0.445295850994266,1.63917903601261,
266,104,193,4.77370223501277,0.445295850994266,1.63917903601261,
266,103,193,4.77370223501277,0.438822965671127,1.63917903601261,
266,103,193,4.77370223501277,0.438822965671127,1.63917903601261,
267,103,193,4.84411702537542,0.438822965671127,1.63917903601261,
267,103,193,4.84411702537542,0.438822965671127,1.63917903601261,
268,102,193,4.91557047346277,0.432444171151468,1.63917903601261,
268,102,193,4.91557047346277,0.432444171151468,1.63917903601261,
268,101,193,4.91557047346277,0.426158099717671,1.63917903601261,
268,101,193,4.91557047346277,0.426158099717671,1.63917903601261,
268,100,193,4.91557047346277,0.41996340353346,1.63917903601261,
267,100,193,4.84411702537542,0.41996340353346,1.63917903601261,
267,99,193,4.84411702537542,0.413858754354902,1.63917903601261,
266,99,193,4.77370223501277,0.413858754354902,1.63917903601261,
266,98,193,4.77370223501277,0.407842843245614,1.63917903601261,
265,98,193,4.7043110042949,0.407842843245614,1.63917903601261,
265,98,193,4.7043110042949,0.407842843245614,1.63917903601261,
265,97,193,4.7043110042949,0.4019143802961,1.63917903601261,
266,97,193,4.77370223501277,0.4019143802961,1.63917903601261,
267,98,193,4.84411702537542,0.407842843245614,1.63917903601261,
268,98,193,4.91557047346277,0.407842843245614,1.63917903601261,
270,98,193,5.06165485194206,0.407842843245614,1.63917903601261,
271,99,193,5.13631710520818,0.413858754354902,1.63917903601261,
272,99,193,5.21208066866353,0.413858754354902,1.63917903601261,
274,99,193,5.36697694554048,0.413858754354902,1.63917903601261,
275,100,193,5.44614287125105,0.41996340353346,1.63917903601261,
276,100,193,5.52647653885006,0.41996340353346,1.63917903601261,
278,100,193,5.69071625318571,0.41996340353346,1.63917903601261,
280,101,193,5.85983695879589,0.426158099717671,1.63917903601261,
282,101,193,6.03398371241015,0.426158099717671,1.63917903601261,
284,101,193,6.21330588165587,0.426158099717671,1.63917903601261,
286,101,193,6.39795727317259,0.426158099717671,1.63917903601261,
287,101,193,6.49233073803501,0.426158099717671,1.63917903601261,
290,101,193,6.78388594008847,0.426158099717671,1.63917903601261,
292,101,193,6.98549423084176,0.426158099717671,1.63917903601261,
294,101,193,7.1930940584899,0.426158099717671,1.63917903601261,
296,101,193,7.40686348373777,0.426158099717671,1.63917903601261,
297,101,193,7.51611888212162,0.426158099717671,1.63917903601261,
299,101,193,7.73948818613196,0.426158099717671,1.63917903601261,
300,102,193,7.85364998578163,0.432444171151468,1.63917903601261,
301,102,193,7.96949573612491,0.432444171151468,1.63917903601261,
303,102,193,8.2063388121606,0.432444171151468,1.63917903601261,
303,103,193,8.2063388121606,0.438822965671127,1.63917903601261,
303,103,193,8.2063388121606,0.438822965671127,1.63917903601261,
304,103,193,8.32738692087273,0.438822965671127,1.63917903601261,
304,104,193,8.32738692087273,0.445295850994266,1.63917903601261,
305,104,193,8.45022055720664,0.445295850994266,1.63917903601261,
305,104,193,8.45022055720664,0.445295850994266,1.63917903601261,
305,105,193,8.45022055720664,0.451864215013107,1.63917903601261,
306,105,193,8.57486605869806,0.451864215013107,1.63917903601261,
307,105,193,8.70135015137617,0.451864215013107,1.63917903601261,
307,105,193,8.70135015137617,0.451864215013107,1.63917903601261,
308,106,193,8.82969995549409,0.458529466092062,1.63917903601261,
310,106,193,9.09210718515756,0.458529466092062,1.63917903601261,
311,107,193,9.22622087509447,0.465293033369711,1.63917903601261,
312,107,193,9.36231281731792,0.465293033369711,1.63917903601261,
312,108,193,9.36231281731792,0.472156367065229,1.63917903601261,
313,108,193,9.50041219216073,0.472156367065229,1.63917903601261,
313,109,193,9.50041219216073,0.479120938789338,1.63917903601261,
314,110,193,9.64054861038205,0.486188241859849,1.63917903601261,
314,110,193,9.64054861038205,0.486188241859849,1.63917903601261,
314,111,193,9.64054861038205,0.493359791621845,1.63917903601261,
314,112,193,9.64054861038205,0.500637125772605,1.63917903601261,
314,112,193,9.64054861038205,0.500637125772605,1.63917903601261,
314,113,193,9.64054861038205,0.508021804691302,1.63917903601261,
314,114,193,9.64054861038205,0.515515411773583,1.63917903601261,
314,114,193,9.64054861038205,0.515515411773583,1.63917903601261,
314,115,193,9.64054861038205,0.523119553771069,1.63917903601261,
314,115,193,9.64054861038205,0.523119553771069,1.63917903601261,
314,116,193,9.64054861038205,0.53083586113587,1.63917903601261,
314,117,193,9.64054861038205,0.53866598837018,1.63917903601261,
314,117,193,9.64054861038205,0.53866598837018,1.63917903601261,
315,118,193,9.78275211951633,0.546611614381031,1.63917903601261,
315,118,193,9.78275211951633,0.546611614381031,1.63917903601261,
315,118,194,9.78275211951633,0.546611614381031,1.66335784786667,
315,118,194,9.78275211951633,0.546611614381031,1.66335784786667,
316,118,194,9.92705321031608,0.546611614381031,1.66335784786667,
316,118,195,9.92705321031608,0.546611614381031,1.68789331078192,
316,118,195,9.92705321031608,0.546611614381031,1.68789331078192,
317,118,195,10.0734828232895,0.546611614381031,1.68789331078192,
317,118,196,10.0734828232895,0.546611614381031,1.71279068556191,
318,118,196,10.2220723553347,0.546611614381031,1.71279068556191,
318,118,196,10.2220723553347,0.546611614381031,1.71279068556191,
318,118,197,10.2220723553347,0.546611614381031,1.73805531061003,
318,118,197,10.2220723553347,0.546611614381031,1.73805531061003,
318,118,197,10.2220723553347,0.546611614381031,1.73805531061003,
318,119,197,10.2220723553347,0.554674442840278,1.73805531061003,
318,119,197,10.2220723553347,0.554674442840278,1.73805531061003,
318,120,197,10.2220723553347,0.562856202549892,1.73805531061003,
318,120,197,10.2220723553347,0.562856202549892,1.73805531061003,
318,121,197,10.2220723553347,0.571158647812643,1.73805531061003,
318,121,197,10.2220723553347,0.571158647812643,1.73805531061003,
318,122,197,10.2220723553347,0.579583558808257,1.73805531061003,
319,122,197,10.3728536664717,0.579583558808257,1.73805531061003,
319,122,197,10.3728536664717,0.579583558808257,1.73805531061003,
319,122,197,10.3728536664717,0.579583558808257,1.73805531061003,
320,122,197,10.5258590866736,0.579583558808257,1.73805531061003,
320,122,197,10.5258590866736,0.579583558808257,1.73805531061003,
320,122,197,10.5258590866736,0.579583558808257,1.73805531061003,
320,122,197,10.5258590866736,0.579583558808257,1.73805531061003,
321,122,197,10.681121422799,0.579583558808257,1.73805531061003,
321,122,197,10.681121422799,0.579583558808257,1.73805531061003,
321,122,197,10.681121422799,0.579583558808257,1.73805531061003,
321,122,197,10.681121422799,0.579583558808257,1.73805531061003,
321,122,197,10.681121422799,0.579583558808257,1.73805531061003,
321,122,197,10.681121422799,0.579583558808257,1.73805531061003,
321,123,198,10.681121422799,0.588132741975106,1.76369260307408,
321,123,198,10.681121422799,0.588132741975106,1.76369260307408,
321,123,199,10.681121422799,0.588132741975106,1.78970806000785,
320,124,199,10.5258590866736,0.596808030397547,1.78970806000785,
320,124,200,10.5258590866736,0.596808030397547,1.81610725954977,
320,125,200,10.5258590866736,0.60561128419896,1.81610725954977,
320,125,201,10.5258590866736,0.60561128419896,1.84289586211893,
319,126,201,10.3728536664717,0.61454439094059,1.84289586211893,
319,126,201,10.3728536664717,0.61454439094059,1.84289586211893,
320,126,201,10.5258590866736,0.61454439094059,1.84289586211893,
320,126,201,10.5258590866736,0.61454439094059,1.84289586211893,
321,126,201,10.681121422799,0.61454439094059,1.84289586211893,
321,126,201,10.681121422799,0.61454439094059,1.84289586211893,
322,126,201,10.8386739656258,0.61454439094059,1.84289586211893,
323,126,201,10.9985504969899,0.61454439094059,1.84289586211893,
324,126,201,11.160785297028,0.61454439094059,1.84289586211893,
324,126,201,11.160785297028,0.61454439094059,1.84289586211893,
325,126,201,11.3254131515281,0.61454439094059,1.84289586211893,
327,126,201,11.6619897401853,0.61454439094059,1.84289586211893,
328,126,201,11.8340106418544,0.61454439094059,1.84289586211893,
330,126,201,12.1857020882217,0.61454439094059,1.84289586211893,
332,126,201,12.5478453481957,0.61454439094059,1.84289586211893,
333,126,201,12.732933117855,0.61454439094059,1.84289586211893,
335,126,201,13.1113393742156,0.61454439094059,1.84289586211893,
337,126,201,13.5009913736842,0.61454439094059,1.84289586211893,
339,126,201,13.9022233251589,0.61454439094059,1.84289586211893,
341,126,201,14.315379369793,0.61454439094059,1.84289586211893,
342,126,201,14.5265392594678,0.61454439094059,1.84289586211893,
344,126,201,14.9582491638687,0.61454439094059,1.84289586211893,
345,126,201,15.1788917442418,0.61454439094059,1.84289586211893,
347,126,201,15.629988718323,0.61454439094059,1.84289586211893,
347,126,201,15.629988718323,0.61454439094059,1.84289586211893,
347,125,201,15.629988718323,0.60561128419896,1.84289586211893,
346,125,201,15.4027889266569,0.60561128419896,1.84289586211893,
346,125,201,15.4027889266569,0.60561128419896,1.84289586211893,
346,124,201,15.4027889266569,0.596808030397547,1.84289586211893,
345,124,201,15.1788917442418,0.596808030397547,1.84289586211893,
345,124,201,15.1788917442418,0.596808030397547,1.84289586211893,
345,123,201,15.1788917442418,0.588132741975106,1.84289586211893,
344,123,201,14.9582491638687,0.588132741975106,1.84289586211893,
344,122,201,14.9582491638687,0.579583558808257,1.84289586211893,
343,122,201,14.7408138761684,0.579583558808257,1.84289586211893,
342,122,201,14.5265392594678,0.579583558808257,1.84289586211893,
342,122,201,14.5265392594678,0.579583558808257,1.84289586211893,
341,122,201,14.315379369793,0.579583558808257,1.84289586211893,
340,122,201,14.1072889310184,0.579583558808257,1.84289586211893,
339,122,201,13.9022233251589,0.579583558808257,1.84289586211893,
338,122,201,13.7001385828028,0.579583558808257,1.84289586211893,
337,122,201,13.5009913736842,0.579583558808257,1.84289586211893,
336,122,201,13.3047389973923,0.579583558808257,1.84289586211893,
336,123,201,13.3047389973923,0.588132741975106,1.84289586211893,
337,123,201,13.5009913736842,0.588132741975106,1.84289586211893,
338,124,201,13.7001385828028,0.596808030397547,1.84289586211893,
339,124,201,13.9022233251589,0.596808030397547,1.84289586211893,
340,125,201,14.1072889310184,0.60561128419896,1.84289586211893,
341,126,201,14.315379369793,0.61454439094059,1.84289586211893,
342,126,201,14.5265392594678,0.61454439094059,1.84289586211893,
343,127,201,14.7408138761684,0.623609266026271,1.84289586211893,
344,128,201,14.9582491638687,0.632807853113119,1.84289586211893,
345,128,201,15.1788917442418,0.632807853113119,1.84289586211893,
346,129,201,15.4027889266569,0.642142124528287,1.84289586211893,
348,129,201,15.8605398345822,0.642142124528287,1.84289586211893,
349,130,201,16.0944917093555,0.651614081691858,1.84289586211893,
350,130,201,16.3318945057418,0.651614081691858,1.84289586211893,
352,131,201,16.8172572263336,0.66122575554599,1.84289586211893,
353,132,201,17.0653212202253,0.670979206990377,1.84289586211893,
355,132,201,17.5724804314429,0.670979206990377,1.84289586211893,
356,132,201,17.8316843919783,0.670979206990377,1.84289586211893,
358,133,201,18.3616189226099,0.680876527324141,1.84289586211893,
359,133,201,18.6324631193156,0.680876527324141,1.84289586211893,
361,133,201,19.1861957550326,0.680876527324141,1.84289586211893,
363,134,201,19.756384606436,0.690919838694241,1.84289586211893,
364,134,201,20.0478023807125,0.690919838694241,1.84289586211893,
365,134,201,20.3435187309104,0.690919838694241,1.84289586211893,
366,135,201,20.6435970634401,0.701111294550499,1.84289586211893,
366,135,201,20.6435970634401,0.701111294550499,1.84289586211893,
366,134,201,20.6435970634401,0.690919838694241,1.84289586211893,
365,134,201,20.3435187309104,0.690919838694241,1.84289586211893,
363,134,201,19.756384606436,0.690919838694241,1.84289586211893,
362,134,201,19.4692029233555,0.690919838694241,1.84289586211893,
361,134,201,19.1861957550326,0.690919838694241,1.84289586211893,
359,134,201,18.6324631193156,0.690919838694241,1.84289586211893,
358,134,201,18.3616189226099,0.690919838694241,1.84289586211893,
356,134,201,17.8316843919783,0.690919838694241,1.84289586211893,
354,134,201,17.3170442974168,0.690919838694241,1.84289586211893,
353,134,201,17.0653212202253,0.690919838694241,1.84289586211893,
351,134,200,16.5727991267741,0.690919838694241,1.81610725954977,
350,133,200,16.3318945057418,0.680876527324141,1.81610725954977,
348,133,200,15.8605398345822,0.680876527324141,1.81610725954977,
346,133,199,15.4027889266569,0.680876527324141,1.78970806000785,
345,132,199,15.1788917442418,0.670979206990377,1.78970806000785,
343,132,199,14.7408138761684,0.670979206990377,1.78970806000785,
341,132,198,14.315379369793,0.670979206990377,1.76369260307408,
340,132,198,14.1072889310184,0.670979206990377,1.76369260307408,
339,131,198,13.9022233251589,0.66122575554599,1.76369260307408,
338,131,197,13.7001385828028,0.66122575554599,1.73805531061003,
337,131,197,13.5009913736842,0.66122575554599,1.73805531061003,
338,130,197,13.7001385828028,0.651614081691858,1.73805531061003,
339,130,197,13.9022233251589,0.651614081691858,1.73805531061003,
341,130,197,14.315379369793,0.651614081691858,1.73805531061003,
342,130,197,14.5265392594678,0.651614081691858,1.73805531061003,
344,130,197,14.9582491638687,0.651614081691858,1.73805531061003,
345,130,197,15.1788917442418,0.651614081691858,1.73805531061003,
345,130,197,15.1788917442418,0.651614081691858,1.73805531061003,
347,131,197,15.629988718323,0.66122575554599,1.73805531061003,
347,131,197,15.629988718323,0.66122575554599,1.73805531061003,
348,131,197,15.8605398345822,0.66122575554599,1.73805531061003,
348,132,197,15.8605398345822,0.670979206990377,1.73805531061003,
348,132,197,15.8605398345822,0.670979206990377,1.73805531061003,
348,132,197,15.8605398345822,0.670979206990377,1.73805531061003,
348,133,197,15.8605398345822,0.680876527324141,1.73805531061003,
348,133,197,15.8605398345822,0.680876527324141,1.73805531061003,
348,133,197,15.8605398345822,0.680876527324141,1.73805531061003,
348,134,197,15.8605398345822,0.690919838694241,1.73805531061003,
348,134,197,15.8605398345822,0.690919838694241,1.73805531061003,
348,134,197,15.8605398345822,0.690919838694241,1.73805531061003,
349,135,197,16.0944917093555,0.701111294550499,1.73805531061003,
349,136,197,16.0944917093555,0.711453080107329,1.73805531061003,
350,136,197,16.3318945057418,0.711453080107329,1.73805531061003,
351,137,197,16.5727991267741,0.721947412812286,1.73805531061003,
352,138,197,16.8172572263336,0.732596542821523,1.73805531061003,
353,139,197,17.0653212202253,0.74340275348226,1.73805531061003,
354,140,197,17.3170442974168,0.754368361822373,1.73805531061003,
355,141,197,17.5724804314429,0.7654957190472,1.73805531061003,
356,142,197,17.8316843919783,0.776787211043678,1.73805531061003,
357,143,197,18.0947117565811,0.788245258891918,1.73805531061003,
358,143,197,18.3616189226099,0.788245258891918,1.73805531061003,
359,144,197,18.6324631193156,0.799872319384325,1.73805531061003,
360,145,197,18.9073024201131,0.811670885552368,1.73805531061003,
361,146,197,19.1861957550326,0.823643487201135,1.73805531061003,
362,146,197,19.4692029233555,0.823643487201135,1.73805531061003,
363,147,197,19.756384606436,0.83579269145176,1.73805531061003,
364,148,197,20.0478023807125,0.848121103291853,1.73805531061003,
365,148,197,20.3435187309104,0.848121103291853,1.73805531061003,
366,149,197,20.6435970634401,0.860631366134059,1.73805531061003,
367,150,197,20.9481017199919,0.873326162382843,1.73805531061003,
367,150,197,20.9481017199919,0.873326162382843,1.73805531061003,
368,150,197,21.2570979913324,0.873326162382843,1.73805531061003,
368,150,197,21.2570979913324,0.873326162382843,1.73805531061003,
368,149,196,21.2570979913324,0.860631366134059,1.71279068556191,
368,149,196,21.2570979913324,0.860631366134059,1.71279068556191,
367,147,195,20.9481017199919,0.83579269145176,1.68789331078192,
367,147,195,20.9481017199919,0.83579269145176,1.68789331078192,
366,146,195,20.6435970634401,0.823643487201135,1.68789331078192,
366,145,194,20.6435970634401,0.811670885552368,1.66335784786667,
365,144,194,20.3435187309104,0.799872319384325,1.66335784786667,
365,144,193,20.3435187309104,0.799872319384325,1.63917903601261,
366,143,193,20.6435970634401,0.788245258891918,1.63917903601261,
366,143,193,20.6435970634401,0.788245258891918,1.63917903601261,
367,143,193,20.9481017199919,0.788245258891918,1.63917903601261,
367,143,193,20.9481017199919,0.788245258891918,1.63917903601261,
368,143,193,21.2570979913324,0.788245258891918,1.63917903601261,
369,143,193,21.5706521313036,0.788245258891918,1.63917903601261,
369,143,193,21.5706521313036,0.788245258891918,1.63917903601261,
370,143,193,21.8888313710289,0.788245258891918,1.63917903601261,
371,143,193,22.2117039333286,0.788245258891918,1.63917903601261,
371,143,193,22.2117039333286,0.788245258891918,1.63917903601261,
372,143,193,22.5393390473479,0.788245258891918,1.63917903601261,
373,142,193,22.8718069634008,0.776787211043678,1.63917903601261,
373,142,193,22.8718069634008,0.776787211043678,1.63917903601261,
372,141,193,22.5393390473479,0.7654957190472,1.63917903601261,
371,140,194,22.2117039333286,0.754368361822373,1.66335784786667,
371,140,194,22.2117039333286,0.754368361822373,1.66335784786667,
370,139,194,21.8888313710289,0.74340275348226,1.66335784786667,
369,137,195,21.5706521313036,0.721947412812286,1.68789331078192,
369,136,195,21.5706521313036,0.711453080107329,1.68789331078192,
368,135,196,21.2570979913324,0.701111294550499,1.71279068556191,
367,134,196,20.9481017199919,0.690919838694241,1.71279068556191,
367,133,196,20.9481017199919,0.680876527324141,1.71279068556191,
366,132,197,20.6435970634401,0.670979206990377,1.73805531061003,
365,132,197,20.3435187309104,0.670979206990377,1.73805531061003,
365,131,197,20.3435187309104,0.66122575554599,1.73805531061003,
364,131,198,20.0478023807125,0.66122575554599,1.76369260307408,
364,131,198,20.0478023807125,0.66122575554599,1.76369260307408,
363,132,199,19.756384606436,0.670979206990377,1.78970806000785,
363,132,199,19.756384606436,0.670979206990377,1.78970806000785,
362,133,200,19.4692029233555,0.680876527324141,1.81610725954977,
362,133,200,19.4692029233555,0.680876527324141,1.81610725954977,
361,134,201,19.1861957550326,0.690919838694241,1.84289586211893,
361,134,201,19.1861957550326,0.690919838694241,1.84289586211893,
361,134,202,19.1861957550326,0.690919838694241,1.8700796116288,
362,134,202,19.4692029233555,0.690919838694241,1.8700796116288,
363,134,202,19.756384606436,0.690919838694241,1.8700796116288,
364,134,203,20.0478023807125,0.690919838694241,1.89766433671879,
365,134,203,20.3435187309104,0.690919838694241,1.89766433671879,
366,134,203,20.6435970634401,0.690919838694241,1.89766433671879,
367,134,204,20.9481017199919,0.690919838694241,1.92565595200403,
368,134,204,21.2570979913324,0.690919838694241,1.92565595200403,
369,134,204,21.5706521313036,0.690919838694241,1.92565595200403,
370,134,205,21.8888313710289,0.690919838694241,1.95406045934352,
371,134,205,22.2117039333286,0.690919838694241,1.95406045934352,
372,134,205,22.5393390473479,0.690919838694241,1.95406045934352,
372,134,206,22.5393390473479,0.690919838694241,1.98288394912707,
373,134,206,22.8718069634008,0.690919838694241,1.98288394912707,
373,134,207,22.8718069634008,0.690919838694241,2.01213260158117,
373,133,207,22.8718069634008,0.680876527324141,2.01213260158117,
373,132,208,22.8718069634008,0.670979206990377,2.04181268809411,
373,132,208,22.8718069634008,0.670979206990377,2.04181268809411,
374,131,209,23.2091789680329,0.66122575554599,2.07193057256069,
375,131,209,23.5515273993064,0.66122575554599,2.07193057256069,
376,132,209,23.8989256623105,0.670979206990377,2.07193057256069,
377,133,210,24.2514482449009,0.680876527324141,2.10249271274672,
378,134,210,24.6091707336708,0.690919838694241,2.10249271274672,
380,135,210,25.3405233672923,0.701111294550499,2.10249271274672,
381,136,210,25.7143103260809,0.711453080107329,2.10249271274672,
384,138,210,26.8690791210321,0.732596542821523,2.10249271274672,
386,140,210,27.6675933005963,0.754368361822373,2.10249271274672,
388,142,210,28.4898382858234,0.776787211043678,2.10249271274672,
391,143,210,29.7692494700428,0.788245258891918,2.10249271274672,
393,145,210,30.6539529505653,0.811670885552368,2.10249271274672,
396,147,210,32.0305494005706,0.83579269145176,2.10249271274672,
399,149,210,33.4689655378841,0.860631366134059,2.10249271274672,
403,151,210,35.4878338581291,0.886208214009644,2.10249271274672,
406,153,210,37.0815084548854,0.912545172628332,2.10249271274672,
408,155,210,38.183522787698,0.93966483149547,2.10249271274672,
412,157,211,40.4867760634581,0.967590451447198,2.1335056616737,
415,160,211,42.3049413190451,1.01104264773227,2.1335056616737,
418,161,212,44.2047560715305,1.02595609490239,2.16497606902387,
422,163,212,46.8712137944606,1.05644617927408,2.16497606902387,
425,165,213,48.9760890326051,1.08784238940457,2.19691068256603,
427,167,213,50.4315948717136,1.12017165417608,2.19691068256603,
430,169,214,52.6963583943974,1.15346170276227,2.22931634960235,
432,171,214,54.2624258133727,1.18774108841188,2.22931634960235,
435,173,214,56.6992228836829,1.22303921293917,2.22931634960235,
437,175,214,58.3842502431598,1.25938635194218,2.22931634960235,
440,177,214,61.0061486896853,1.29681368077043,2.22931634960235,
441,178,214,61.9060236628895,1.31594241125578,2.22931634960235,
442,180,214,62.8191722975982,1.35505051280791,2.22931634960235,
443,181,214,63.7457903877772,1.37503826928974,2.22931634960235,
444,182,214,64.6860766154633,1.39532085641101,2.22931634960235,
445,184,214,65.640232593365,1.43678798239128,2.22931634960235,
446,185,214,66.6084629080916,1.45798141247865,2.22931634960235,
447,186,214,67.5909751640198,1.47948745756863,2.22931634960235,
448,187,214,68.5879800278074,1.50131072890817,2.22931634960235,
449,188,214,69.5996912735639,1.52345590576271,2.22931634960235,
450,188,215,70.6263258286872,1.52345590576271,2.26220001843656,
451,188,215,71.6681038203759,1.52345590576271,2.26220001843656,
452,187,216,72.7252486228286,1.50131072890817,2.29556873986377,
453,187,216,73.7979869051388,1.50131072890817,2.29556873986377,
454,186,217,74.8865486798967,1.47948745756863,2.32942966868229,
455,186,217,75.9911673525072,1.47948745756863,2.32942966868229,
455,186,218,75.9911673525072,1.47948745756863,2.36379006522771,
456,185,218,77.1120797712361,1.45798141247865,2.36379006522771,
457,185,218,78.2495262779945,1.45798141247865,2.36379006522771,
458,185,218,79.4037507598713,1.45798141247865,2.36379006522771,
458,185,218,79.4037507598713,1.45798141247865,2.36379006522771,
459,185,218,80.5750007014273,1.45798141247865,2.36379006522771,
460,185,218,81.7635272377596,1.45798141247865,2.36379006522771,
460,185,218,81.7635272377596,1.45798141247865,2.36379006522771,
461,185,218,82.9695852083491,1.45798141247865,2.36379006522771,
462,185,218,84.1934332117021,1.45798141247865,2.36379006522771,
462,185,218,84.1934332117021,1.45798141247865,2.36379006522771,
463,185,218,85.4353336607983,1.45798141247865,2.36379006522771,
464,185,218,86.6955528393563,1.45798141247865,2.36379006522771,
464,185,218,86.6955528393563,1.45798141247865,2.36379006522771,
464,185,218,86.6955528393563,1.45798141247865,2.36379006522771,
463,185,218,85.4353336607983,1.45798141247865,2.36379006522771,
461,186,218,82.9695852083491,1.47948745756863,2.36379006522771,
460,186,218,81.7635272377596,1.47948745756863,2.36379006522771,
459,186,218,80.5750007014273,1.47948745756863,2.36379006522771,
457,187,218,78.2495262779945,1.50131072890817,2.36379006522771,
455,187,218,75.9911673525072,1.50131072890817,2.36379006522771,
454,187,218,74.8865486798967,1.50131072890817,2.36379006522771,
452,188,218,72.7252486228286,1.52345590576271,2.36379006522771,
450,188,218,70.6263258286872,1.52345590576271,2.36379006522771,
449,188,218,69.5996912735639,1.52345590576271,2.36379006522771,
447,189,218,67.5909751640198,1.54592773641948,2.36379006522771,
446,189,218,66.6084629080916,1.54592773641948,2.36379006522771,
446,190,219,66.6084629080916,1.5687310392056,2.39865729692966,
445,191,219,65.640232593365,1.59187070352125,2.39865729692966,
446,191,220,66.6084629080916,1.59187070352125,2.43403883989151,
446,192,220,66.6084629080916,1.61535169088798,2.43403883989151,
447,193,221,67.5909751640198,1.63917903601261,2.46994228049332,
447,194,221,67.5909751640198,1.66335784786667,2.46994228049332,
448,195,222,68.5879800278074,1.68789331078192,2.50637531701855,
447,196,222,67.5909751640198,1.71279068556191,2.50637531701855,
447,196,222,67.5909751640198,1.71279068556191,2.50637531701855,
446,197,222,66.6084629080916,1.73805531061003,2.50637531701855,
446,197,222,66.6084629080916,1.73805531061003,2.50637531701855,
444,197,222,64.6860766154633,1.73805531061003,2.50637531701855,
443,197,222,63.7457903877772,1.73805531061003,2.50637531701855,
442,197,222,62.8191722975982,1.73805531061003,2.50637531701855,
440,197,222,61.0061486896853,1.73805531061003,2.50637531701855,
439,197,222,60.1193544301094,1.73805531061003,2.50637531701855,
438,197,222,59.2454507410039,1.73805531061003,2.50637531701855,
436,197,222,57.5355682811392,1.73805531061003,2.50637531701855,
435,197,222,56.6992228836829,1.73805531061003,2.50637531701855,
434,198,222,55.8750347246922,1.76369260307408,2.50637531701855,
433,199,222,55.0628270847787,1.78970806000785,2.50637531701855,
435,200,222,56.6992228836829,1.81610725954977,2.50637531701855,
436,200,222,57.5355682811392,1.81610725954977,2.50637531701855,
437,201,222,58.3842502431598,1.84289586211893,2.50637531701855,
439,203,222,60.1193544301094,1.89766433671879,2.50637531701855,
440,204,222,61.0061486896853,1.92565595200403,2.50637531701855,
443,206,222,63.7457903877772,1.98288394912707,2.50637531701855,
444,207,222,64.6860766154633,2.01213260158117,2.50637531701855,
445,208,222,65.640232593365,2.04181268809411,2.50637531701855,
446,208,222,66.6084629080916,2.04181268809411,2.50637531701855,
448,209,222,68.5879800278074,2.07193057256069,2.50637531701855,
449,210,222,69.5996912735639,2.10249271274672,2.50637531701855,
450,210,222,70.6263258286872,2.10249271274672,2.50637531701855,
451,210,222,71.6681038203759,2.10249271274672,2.50637531701855,
452,210,222,72.7252486228286,2.10249271274672,2.50637531701855,
452,210,222,72.7252486228286,2.10249271274672,2.50637531701855,
453,210,222,73.7979869051388,2.10249271274672,2.50637531701855,
454,210,222,74.8865486798967,2.10249271274672,2.50637531701855,
454,210,222,74.8865486798967,2.10249271274672,2.50637531701855,
455,210,222,75.9911673525072,2.10249271274672,2.50637531701855,
456,210,222,77.1120797712361,2.10249271274672,2.50637531701855,
456,211,222,77.1120797712361,2.1335056616737,2.50637531701855,
457,212,223,78.2495262779945,2.16497606902387,2.54334576130465,
458,212,223,79.4037507598713,2.16497606902387,2.54334576130465,
458,213,224,79.4037507598713,2.19691068256603,2.58086154041808,
459,213,224,80.5750007014273,2.19691068256603,2.58086154041808,
459,215,225,80.5750007014273,2.26220001843656,2.61893069835396,
460,215,225,81.7635272377596,2.26220001843656,2.61893069835396,
460,217,226,81.7635272377596,2.32942966868229,2.65756139776087,
460,217,226,81.7635272377596,2.32942966868229,2.65756139776087,
461,219,226,82.9695852083491,2.39865729692966,2.65756139776087,
461,219,226,82.9695852083491,2.39865729692966,2.65756139776087,
461,221,227,82.9695852083491,2.46994228049332,2.69676192169106,
461,221,226,82.9695852083491,2.46994228049332,2.65756139776087,
461,221,226,82.9695852083491,2.46994228049332,2.65756139776087,
461,222,227,82.9695852083491,2.50637531701855,2.69676192169106,
461,222,226,82.9695852083491,2.50637531701855,2.65756139776087,
461,222,226,82.9695852083491,2.50637531701855,2.65756139776087,
461,222,226,82.9695852083491,2.50637531701855,2.65756139776087,
461,222,226,82.9695852083491,2.50637531701855,2.65756139776087,
461,222,226,82.9695852083491,2.50637531701855,2.65756139776087,
461,222,226,82.9695852083491,2.50637531701855,2.65756139776087,
461,222,226,82.9695852083491,2.50637531701855,2.65756139776087,
461,222,226,82.9695852083491,2.50637531701855,2.65756139776087,
461,222,227,82.9695852083491,2.50637531701855,2.69676192169106,
461,222,227,82.9695852083491,2.50637531701855,2.69676192169106,
461,222,227,82.9695852083491,2.50637531701855,2.69676192169106,
461,222,227,82.9695852083491,2.50637531701855,2.69676192169106,
461,222,227,82.9695852083491,2.50637531701855,2.69676192169106,
461,222,227,82.9695852083491,2.50637531701855,2.69676192169106,
461,222,227,82.9695852083491,2.50637531701855,2.69676192169106,
462,222,227,84.1934332117021,2.50637531701855,2.69676192169106,
462,222,227,84.1934332117021,2.50637531701855,2.69676192169106,
463,222,227,85.4353336607983,2.50637531701855,2.69676192169106,
463,222,228,85.4353336607983,2.50637531701855,2.73654067537643,
464,222,228,86.6955528393563,2.50637531701855,2.73654067537643,
465,234,228,87.9743609589291,2.98784256976237,2.73654067537643,
465,235,229,87.9743609589291,3.03191492656823,2.77690618803078,
466,235,229,89.2720322168422,3.03191492656823,2.77690618803078,
466,236,230,89.2720322168422,3.07663737540173,2.81786711467861,
467,236,230,90.5888448549853,3.07663737540173,2.81786711467861,
470,236,230,94.6569753971884,3.07663737540173,2.81786711467861,
470,237,230,94.6569753971884,3.12201950548556,2.81786711467861,
471,237,231,96.0532189731009,3.12201950548556,2.85943223801089,
472,237,231,97.4700579263229,3.12201950548556,2.85943223801089,
472,237,231,97.4700579263229,3.12201950548556,2.85943223801089,
474,237,231,100.366741619371,3.12201950548556,2.85943223801089,
476,237,231,103.349510994484,3.12201950548556,2.85943223801089,
477,237,231,104.873974354889,3.12201950548556,2.85943223801089,
479,237,231,107.990692840565,3.12201950548556,2.85943223801089,
480,237,231,109.583616241131,3.12201950548556,2.85943223801089,
482,237,231,112.840299174785,3.12201950548556,2.85943223801089,
482,237,231,112.840299174785,3.12201950548556,2.85943223801089,
484,237,231,116.19376650098,3.12201950548556,2.85943223801089,
487,237,231,121.411753451502,3.12201950548556,2.85943223801089,
488,237,231,123.202645037523,3.12201950548556,2.85943223801089,
488,237,231,123.202645037523,3.12201950548556,2.85943223801089,
487,237,231,121.411753451502,3.12201950548556,2.85943223801089,
484,237,232,116.19376650098,3.12201950548556,2.90161047026823,
483,237,232,114.504756993828,3.12201950548556,2.90161047026823,
482,237,233,112.840299174785,3.12201950548556,2.94441085515178,
480,237,233,109.583616241131,3.12201950548556,2.94441085515178,
479,228,234,107.990692840565,2.73654067537643,2.98784256976237,
477,228,234,104.873974354889,2.73654067537643,2.98784256976237,
475,228,235,101.847207455441,2.73654067537643,3.03191492656823,
473,228,235,98.9077960502424,2.73654067537643,3.03191492656823,
472,228,235,97.4700579263229,2.73654067537643,3.03191492656823,
470,228,235,94.6569753971884,2.73654067537643,3.03191492656823,
470,228,235,94.6569753971884,2.73654067537643,3.03191492656823,
469,228,235,93.2810278211822,2.73654067537643,3.03191492656823,
466,227,235,89.2720322168422,2.69676192169106,3.03191492656823,
465,227,235,87.9743609589291,2.69676192169106,3.03191492656823,
463,227,235,85.4353336607983,2.69676192169106,3.03191492656823,
462,227,235,84.1934332117021,2.69676192169106,3.03191492656823,
461,227,235,82.9695852083491,2.69676192169106,3.03191492656823,
459,226,235,80.5750007014273,2.65756139776087,3.03191492656823,
458,226,235,79.4037507598713,2.65756139776087,3.03191492656823,
456,226,235,77.1120797712361,2.65756139776087,3.03191492656823,
455,226,235,75.9911673525072,2.65756139776087,3.03191492656823,
453,227,235,73.7979869051388,2.69676192169106,3.03191492656823,
452,227,235,72.7252486228286,2.69676192169106,3.03191492656823,
451,228,235,71.6681038203759,2.73654067537643,3.03191492656823,
449,243,235,69.5996912735639,3.4087206764559,3.03191492656823,
448,243,235,68.5879800278074,3.4087206764559,3.03191492656823,
447,243,235,67.5909751640198,3.4087206764559,3.03191492656823,
446,244,235,66.6084629080916,3.45900122183156,3.03191492656823,
447,244,235,67.5909751640198,3.45900122183156,3.03191492656823,
448,244,235,68.5879800278074,3.45900122183156,3.03191492656823,
450,245,235,70.6263258286872,3.51002343350472,3.03191492656823,
452,246,235,72.7252486228286,3.56179825147,3.03191492656823,
453,246,235,73.7979869051388,3.56179825147,3.03191492656823,
456,247,235,77.1120797712361,3.61433677709311,3.03191492656823,
458,248,235,79.4037507598713,3.66765027549114,3.03191492656823,
460,248,235,81.7635272377596,3.66765027549114,3.03191492656823,
462,249,235,84.1934332117021,3.72175017794799,3.03191492656823,
464,250,235,86.6955528393563,3.77664808436541,3.03191492656823,
467,251,235,90.5888448549853,3.83235576575023,3.03191492656823,
468,252,235,91.9250812194726,3.88888516673824,3.03191492656823,
469,252,235,93.2810278211822,3.88888516673824,3.03191492656823,
471,253,234,96.0532189731009,3.94624840815533,2.98784256976237,
473,254,234,98.9077960502424,4.00445778961635,2.98784256976237,
474,255,233,100.366741619371,4.06352579216242,2.94441085515178,
476,256,233,103.349510994484,4.12346508093701,2.94441085515178,
477,257,233,104.873974354889,4.18428850790158,2.94441085515178,
478,257,232,106.420924406472,4.18428850790158,2.90161047026823,
479,258,232,107.990692840565,4.24600911459124,2.90161047026823,
480,259,231,109.583616241131,4.30864013491105,2.85943223801089,
480,259,231,109.583616241131,4.30864013491105,2.85943223801089,
482,260,231,112.840299174785,4.37219499797365,2.85943223801089,
484,259,231,116.19376650098,4.30864013491105,2.85943223801089,
484,259,231,116.19376650098,4.30864013491105,2.85943223801089,
485,259,231,117.907689847435,4.30864013491105,2.85943223801089,
486,258,231,119.646894526323,4.24600911459124,2.85943223801089,
486,258,231,119.646894526323,4.24600911459124,2.85943223801089,
487,258,231,121.411753451502,4.24600911459124,2.85943223801089,
488,257,231,123.202645037523,4.18428850790158,2.85943223801089,
488,257,231,123.202645037523,4.18428850790158,2.85943223801089,
489,257,231,125.019953280758,4.18428850790158,2.85943223801089,
491,256,231,128.735384128739,4.12346508093701,2.85943223801089,
491,256,231,128.735384128739,4.12346508093701,2.85943223801089,
493,257,232,132.561232762233,4.18428850790158,2.90161047026823,
494,257,232,134.516585433102,4.18428850790158,2.90161047026823,
495,258,233,136.500780654601,4.24600911459124,2.94441085515178,
496,258,233,138.514243870559,4.24600911459124,2.94441085515178,
498,259,233,142.630707531409,4.30864013491105,2.94441085515178,
499,259,234,144.734590613273,4.30864013491105,2.98784256976237,
500,260,234,146.86950715279,4.37219499797365,2.98784256976237,
501,260,235,149.035914910899,4.37219499797365,3.03191492656823,
502,260,235,151.234278400767,4.37219499797365,3.03191492656823,
503,261,235,153.465068987396,4.43668733097861,3.03191492656823,
504,261,235,155.728764988684,4.43668733097861,3.03191492656823,
504,261,235,155.728764988684,4.43668733097861,3.03191492656823,
504,262,235,155.728764988684,4.50213096213435,3.03191492656823,
505,262,235,158.025851777987,4.50213096213435,3.03191492656823,
505,263,235,158.025851777987,4.56853992362313,3.03191492656823,
505,263,235,158.025851777987,4.56853992362313,3.03191492656823,
505,263,235,158.025851777987,4.56853992362313,3.03191492656823,
505,263,235,158.025851777987,4.56853992362313,3.03191492656823,
503,264,235,153.465068987396,4.63592845460981,3.03191492656823,
501,264,235,149.035914910899,4.63592845460981,3.03191492656823,
499,265,235,144.734590613273,4.7043110042949,3.03191492656823,
497,265,235,140.557406800339,4.7043110042949,3.03191492656823,
492,265,235,130.634303382478,4.7043110042949,3.03191492656823,
491,266,235,128.735384128739,4.77370223501277,3.03191492656823,
488,266,235,123.202645037523,4.77370223501277,3.03191492656823,
484,267,235,116.19376650098,4.84411702537542,3.03191492656823,
482,267,235,112.840299174785,4.84411702537542,3.03191492656823,
479,268,235,107.990692840565,4.91557047346277,3.03191492656823,
477,268,235,104.873974354889,4.91557047346277,3.03191492656823,
474,269,235,100.366741619371,4.9880779000599,3.03191492656823,
473,269,235,98.9077960502424,4.9880779000599,3.03191492656823,
474,269,235,100.366741619371,4.9880779000599,3.03191492656823,
476,270,235,103.349510994484,5.06165485194206,3.03191492656823,
478,270,235,106.420924406472,5.06165485194206,3.03191492656823,
479,271,235,107.990692840565,5.13631710520818,3.03191492656823,
481,271,235,111.200036156937,5.13631710520818,3.03191492656823,
482,271,235,112.840299174785,5.13631710520818,3.03191492656823,
483,272,235,114.504756993828,5.21208066866353,3.03191492656823,
484,272,235,116.19376650098,5.21208066866353,3.03191492656823,
487,272,235,121.411753451502,5.21208066866353,3.03191492656823,
488,273,235,123.202645037523,5.28896178725224,3.03191492656823,
489,273,235,125.019953280758,5.28896178725224,3.03191492656823,
490,273,235,126.864067841747,5.28896178725224,3.03191492656823,
491,274,234,128.735384128739,5.36697694554048,2.98784256976237,
491,274,234,128.735384128739,5.36697694554048,2.98784256976237,
492,274,234,130.634303382478,5.36697694554048,2.98784256976237,
492,275,233,130.634303382478,5.44614287125105,2.94441085515178,
492,275,233,130.634303382478,5.44614287125105,2.94441085515178,
493,275,233,132.561232762233,5.44614287125105,2.94441085515178,
493,276,232,132.561232762233,5.52647653885006,2.90161047026823,
493,276,232,132.561232762233,5.52647653885006,2.90161047026823,
494,276,231,134.516585433102,5.52647653885006,2.85943223801089,
494,277,231,134.516585433102,5.60799517318654,2.85943223801089,
493,277,231,132.561232762233,5.60799517318654,2.85943223801089,
492,277,231,130.634303382478,5.60799517318654,2.85943223801089,
491,278,231,128.735384128739,5.69071625318571,2.85943223801089,
490,278,231,126.864067841747,5.69071625318571,2.85943223801089,
489,279,231,125.019953280758,5.77465751559676,2.85943223801089,
487,279,231,121.411753451502,5.77465751559676,2.85943223801089,
486,280,231,119.646894526323,5.85983695879589,2.85943223801089,
485,280,231,117.907689847435,5.85983695879589,2.85943223801089,
482,281,231,112.840299174785,5.94627284664549,2.85943223801089,
483,281,231,114.504756993828,5.94627284664549,2.85943223801089,
483,282,231,114.504756993828,6.03398371241015,2.85943223801089,
484,282,231,116.19376650098,6.03398371241015,2.85943223801089,
485,282,231,117.907689847435,6.03398371241015,2.85943223801089,
486,283,231,119.646894526323,6.12298836273055,2.85943223801089,
487,283,231,121.411753451502,6.12298836273055,2.85943223801089,
488,283,231,123.202645037523,6.12298836273055,2.85943223801089,
489,284,231,125.019953280758,6.21330588165587,2.85943223801089,
490,284,231,126.864067841747,6.21330588165587,2.85943223801089,
491,284,231,128.735384128739,6.21330588165587,2.85943223801089,
492,285,231,130.634303382478,6.30495563473576,2.85943223801089,
493,285,231,132.561232762233,6.30495563473576,2.85943223801089,
494,285,231,134.516585433102,6.30495563473576,2.85943223801089,
495,285,230,136.500780654601,6.30495563473576,2.81786711467861,
496,284,230,138.514243870559,6.21330588165587,2.81786711467861,
497,284,230,140.557406800339,6.21330588165587,2.81786711467861,
498,283,229,142.630707531409,6.12298836273055,2.77690618803078,
499,283,229,144.734590613273,6.12298836273055,2.77690618803078,
500,282,228,146.86950715279,6.03398371241015,2.73654067537643,
501,282,227,149.035914910899,6.03398371241015,2.69676192169106,
502,282,227,151.234278400767,6.03398371241015,2.69676192169106,
502,282,227,151.234278400767,6.03398371241015,2.69676192169106,
503,281,227,153.465068987396,5.94627284664549,2.69676192169106,
503,281,227,153.465068987396,5.94627284664549,2.69676192169106,
503,281,227,153.465068987396,5.94627284664549,2.69676192169106,
503,281,227,153.465068987396,5.94627284664549,2.69676192169106,
503,281,227,153.465068987396,5.94627284664549,2.69676192169106,
503,281,227,153.465068987396,5.94627284664549,2.69676192169106,
503,281,227,153.465068987396,5.94627284664549,2.69676192169106,
503,281,227,153.465068987396,5.94627284664549,2.69676192169106,
503,281,227,153.465068987396,5.94627284664549,2.69676192169106,
503,281,227,153.465068987396,5.94627284664549,2.69676192169106,
503,281,227,153.465068987396,5.94627284664549,2.69676192169106,
503,281,227,153.465068987396,5.94627284664549,2.69676192169106,
503,281,227,153.465068987396,5.94627284664549,2.69676192169106,
503,281,227,153.465068987396,5.94627284664549,2.69676192169106,
503,281,227,153.465068987396,5.94627284664549,2.69676192169106,
